date,forward_ref,iv_-0.2_0.04,iv_-0.1556_0.04,iv_-0.1111_0.04,iv_-0.0667_0.04,iv_-0.0222_0.04,iv_0.0222_0.04,iv_0.0667_0.04,iv_0.1111_0.04,iv_0.1556_0.04,iv_0.2_0.04,iv_-0.2_0.0572,iv_-0.1556_0.0572,iv_-0.1111_0.0572,iv_-0.0667_0.0572,iv_-0.0222_0.0572,iv_0.0222_0.0572,iv_0.0667_0.0572,iv_0.1111_0.0572,iv_0.1556_0.0572,iv_0.2_0.0572,iv_-0.2_0.0818,iv_-0.1556_0.0818,iv_-0.1111_0.0818,iv_-0.0667_0.0818,iv_-0.0222_0.0818,iv_0.0222_0.0818,iv_0.0667_0.0818,iv_0.1111_0.0818,iv_0.1556_0.0818,iv_0.2_0.0818,iv_-0.2_0.117,iv_-0.1556_0.117,iv_-0.1111_0.117,iv_-0.0667_0.117,iv_-0.0222_0.117,iv_0.0222_0.117,iv_0.0667_0.117,iv_0.1111_0.117,iv_0.1556_0.117,iv_0.2_0.117,iv_-0.2_0.1673,iv_-0.1556_0.1673,iv_-0.1111_0.1673,iv_-0.0667_0.1673,iv_-0.0222_0.1673,iv_0.0222_0.1673,iv_0.0667_0.1673,iv_0.1111_0.1673,iv_0.1556_0.1673,iv_0.2_0.1673,iv_-0.2_0.2392,iv_-0.1556_0.2392,iv_-0.1111_0.2392,iv_-0.0667_0.2392,iv_-0.0222_0.2392,iv_0.0222_0.2392,iv_0.0667_0.2392,iv_0.1111_0.2392,iv_0.1556_0.2392,iv_0.2_0.2392,iv_-0.2_0.342,iv_-0.1556_0.342,iv_-0.1111_0.342,iv_-0.0667_0.342,iv_-0.0222_0.342,iv_0.0222_0.342,iv_0.0667_0.342,iv_0.1111_0.342,iv_0.1556_0.342,iv_0.2_0.342,iv_-0.2_0.489,iv_-0.1556_0.489,iv_-0.1111_0.489,iv_-0.0667_0.489,iv_-0.0222_0.489,iv_0.0222_0.489,iv_0.0667_0.489,iv_0.1111_0.489,iv_0.1556_0.489,iv_0.2_0.489,iv_-0.2_0.6993,iv_-0.1556_0.6993,iv_-0.1111_0.6993,iv_-0.0667_0.6993,iv_-0.0222_0.6993,iv_0.0222_0.6993,iv_0.0667_0.6993,iv_0.1111_0.6993,iv_0.1556_0.6993,iv_0.2_0.6993,iv_-0.2_1.0,iv_-0.1556_1.0,iv_-0.1111_1.0,iv_-0.0667_1.0,iv_-0.0222_1.0,iv_0.0222_1.0,iv_0.0667_1.0,iv_0.1111_1.0,iv_0.1556_1.0,iv_0.2_1.0
2018-01-02,2696.4684,0.3068904517452237,0.25032182123798125,0.1964451488974916,0.12692446572288937,0.08228086106603066,0.06711817938725488,0.06195207730412125,0.07201471573431689,0.1300552538156616,0.1300552538156616,0.2823741143530991,0.2315451636801727,0.18337596407484885,0.12466253684215228,0.08435970468133826,0.06874336680084461,0.06276066669086391,0.07039748928673968,0.128470330846782,0.22451245936391748,0.262066740929717,0.21583150564176315,0.1731023579476906,0.12425815454294803,0.08752334048286281,0.07134601499370383,0.0646677698432603,0.06897927774385508,0.11607289798267653,0.22451245936391748,0.24521349146686405,0.20562732097676129,0.16716857600636068,0.12586670428363703,0.09195854793234867,0.07533946673712114,0.06788182740924964,0.06987520287215435,0.09601262652677817,0.1377439932371263,0.22967563464324137,0.19829931411544183,0.16395207058221237,0.1288165719450585,0.09786036272323143,0.08087067783076148,0.07247890663178097,0.07299640047416626,0.08694489686981015,0.09713610183511917,0.21946440844226298,0.19397977600053418,0.16414038382353097,0.13256093486889653,0.10419165993310454,0.08686841136045202,0.07743213584190775,0.07698897656806329,0.08618979517583233,0.09163137664901853,0.21378975159628577,0.1915331452625004,0.16644213617802267,0.1374936117683936,0.11088528643918946,0.09372611988253214,0.08274259206005599,0.08164433338509684,0.08771298760259874,0.0916121795657657,0.20908008257776464,0.1899789109347118,0.1683194271218746,0.14333732775750543,0.11960886043899592,0.1042958169057506,0.0914232061437168,0.08852742780873278,0.09002362723854844,0.09296899806079822,0.20359922246874376,0.18874555102449264,0.16998171987301064,0.1498380898578279,0.13039160310926406,0.11811699902379044,0.10310105884738216,0.09467921410454694,0.09256093370357156,0.09465661857921696,0.19970398258244412,0.1881707573905898,0.17095451489346347,0.15405618880773422,0.13731150227182942,0.1263649892163969,0.10975721958222252,0.0987689434530446,0.09545415343866906,0.09622969245368632
2018-01-03,2714.094,0.3007931296272789,0.2418074771674245,0.18365837545485258,0.11853358468872446,0.07740400392076278,0.0649310458834119,0.06256282268153512,0.07323599499212423,0.10670759050922145,0.12200159893654186,0.27165478877645416,0.22212040868220675,0.17251818012502923,0.11790332282837952,0.07993140971855008,0.06681277677797996,0.06360370368402776,0.07127362544098878,0.09498551099767974,0.11264381908992598,0.2492292504093182,0.20941284300542373,0.16609033102358317,0.11924563393181511,0.08378277989748627,0.06991525531803179,0.06595743801526192,0.07140186969843582,0.08616712872226226,0.09999316757317224,0.23559193838127646,0.2014809642511422,0.16310562449646177,0.12203402015771164,0.088697368357321,0.07412225206552181,0.069141011949956,0.07239499924940529,0.0820920270576324,0.08909667178680267,0.2267318734973325,0.19501722225982,0.16154616382054401,0.12573538881730267,0.09445414107316984,0.07913966784118726,0.07273611249914216,0.07360371532452703,0.08185038489968532,0.08939468175334161,0.219100773462716,0.1908497608190167,0.16203162207174981,0.13039185832100184,0.10019934240949831,0.08394125989683118,0.07622926556970383,0.07606592661769683,0.08476873510673291,0.09059398602431684,0.21144319277303952,0.18898549572539955,0.16352540436988872,0.13605244094312446,0.10725675595632023,0.08984310682481875,0.0808524871232084,0.08044178258221676,0.08718358033040717,0.09121046502201564,0.20555291840807838,0.18754301671713883,0.1654549386904804,0.14174624423425491,0.1180475824545337,0.10125477936613783,0.08999195874633217,0.08783901488420563,0.08969816245711444,0.0915832841021835,0.20070241613995088,0.18495905579228417,0.16814305163628265,0.1470072211516762,0.12883945713819572,0.11559420730938727,0.10078935521738804,0.09467503223914457,0.09194394707809983,0.0921886893915158,0.19790203523233274,0.18349733838033908,0.16977704700515478,0.1505313646977887,0.134075985665548,0.12252329801818496,0.1058364585120641,0.09794606473017826,0.09403300543718984,0.09351305703947456
2018-01-04,2725.2652,0.2988349451985,0.24278453664623936,0.18080448403347052,0.11525578172277806,0.07763451248707794,0.06746743431524087,0.06691545683549449,0.07830916209042063,0.11243704776593783,0.11243704776593783,0.2735905609801974,0.22027330974187534,0.16984724040152951,0.11547655710747201,0.0805312206739756,0.06960619501584335,0.067842487869467,0.07604519583170846,0.11152798492658042,0.23505595572264515,0.25121644729635967,0.2051537065084974,0.16377038034115787,0.1178203997509685,0.08466447694455079,0.07269334276169938,0.06967412983014812,0.0753142421061846,0.10969145833889883,0.23505595572264515,0.23419349340638113,0.19621305293282482,0.16058671272698533,0.12143179515197179,0.08970810777557586,0.0765332900874193,0.07207336891016253,0.07587701090389802,0.10256654678592803,0.23505595572264515,0.2225933588403165,0.19155330428067863,0.15915008866585964,0.12527565005014243,0.09530646377345102,0.08107426815820104,0.07500024677978451,0.07687087849390101,0.0945784534843692,0.12035419698361284,0.2151813906983196,0.18932606978347358,0.15994063120305937,0.12953320891361267,0.10088030281560793,0.08607730219117797,0.07864078628284756,0.07849470122912199,0.08928676445432139,0.09817617523052075,0.2092141781376094,0.1875414277013145,0.16218437864302432,0.13509218399633133,0.10755220796966894,0.09252573507848222,0.08374677427327115,0.08189289967767864,0.0886592774015213,0.09567546565377763,0.2037961707359172,0.18598396740409945,0.16406204857275394,0.14170137063720584,0.11706730772782686,0.1020552008108332,0.09181542298950096,0.0882062448005017,0.09115337207857407,0.09555223930660785,0.19971121351706228,0.18406045266541896,0.16591606518743918,0.1474264843432136,0.1274569747456266,0.11365630371753317,0.1016349231958648,0.09468443547382373,0.09316851207723689,0.09527531040791638,0.19749105565145594,0.1827120101620541,0.16734049346709323,0.1508645191326596,0.1333869531957669,0.12155721495343627,0.10851556010333976,0.09915552748939627,0.09522026261744736,0.09583026966456004
2018-01-05,2743.6188,0.3006289432471269,0.23494323901304365,0.17194983780167034,0.11417267143429939,0.07873202787786725,0.06900242247700833,0.06789409628489895,0.07972136703640344,0.12015587598269328,0.13652799767736737,0.2679875390205984,0.21224096135175383,0.16352821529987308,0.11412691936731847,0.08164095364259918,0.07126770973510864,0.06918687670090251,0.07663101738315695,0.10004800784450597,0.1126304404946224,0.2475880480968273,0.19911989433011784,0.15922574033580872,0.11611211225060254,0.0857039571131163,0.07444576318137919,0.07142686629433227,0.07633593290795983,0.09011645777492172,0.10029008527403915,0.23285240805093116,0.19172022338253067,0.15693244314254537,0.11971392041418813,0.09043269157947534,0.07822131811733868,0.07403361276205207,0.07686547130151096,0.08825627973596165,0.09924381021851619,0.22265099709353148,0.18790587153778687,0.15610261109048237,0.12381717644472888,0.09553729159245551,0.08241168064346703,0.07689096654025082,0.07773358104854046,0.08754855004352494,0.09675369594417216,0.21564274948685416,0.1860162467186334,0.1574561231458762,0.1281791109321517,0.10093546195543385,0.08712684589180479,0.08027000513719139,0.07967132753610687,0.08752535039787511,0.09517739904209004,0.20904832492899744,0.18425445747129174,0.16046500828526572,0.13349643377933448,0.10747522682082121,0.09355096166378803,0.08509269296000681,0.08335697163003304,0.08942883637786678,0.09554132953702647,0.20319908979541174,0.18309839164780822,0.1635105938741865,0.1398045577023961,0.11689921701112839,0.10383074025172369,0.0938893769254483,0.09009043531389457,0.0920440436668049,0.0961579661873144,0.19844550805035538,0.18206305332316525,0.16626201969564094,0.14593185949719858,0.12802135276216628,0.11665558778109461,0.10436900255375894,0.09730511466896942,0.0946191891692478,0.09674809941558292,0.19573482361786593,0.18104858192571327,0.16789274916657587,0.14964554900042945,0.13422655054240668,0.12399636348864704,0.11034548977578827,0.1018309111930414,0.09716420769856171,0.09749491949227011
2018-01-08,2748.918,0.2899156345203619,0.23381193063606479,0.1729829755186326,0.1149045487723651,0.07869709578651311,0.06941446457945047,0.06928344606706249,0.08164470197671947,0.12085769701778512,0.12085769701778512,0.26244950403739514,0.2124639078249415,0.164819596798243,0.11569549235326122,0.08192706395473726,0.07162092454478683,0.06988361550101013,0.07800219519087521,0.10861173932790222,0.10861173932790222,0.24617143510295508,0.20269292356424198,0.16120325766669794,0.11798825560472102,0.0859484692734853,0.07459877271544549,0.07171724634903688,0.07818251999299905,0.10197652912351118,0.1507284648175926,0.23418715015363165,0.1955994023993125,0.15882283027264868,0.1210090596140782,0.09056712819687293,0.0782047086284466,0.07415837053432034,0.07845797198456406,0.09422681268764892,0.10908851166126446,0.2248298462070864,0.19027929510903976,0.15757682663213507,0.12457685942728483,0.09572507692869156,0.08247286144272596,0.07707156322026722,0.0788956303535875,0.08925303407400415,0.0966032425003677,0.217924853795965,0.18747150689224196,0.15782419831977568,0.12877924213063002,0.10121042213100132,0.08721044297702774,0.08033385002070284,0.07997623083182037,0.08764079030832896,0.09397425790147701,0.21114446783561333,0.18562645771870534,0.15944525640088783,0.1336626157715243,0.10780374962160108,0.09364270229308401,0.08498748890479162,0.08282029070826565,0.08893309662134159,0.09439709988680582,0.20369730241516307,0.18376984462117454,0.16216903851311962,0.1397039910500025,0.11650551053632324,0.1038402086593155,0.0937463679644753,0.08913124448034773,0.09156070415741498,0.09494783713450723,0.19749383614829644,0.18206116911943232,0.16500894390796955,0.1461557860032023,0.12715968697066626,0.1164858868165516,0.1046387015330036,0.09676739781332565,0.09457481719879625,0.09546371827157273,0.1946482294897208,0.18152577870053307,0.16672266098517025,0.14908038154940492,0.1335705174462026,0.12369309199855504,0.11091728123978484,0.10151814529900118,0.09747899949690444,0.09695142546472302
2018-01-09,2753.6707,0.29986621117631446,0.23336477151599797,0.17311674115651335,0.11775281923588567,0.08437859078542334,0.075431805631402,0.07474116031002381,0.08507829297669159,0.13863998745707887,0.1567201352248385,0.26367933021502143,0.21254502765165306,0.16746015262158767,0.11886960769363167,0.08729145768614063,0.07726995261105857,0.07520804890411928,0.08468314151896232,0.13129152298381097,0.14882683117148285,0.2420837091189103,0.20665567276940805,0.16520992079848087,0.12090659524508386,0.0901394150531942,0.07911193378463038,0.07589024502779528,0.08266786158071722,0.11650005697621017,0.1324322686879231,0.23200575750099622,0.2042773055196037,0.163522620561464,0.12375523918266622,0.09335628521024987,0.08131490517950679,0.0770577969869101,0.08091996849705288,0.1005996606709882,0.11571939873064424,0.22583189428323183,0.2010724286980264,0.16339198718243486,0.12760923965736368,0.09763648319767916,0.08458350944075195,0.07907898162091816,0.0805903579228564,0.09140185183380942,0.10468881787011153,0.21981888947491757,0.19661571332271144,0.16429643329607546,0.13205059043841527,0.10253562817890986,0.08881058205353022,0.08179930668628001,0.08152975737223128,0.08873081937499545,0.09557531215289922,0.21409877355658286,0.19155927905562276,0.16479138519618802,0.13648064626255194,0.10836936333274587,0.09421061763815693,0.0854578870098278,0.08376063060899813,0.08939396194295397,0.0942198409552848,0.2081801565327505,0.18675576382225176,0.1653426261890543,0.14052580791792169,0.11653175996692916,0.10298394230421339,0.09273264994665159,0.08928969878183785,0.09103576123659314,0.0948755897435114,0.19995680417414885,0.1833143628666782,0.16696479569982844,0.14558524566422784,0.1271868480475997,0.11578435316902234,0.10364196704930823,0.0962502746779198,0.09316836589475372,0.09622463270627934,0.1960885303156868,0.1823288945501409,0.1684536499404376,0.14900305158499527,0.13359384053595327,0.12314316202471477,0.10900202055914514,0.099987175581294,0.09552309115921477,0.09783386618924624
2018-01-10,2749.68,0.286271345444865,0.23145370004250784,0.17426470065903266,0.11437902298014403,0.0826800549039925,0.07334143056895538,0.07081986789323252,0.07778437978350772,0.12889653235267046,0.12889653235267046,0.2703650950348533,0.21859727964062062,0.1701423104847183,0.11717165412194105,0.08633695777856261,0.07581486730625367,0.07226446964872389,0.07809026055771093,0.11977030233766295,0.19378119143305259,0.25757410619277715,0.2094920946210811,0.16757589687439234,0.12020246233529253,0.08979591122545622,0.07815961211712227,0.0736046628593196,0.07735564688343953,0.10668708080586037,0.138367852811378,0.2377166229866065,0.1997352631424825,0.16469589265366602,0.12357067286822981,0.09351813735438344,0.08077535020643543,0.07522489939041012,0.0769114285586178,0.09072143023955993,0.11584879181139562,0.2209654086882523,0.19362024921282053,0.16300870001406764,0.12762336890660955,0.09835632189334018,0.08436032512699908,0.07759074832997583,0.07792377119765737,0.08389133149802055,0.09017276118003109,0.21355638688489048,0.19048463612054667,0.1626211238169641,0.13199243744051561,0.10401331047421127,0.08877425518380315,0.08050399140014847,0.07969618931673349,0.08396091052955856,0.08964922516191949,0.2091756825797685,0.18786052495035588,0.16278275047417085,0.13642349328677128,0.11036497276915834,0.09474204299978019,0.08503560409861023,0.08271208539489881,0.08678741932150282,0.09341746618953448,0.20446933773349626,0.18504552168149002,0.1631815094885989,0.14100725031768518,0.11758530445058957,0.10317947656342683,0.09313941944936599,0.08961105481416777,0.09124681738697545,0.09562599318868795,0.19920190990364103,0.18204347858970424,0.16411464532727404,0.14655650157199007,0.12722802832580754,0.11379561028656408,0.10275545756572037,0.0966654690107276,0.0936612578735948,0.09652022992390774,0.19671542469253114,0.18092793013442338,0.16502930384192582,0.1497807485405642,0.13419640955298337,0.12165038182855101,0.1083777047691131,0.10005520502140348,0.09464791489542544,0.09671368782223175
2018-01-11,2768.2304,0.283968165704116,0.22519843852014915,0.17049264520468274,0.11572135292940351,0.08248818596613801,0.07363059718478682,0.07315257950958957,0.08512148904187644,0.12255126000792706,0.12255126000792706,0.26565470234870064,0.21215122361844896,0.1655552319249964,0.11785168598474166,0.08649759831350765,0.07631074090591054,0.07422565399095407,0.08344372117501898,0.11830498718437649,0.18512524783778855,0.2473069068972582,0.2027435489156316,0.1624029496914323,0.11987740904794227,0.08974057180804199,0.07852801620549303,0.07511111123495581,0.08136723263522595,0.10635060510959224,0.1259717307668078,0.23213017277644213,0.19664380220248043,0.16019461045601907,0.1218660307105926,0.09271848798258155,0.08088341103686596,0.07642587087779219,0.08065875049050347,0.09391509861635748,0.10255363491146109,0.22272509521383033,0.19321050956451885,0.15931165673509842,0.12448507109501179,0.09641052625585247,0.08399548136011115,0.07847303903419305,0.0817121685766084,0.0906706218287208,0.09867164685805856,0.21490902581771137,0.18960927388050305,0.15932638790891038,0.12843800344215725,0.10137279629037788,0.088030437891701,0.08116432635382453,0.08300217021113483,0.09031581510341084,0.0972983912709644,0.20751402004453967,0.1856079576470947,0.15972200604448367,0.13347706251863325,0.108224079714584,0.09406574786837647,0.08507099460453524,0.08450129224342061,0.09108002329043612,0.09696785220068557,0.2001412985991657,0.18242567426349188,0.1606762688262835,0.13861109093033366,0.1169162123096963,0.10366869152704729,0.09249583284724629,0.08944606737948212,0.09319065569611608,0.09760085812320529,0.1938546552319903,0.18041831009766385,0.16261401516402793,0.14396578010914896,0.12621255757781222,0.11513338637919109,0.1027610970438835,0.09654988489260831,0.09497458416672071,0.09814006409405718,0.1911930373759713,0.1797867296334632,0.16444201373018866,0.14714719649724067,0.13137170354167318,0.12194664963478953,0.10899328785097138,0.10084694544781321,0.09646053358498971,0.09845805029256889
2018-01-12,2786.4776,0.290347583389174,0.22700800538132979,0.17500467619854246,0.11943475743439418,0.08688648471221465,0.07808817192627164,0.07762724210756541,0.09484187242447151,0.14461304496281588,0.26357573969480486,0.2677405795553953,0.2132984581320426,0.1694451396274563,0.12093511839334535,0.08974135953644145,0.07972051365426144,0.07768305440128666,0.08979583217994504,0.13033455265326377,0.26357573969480486,0.24910675577841337,0.20345152518040793,0.1652708605355843,0.12221480700215662,0.09213334313936421,0.08109556685339266,0.07799213436703883,0.08728381169432317,0.11979766237868344,0.26357573969480486,0.23485239137542233,0.1964578029974581,0.16153017838341566,0.12352498146954359,0.09472916923117819,0.08290457869836403,0.0789674338435968,0.0858533259877518,0.10968809740217342,0.15507460942076642,0.22595213902420216,0.19185862805623985,0.1592106445132636,0.12589133555036053,0.09835192339014301,0.0857506632449885,0.08073453361005913,0.08516926520260537,0.10160070712303798,0.12495295255617912,0.21695600416441102,0.18774792406451246,0.15860774007460948,0.1293312384427844,0.10293987229598732,0.08974449411325691,0.08339016988988143,0.08512056340618125,0.09465163490411986,0.10550923760903487,0.20821870909260282,0.18427110133941765,0.15956412402245834,0.13316442446677038,0.10863733963345693,0.09532869713324428,0.08727370620959266,0.08648098147973975,0.09242395150637794,0.10108967498384486,0.20139893903136286,0.18189754071015857,0.16145199536413513,0.1373546726682804,0.11621307590523657,0.10411283130105953,0.09473932705147912,0.0916827893328811,0.09406978611328716,0.09917842419157102,0.1955825502923389,0.1802798998485499,0.16315815620698776,0.1427306273564457,0.12544341124065575,0.11550206510258741,0.10500505215018952,0.09813282759740181,0.09641686560636804,0.099606875760361,0.19225710052830117,0.1799790277624696,0.16411774150445593,0.14618151856642467,0.1309091048907637,0.12181808155652261,0.10985421082244853,0.10165055864329943,0.09893014984688049,0.10073701957358736
2018-01-16,2778.3912,0.31223073808428786,0.26092503722374866,0.19944975233016707,0.14276172758481337,0.10473536261090623,0.09190750025051916,0.0878504388138219,0.09536890067452287,0.11900396948232383,0.13753391774383839,0.2877780700191922,0.23858433073178084,0.18790261909363754,0.1393900833890088,0.10489686408293153,0.09148280792627428,0.08607277041976413,0.09074787607107725,0.11468948309196708,0.13244543910836964,0.26729270466814364,0.22342749333872858,0.18017973821443323,0.1377292828306104,0.10551191575330941,0.09173342757974731,0.08548165863408048,0.08873890576344312,0.11203002844565903,0.12918338378121902,0.2485284581728636,0.2111784666896475,0.1742701834239546,0.13762515266368525,0.10689181652535051,0.09283089814644892,0.08601135477809525,0.08795875376847351,0.10872531076744636,0.12369912834464351,0.23485457105908197,0.20337253496253646,0.17072193442536088,0.13911459545891275,0.10952276299947541,0.09493712979089976,0.08726777549361898,0.0876363805124392,0.10280005238079312,0.11272613905298118,0.22496842994537974,0.19790183546855597,0.1686042320666537,0.1413484439479435,0.11303322495424192,0.09784123349200846,0.08905327803402205,0.08842044758507928,0.09875146311807687,0.10803965708000811,0.2166744062490057,0.19306893658921917,0.16758556687296405,0.14368192413363395,0.11757566610650096,0.10238206130159494,0.09245097660505686,0.09086761286668195,0.09778674795179357,0.10604670617415886,0.20865997788540155,0.1889683064486893,0.16786635776744208,0.14673801813132745,0.12426714716722687,0.11119664487559588,0.09983968815538649,0.09527312508772635,0.09793654034902814,0.10296389001160687,0.20088225261899517,0.1855711890204035,0.16870476981829755,0.1510919153539021,0.13140382344287566,0.12074832704071081,0.10893951369017807,0.10014710619124034,0.09913734597201677,0.10241013760751971,0.19674110460421318,0.18425612020929866,0.1697264899098496,0.15442009314159166,0.13616717304832723,0.12606115739903417,0.1145069457141137,0.10353334914637788,0.10039643533908144,0.1031965107453917
2018-01-17,2803.4969,0.31636626817268454,0.2593913207386467,0.19708576678861048,0.13879825975595345,0.103255206895414,0.09179725697708957,0.08878018133576754,0.09886177125402368,0.1382570344628093,0.15721219029011918,0.2934329069285891,0.24127521132133734,0.1860750638630374,0.13602501406704262,0.1030867046428823,0.09116096312691743,0.0875986478802141,0.09862796137876273,0.12674299764996094,0.14542384066542172,0.27594706025526394,0.22615707064625598,0.1780099702857949,0.1342650991120743,0.10339392731133522,0.09115215568249738,0.08712017565303819,0.09683496623782414,0.12045749804306509,0.1362726390511931,0.25368122583937047,0.20977659121800615,0.17208549918936578,0.1338913154556005,0.10465799236022189,0.09219092439881486,0.08730934197102991,0.09236842429584374,0.11063602599933933,0.12746753578029918,0.23485251919315495,0.1992917382463946,0.1692090617651503,0.13564580988417055,0.10714255720388073,0.09419377474865716,0.08816459354135844,0.08973326764470023,0.10152049886326561,0.1242475121685409,0.22316414871132145,0.19407058194243249,0.1676725493737512,0.1384779966224694,0.11038577354633021,0.09688199934217305,0.08960523943825127,0.08984529406394001,0.09761151106154854,0.11726615321653693,0.21421010550333394,0.19083653073834286,0.166374042918426,0.14111250419649257,0.1150655964545862,0.10133610952989322,0.0926986615101295,0.09163973905105219,0.09724636516363705,0.10502628152515936,0.2057594166792961,0.18762213704090192,0.16608200703513012,0.14419123013669596,0.12232447460012294,0.10945903885610195,0.0996760597750754,0.09574394243509324,0.09845347081722719,0.10245193127394357,0.1995059790901917,0.18460962317437887,0.16720919443964577,0.14868380422272992,0.1303709643071216,0.1192177955625889,0.10791093931773126,0.09995262579810504,0.09963055757604768,0.1029181747725213,0.19713285202501266,0.18302987551725675,0.16815868132691142,0.15167157439919368,0.13460370328320873,0.12503371174983963,0.1128952927564359,0.10201541305035135,0.10048409046025587,0.10374298220021455
2018-01-18,2800.3458,0.3413742648026805,0.26954768096986703,0.20043523286644505,0.14329895522739264,0.10728847887198027,0.0945728051122815,0.0906049455686201,0.09678301175608517,0.13369458043237992,0.15053899167778054,0.29924640426565485,0.23939166540098972,0.18545549892629357,0.13984480334874935,0.10660847967115956,0.09351284877902766,0.08891397558215004,0.09338520326540603,0.12729472630856198,0.14638545606324552,0.27010042930732997,0.22192519565015772,0.1782959987952212,0.13805390024144026,0.10664509635559313,0.09334485175200737,0.08817146031068263,0.09105374124824174,0.11979193263198402,0.14293746123732362,0.24621678235961647,0.21092928600310767,0.1747444669597986,0.1375789283728495,0.10776217835017433,0.09454336820379779,0.08865971791876442,0.08921607627944791,0.10455555319806935,0.13217941231331667,0.23291827802109705,0.20573673396573566,0.17337562758893116,0.13887991090541427,0.11003859655871057,0.09656481709001276,0.08975574696537164,0.08855720035955031,0.09367923765696179,0.10716497794744682,0.22544257598458783,0.20172529298991682,0.1720926336345155,0.14091806505321056,0.11329970961041946,0.09916116412942187,0.09123745926660183,0.08894300525130562,0.09137344678815332,0.10390816632858309,0.2187526470037213,0.1965763595225676,0.17010307948649617,0.14336257687155388,0.11788543498281383,0.10354344840203474,0.0944477422471774,0.09145938869942613,0.0949102125441119,0.10471636837984422,0.21015472808452176,0.19089290951022342,0.1686391594371598,0.1471195187179598,0.12409247906495424,0.11083708234217744,0.10074070113872113,0.0969093120185468,0.09863125039478539,0.10431123203050681,0.20234432241128264,0.18642136660253789,0.16884294069821748,0.15205695104292152,0.13113282514348718,0.1198199682989985,0.10812611173383606,0.10137099785260936,0.10005547557831913,0.10388327007676265,0.19890496875942007,0.18396490123218145,0.16957519690049527,0.15526937629254556,0.13548214139086906,0.12542643585205107,0.11233641101553334,0.10313276310094575,0.10071236183087033,0.10370255843481538
2018-01-19,2811.7704,0.316676286484285,0.2507962282286871,0.19497145082902118,0.13458131297960133,0.09774115863903918,0.08602276149370124,0.08236653717411385,0.09112410690005017,0.13430275443084147,0.1472260057750912,0.29053259909967977,0.23500954844795782,0.18560358463749002,0.13369093187844172,0.09895277537027863,0.08635571048294896,0.08205989936711783,0.08974115080143237,0.12805281839301738,0.14134574151258314,0.26649266138133976,0.2218342272909226,0.17824298087395893,0.13279825427961373,0.10015920788337182,0.08715239079524276,0.08227758938027065,0.08767593538874066,0.11778017372087674,0.12849238422984344,0.24551822602267143,0.2113510714001426,0.17296686754336096,0.13309932253213802,0.10224475647560224,0.08898603309685922,0.08344093515612655,0.08598512162616974,0.10890749821614046,0.11933146515000723,0.23357907230829486,0.20400911939976885,0.1695290679271218,0.13507001174355787,0.10530438191223691,0.09140482917634661,0.0848982865438351,0.0852145235678929,0.10069305788939034,0.11411168535794203,0.22377946130414322,0.19630098792410774,0.16679384051494303,0.13782101457464757,0.10902914873501304,0.0941754204682724,0.08660511461088771,0.08598936263948631,0.09514306462820962,0.10828932603998843,0.21483068026334723,0.19041866748501465,0.16599744465871916,0.1411765912381014,0.11442419385408409,0.09889676279785427,0.09006189793092693,0.08886373612359373,0.09526434022276997,0.1033623969222927,0.2069052165745391,0.18651957882364636,0.16694162498357495,0.14643491969959643,0.12280616645388898,0.10770470306090213,0.09707397359013978,0.09481461421279773,0.09752239069899583,0.1015392158273587,0.20120829262578907,0.18375415796471872,0.16778836441617975,0.15163470112317848,0.13211565619921736,0.11869197209490201,0.10585840965689679,0.10115121484006806,0.09982960856894146,0.10168591545177448,0.1991963732664886,0.1823045185785002,0.16812131683371737,0.15392991064738293,0.13752564452098728,0.12610906398835942,0.11110692062527774,0.10347286341270948,0.1014023883905722,0.10256205690845006
2018-01-22,2833.6422,0.3048349183931205,0.24786863568493514,0.19385641635219775,0.13905704893632279,0.10218628980472466,0.08941757742033687,0.08629199679247472,0.0981020795437993,0.14634104010129045,0.14634104010129045,0.28502807742633723,0.23268128733109955,0.18423586139482495,0.13654942482001672,0.10202409800750492,0.08874610731547991,0.08494284250817198,0.09582160860819938,0.14287847756793962,0.14287847756793962,0.26188109579319985,0.21763038304183033,0.17672541275093573,0.13490371463930398,0.10257518823326717,0.0891092793522898,0.08438499295313334,0.09126760707755274,0.12689948857615296,0.1639271955971165,0.24278070980220665,0.20757897055942576,0.1723961284318774,0.13502231039985177,0.10451041662452057,0.09083674081535797,0.08489470863555046,0.08763703233553177,0.11182834482930086,0.1639271955971165,0.23121282398814524,0.20153324112509005,0.16955257932265588,0.1362332726975031,0.10756723263958663,0.09343231109153623,0.08598707627041181,0.08593912694033544,0.10012993471366165,0.1213366947230923,0.22197637530578712,0.1953684626975245,0.16661783140886577,0.1374242589907201,0.11095851614527652,0.09665586842955265,0.08770369832323417,0.0861174137194927,0.09332914515390675,0.10105257283227828,0.21496026682761726,0.190768544245447,0.16540164697221016,0.13921044567340513,0.11475305734760258,0.10098895844443738,0.09090994501533183,0.08856132076926225,0.09391323569362829,0.09920769653396001,0.2068531351301083,0.18757066491693297,0.16631764246604425,0.14261233926628114,0.12151346907348436,0.10924053000744174,0.09797452632572476,0.09355391742831758,0.09614201355669191,0.10004359679660038,0.19903920293491315,0.18502213710003618,0.16890820960951514,0.14850373457553254,0.13099091694666118,0.12017137310903174,0.1076968630649169,0.09939251667501195,0.09831842788386909,0.10081724573303623,0.19677021076772203,0.1838956729785954,0.17021268114908303,0.1530577784181129,0.13698605221051785,0.1264486954997222,0.11298107365650928,0.10257255432075077,0.10039177495414352,0.10168216453872068
2018-01-23,2841.5829,0.30569209481409304,0.2427428378325069,0.18950454532818906,0.13580122284495869,0.10065419557427527,0.08972550417523201,0.08838112750790197,0.10060508552355124,0.13248850328577444,0.13248850328577444,0.28080187856882877,0.22598600449373732,0.17985472561518703,0.13283823886306736,0.10073793161167201,0.08945399304159855,0.08741064593451457,0.0980198156399298,0.12463834101380081,0.14984084534205083,0.2553286396334357,0.21178012815873012,0.17338181046897821,0.13181426683324693,0.10166359130815104,0.09008144403574811,0.08710260952303227,0.09506683575800642,0.11233891193453328,0.12882363096661922,0.2371085339624411,0.20317335590587907,0.17012548143313766,0.13348123852132643,0.10414483351300599,0.09193946715678468,0.08766348976323433,0.09235469096417623,0.10252797662534699,0.10650910525739007,0.22776132943818536,0.1983663815910809,0.16833119771365482,0.13599451069652704,0.10765581258269415,0.094377858281635,0.08818976780127058,0.08986981818084293,0.09595629761127425,0.10057205049470114,0.2209254475420399,0.19470177159370047,0.16658571667190564,0.13796758564457828,0.11137067980965373,0.09704135906985203,0.08894559782863738,0.08900383198129563,0.09428188520655227,0.10075417808230859,0.2151556989618089,0.19199982437367033,0.165891513015138,0.14037245121557032,0.11544108120506659,0.10096058190195462,0.09160960492131144,0.09035197951151674,0.0949173569296937,0.1009424223209056,0.20851466126162055,0.18907143281571936,0.16651079689992945,0.1446455089512033,0.12209568477921373,0.10912307250141534,0.09877808264387196,0.09417289541769887,0.09680739966475695,0.10119943375719986,0.2023425749825097,0.18626014815767497,0.1680567553575422,0.1507614078554532,0.13045868135357896,0.11944911056974038,0.10849977744163952,0.09921372107727608,0.09930754882641525,0.10203134134894633,0.1997954083271585,0.18498587384334125,0.1689908370647572,0.15483781082636588,0.13576291293636916,0.12557113061849554,0.11427465497780118,0.10269056353172028,0.10200047825694399,0.10356166270349706
2018-01-24,2840.0778,0.2973789397492294,0.24458147855453358,0.18894899437929893,0.13870266830012684,0.10727900697895028,0.09691269344803678,0.09471033985894665,0.10252097355558676,0.14700137896492785,0.14700137896492785,0.27422267428511854,0.2281832333125993,0.18075683433622108,0.13654110142896297,0.10704065205451498,0.09620355306406424,0.09350077656669953,0.10053764064631737,0.13871740434612886,0.13871740434612886,0.25663594945246254,0.21633417210905576,0.1752079484138881,0.1356654203901414,0.10753172555475143,0.09639653493825728,0.09324294605084518,0.09873509803977014,0.12202769924996447,0.17046365161565302,0.23934542907041217,0.2061150622598594,0.17231353063150742,0.13708945874014059,0.10955401288989586,0.0978477779160078,0.09382832180863243,0.0970587208261447,0.10834114778170105,0.13031041354185816,0.22709418837256576,0.19910617854198515,0.17098457010324042,0.1395731325941512,0.11239384283218813,0.09958379115632122,0.09373356908126881,0.09437184022116023,0.0997343776259374,0.10559832301709249,0.22070536162046941,0.1955080546850551,0.17021592688627804,0.1417023149248412,0.11525107734129904,0.10138862923225181,0.09349056298340717,0.09289630290581968,0.09736333119837474,0.10318439967156869,0.2162834235551703,0.1932691331789565,0.1701065803806174,0.14383460952844573,0.11876828039206086,0.10468137002956149,0.09528008068829866,0.09412030413823427,0.09816619159709822,0.10328169727924023,0.2101051053623251,0.19066056103133053,0.17050284658663403,0.14698522254615326,0.12476018563506402,0.1121806428739336,0.10137153151549787,0.09790909893683537,0.09956094984552408,0.10339542933899719,0.20339487475761192,0.1884805811964029,0.17163402621642332,0.15128957655579667,0.13240132835461635,0.12184263907788452,0.10986005030206429,0.10264058206568348,0.10097483548184559,0.10356019463172556,0.20045793857205113,0.1876714214941449,0.1727509619863161,0.15416639512364153,0.13682602692145013,0.1271858669240204,0.11520130817155978,0.10708034376739284,0.10258890294102044,0.1037036391122769
2018-01-25,2840.0923,0.3045542464744281,0.25010738194914356,0.19211360856629353,0.13878953329719376,0.10805712555369092,0.09695880392214148,0.09298524105321358,0.09604925570805885,0.11332128698165907,0.12507176698888814,0.27990413853438656,0.23439632310387873,0.18246464739933088,0.13674196115409062,0.1079620894684405,0.09632522616243644,0.09209713619894658,0.09600102623301922,0.113363038781919,0.12158727648481553,0.25810352478685333,0.22132098989340288,0.17577135338396138,0.13578537618841696,0.1085891787950218,0.09670897824639516,0.0925173257970851,0.09715722226131815,0.11179759503033779,0.11910068422633503,0.2445969779297221,0.21152536531250055,0.17298726537168924,0.13759507562179243,0.11092003315685159,0.09843283102787068,0.09375353960008985,0.09713705744778704,0.10815631661734187,0.11474342440583732,0.23396829526211754,0.20378919658941744,0.1717375031619136,0.14044990017548223,0.11388808716114683,0.10027376671502776,0.0941183931288482,0.0950522169652257,0.10148271992086712,0.10632490504111775,0.22484209754734916,0.19764627364107717,0.1707934723803824,0.14267153268968463,0.11693545638735336,0.10250372263663148,0.09435576282690475,0.09354503993447298,0.09838468039481588,0.10449666776132896,0.21904697921012758,0.19376026338602156,0.17064081633492845,0.14486086268026765,0.1206872696079328,0.10636467862999219,0.09641449787518673,0.09458363714390579,0.09924619763905386,0.10487556255743734,0.21265135605580923,0.19127872589312225,0.17072834065073672,0.1481298517961346,0.1261164902310046,0.1133119169896577,0.10216419501032056,0.09832443167008119,0.10060779803031505,0.10489716811111204,0.2048350500491345,0.18902371134601312,0.1712664349645551,0.1524487461707551,0.13354424353749442,0.12253573868296569,0.11011392358648445,0.10313001343441587,0.10203032220291747,0.10469278617844832,0.20153162050678797,0.18767023726378415,0.1729418472548115,0.15521918487760036,0.13897793215939488,0.12954385186818768,0.11572362482136948,0.10643053618295055,0.10328569451276018,0.10462337466836802
2018-01-26,2871.6062,0.2936882492853032,0.23621326040112295,0.18779993370641612,0.13665669463562707,0.10460949471011319,0.0944687822257507,0.09198401605852052,0.1031954736729927,0.1403896898225871,0.15004868804943833,0.2692905731901692,0.22173284142121827,0.17889591801586277,0.1342758769511014,0.10542610958711017,0.09491251611692941,0.09165649164876122,0.10009335049771063,0.13102208165517754,0.14301737455019134,0.24971513379702834,0.20985273488512288,0.17265281642888397,0.13347690550772676,0.10696429473118726,0.09626435640705919,0.09259281143863994,0.09807812011471408,0.12055820000584039,0.13567575490838799,0.2364997923242559,0.20303332400694993,0.1702208253717187,0.13535042616899404,0.10992152032976793,0.09867052392584372,0.09414484529628471,0.09691576866198842,0.11102443391280278,0.12238457306485702,0.22679141258658034,0.19899563285930963,0.16943585810484738,0.1379453177478675,0.113127875908724,0.10081927582194941,0.0947244684800799,0.0955707600941791,0.10392857661309167,0.11133840370188078,0.21993151413098597,0.1961679890452951,0.16898066372980877,0.13998973539169401,0.11621528134220455,0.10298061541776583,0.0951390776443744,0.09504462122670838,0.10206791288594536,0.10940111005925827,0.214983525159078,0.19354512421557615,0.1690811584828986,0.14204232593068677,0.11973705577886674,0.10644108415047061,0.09719031603202166,0.09604860122991712,0.10217403991111168,0.10791832157226357,0.2081851098041443,0.18989420181400796,0.16960958601165915,0.14589184592730142,0.12580032534857066,0.11358045491022487,0.10290216190033946,0.0993602162465707,0.10210734517025939,0.10623891593281769,0.2016686911531411,0.1870040212689036,0.17049414649820616,0.15114378016838984,0.13408098750915087,0.1231193254721695,0.11083745893134035,0.10395891268968295,0.10310437545258273,0.10567952592122998,0.19861358978966512,0.18601275031259304,0.17168668780746316,0.1542899556312044,0.1391939418421118,0.12944650825527096,0.11607997605490938,0.10740158953931882,0.10512464198641461,0.10599012599174897
2018-01-29,2855.8349,0.3212205430704556,0.26808950155289624,0.21660212024200204,0.1652427938796059,0.13061557261736179,0.11674842284229127,0.11088317569813007,0.1165960639607441,0.15013889260095745,0.1725847084968282,0.2933867501642761,0.2474147760261655,0.20318821538959506,0.15923347555650447,0.1280842060397621,0.11410709174342738,0.10764555387825346,0.11167947245086488,0.13476305423734655,0.14634269259602234,0.26755391843469656,0.22977588604310806,0.19373412713504895,0.15624642716000448,0.12688330900272884,0.11289037964961669,0.1061695430766561,0.10888383632145097,0.12428705717276907,0.1312259332222268,0.2532577455175593,0.22123248142435323,0.18967558443209473,0.15646326704077165,0.12740518879004478,0.11301780122866724,0.10564286755758683,0.10673202855794275,0.11859628731340936,0.12661776454068358,0.24241149388069502,0.21470095360834415,0.1861386473993081,0.1564995677428895,0.128299260463084,0.11302127020463867,0.10414953198385936,0.1035957845843543,0.11284416615180264,0.12277668758165208,0.2332648924455192,0.20881396108177813,0.18251355830668212,0.15557550613590454,0.12923511145551633,0.11322487478584925,0.10276689065942798,0.10172721097362156,0.10964376675979953,0.11916381581882342,0.22643244118090386,0.20403836018343022,0.18016237391593504,0.15536307091729315,0.13092122922612368,0.11510309163391091,0.10355916527718918,0.10179932191589827,0.10790735058209516,0.1150461615135666,0.21689138522701554,0.19858800499529108,0.1780173250605531,0.15678134802538696,0.13555285344127707,0.12080578762882502,0.10825410912180203,0.10441930783904477,0.10597158617574397,0.10979353400539422,0.20762349966707977,0.19437638102433158,0.17662575859302782,0.15876527621690478,0.1417240630933941,0.12921932287132062,0.11551177571230657,0.10842230401645853,0.10559975845091053,0.10740507084959966,0.20466427306290758,0.19323596729876377,0.17647590319108283,0.15993830264590284,0.14515574925618419,0.13388899905134574,0.12008367824277087,0.11120853588408135,0.10674506180807453,0.10757199004342782
2018-01-30,2825.841,0.34715354480498567,0.2956469597570261,0.2417077238222144,0.1788634221298707,0.13894661881821876,0.12243168438717841,0.11486613554881621,0.11944299832246227,0.13984915178286314,0.13984915178286314,0.3129384891996923,0.269683107069189,0.22269001257600232,0.17045670742846714,0.13546689554793778,0.11893076675747023,0.11010364303515907,0.11163941834455418,0.1256464093970358,0.1256464093970358,0.2828452376609678,0.24777205359919663,0.20781645234880597,0.16571426956011498,0.13376728335291238,0.11692956125401693,0.10728250108712283,0.10865566001473677,0.12383005195538309,0.17162332235076047,0.26543697287318835,0.23475816862032078,0.20005476384557241,0.16422922493922643,0.13360127071333144,0.11635253537263643,0.10601897384096455,0.10674082360236707,0.11997702316845019,0.15388179209435646,0.2529756504621321,0.22543395947442368,0.19478871575069706,0.16321450058695833,0.1336579411969961,0.11608522178511317,0.10477316177143005,0.10382773866155513,0.11294948556095655,0.12708841873221713,0.24282920692169346,0.21763167536784092,0.1902804390501279,0.16240243883490407,0.13408059346364454,0.11635709324234275,0.10412841751356114,0.10203604525311956,0.10863633325497085,0.1175274058083103,0.23466744572220544,0.21144299638291486,0.18732530756557358,0.16259258097065285,0.1357659482573341,0.11816048167686638,0.10532964257051354,0.10229291018309922,0.10737944885429974,0.11439098536783623,0.22487515597685315,0.20454961164961238,0.1849882643164115,0.1632970677832647,0.14018367172726756,0.12355646276036572,0.11004721511085858,0.1054553534836725,0.10669141291924583,0.1099492697833784,0.21403121754259447,0.19814968300094213,0.18286387717185262,0.164703184134029,0.14641299081501896,0.13203163584608257,0.11714097342430986,0.10965383608520476,0.10727719525682804,0.10832903516901757,0.20945227507348455,0.19562221473359914,0.18204933392094053,0.16581329746966733,0.14997908679391103,0.13681223760872527,0.1217543057517547,0.11200755385033118,0.10851791092533501,0.108489052428116
2018-01-31,2825.8368,0.3260859131127956,0.27414416709881634,0.22240228090121006,0.1668334507786612,0.12945667239903383,0.11432458279506244,0.10738144011708028,0.11433039373902594,0.15614472867038237,0.17969118547586993,0.2996668797711382,0.25533814845799474,0.20846639593693106,0.1607821658223823,0.12744278372146758,0.11221504218643312,0.10401651605933437,0.10814058703332825,0.14438884515119801,0.17018689711149038,0.2816786812160038,0.24116325061631214,0.19840096241988814,0.15817137985304092,0.1274048783267256,0.1116318769392124,0.10258118870375817,0.1056819481978821,0.1350011719955313,0.16353292106062944,0.2670803471450617,0.2298524786500044,0.1928113741237767,0.15797890180842128,0.12870378091311474,0.11218433807638761,0.1022042433463237,0.1036946442166086,0.12553189924167404,0.1582615303622393,0.25090346992974627,0.21889107374404612,0.18899761555866526,0.15807251366917036,0.12976952963562335,0.11262364945008295,0.10165176830346709,0.10090710478048587,0.11405447212230381,0.14726635365590454,0.2377423510458088,0.21153242504448203,0.18654157793792206,0.1582688414378231,0.13051996462380955,0.1132116957606275,0.10153039462656793,0.09888010169835239,0.1048907672300509,0.1221439764884307,0.23008972387639945,0.20717552003745193,0.18447989008060964,0.1592590335177336,0.13234649560402909,0.11534220585841744,0.1031276804859701,0.0996032547925784,0.10276243887500672,0.11085611388021362,0.22256150518406934,0.20197376451621693,0.18144872331545087,0.16080153954977838,0.13732310224184055,0.12223454621779625,0.10929064388612048,0.10362541172870758,0.10312269067662161,0.10664089434069464,0.214605681354321,0.1957779349769769,0.1791070071428228,0.16222415488016292,0.14325561476746035,0.13085991964558444,0.11757653398506353,0.10776339376134234,0.10432988701127709,0.1053869306215275,0.21108447090093446,0.19337920009714926,0.17879935182734746,0.16308499699620502,0.14644442416269873,0.13495410859081144,0.12259634971893511,0.11091915919588646,0.10586988741604968,0.10550721384087453
2018-02-01,2821.9423,0.3274942479250823,0.26373857520867733,0.21293859882376445,0.15926059007836998,0.1266859851877893,0.11282575787831511,0.10601793347273547,0.11154051659017115,0.143663401452669,0.1562233850052627,0.29139471087678065,0.23857274869629336,0.1975608297578231,0.15362725844090153,0.1242919294017141,0.11052765444656298,0.1028625813368553,0.10464216647700816,0.12941747908041656,0.1462373309840376,0.26695076693859704,0.2223901739498107,0.18817700081449953,0.1521198395507219,0.12422628347874932,0.1099016801401405,0.10154945172881377,0.10189760145639831,0.11826457969057864,0.13238337897057836,0.2515002845448086,0.21477622554714162,0.18507613632893263,0.15312450282482185,0.12571593242251178,0.11027437249291827,0.10097420836894674,0.10071424830895752,0.11234245371696065,0.12421060441390233,0.2392496149881778,0.20937135920595223,0.1828887312684818,0.1535313405767461,0.12704093207893685,0.11074698331007554,0.10024344953524159,0.09869074766169467,0.10676387329219278,0.12171987844598837,0.22969051922890163,0.2049055592633576,0.1809265041402123,0.15338265477843047,0.12770898925806307,0.11156668473568089,0.10024932837814482,0.09735247021667465,0.10315491911743546,0.1188997810707295,0.22158464996177613,0.20094648959805841,0.180122006550909,0.1545555440286773,0.12906739682513077,0.11345395976104229,0.10174846156257503,0.09827411036842908,0.10152386852580962,0.11238799703015738,0.21382894037294273,0.19680204373855775,0.17949162709900732,0.15768346183255882,0.13358929664389832,0.11893803453614739,0.10634039129752111,0.1021195115323683,0.10175354645498905,0.10603568054386957,0.20871810735880347,0.1927901224226702,0.17912905836815587,0.16137826572375844,0.13997831141756875,0.1276851203997612,0.11396147318856652,0.10667318312209201,0.10319852374033169,0.10558786950738278,0.2065214627800847,0.19018970547731134,0.17938064448939148,0.16358221236587026,0.14410915039306285,0.1329719529398183,0.11887030990252785,0.1092822474849187,0.10469345723068267,0.10659817083175396
2018-02-02,2761.0595,0.38817667221252855,0.32944425085191786,0.27391162237104694,0.21290767143780914,0.16454940330607884,0.13957897895336152,0.1257414448901463,0.13242279533108936,0.16875904103323688,0.20284366682529656,0.33682987516255003,0.29029980320127424,0.2467381980766735,0.19967210218319056,0.1586249572666842,0.13487490497098362,0.11954045809831809,0.11950614708110137,0.145057080751806,0.18887439868225664,0.30474644414566093,0.2661028193802816,0.23004193969878856,0.19134951716040174,0.1549988048517899,0.13213468684512747,0.11597349145874492,0.11346323851118494,0.13228087806293168,0.1739694536530348,0.28479457817981935,0.25262385063299403,0.22107303695944208,0.18644278227346414,0.1530639886283392,0.1307572721971547,0.11390561238481671,0.11016758700836254,0.12448203220508738,0.15660307941998142,0.2670597247191723,0.240433262978288,0.2132106192678578,0.18203082015688188,0.1512314081251878,0.12967798266118952,0.11231545794644941,0.10692300737605533,0.11473102613444432,0.13387637838788746,0.2536487329942592,0.23039859987270475,0.20642310481289539,0.17855856181225493,0.1496316888570083,0.12896708875547339,0.1119085378760601,0.10538957668998278,0.10886246312949661,0.12518113531242928,0.24319553347682918,0.22266321117196858,0.20100384126017282,0.17649547482568478,0.14939872733065246,0.12914084955115618,0.11288896758811155,0.10604732550432591,0.10754826437020984,0.12070338182837913,0.23108261330154609,0.2147932042491514,0.19583090219797616,0.1748337297896641,0.1515439762344008,0.1321345684399716,0.11661916369170763,0.10912934287407305,0.10754244316080325,0.11185303619437365,0.22058253593490182,0.20759655425581777,0.19152538181124426,0.17399316159549388,0.1547581327800803,0.13883275003702283,0.12316098700164096,0.113320545881746,0.10836131963116716,0.10802412532259656,0.21626359500877826,0.204126742013903,0.1896140339052077,0.17424706930643005,0.1562768139671764,0.14359086998990303,0.1274447641357339,0.11614120023094175,0.10922540661708928,0.10765562274861483
2018-02-05,2651.845,0.6978916167576598,0.6079547399883738,0.5304549144436367,0.4471683441560413,0.3683562744989472,0.30774204832669744,0.25471848366338834,0.23994509334328512,0.25855231393234485,0.26994288531242605,0.5673161410485187,0.5092670233665696,0.4525294101230808,0.39049275196154387,0.32729184971304487,0.2760448223148449,0.22757333518159206,0.20861162205264575,0.2367014465522942,0.2600266008456228,0.4788492888802714,0.44061047560129696,0.39987893988022716,0.35323309479982196,0.2986983802145414,0.2544984705010148,0.20954878238055424,0.18907629799637685,0.2169793396210752,0.2513368890219532,0.42843863206278393,0.3978963269335067,0.3624430808974117,0.3234827424376763,0.27600577229306245,0.2374734007510261,0.19473840708690374,0.17276335960267633,0.18939150898946516,0.2324072295213759,0.382259271263666,0.3558449665845577,0.3255170581266155,0.29168299613391835,0.25147971279386966,0.21784389549256922,0.17665622343705853,0.15382837478248437,0.15645420534085724,0.1854467561428215,0.3493099609510412,0.32343427166347477,0.29768666918707487,0.2668808063340826,0.23258431464728432,0.20132552573635754,0.16265814462835773,0.14285048687418006,0.14121487166254024,0.147735868638748,0.32603231253861015,0.30270292774534463,0.2787781201867172,0.25021885539344313,0.22098152236504365,0.19181442107062777,0.1569756234782264,0.13924884062109558,0.13496511191026236,0.13548132384840256,0.29343535667526094,0.27607201746418364,0.25614258955941044,0.23324483269059834,0.20844905444967465,0.18334535295462046,0.15498172075840536,0.13763486325926663,0.12923688676112524,0.1264295413562183,0.26694309854605996,0.25218231909088146,0.23616672151324555,0.21910969950567002,0.19682721680596732,0.17683534083187621,0.15498792830441013,0.13816211671226444,0.12765797111205943,0.12411140131435049,0.2573163945754651,0.2440432801414332,0.2288554052530474,0.212967266907327,0.19247490603579867,0.17492441570838177,0.1560964499775764,0.13920502763134243,0.1281686800659154,0.1242425449560914
2018-02-06,2688.0652,0.5915523326511616,0.5075497924860128,0.4220359548135602,0.3439217334742204,0.2806948674623399,0.24823530023276535,0.2376637613074118,0.2450800815798347,0.2573025745526542,0.30666401581100056,0.4889224225751623,0.4317818652016582,0.36908957717476426,0.3088910893760337,0.25562670089078116,0.22741114201902923,0.219258248642955,0.2259257136118409,0.2354883785363236,0.28242618960046195,0.43636470390254656,0.3870581412574322,0.3348301994728839,0.28228015881547963,0.23433872580394932,0.20931329318571573,0.2022371850908486,0.20889826138983475,0.22014093387032532,0.2542858288544333,0.4002956746815325,0.3539220448047661,0.30765346588901243,0.25914002958140586,0.21664923509402872,0.1940762732369455,0.1866811004343117,0.19315775982211847,0.20448999140731686,0.22266615598324374,0.3590691638706722,0.32002053365498795,0.28070943535818155,0.23716793851767565,0.20175193642795053,0.18004712585641014,0.17055189272377402,0.17509849523014182,0.18373706595200098,0.19235285301445745,0.32537999959306413,0.29225177063024343,0.2580714518507667,0.22155847105765386,0.19184120201452234,0.16955904632352314,0.15751549511111315,0.1585452630706555,0.16512805943474215,0.17192040226135658,0.299985015734838,0.2709807520387204,0.24243022536465667,0.21218445413318449,0.18609975303259754,0.16457257234482744,0.15036030950580903,0.1470186495744973,0.1499071559601297,0.15816975063873362,0.27467868495840636,0.2499453644655838,0.2278466326706826,0.20381610888687532,0.1816806439759014,0.16297859714024468,0.1475731695356166,0.14013769125971376,0.13836000670751702,0.14439670658680717,0.2518319025474657,0.23127695646379326,0.21529667935984445,0.1967104783324729,0.1786555747450208,0.16333035356670633,0.14805193099432232,0.13882020389527572,0.13424501700003652,0.13351123473506096,0.24115390520847182,0.22279944368186005,0.20963156323813853,0.19369587333971763,0.1778759543630819,0.16437291060136416,0.14895475372395256,0.13953380221301345,0.13427427744509762,0.1313135695456614
2018-02-07,2684.282,0.5013874551639963,0.4284187997522735,0.354382102704504,0.2762344165263578,0.2101680460581294,0.17528818379555877,0.16116035855479593,0.16985641152191758,0.19034511522874834,0.23085671759283355,0.4278582596741383,0.3758975717809536,0.3185880387081238,0.2556321172848736,0.19859655721243266,0.1667646837839646,0.15284577157256912,0.15780401976136224,0.17458187373026726,0.21874010063727176,0.3946704625105981,0.34872480147636836,0.2960792793042286,0.2406618586308518,0.18963435636055712,0.16080531299140033,0.14698235452635386,0.15089615868021514,0.1674265096836787,0.21089923381451012,0.3687333011983755,0.32500036778716956,0.27784584737274537,0.2280474607935234,0.1824853326441892,0.15603829109034792,0.14180205548354347,0.14390614514082042,0.1563796824656322,0.19195517554326003,0.3344516219748727,0.29809641931249625,0.2599637864051221,0.2165702422061845,0.17682616205893512,0.1521126740239542,0.13670261858670282,0.13603472550988513,0.1431460812109287,0.16142280740693263,0.3065370579616439,0.27821074935094914,0.24551203145659,0.20902757275780137,0.174260937294342,0.15068217769553163,0.13358569479750707,0.1305619716876502,0.13580137788666946,0.14630119243456352,0.2885999331435925,0.26426329533867626,0.23467285472694205,0.20474291157112548,0.17422749868624257,0.15169074109567485,0.13301681644401886,0.1276839727379557,0.13045144924904373,0.13673890491091845,0.270817997992929,0.2484455520869439,0.22371739134344243,0.19963426366091033,0.17448766874971366,0.15459510645379768,0.135404124854546,0.12774389089399837,0.12575173935851539,0.12656960192492092,0.2517438852915392,0.2300825552423018,0.21268103499160015,0.19312117809748347,0.17385595669044376,0.15841221794872715,0.13935487275371797,0.1298746079744833,0.12486903989813393,0.12313161309993051,0.24003677319285713,0.22001391829363826,0.20751910531349216,0.1897616172262241,0.1733286895186858,0.1605823809005644,0.14224944028750522,0.13141982812304526,0.1255855205007746,0.12272905991579056
2018-02-08,2584.4102,0.5882649812792746,0.5216964699153712,0.4590344796211452,0.3876523316171651,0.3263473688710178,0.2822005912280054,0.24358678211069706,0.22613344967810856,0.2435484581511931,0.2934557087039089,0.517603411712331,0.46391289528336715,0.4111944888941188,0.353465536109293,0.30232747660068815,0.26159851016969565,0.22546475838711671,0.20819775695165543,0.21203322253819357,0.23836005206918864,0.4716897509333834,0.42658324757135124,0.3789744246763345,0.330193683849609,0.2840407895697889,0.24584427578015203,0.21209956498884963,0.19531971453627092,0.19530538556089075,0.21004379634192344,0.43334029434792026,0.39738519212798434,0.35414722265255905,0.3111007737231065,0.2685274311696609,0.2330873674767582,0.2011671066166514,0.18469458030629426,0.1828197445468948,0.19283060197558413,0.39576709843869706,0.3657212034022975,0.32796760348091264,0.2911033384980212,0.2533712801268671,0.22128145773313943,0.1912301420339722,0.17542084347471948,0.17218583380979197,0.1780190243071187,0.3679154835385803,0.3387323221070713,0.3067815663382993,0.2756107840655588,0.2426401770146969,0.21386377775243032,0.18511214099838993,0.1689497064096951,0.1639789384954019,0.1667182406285608,0.34242871767888833,0.31534794840623454,0.2891318927033775,0.26288225888241795,0.2345217029384609,0.20911315372099654,0.1810609815966366,0.16370030758491222,0.1569577739976393,0.15768171693671876,0.31077437211886694,0.2904614585628958,0.26966590813639124,0.24781279539919174,0.22409033549851382,0.20283335926207188,0.1767373062600239,0.15954532964184862,0.15194141191044228,0.14912089386003888,0.28293307302173076,0.26941741590682106,0.2518844554920802,0.23249504103648352,0.21290103114525177,0.196327808935319,0.17452892208901272,0.15805409199261738,0.15053906424187738,0.14451540836550097,0.2703071330274954,0.25812950717822614,0.24062119566960516,0.22329771480218316,0.20673864492041857,0.1933634807146173,0.17480696200682436,0.1583873842807775,0.15102553023916704,0.14410742399251808
2018-02-09,2615.13,0.5061829627852046,0.44771267265914605,0.3863190184296071,0.3229929010463361,0.2646009463694655,0.2288956318757662,0.20222146762828264,0.1988225306493436,0.22305889833087833,0.26474155459635274,0.46056195490224117,0.40900294135128246,0.3575071215468111,0.30418337646615146,0.2525123829236402,0.21780772895080172,0.18980928981818057,0.18128586646399203,0.1944666536822379,0.22511556987719059,0.4240637343973091,0.379710416923523,0.3345627755901539,0.28819532013688814,0.24163503581439175,0.2085727156894348,0.1805861965013797,0.169733360077517,0.17599234830437785,0.19899411429224512,0.39176897208139794,0.35518156223328895,0.31539408764072446,0.27419677861035474,0.23245518010332913,0.20154890435088108,0.1731787848007744,0.1611564832266418,0.16337788761467417,0.17672683864089828,0.3599672837979986,0.33001425730977113,0.2964181554334563,0.26051966800601356,0.22431874636216556,0.19555283906111265,0.1664831609684029,0.15392166003852756,0.15294858611322934,0.15668426317349365,0.33711585274701433,0.31066953371199557,0.2823028799692645,0.25104510449569495,0.21866008276097607,0.1913582546197792,0.1625826670889154,0.1492144671803454,0.1457239003405888,0.14640421727443464,0.31604416251288064,0.2925742911280969,0.26931404596922554,0.2426656857358844,0.2134426846341635,0.18789400799618902,0.1609520576496853,0.14663258108427696,0.14076154075618805,0.1399939206215345,0.2894606150820023,0.2701688465332106,0.2516599328332135,0.23012770249503212,0.20572035993006607,0.18425674411597812,0.16061741914464778,0.14641859322436865,0.13758342002176366,0.13320858297212088,0.2659094380420448,0.25150094310641724,0.2357458368862975,0.2181283825073446,0.1989247755986404,0.18178529678738697,0.16099777699568424,0.147851775903452,0.13725769637380877,0.1308825436689678,0.2542377610271766,0.24232745860688862,0.2282239851126176,0.21241799242950915,0.19600110601688236,0.1804739070021909,0.16140861420745414,0.14908161501212985,0.13759691718520412,0.1308315688399644
2018-02-12,2653.952,0.4602793827928881,0.3986553187675123,0.3351506633603574,0.27469947257799937,0.21872899481191188,0.1876625783124069,0.17136504435395603,0.17716975465541612,0.200839852498973,0.21868672009491666,0.41993738861220076,0.36865296360819794,0.31476003556861476,0.2616173890223539,0.209252681532912,0.17866157980471858,0.16134390472482954,0.16318174481711856,0.18261703023214007,0.2040978087744574,0.39300101431863466,0.34772939627249333,0.299200269689881,0.2506601762466194,0.201369480667362,0.172232791365362,0.154692414709871,0.1547483579706463,0.17305308029324115,0.19855574565498568,0.36518165062217867,0.3258651025893582,0.28307843978479,0.23980557812260994,0.19499311042667794,0.16776197974722076,0.14908417109561856,0.1459569417989487,0.1585698633644125,0.1861266571734334,0.3361546717911887,0.3020733930711607,0.2666678273361833,0.22933120921599004,0.19015301868737935,0.1645327454787774,0.14429620593584996,0.1381610879323683,0.141671795343817,0.15504617133704293,0.31460145897437886,0.2850795626846709,0.2557659284352653,0.22296811111929657,0.18808183640554843,0.16359993312872426,0.1421694436154567,0.13400133860183464,0.1335730192427964,0.1377367395504274,0.29493822561497124,0.27044172815958417,0.24643712858309857,0.21784480966825978,0.18676434138160822,0.1643823681679237,0.1421319728403034,0.13188039775649013,0.1292560389913728,0.13084846685926244,0.2726200237639502,0.25308908971167987,0.23398816682324997,0.20979217854331023,0.18471562300668548,0.16605580375702028,0.14356897463584045,0.13159770265867213,0.1263209046164564,0.12504453860666706,0.2547652321636075,0.23803900763202743,0.22232106310461514,0.20199171245724362,0.18319474583813217,0.16810300113760654,0.14557157132335286,0.1331047485236839,0.1263204032926787,0.12355358564825382,0.24515842298696716,0.23046432088963417,0.21607597797009873,0.19824566698780552,0.1821409875552233,0.1698539053973483,0.14767645610703517,0.13477550017669981,0.1270568507996812,0.12384045564465959
2018-02-13,2662.7982,0.46310258933214954,0.3940155505361855,0.32309629978423104,0.25712624318398025,0.20450466128362974,0.17650962631489328,0.1615429907896101,0.16337211396377158,0.18462221104508464,0.2102165113007562,0.42054941128375267,0.3640312648972885,0.30532611076765886,0.24764076742117547,0.19784842848270257,0.17022500317387237,0.15493500328334905,0.1562163605688504,0.1816451154617599,0.2086116986083744,0.39479678489051045,0.3430972675866385,0.2928196991110275,0.24060445234391833,0.1928022093754139,0.16562830764811215,0.15003808552577835,0.1506177109916608,0.1752431590081621,0.20350351473809478,0.36534368859957916,0.3216629006098741,0.27984585924783884,0.23170837293676705,0.18823164845233153,0.16228583204607067,0.14492892563276094,0.1424182983353921,0.15876174458043388,0.18541903076891525,0.3324581726046358,0.30002351375068026,0.26424348826085087,0.22170194172687152,0.18469487163094916,0.16038418607148566,0.13991990235736737,0.13438038453130513,0.14047247099115354,0.15741062470216632,0.3095390572830163,0.283356171161525,0.25206930159223817,0.21629548664167444,0.18378354157961646,0.16046103380015428,0.13766925503119873,0.1300304493135123,0.13173334524787864,0.143556093790773,0.2921436886146072,0.26909419559378045,0.2424848977336646,0.2125458647403737,0.18356700601914502,0.161460065377697,0.13730807242064533,0.12771486639277435,0.12653480059236324,0.13336878947773861,0.2736717285843546,0.2530176713524866,0.23165627578492792,0.2065884849643052,0.18189438163752114,0.16312620331318323,0.13865017382443223,0.12827489635459427,0.12422364515113754,0.12660249763989814,0.2546412481562901,0.23649484442430335,0.22057035563526947,0.1984778172110288,0.17941338378759722,0.16549281044813402,0.142036607845672,0.13169437473640708,0.12565531261694476,0.12476712528350041,0.24017280101480806,0.22645240316886936,0.21361324115980285,0.1942528058752634,0.1785730014929765,0.16681697683668711,0.1450181694215364,0.13491822819397212,0.12819352554346455,0.1249670676187551
2018-02-14,2698.6841,0.3753036177622689,0.32201132823721956,0.26501286533725493,0.21167476199507498,0.16760606624681065,0.14738555216482638,0.13969707403992232,0.14760792088913816,0.1677285372280505,0.18435997931194525,0.3568026943615336,0.3064710138409489,0.2567326585951394,0.2077412724114926,0.16529969662721086,0.14468981260883568,0.13616789454771216,0.1436523972594043,0.16273606539542007,0.17904393745720784,0.3402410246113691,0.2925099037429217,0.24936591615913475,0.203848165288678,0.16327595096152103,0.1425639187165111,0.1331925076072635,0.13897784153312315,0.15600457307740176,0.17117349366366558,0.315513503099418,0.2753307354525671,0.23966812151478664,0.19851094183139947,0.1615477923049522,0.1407114787476948,0.1291590723560593,0.13112792291946548,0.14262564689878665,0.15420578152465783,0.2938472205533228,0.2620385083379664,0.23049215322212363,0.1935478375436376,0.160892144889349,0.13972734953735147,0.12543310214388848,0.1238011641571036,0.12937502171797155,0.13850647838280636,0.2805685676632228,0.25319448183297755,0.2240883762284306,0.19169362905034612,0.16142325837816213,0.14047758585665554,0.12441186831011648,0.12025824165215149,0.12300208599926583,0.12771279548199121,0.2689901569924475,0.24394292378531726,0.21820333280497176,0.19126661186913396,0.1625387178632001,0.1423655239201384,0.12567209826026524,0.11984449526432323,0.12040798460312169,0.1225159405118426,0.2538363487317602,0.23039058626075562,0.2106413752723514,0.1890769633558052,0.1649474300361976,0.14618057201281323,0.12939975132897763,0.12277366984538911,0.11954042665621563,0.12003779673045828,0.23893136412197047,0.2187048483450146,0.20448749854303314,0.18523941121364176,0.16782874237427878,0.15155473671051817,0.13328052714184904,0.12559197529702856,0.12003328570706753,0.11868831847656791,0.2313044824797787,0.21336587384310457,0.2010440643249683,0.18291580956550532,0.16947055724031687,0.1557192972217095,0.13530159414539844,0.12669483941642304,0.12094927467046865,0.11835807523107883
2018-02-15,2729.5865,0.3946794438496486,0.3246161831033345,0.26511636185114434,0.20743264623483088,0.16140883625144026,0.1421733670328224,0.13811972641685763,0.1533666852347711,0.1825228897002392,0.2061824359671992,0.3602026189877501,0.3037402704506143,0.25361878115626485,0.20277066733432492,0.1605536884024559,0.1416668009967299,0.13673883625575584,0.15019412586032363,0.17550136834002486,0.20071789294345552,0.33484862112282593,0.28804623940468044,0.24504528083406074,0.19855587709828731,0.1593442324719076,0.1407273779860765,0.1343992429345845,0.14435616003801394,0.16632836049112773,0.19220690274860489,0.30957250902057887,0.2712474349589354,0.23486458894921067,0.19403371924969934,0.15777379842768782,0.1392226994887151,0.13023725811763193,0.13420119959335838,0.14972294096077177,0.17332591661708585,0.2913033836052679,0.25787870492442316,0.22615738469342878,0.19067844396115408,0.15695181981324743,0.13808068564178477,0.12642669469224835,0.1261035503171985,0.1344628512481002,0.149096365919314,0.27728194176137083,0.24849833450289516,0.2201589834597017,0.18909423222560232,0.15808287469024368,0.1387232418527232,0.1251465413008383,0.12214193137974629,0.12576160869493783,0.13011995776966562,0.2629812654224455,0.23878500635361713,0.2140722934855871,0.1874839133261293,0.16038104238435297,0.1412295484112332,0.12575385404347203,0.12048133931873103,0.12113412250204485,0.12260661308168866,0.2473007505611453,0.22679649635278756,0.20736061781394013,0.18543940186937335,0.16252618759922235,0.145084035663448,0.1285181889041801,0.12188898989463841,0.11888956215940119,0.11966955553211844,0.23457816847211913,0.2172449573645335,0.2024360039874716,0.18353496774742611,0.16421053548536665,0.14940127400168035,0.132812520825879,0.1250275951370907,0.11882427856812496,0.11835920448207736,0.2277023278624035,0.21231398210261201,0.20034141584730866,0.18145014727617068,0.16526422308962496,0.15244183552631677,0.13612233727210013,0.12734807983375263,0.11946190712049726,0.11788421800581718
2018-02-16,2735.3705,0.41120294387389805,0.34503035943386384,0.27896152164484955,0.21389094999643035,0.16124157233959224,0.13918217859887985,0.12932205099770527,0.13588341585423497,0.16364116997531908,0.19343780536820393,0.37655823991634185,0.3170840463170142,0.26322466895774693,0.20637096752460266,0.1588419414135779,0.13762998429352663,0.12788296766360663,0.13384974424949286,0.15548321648685667,0.17753865968799945,0.3486059314400514,0.2974447685414698,0.2518804100888645,0.2008953878792931,0.15745440726156715,0.13666619337544442,0.1265352304079916,0.13015242170387328,0.1479992130395734,0.16973078197021518,0.31888443081501555,0.2780283458452374,0.23962479769360784,0.19523129150639804,0.15665506189034853,0.13584075858964803,0.1243920402957651,0.12379801570190269,0.13436789175485006,0.14760212574549947,0.2956747368517733,0.2623428023814983,0.22928465002212342,0.19039149067447186,0.15651276834759675,0.13555026640562667,0.12265029232837982,0.11937211926276052,0.12372111350411678,0.12948396580945298,0.27745445166622185,0.25032736410101436,0.2219912242799095,0.18754209343689984,0.15722695383432195,0.13682925092785567,0.12242441569570886,0.11771166475479862,0.12046858444363562,0.12439623983150071,0.2613041150488297,0.2389752409392878,0.21493738709897828,0.1858777532403407,0.1588263917162432,0.1400990897748257,0.12381814039721953,0.11764518526266746,0.11851812917598427,0.1199420821386094,0.24617718500766206,0.22737236288366988,0.20766599447478723,0.18416745132231607,0.16117201202998443,0.1456947012428494,0.12819130186564753,0.12020049628883576,0.11772263439639859,0.11738362888299002,0.23431548581815062,0.21761007402717356,0.20117254441685725,0.18210043414053642,0.16325057279556074,0.15077333908918228,0.1336580363898183,0.12375836699737816,0.1188486569185314,0.11698216520453576,0.22811554879473525,0.21166685136418392,0.19761025537455362,0.18156250901052867,0.16472494835525553,0.15351844914507956,0.13747959200511917,0.1262542722238603,0.12027600672831089,0.11720432990626431
2018-02-20,2716.8673,0.4204691352693068,0.3568051201469737,0.2889216843423555,0.22811643622530972,0.17461829681819152,0.14926900735623777,0.13566390189031927,0.13677443629127295,0.16176848181415288,0.21542378476165194,0.3968942870196578,0.3354328727469797,0.27572973094953784,0.22170419156157534,0.1712182415939699,0.14656032540766067,0.1331743411241499,0.13325077827137885,0.154228050194832,0.208186975193398,0.3664242047277779,0.31067904522749096,0.2617565643530479,0.21502082742099182,0.16798482170738074,0.14430087061733798,0.1304926647205245,0.12778476219323545,0.1429443493453673,0.18379947220281537,0.33066773260356397,0.28706594984896144,0.24743360539789752,0.20738673882130473,0.16526661565469994,0.14229255923771447,0.12720472037397934,0.12195287468829621,0.12937270847834553,0.1486403437439694,0.3080342891038742,0.27124315223864187,0.23695405799691305,0.20196434309603536,0.1643274407338163,0.1414982433475271,0.12496541820772611,0.11886186997256866,0.12189946691257494,0.1329491355564972,0.2888038935887724,0.25742987888321067,0.22918516846018605,0.1986603660362551,0.16466047326353464,0.14245081132910636,0.12420592984826717,0.11750952643720412,0.11907411817904505,0.12756816203026128,0.2689080038328566,0.24446086204290943,0.22203927878552246,0.1954366883566407,0.16524797197346297,0.14484461940899976,0.12489461866699737,0.1175640922715364,0.11740808735420889,0.12190307578992068,0.2504164547035583,0.23137046089916877,0.2135749267240662,0.19084734185897095,0.1655864403636951,0.14900719976994378,0.12922460390833157,0.12081904457584493,0.11746511978535969,0.11824164757763009,0.23671546542676516,0.22088183633792816,0.20613626479503366,0.18678208796937043,0.1657326483498937,0.15286150871918253,0.13442510462910034,0.12566360824272407,0.11933568161767608,0.11803077739026845,0.2301496527610728,0.2159557387321577,0.20242690717035314,0.18550255623970754,0.16609178694000415,0.15543448541246013,0.13738249738839844,0.12909905059663762,0.12135858336274608,0.11829315941469684
2018-02-21,2704.9771,0.3920438990046706,0.3276072454346195,0.2722880247134686,0.21909514370805713,0.17246529130878482,0.14983396180591996,0.13720463937855007,0.13680621921787112,0.15947823260803462,0.211193622913999,0.3709596456442374,0.31174628594020476,0.2634521935620192,0.21410288878968725,0.16887792180774305,0.14631228991717926,0.13339449538766984,0.13281262727298862,0.15257126896703194,0.18749796447742698,0.34790520605997605,0.2957308647499695,0.2544645665327311,0.20830223550577337,0.16561460003516834,0.14350010415921544,0.12986670953728002,0.12741686810069608,0.1436214864882843,0.1664221166225304,0.3224161936956995,0.27790886060427916,0.24402848739160565,0.2022713696715929,0.16317358121180492,0.14135453683218854,0.1262364099420366,0.12085774991053162,0.13107763233457548,0.14763354573913492,0.30395410602758327,0.26536366855532545,0.23581415815446702,0.19828938562241638,0.16247977027238877,0.14063612704040604,0.12392722848596399,0.11681502138316646,0.121754537579422,0.1340297806916625,0.2883833005254435,0.2562259586201424,0.2284534670960213,0.1957063949496431,0.16317540981836293,0.14176452679593265,0.12347037281854478,0.11542304062843307,0.11774643282280901,0.12438721707365975,0.27288358904611254,0.24508979812471254,0.21970463719739947,0.19302752720195399,0.1640128733466556,0.14441117847968812,0.1251187486184815,0.1158938697586219,0.11595898722705218,0.11925193762885909,0.2527115886275753,0.228513691329891,0.21112804341718736,0.18929823803168344,0.16436840855731896,0.14799156764341173,0.12977999744219126,0.11896905646360026,0.11592941059985044,0.11754185710009758,0.23528328697502704,0.2186569275366075,0.20631857491831443,0.1852687747103289,0.16526610812936593,0.15141579459315785,0.13396767704980347,0.1223959297745132,0.11720658385484545,0.11750634066045029,0.22892755316983643,0.2153795154786986,0.20435647259667722,0.18330333214066144,0.16623826517316678,0.15393898676621795,0.1367092936433473,0.1246773914002783,0.11824494353196327,0.11768064538506844
2018-02-22,2704.4773,0.38934727593471213,0.3187429975501945,0.26886940041058754,0.21790577611276354,0.17057487116772385,0.14501363328736114,0.13109997248915203,0.13203197595432017,0.15678385508498482,0.19351037310996214,0.36095208335453316,0.30567640622345,0.26104776680740255,0.2120763979090566,0.1665597252865211,0.1418907471590041,0.12823571937088038,0.12821376228027517,0.14985888648376103,0.18656606813011425,0.3358875323140311,0.29202376299474014,0.2514946339391411,0.20538925013735765,0.16303998476510234,0.1392794921579526,0.1253017729271086,0.12255310250928562,0.13460625665904105,0.15897889819572464,0.3163205843727128,0.2775662953509399,0.24114925617185806,0.19858932559088596,0.16059865670439152,0.13754656416222635,0.12251696771293608,0.11777804779734773,0.12322785516517937,0.13202384679162904,0.30239264275567734,0.2663001800238613,0.23346992331942554,0.1944623786116593,0.15982928468486882,0.1375337353956929,0.12138544814394896,0.11571356880385522,0.11949895862355847,0.12835115971555836,0.286162613268257,0.25450914552226295,0.22652022015682674,0.19218674894956123,0.1598898107576097,0.1389785637762991,0.12191772906130152,0.11481834418350234,0.11725605416697293,0.12764954474833087,0.2673314875008218,0.24242721239315293,0.21926539283792632,0.19005471996624648,0.16091971716279033,0.14148709927727662,0.12359497445953779,0.11508381143150681,0.11519405062002468,0.12361617927900749,0.2479165307027734,0.23081322290554826,0.21150207230751855,0.18648687577078807,0.16252837838885917,0.14597734870762463,0.12765091356635802,0.11815930372581888,0.11509356751358424,0.11841763897374787,0.23518275463831445,0.22122102342074107,0.2039288788908683,0.18249669489979467,0.16325802189214794,0.14994291069386445,0.13164030381628813,0.12117251974144398,0.11680627371398744,0.1165889574860185,0.22896766086727807,0.2151353340894679,0.1998061527428289,0.18163243634406953,0.16348402821095598,0.15230395853392983,0.1339347691955706,0.12330329486066677,0.11858705564834059,0.11645136597289175
2018-02-23,2747.6372,0.37503450627915774,0.3065032625801984,0.24281755330318988,0.18233112866046147,0.13724196867988508,0.1189508155991426,0.11270272245195369,0.12412977380069917,0.15534136422946274,0.22024825085700467,0.35193865723708484,0.2872516896383842,0.23366750824699944,0.17960811566869447,0.13701017432931714,0.118634324376572,0.11160460579070607,0.11981047123118403,0.14643775126176115,0.21201491907652828,0.321606924356879,0.26885413353850424,0.22489229718743958,0.17600132363357335,0.13679084985402049,0.11855549320075602,0.11025321824642767,0.11480255469442234,0.13585997804231623,0.19739560331188274,0.29717961286635813,0.25369132703866765,0.21702273943557848,0.17309627552979942,0.1374150844531304,0.11910187261263548,0.10903952227874271,0.11076151815697373,0.12752890013292792,0.1683902546369905,0.2813324908450327,0.24339018790390465,0.21195300205481987,0.17238053399208608,0.1392720870007251,0.12047329813056662,0.10864782898763463,0.10858788789032453,0.12019174148894195,0.14157504640764523,0.2647292215843647,0.23397040560061558,0.2073374644767464,0.17280998031326542,0.14193850200940078,0.1228555161437217,0.10914932983340779,0.10711369528690512,0.11408910375369953,0.1291045143280032,0.24909567624192705,0.2247679058635596,0.20206588929019084,0.1736966939869373,0.14485145668310365,0.12637802220633423,0.11106755917943147,0.10678389218003104,0.11046594502373115,0.12219532126579374,0.23385141872640064,0.21481629971202415,0.19627638790939006,0.17348355979383762,0.14796819114343282,0.13184787775870044,0.11616722848895833,0.10946316550252355,0.10885222085782917,0.1149953534142998,0.22343644751334474,0.20666496223867187,0.19124876417153097,0.1714518935609616,0.1515099234877219,0.1372797679027859,0.12137767508744399,0.11299718767596219,0.10966039999378938,0.11357851909080928,0.21910422053009443,0.2022177791268126,0.1890753902604197,0.17023907661617743,0.1536034259267816,0.14079845929895407,0.12432354140773261,0.11499127985979558,0.11040375305968884,0.11334527614175118
2018-02-26,2779.52,0.3587449074691667,0.29987073626273175,0.24148364619125604,0.178475343962751,0.13672725772405525,0.12116777135834536,0.11802505045618283,0.13062441480016634,0.1635625296576319,0.22021929193877687,0.33515775815050775,0.282220767498611,0.22914991836240026,0.17372969145515169,0.13534596354363343,0.12011336602862838,0.11584531889705375,0.12444036099895364,0.14828430895824407,0.1938800131422738,0.3073340531235488,0.26261887894276115,0.2174448244951427,0.1706220678648804,0.13493239361309442,0.11962514600699409,0.11365829030483746,0.11845978766716726,0.13460706319543705,0.15607350983168802,0.28558813343613626,0.24833930838146065,0.20983137060797377,0.17003053955848818,0.1359691778773813,0.11977368518391598,0.11196328664517102,0.11433167043166755,0.12777676882989064,0.14156995835369385,0.27159029259998185,0.23907718283229465,0.2055040976130377,0.17034995517850574,0.1377909261436156,0.12068575693314608,0.11101345179565002,0.11107624752885437,0.12185089055646608,0.13619338357122054,0.25779615978277753,0.23057158134956005,0.20154404157211964,0.17018802320946172,0.13971199909206353,0.12245476625233072,0.1106660371177807,0.10835397114327122,0.11545157447643169,0.13048092952072615,0.2438251061510015,0.2215045060524565,0.19615012985119154,0.1696291959375925,0.1419124479973406,0.12540964940410396,0.11183070897894934,0.10721403630000224,0.11010373022612166,0.12047424628646261,0.23042536429635715,0.21091959687510536,0.18977072422553062,0.16905961203743075,0.14564265774173327,0.1299582699305553,0.11632032654073661,0.10899460673375064,0.10736167643763873,0.11247394424568312,0.22073751296735733,0.20366976596775702,0.1861527900011254,0.16830131428930864,0.14915192127787735,0.13387761985943347,0.12070230479405841,0.11181275090994114,0.10752643808672721,0.111025112813366,0.2143146522356468,0.19982059894216955,0.18481892832018626,0.16776169210477948,0.1509838724912888,0.13625125338995575,0.12307018241628478,0.11400781494194144,0.1081785690392851,0.11141645797807999
2018-02-27,2748.152,0.38686356485030615,0.32917693790680663,0.26962000001316344,0.2100392759257135,0.1626682948098147,0.14118814559824572,0.13262625539398695,0.14043378580283847,0.17170787740900334,0.22600338677399967,0.3591291363929524,0.309873230055876,0.2578788578366372,0.2037858553769946,0.159138458041632,0.13809607870490084,0.12896966866831402,0.13316453398354625,0.1559580978276921,0.19430304132520815,0.3318173256865366,0.2893616577712163,0.24534661997840723,0.1973633923642886,0.1559111157033978,0.1355261807641465,0.1254084488428062,0.12584881376433313,0.14222182149442478,0.16745924344209584,0.312682547365956,0.27487901725159103,0.2360911011965646,0.19379880949634073,0.15486036601362302,0.13439584944080346,0.12298015028421853,0.12095086627122101,0.13191177856990297,0.15172580600314547,0.2984450423477695,0.2646037548294652,0.22919154925415589,0.19208458115487945,0.15551406723140052,0.1344775811668417,0.12180901304239786,0.11811314566329544,0.1236241332801958,0.13505567718781447,0.2808034288930673,0.2520842889554229,0.22119982794458254,0.19020362561617307,0.1563754033200567,0.1349565149327537,0.12120739586677556,0.11587013720542733,0.11795538800477268,0.12452797905058242,0.2617051549107775,0.2383386723837434,0.2126479249365129,0.18776141803518537,0.15692830766338617,0.13620128538114384,0.1213986304164601,0.11417976977904012,0.11395117535488969,0.11863983770835426,0.24489085303547703,0.22513479941785047,0.20433900038011585,0.1834224061190843,0.15741587488653827,0.13996753766130363,0.12343246713540476,0.11409017321913756,0.11226890516842439,0.11575703516621402,0.23296951544717168,0.2156186005957108,0.19833535919798714,0.17915547379648772,0.15877726628802516,0.14498372532755902,0.12691216054898857,0.11538455627968226,0.11245241706480948,0.11461345597137135,0.22469374718873736,0.21044124784342425,0.19534409058957633,0.17743378047831454,0.16037411919253383,0.1487675380527294,0.13096225840319686,0.11683822071800584,0.11294625428328647,0.11410261208371111
2018-02-28,2717.3743,0.4228160123764106,0.3491901390298782,0.27767565278253603,0.2192750723311874,0.1707116739551332,0.14600409319527416,0.134803724549871,0.13992678364069705,0.17277551653964957,0.28721751656986827,0.3863039234610698,0.3233694556453944,0.2665882771203252,0.21285212387315713,0.1672685325111261,0.1428785459145864,0.13120535815498996,0.1327206277821039,0.15242688825195497,0.2523347356320196,0.34684024774079314,0.2999042684241376,0.2538642011220914,0.20621969234363705,0.16394655268783775,0.14041965787602192,0.12795507641910897,0.12595828307882742,0.13544564395126818,0.1720530799508448,0.3236242770101174,0.2853009006206451,0.24428476581632655,0.20218207260789223,0.16262552944106745,0.13999734336396905,0.12615988616796944,0.12232251371626754,0.12842763908487764,0.14435804847864922,0.30758118029568127,0.2745756681783934,0.23748315020450453,0.19933215615712926,0.16260871518898862,0.14081798983741708,0.12543086369291281,0.12022389239288082,0.12406304131502965,0.1367672590351628,0.2887939977837914,0.2609172466601935,0.22960567125896486,0.19592176109309697,0.16298963688101165,0.14185612694565816,0.1250056882470078,0.1184049674435157,0.12082048033162948,0.13454128739669752,0.2707893683064973,0.24650226117263824,0.22082707517654204,0.19238307541287317,0.16371109825345642,0.1436268514250688,0.12604423622046448,0.11774666918741433,0.1176535734144316,0.1279411617161839,0.2528115456136198,0.23254803895365064,0.21230665689002667,0.18785484323370186,0.16362190483292374,0.14638813045462482,0.12984627088737916,0.11952925418121045,0.11535664002520696,0.11875335109270896,0.23927515426831256,0.22256445502260272,0.20581455873879184,0.18294643260275423,0.16261021887993599,0.14857931074027275,0.13306207261968483,0.12196179859610769,0.115939811424837,0.11539800165821001,0.23204402808429825,0.2167232586556613,0.20178196690357672,0.17971522865285708,0.16187247871962054,0.1502307324846621,0.13486168994414405,0.12368139977212643,0.11765139803986899,0.11560378087256307
2018-03-01,2678.1095,0.4536726415030079,0.37222618044665734,0.3033521798288366,0.24486126073905456,0.19321384546730347,0.16388166186532707,0.14758094718037623,0.15207914799320146,0.17614956114476588,0.20147587214843854,0.4065714736564307,0.3405556501447464,0.28752433973826536,0.2348084085520538,0.18674774645853068,0.15824489603140665,0.14144357100150604,0.14196559359619657,0.1583262236412965,0.17624982435199213,0.36352556096910454,0.31578222236495124,0.2730865213770143,0.22466019714248175,0.18088398146235452,0.15414176529039092,0.1368987422101863,0.13365305733908223,0.141564123984087,0.15163104102970135,0.3401057641784665,0.3011016848899834,0.2619335540588859,0.2179211475373549,0.17796422247685567,0.15329291998821606,0.13506702139823915,0.12910571972080315,0.13264189330337195,0.1398073601785858,0.32507296634378935,0.28930075573082376,0.2531851908881716,0.2139270748637076,0.17719343682268934,0.1542796459995107,0.1346498016176582,0.1265694405526713,0.12793679706258326,0.13393725991237287,0.307479268882781,0.2744736740444635,0.2442770150199956,0.21031743049017806,0.17709322866305555,0.15511285572761724,0.13441206964048877,0.12490596212541036,0.12473929053347607,0.12768004087421556,0.28593622001477853,0.25869364106062354,0.23477867228004073,0.20593849442323994,0.1767345705831145,0.15548324991706478,0.1350256278760419,0.12463994392326103,0.12230992960626406,0.12266269255040556,0.2614319231033098,0.24197955530631346,0.22259231087048656,0.19951625252565644,0.17460298157112927,0.1566435427597222,0.13716047506357062,0.1263707281706277,0.12139408368903422,0.12010083729053546,0.24613804181667304,0.22952212129121358,0.21261814560704706,0.19361095835217923,0.17253799797228622,0.15837812375357468,0.13953911574561895,0.12856108431512286,0.1221853225432921,0.11886128390437356,0.23928993824532027,0.2239708503668259,0.20797372063073538,0.19075417341799195,0.1722570902269619,0.1595866917918042,0.14144135033651065,0.13004621351808116,0.12325061423101558,0.11831858023374393
2018-03-02,2692.8047,0.40257225303748534,0.3317804736927493,0.27203432447496717,0.21742934159663774,0.17289103981448548,0.14785981873250867,0.13532043251244094,0.14288718154195013,0.1747497046645287,0.27707739685838995,0.36919646282953983,0.31097451656667807,0.26147356045739506,0.21184652338209742,0.1690768567382089,0.14401960144039358,0.13035556209556426,0.1324328361883758,0.1489724578414161,0.21864146624242603,0.33693570133828443,0.29243507352738846,0.25112809539436365,0.2063284006779504,0.16591047385578692,0.14183591724717026,0.12717406666051073,0.12526039167179917,0.13356770431616566,0.1488520421677689,0.3183544262016248,0.2810710518105743,0.24366050795520383,0.20351959411685927,0.16565641350687416,0.1422081769282208,0.12607248153879078,0.12179581895810579,0.12837220063687899,0.14089306594405343,0.3042610728486225,0.271770929773446,0.23745424536311419,0.20183797448876228,0.16712738641888766,0.14380304976918126,0.12581483388997064,0.1197815222144241,0.12442995748934574,0.13708087722222115,0.2885332771757211,0.2601277344579532,0.23064595736452478,0.19935123175821015,0.1688802265411989,0.1454844089523929,0.12589634937978164,0.11859176790370414,0.12137410422435174,0.13389261207583852,0.27019596775157606,0.245766267535396,0.22272759854329727,0.19598386208209617,0.17003097313709586,0.14760807390786612,0.1271628581611625,0.11877118441081057,0.11855076002725076,0.12651780167035992,0.24944116451550274,0.22998434666932047,0.2134683951335904,0.1917239389505727,0.16958844049179583,0.15069303821956934,0.13003940578196074,0.12068689288204003,0.11766216630262684,0.11806483326696984,0.2371595367452894,0.22031938662257086,0.20699529225189292,0.1880101081786621,0.16842000991742184,0.15272115597693,0.13286653616285812,0.1227721641675619,0.1187733932911794,0.11576317157376939,0.23073979138761694,0.21575943728453822,0.20369990922972633,0.18570215735236906,0.16772035572938498,0.15414423375011244,0.13480748465782644,0.12450485607331224,0.12012328397841954,0.11507220622519837
2018-03-05,2724.3179,0.3898173491287499,0.3165562838814896,0.26163524134458843,0.206894309982301,0.16204278982284362,0.1408359190284432,0.13220532191671125,0.1358393686726052,0.15799057682979342,0.1906337813929497,0.34786807537778214,0.29567389408201655,0.24813573302788808,0.1997215901860937,0.15782610532632685,0.13660337667191136,0.1263303327625276,0.12616725919906574,0.13854475848435102,0.15121552309980713,0.3276549244078594,0.2832746616811878,0.23921986223936131,0.19517634839933826,0.15592096175312178,0.13486631618610304,0.12301632961288307,0.12036474158352924,0.12977711514778095,0.13899167336882942,0.31477810899186937,0.2737495751791742,0.2337779230732357,0.1935042589606515,0.15680743395225122,0.13549095680721196,0.12178797514730921,0.11761104125720621,0.12491084292477267,0.13505389510164292,0.2984431248347879,0.26315289783066964,0.228653893588094,0.19188096913047503,0.15876185835455495,0.13718873392585829,0.1215293114072971,0.11585903343383058,0.11969053569805896,0.1329340790612627,0.27917058255376875,0.25116526088528146,0.22209932571689842,0.18915782235910597,0.16029959859200754,0.13914383968686372,0.1219239840663775,0.11495635544879985,0.11677755941188538,0.13080154077337378,0.2627701684546949,0.2397126472566162,0.21479821218540826,0.1865827857314524,0.16119755835283386,0.1415041297502097,0.12346098776792384,0.11553983540240115,0.1151930470864263,0.12266674213870839,0.24660337747604158,0.22778828999242692,0.20778804328926911,0.18425021860339516,0.1620363175961321,0.14497476156704361,0.12643540250922833,0.11819407932862222,0.11445851778631448,0.11441504411504111,0.2350311888177456,0.21954402780256108,0.20224064078902196,0.18149720351853346,0.16316129750227965,0.1489534455969148,0.12924216416605125,0.12066837639525313,0.1148590348827788,0.1130781562255884,0.22992353139897023,0.21546477084900503,0.19789322646520727,0.17995078178614599,0.16371860135510863,0.15179250806977068,0.1310808249839022,0.12207813674535498,0.1155223605664424,0.11393384181951245
2018-03-06,2727.7384,0.38992532710571837,0.3243739851018775,0.25967301445381435,0.20137015987307996,0.1579856202641503,0.13772156806281166,0.12914819885641693,0.1318493497001078,0.16827889101950216,0.23278775333197438,0.3446431073492472,0.2991808915517682,0.2465867487145383,0.19628274599873663,0.15480962619688537,0.13492008561052662,0.12491367802486877,0.1239059962210865,0.13751461997824152,0.1653559501320908,0.3193976135871401,0.28438654624560944,0.23841771109232224,0.19320167279907585,0.15294976567708934,0.1335045005059491,0.12246956413658146,0.11992482470837991,0.12845450411277273,0.14050046870186778,0.30883673568294967,0.27489129466044787,0.23244032260435757,0.19272592434491256,0.1543510148747647,0.13442079619594147,0.12191769344415676,0.11825397822169245,0.12400846145095996,0.13126334045312787,0.29682904577756397,0.2641059968388143,0.2269646996430091,0.19225026279233973,0.15762825504003306,0.1369141547484348,0.12228514346238903,0.1173561782118278,0.1217040654507164,0.1280367371026965,0.28114350996537635,0.25170485824195576,0.22089943490084926,0.18984435844141553,0.1608061118725876,0.14015225902383682,0.12361671618721742,0.11713714714440923,0.12002845876594234,0.1252768408765284,0.2655934163056215,0.23985538288207844,0.21413172617118975,0.186253137206866,0.16217533356495675,0.14333246206527497,0.12645117612253778,0.11784136666734482,0.11604875853988915,0.11843160534244432,0.24679067486466422,0.22747886663249128,0.20801538349654689,0.18367064463989466,0.16278684422016818,0.14631734685262807,0.1295697178787926,0.11907673748098428,0.11428224428781103,0.1143794121935049,0.23462090844578798,0.2200549422266349,0.20409009126901612,0.18275835376108246,0.1645203243478498,0.14981821474507265,0.1328003706653442,0.1209661220586251,0.11498831174548936,0.11338334804873018,0.22999779476174045,0.2162708037747426,0.20149964896438557,0.1824643359909593,0.16666512184549592,0.15329185648769836,0.1363731398967807,0.12367216220005957,0.11615949533313956,0.11321195757078928
2018-03-07,2728.4155,0.3783931135738617,0.3099220458348683,0.2562670056741728,0.1995575367762533,0.15459141055435308,0.13371795822050445,0.12392260923902981,0.1278519518689004,0.14908431815006695,0.1595557521905486,0.3390926136811201,0.29023458115576223,0.24498416783185967,0.19396592754997682,0.15142592885953352,0.1312525375388118,0.12062361081938508,0.12077199164280175,0.1352994397443043,0.1493142621173675,0.3164428704330801,0.27625553589374324,0.2351194927218605,0.19059557364417604,0.1505942310763429,0.13064115965982057,0.11894741661599587,0.1176286209122029,0.1285443380003509,0.1423874296876469,0.3035014748709056,0.26640837577866966,0.2290073780577039,0.1900045434542623,0.1527547137744786,0.13218363242417516,0.11883138194160678,0.11553646345906862,0.1218063774063561,0.13039218105682912,0.29050108512027084,0.2569551870957868,0.22466391633929034,0.1898558433144678,0.15569341314764876,0.13490194260502836,0.11969752037581838,0.11408845561968489,0.11594421789114187,0.11894355980161189,0.2768649585382299,0.24799374825086287,0.22032573472292644,0.18888407855355654,0.15804140685028736,0.13788246561046813,0.12150461941136059,0.11380837190760826,0.11386983683617581,0.11462592348934264,0.26211703299178646,0.23884726697264683,0.21441532426659055,0.1869824259363831,0.15998321168556912,0.14067506814826222,0.12459864655478481,0.11554216491128266,0.11365013595644491,0.11281962598542046,0.2468159314886764,0.22820146450328246,0.20746709741846145,0.1846810731744236,0.16261869043300686,0.1447600146051012,0.12814908792900406,0.11871406171885932,0.1151134946864659,0.1133484728428634,0.2370353433902183,0.220658614346047,0.20321696769138078,0.18227553980832245,0.1652850306027163,0.15072776278887204,0.13120995907265326,0.12083742705883817,0.11694271411671708,0.11470929837915511,0.23060898100468277,0.21619956033893065,0.20088426016200692,0.1805506319481888,0.1668594386800173,0.15480161948917126,0.13373122603141588,0.12243478423918071,0.11861045753708012,0.11609039348215609
2018-03-08,2738.115,0.38144665191002636,0.31210661965829983,0.24586705772839487,0.18959703166602276,0.14693267703630067,0.12814494495591694,0.12055855451089949,0.12597184070137069,0.1521455084613638,0.31881589625004514,0.3363664504253065,0.2839227604243916,0.2328935931162366,0.18402461546042542,0.14367126539479616,0.12551586703559653,0.11702547435296728,0.11837993424140755,0.13313458825617389,0.15712701797367773,0.3083059836931856,0.26967978999116815,0.22555247313158544,0.18172983725345798,0.14313498606320144,0.12513381386324984,0.11550437648884734,0.1149778760317218,0.12623337937370124,0.13947810186878673,0.2969546678068852,0.261716299691351,0.221336007943455,0.1823703775841284,0.14572731679442102,0.1272810811399079,0.1157705083613803,0.11349295379312026,0.12364367725077498,0.14115012495718254,0.2846625412395245,0.252359339600005,0.21746569611884747,0.18364572058429818,0.14914121150304122,0.13055873661651793,0.11696455406533317,0.11239788703216708,0.11976049826404207,0.14557961891208118,0.2705907243050135,0.24388155954332436,0.2134067855627567,0.18451889043675251,0.15217015544928925,0.13330463252339336,0.11867806915842993,0.11226310972087375,0.1147065400701266,0.1468578217343711,0.2584478060386626,0.23622643509407357,0.20852799393401242,0.18435689936071753,0.15500134732147214,0.13571426782528065,0.12144567725889852,0.11452242072639841,0.11318974630407319,0.12410236274295977,0.2442605299014096,0.22534856799860117,0.20405621008188574,0.18309191675382264,0.1582230454219002,0.14032010859377103,0.12609860287125493,0.11808657826486638,0.11445106464328718,0.11491966630468006,0.2334723820261862,0.21902578723036875,0.2013835241775636,0.18062294300448636,0.16103804048388937,0.14598036252516877,0.13093764846174366,0.11989395806143659,0.11506262372431805,0.11448887177061222,0.22921959218088486,0.21696776921049996,0.1988285777412852,0.1790206773252373,0.162189360888642,0.14913247098111745,0.13434666354180633,0.12104607607332156,0.11558117836435951,0.1145359890047303
2018-03-09,2787.577,0.3477799183785778,0.2858309925863604,0.22615122866916706,0.16290584877252748,0.12371047312571985,0.1120367354443166,0.1117734263579348,0.1283758699606083,0.16982065760483336,0.22059701755613173,0.31793310528113683,0.2658360678985182,0.2137873028730808,0.15937214555668558,0.12360837549665535,0.11079836095247061,0.10833615057737256,0.11966305746902593,0.15161583753716384,0.18836721322595112,0.29678290682533043,0.2501654371552114,0.20552545678307038,0.1591459593908306,0.12520417436631798,0.110922580411215,0.10618965109380893,0.11374439534832025,0.14017445010902516,0.1731262524925302,0.28125603091834145,0.23993827708354368,0.20141976587758983,0.16169003471072854,0.12885446476546597,0.11322173058172741,0.1061444938461338,0.10992348990527469,0.13194822988080854,0.15364673823453007,0.2649706918887364,0.23218910128214118,0.1990813583449585,0.16448470133116566,0.13321255302700144,0.11657999291322353,0.10692862101806176,0.10638651012877359,0.1216428204936813,0.13689586931149825,0.25271288598819064,0.2273710974325179,0.1977278639827954,0.16665935658785308,0.13735784341349574,0.12022976725351506,0.10829362734491856,0.10476596145307782,0.1107838475900887,0.11925709446350184,0.24332242115949523,0.2226674571895043,0.19567593592623939,0.1682080627575647,0.14150384883047132,0.12494162135348397,0.11170541722173119,0.10605860331973203,0.1054996768461529,0.1120351077575049,0.2317916991496266,0.21358469897130863,0.19267435008245531,0.16958770375529594,0.14619918837579046,0.13135467941591525,0.11798012785183729,0.10973200075470244,0.10582002415381506,0.1094939452897989,0.22339681616997376,0.2077510079331774,0.19137488157925775,0.1704708581456967,0.15059507429707086,0.1369601024779727,0.1232420899364646,0.1131559850716692,0.10691438486152671,0.10836044113647961,0.21992559811846127,0.2059652946805603,0.19070526094189066,0.17016622877735138,0.15359612152530544,0.14063146741575974,0.12724995908182904,0.11610650858558902,0.10794825917906371,0.10867582106001111
2018-03-12,2788.3404,0.3528660641736973,0.29180049120306306,0.22666882155361676,0.16602694315003333,0.13068078924983806,0.12103840639140387,0.1206081546329269,0.1301129702253118,0.17744565875701593,0.22893132565403845,0.3234834287120181,0.2747916845124675,0.21816319522094252,0.16448389571062103,0.12976220919619588,0.11798459680483642,0.11472692743281307,0.12019847489500732,0.15346795872887525,0.17279248861641627,0.30426389723253466,0.26227012121110327,0.21337357874961393,0.16639230851484735,0.13159769492941123,0.11752074809348151,0.11159262949979784,0.11517873638690818,0.14584648186951446,0.16364082737336286,0.28758172417088285,0.25108004685797397,0.20999863121037793,0.1695090884501833,0.13554049366478255,0.11956722523435677,0.11084659793485066,0.11160979623720572,0.13711784575023647,0.15836553058999206,0.2726380697340259,0.24177072324772933,0.20712258067242503,0.1719115866819828,0.1404335793200094,0.12281529292576361,0.11081361454186812,0.1081867118167952,0.12217403876003712,0.145584128640485,0.2616303969174152,0.23504304772517942,0.20447406891161277,0.17361190615876332,0.1452750674651332,0.12643414627251995,0.11161403952396948,0.10668564834994218,0.11082428457685926,0.12395914615050449,0.24980567791528435,0.22721538109803655,0.20152599598154364,0.17484167750830246,0.14915879461093473,0.1304722244121102,0.11481109104588892,0.1075532814086108,0.10726284262510964,0.11615422152693379,0.23868903079030032,0.21900685991157473,0.1993653052681928,0.17559385512524717,0.1519323203371527,0.13476582913985222,0.12016171472856092,0.11153021555576571,0.10829329946607895,0.11213673964599406,0.23134210445651165,0.21411940854498948,0.1979953513944696,0.17513463506529683,0.15455093670726244,0.1392451122016444,0.12463259503069657,0.11560040099804801,0.1104798485245799,0.11008341811397486,0.22703326107855137,0.21124067343965616,0.19662667708312317,0.17318064571708577,0.15652243692192033,0.14398227223717125,0.12861016517022672,0.11909545083521464,0.11303297519234363,0.11021808239722809
2018-03-13,2768.4173,0.37084838431766054,0.29595372155758976,0.23780034058085267,0.17697860404846796,0.13659614593520794,0.1220645557562309,0.11761916736819471,0.12659827460481438,0.17501122962142565,0.2123677129531775,0.331699316565348,0.2749294806975464,0.2263274692871148,0.17494219348178797,0.13623411164804416,0.12054404604357445,0.11449037152377191,0.11897478159707335,0.15249850318998076,0.1780706882344932,0.309630446847345,0.2642520410069183,0.22072040350034422,0.17625111382592823,0.13856180433304854,0.12145293922827127,0.1136015566340706,0.11568839986205964,0.14335650244404952,0.16272502596952879,0.2935835020544985,0.25617236771098634,0.21684901395208891,0.1784485012731036,0.14231073143244197,0.12398643986115607,0.11380661733874468,0.11296631364778924,0.13432663248577648,0.15530209560192937,0.2790651773073275,0.2481046886622229,0.21352918263204093,0.17987694180103686,0.14638506329367296,0.1272604488063791,0.11430667448294062,0.1101289281094745,0.12016963080787382,0.1416094920834265,0.2685195445557289,0.24166485784378264,0.21152307911194257,0.1802505013097556,0.14961397661304543,0.13027716088745606,0.11537752332548945,0.10904804381252665,0.11049738497939648,0.11518875848478254,0.257045925299665,0.23374771101559857,0.2082362358984727,0.18030052385658593,0.15205227950093825,0.13325656994168972,0.11801777022818495,0.11026236885865026,0.10803842055682977,0.10838057464522215,0.24410330285371518,0.2233779665838913,0.20334226311167963,0.18074045526168497,0.15484699449670222,0.1373201541784577,0.12249959865234009,0.1136646593503664,0.10868414980879758,0.10760332632165213,0.23496614219650924,0.21675711685962407,0.2001189336017531,0.17993019808867436,0.1577684231431043,0.1417386128140708,0.12635213163567738,0.1162980923305478,0.10968823484918133,0.1074027658131075,0.23006068502258029,0.21340151709178062,0.19799664368485628,0.17801648529172828,0.15959913108753182,0.14537700276714635,0.12863222608682645,0.11826888833298624,0.11097151584820798,0.10754042269257354
2018-03-14,2751.2083,0.37902790563947836,0.3178193347088353,0.24963163202447733,0.18461596545592923,0.14045064689831147,0.12201343579647474,0.11579967041974812,0.12219310421963772,0.14792174592148824,0.20268824657794454,0.34210428558646516,0.2898298577647591,0.23446612100547692,0.18087663344173965,0.14012034719614377,0.1212155864095948,0.11344738836311659,0.11651999121069115,0.1423339865679707,0.20022656477531536,0.321507636956487,0.27618826127148177,0.22775302246278942,0.18158644197067136,0.14303576359979492,0.12336707625578441,0.11389197213710156,0.11456347486127402,0.1354425853318043,0.19377841257810197,0.30437237267933603,0.2645803883533923,0.2228304701527412,0.18345972630633414,0.14714465117176573,0.12694228573778452,0.11531619785993469,0.11291148119754249,0.12222180442445496,0.16755418731806668,0.28593776286957046,0.25314705924304715,0.21911683584728386,0.18541833183804093,0.1512547650430921,0.13101922962864224,0.11702712768787951,0.11193510437952561,0.11462511743900002,0.12837380463009446,0.2721860514376712,0.24556783804707502,0.217188704645152,0.18759757761686122,0.15437426916997066,0.13441865238092407,0.11857532505163228,0.11161811614230849,0.11268133286378389,0.11928093200934259,0.259886632405443,0.23836913260493794,0.21482849650759892,0.1892745966882275,0.15701646001471276,0.1375688093273825,0.12041564933808578,0.11215826325129047,0.11069765266413853,0.11233789878693497,0.2470918925567451,0.2286493422699685,0.20980206563074996,0.18803315778136043,0.1606582352176632,0.14319414370921674,0.12459325557656498,0.11470442621963259,0.11107159996915549,0.11066199180364844,0.23771769715667637,0.22131930744063238,0.20481917898559493,0.18469889550787344,0.16352528980686581,0.1490999981913077,0.1302731684805662,0.11789044174629149,0.11275373824034407,0.11114553205596255,0.23152409528958978,0.21684453644966065,0.2020787932132712,0.18283909666837841,0.16429414099981599,0.15186686822751708,0.13432990689687702,0.1208639166557278,0.11480576744061612,0.1120951658277261
2018-03-15,2752.0855,0.3825658800823929,0.32107713637065327,0.24591439985852312,0.17325496908780905,0.1292031703976526,0.11226168677190225,0.10666927611169912,0.11089730686197125,0.14750424634777318,0.19570650540548712,0.3415142792585025,0.2877018658258139,0.2268834048596086,0.17063649181981358,0.13035984312494536,0.11303648492374324,0.1060485791727842,0.10821934950510519,0.1388377328290316,0.18579923382683938,0.31486976748850426,0.26786651482448764,0.21951529049205468,0.17330552117405504,0.13440988949688515,0.11603832207747908,0.10765155149221971,0.10867630198139196,0.1347860236634078,0.17375146896891808,0.29346286764705887,0.2555270390662257,0.2158619919764637,0.176509693726417,0.13965366007766303,0.12014481513125451,0.11017634267859759,0.10926588391942413,0.12605781907018776,0.15836601424410393,0.27689439793431525,0.24690524322233376,0.21359155805851254,0.1792606207822906,0.14532502527655017,0.12484410532974966,0.11266504950461728,0.1095783035703185,0.11692810685974306,0.13759318779756965,0.2672516017817224,0.24212680785793508,0.21257966412452153,0.1816980703796599,0.15054893295261548,0.12913678881769097,0.11446381976000276,0.10991374309211602,0.11223822962914352,0.11997752117786392,0.25797895520906755,0.2365092993420192,0.2106971991873395,0.18366141449489934,0.15508821289880004,0.13356033810936083,0.11682865616006738,0.11147023898992961,0.11077920092750423,0.11220972269130956,0.24410070493681654,0.22511402517452905,0.20589124885749935,0.18473313868969382,0.15954741085365987,0.14112357048061197,0.12273180440091214,0.11578106625275388,0.11195199853811649,0.11106949398715764,0.2333702708543023,0.21732047897811324,0.20178263623106601,0.18505915429412134,0.1627638811003911,0.1481781586421027,0.12890455602251333,0.11968338153483912,0.11359050861616635,0.11135538407563006,0.22765238464511162,0.21369199755460846,0.20033507037866163,0.1852984618684573,0.16392754576512303,0.1512267085150946,0.13309097295635539,0.12287511649620897,0.11542057464762746,0.11219509262598014
2018-03-16,2756.9449,0.3764779433800162,0.31392274120734853,0.24074153080602537,0.1638778061908186,0.11949927995130061,0.10343480162354521,0.09849240878141917,0.10437359260709614,0.1308317675219201,0.16373284283863315,0.33974266312217966,0.28601374416318376,0.22376949510904826,0.16297669110066065,0.12225714851963468,0.10542366879630397,0.09941999596915707,0.10391830225667215,0.12769242230737482,0.16223694345980044,0.31745003971930874,0.2688234075766959,0.21567510391538317,0.16532377787139074,0.1271743316576152,0.10940643697268644,0.10194938096194192,0.10506942899184271,0.1249396546735495,0.15634337799569822,0.29682368244914875,0.25435165084610994,0.20988271553580087,0.16798782243953653,0.13264562130820812,0.11418547836384724,0.10485222257403043,0.10561751344809167,0.11903687028806863,0.14245630131605455,0.27575858605706016,0.24287285933299496,0.20643781816835222,0.17106700779706643,0.13878326060814739,0.11956506757341431,0.10774571961713258,0.10596297492626089,0.11391799744079077,0.13340632711630648,0.262152407049767,0.23663020884429414,0.2049841464937326,0.17403755742721289,0.14445051772053835,0.12464391783515268,0.11027842784395553,0.10639035313151735,0.11068844377484884,0.1276346765108257,0.2516891138364935,0.22987770484679043,0.20351723417442663,0.177251089429444,0.14934051648557878,0.13017700778184954,0.11387369137467566,0.10801785969514024,0.10815413778641458,0.11452256731904434,0.2408757761271329,0.22073284666971732,0.20101641258380337,0.18047706413516107,0.1547103204172031,0.13863475837974987,0.12088167655834511,0.11201745123477087,0.10924232730289463,0.10923846013046072,0.23275883271868292,0.21408014385356933,0.1984035024417622,0.1809592306934111,0.1589459904123492,0.1450246138320469,0.12584713192143115,0.1153084035656677,0.11147606180736211,0.11015631187797661,0.2284473203840813,0.21058478887842777,0.1968486661936293,0.18037507446118614,0.16143623453487715,0.1488926829663896,0.12795293419110745,0.11736987675823318,0.11315392888954723,0.11160602338363958
2018-03-19,2717.2206,0.4402733503826758,0.3580029072789261,0.28353230518638556,0.2165769668894459,0.16406063447133917,0.136904208054361,0.12200825493744728,0.12126196929771975,0.15196461650090573,0.18849390935444962,0.3718371193380318,0.31269757211867427,0.2594787808990893,0.2051399651528603,0.15895685251039904,0.13312015236069666,0.11864093827941212,0.11781772157130241,0.1361832364665382,0.1693283110540153,0.34245533445175846,0.29367912878419195,0.24752168812743366,0.1993826900521495,0.1570123252047778,0.13245718656907707,0.11803482810195276,0.11701119064064211,0.1320285801065344,0.15978823494799854,0.3184907490666941,0.27707837345965697,0.23725805613696654,0.195839113690908,0.15712701069931673,0.13400872979196704,0.11903091393758015,0.11655827427145604,0.1266829947322355,0.1490364565937899,0.2961961431036447,0.26286483605681255,0.22905979550091887,0.19409367298040087,0.1587972477909592,0.13702301916410886,0.12086166923987061,0.11635929841269461,0.12166631416008072,0.14040862019655725,0.27919289122859214,0.2527778921108983,0.2234255504843836,0.19344306671395428,0.16096156459873875,0.1402274807913879,0.12272062341142942,0.11618240220789884,0.11842904379149205,0.13220087683024742,0.26311948562831666,0.24349673267416966,0.21860037897793458,0.19259815596839158,0.16312599519892443,0.14367015661490573,0.12519512276043132,0.11647590071800468,0.11550549273198077,0.11882436441266313,0.24911760413644946,0.23416097028429983,0.21240924332238742,0.19027625865378747,0.16574623263649332,0.14857315405266433,0.130505599917342,0.11941927176090543,0.11524549678294714,0.1147974623992599,0.2394380355525833,0.22637845673022536,0.20557900713098734,0.18783299298137063,0.16817594114162948,0.15290394184174913,0.13582620254180505,0.1234341212494782,0.11660092173564965,0.11498473248896414,0.23285787048766302,0.22121204613325304,0.20135727313961943,0.18711061526192338,0.16947477908733902,0.1551147261040833,0.1389296424685415,0.1266647680985672,0.11829366898776815,0.11600159565797175
2018-03-20,2720.046,0.41164358103125614,0.33699282537859915,0.27267836529897116,0.20555925884005424,0.15711032155020976,0.13252989603661383,0.11975827752444375,0.1186647779249163,0.13661239636006783,0.15818722097280202,0.3598241845358332,0.30352875921109346,0.2548496036553591,0.19874384577221613,0.15459269706226345,0.13085378103874062,0.11795575604974767,0.11770259968512425,0.13674493097237755,0.1589137585509576,0.3369801163381809,0.2892275992714883,0.24451995788529846,0.19497480123844688,0.15413727643272043,0.1309292293367761,0.11771556120204588,0.11736059123598838,0.1353021661832824,0.15889161360585083,0.3158527573512895,0.27567607931169547,0.23472776868754622,0.19204211037225113,0.15491570834894466,0.1325057735175141,0.11838239809819871,0.1165759453749591,0.13039034854944184,0.15676325066302352,0.2935001400653941,0.2624501934997255,0.22607550641218782,0.19030163815874915,0.15699377015929245,0.1353719768904314,0.11967349732514426,0.11597832411577703,0.12408983525484239,0.14969241692793425,0.27722790279711584,0.2524141248947916,0.2196077391361631,0.19020448664498663,0.15990791956375727,0.13866445045011716,0.12124205599283089,0.11547995396573982,0.11833927679846899,0.13008899120378595,0.2644870888861453,0.24209990929896036,0.21427040827325924,0.19105182666915932,0.16228282597686342,0.14146797552980322,0.12361352982867585,0.11565955816239476,0.11431724540937165,0.11630797080577585,0.2519932066955453,0.2314853666334465,0.20946145816234102,0.19007313664098716,0.16457425529184921,0.14473465893930698,0.12710522638965358,0.11788937679135227,0.11403863530001958,0.11473627013247326,0.2414408888466912,0.2235422768108276,0.20449332538554293,0.18714310287283997,0.16693962984922472,0.14970162209173418,0.13085741800989023,0.12115837161316852,0.11518433814654071,0.11466569048933845,0.23524746874394978,0.21770222209438567,0.20036780973354867,0.1857271169172286,0.16835388041127627,0.15337133845123968,0.134628866873093,0.12446109709801954,0.11660203898115348,0.11491399369876674
2018-03-21,2716.1372,0.3834567948512824,0.334014243897113,0.26264985575741234,0.19662029028616285,0.15244144249156097,0.12893163832153523,0.11692533015820207,0.12133269014375421,0.15653376122326285,0.17909597632405447,0.35638265196460384,0.30640075880349954,0.2469288812567553,0.19344664193045583,0.15179910367887198,0.12804207346467378,0.11568048889705752,0.12199165055855006,0.1549789885672063,0.17796376130456487,0.3386918444546879,0.28892479524952724,0.2385185657362734,0.19162595094215376,0.15194064218088552,0.12849774431160135,0.11542190134881489,0.11988657441122466,0.1497462831268944,0.1740810587627478,0.3137770009508293,0.27077162512169745,0.23027695917595514,0.18964739140762954,0.15264872631301432,0.13013936488448125,0.11569795034801467,0.1156346809143233,0.1372622243994805,0.16452606973703168,0.28910625375304894,0.25655446567733314,0.2239344647848829,0.1887423359845292,0.15414449170965416,0.13309799285894172,0.11668849325933664,0.11281030996221249,0.12196989161242631,0.15302674059457325,0.2743522509890088,0.24832486138693194,0.21954163227271975,0.1887645051890266,0.15603508731580135,0.13674121894112523,0.11807800085081481,0.11180763112029743,0.11370777330525102,0.13493870438326205,0.26290061222925964,0.24038846858886007,0.21468031542120555,0.1880372723939089,0.15848629938303216,0.14118557142239074,0.12046676253794424,0.11212416684399928,0.11164545088091396,0.11428815143650767,0.24971821569804165,0.22913879259422623,0.20846941462547175,0.18568286477229504,0.16129383153242444,0.1472482829509909,0.12629477930671368,0.11519966906123956,0.11310303421977423,0.11351945449459284,0.2387760356992221,0.21964225318186043,0.20299878705367272,0.18369293573967915,0.1631677086072696,0.15169741162929978,0.13179407167063326,0.11848021227222778,0.11417140139060553,0.11365678588201915,0.2336386627290962,0.21427862949209314,0.19973607672117782,0.18317422089502666,0.16439165110646017,0.15382294100208876,0.13463809740788688,0.12134173882788465,0.11510186018677096,0.1137657550507119
2018-03-22,2646.5955,0.43324320247228515,0.37480081988008646,0.31654099171004907,0.2611557055901745,0.20890731136844728,0.17566128101470171,0.15193377413068673,0.14743209438449426,0.16363629029335616,0.18936292953129397,0.3985550480196241,0.3503501897457109,0.3010636977468515,0.25082056227791705,0.20217063558473358,0.17024052944191936,0.14701997897660962,0.14209817063570665,0.1576097074150176,0.18324949132682206,0.3714581595076566,0.3317627857671575,0.28672419815899414,0.24099559247737515,0.19638721675453907,0.1661140753423727,0.14337504796799552,0.13757563324116107,0.14965460552123727,0.17247789116581957,0.34382745997595526,0.3126812474107792,0.27183035061774163,0.23146823839676003,0.1915107846062546,0.1633295527811568,0.1403880918101627,0.13326132828433457,0.14014370183293823,0.15745864736771373,0.32319863566834967,0.2955651447419317,0.258719408784609,0.22319916703526543,0.18790623188630023,0.16241833125421953,0.13831815598217725,0.1296786453033732,0.1323333634025884,0.14176202465738127,0.3068161610374933,0.28015919783731447,0.24754122142606608,0.21684393572943308,0.18579349204458015,0.1626792558182117,0.1373634606494376,0.12689220261134468,0.12640003001698522,0.1283738430630004,0.28709822637727417,0.26368894133348536,0.23656921176555307,0.21214438178602898,0.1845708223423016,0.16261679911199628,0.13778802128005382,0.12510582210448326,0.12150154485945655,0.11960445655977921,0.26411067716013775,0.24740278929697865,0.22659531037397976,0.20745526741966355,0.18204869675685578,0.16215392487867797,0.14040876665611088,0.12583571764471987,0.1201978065030912,0.11770743321363392,0.251397449370066,0.23715838735269992,0.2188966004922997,0.20104355113876918,0.17875432212844597,0.16266354324236001,0.14366014942888775,0.12795814170145686,0.12102132335451478,0.11801315744220338,0.24645345219409526,0.2329408583749503,0.21453076567615637,0.19639794152271378,0.17769084059717236,0.16402335895524145,0.14602477486770862,0.12955695665295283,0.12166670050588148,0.11875570049888702
2018-03-23,2591.1228,0.4408762957469045,0.3871564255117031,0.33715750578709447,0.28674086882554817,0.23813777781968856,0.20371379014715488,0.1754581605546139,0.16778337206493169,0.18551156522118178,0.221673479762215,0.4096817383769004,0.36320438033882924,0.3177066482136081,0.2728206895431606,0.22824422978193937,0.19527828946325793,0.1680950087594647,0.16017266727577695,0.17778805967081449,0.21905660015331332,0.3886901836063028,0.34606534279915346,0.3022056055150829,0.26087597569079296,0.21958496149421275,0.1887149205710058,0.16274902341104622,0.1542227734771079,0.16670588516670587,0.20618781264539973,0.3608042552049537,0.3249047423808595,0.28670551517379517,0.24981044734267746,0.21228860235184757,0.1838695133791599,0.15855074305528313,0.148747790865395,0.153739889657469,0.17551008414248065,0.33464341881514303,0.3049662950748799,0.2721119375298697,0.24009640941792273,0.20675075997191916,0.18034559267482322,0.15539986714474208,0.1445131582618503,0.14498292141852567,0.15223437495826675,0.31471057780744555,0.2887395175989526,0.25958412533252695,0.23277790339313453,0.2034571465625582,0.1780846714229231,0.15340122805592715,0.1413263666042378,0.13853206626118525,0.14033712818823524,0.29331307404596857,0.27168935661222027,0.2484652628680907,0.22650090478472712,0.20130835049185736,0.17673391560406923,0.15217744657938623,0.13883773406533903,0.1323204810336783,0.1289370421435075,0.2717834751918162,0.2552285224589016,0.2374661007036028,0.21912225644706715,0.1973400740134209,0.17515926465642045,0.1521016956398126,0.13826647664541034,0.12960398648559862,0.12462019637124147,0.25849609722731376,0.24352603240802811,0.22774783696392437,0.21224749535686505,0.1922775470848453,0.17377689880213384,0.15366102444703814,0.13934169462886314,0.12984831491127083,0.1240078447659392,0.25093325436102654,0.23595004467583902,0.22216218740758303,0.20862750602744976,0.18948460243761653,0.17371918117739285,0.15545907846805337,0.14072990759757023,0.130370639296725,0.12402616397613997
2018-03-26,2660.2287,0.39196220187050124,0.33930032566612106,0.2821378109231654,0.23280647501739007,0.1904985387687495,0.16677506841206438,0.15161324814346772,0.1513836325991802,0.1799473673769076,0.21197351751092303,0.363772546679774,0.3167915867594229,0.2699389367429261,0.22600029490939258,0.18619026871431413,0.16269367692155892,0.14719421375629607,0.14742139619274947,0.1740895879565792,0.20729447715615176,0.3396038239507703,0.29954194239456594,0.2606490829511326,0.22064104251323932,0.18282408042168144,0.15944318027631202,0.14337453116806168,0.1417689953169332,0.16054445891440158,0.1921111572912537,0.317335359542221,0.28457266400231757,0.25200975940708514,0.21574501707380667,0.18046521894858547,0.15739968656179104,0.14026650128201126,0.1359330917982163,0.14509522645514408,0.16314906036414986,0.3015972749122199,0.27321152716384317,0.24458359731398502,0.21180668274237419,0.17938905142869496,0.15692923258249797,0.13838925387611667,0.13185266500973675,0.13657754504344455,0.14946435063320912,0.2883443969679468,0.2623588096616405,0.2374516765477649,0.2093137787170337,0.17905812950628916,0.15713525386011165,0.13720672832843836,0.12913340550225952,0.13011023256750562,0.13743527113051032,0.27323753973453724,0.250883808446253,0.23052451536687077,0.20692159976283628,0.17923142647653031,0.15780132128855237,0.13695652666450012,0.12793450605947707,0.1241215589066578,0.12251746508722187,0.2567551015489054,0.2402153366025976,0.22287094453471215,0.20199504754605457,0.1797035387556936,0.15995002855692342,0.13901151368262885,0.12890503136985634,0.1225350021358311,0.11945428648938007,0.24640486149400873,0.23162183936555797,0.21527868810461345,0.1966140379403252,0.1794890460265405,0.16347484065107598,0.14254785132956593,0.13062499038308736,0.12323326638104692,0.119360408413904,0.24198717872132952,0.22620829110730203,0.21043467703886848,0.19457523423984024,0.17955346980012296,0.16561336965454243,0.144990543085853,0.13190715045509438,0.12417934191598734,0.1196978696145802
2018-03-27,2608.0535,0.4005874388665723,0.3454571455895627,0.2936960084771044,0.254312149639912,0.2178108493039067,0.19113947884344548,0.1703681882383639,0.16533555337388756,0.18785918682287814,0.22562465645083596,0.370445639642195,0.3276485928931669,0.28443360734154827,0.24819288036791054,0.212818162711685,0.18602499098252967,0.16544062641159699,0.15998834676659823,0.17987763132917453,0.22152768671691642,0.34950878874144714,0.31516268144459914,0.2763352291730928,0.2422421384019863,0.20786580535831464,0.18137889573538357,0.1604149026436092,0.1532445022853881,0.16454370427707798,0.20628537904745853,0.33302872683598395,0.30294313317055044,0.2690785773392979,0.2364987889475153,0.20339904635548023,0.17766351596990693,0.15584027611195175,0.14680156121959165,0.1489679576858568,0.16614393753035211,0.3191592681167281,0.2920120877953108,0.2635032684454319,0.23144141738971197,0.2001341943684365,0.17536613624330805,0.15278425822094363,0.14221786323611854,0.140707110289857,0.1446626998910279,0.304865576490924,0.2812291358471434,0.256742792499826,0.22663197596376658,0.19808045319855086,0.17369992631967376,0.15092985039623052,0.1387620327860108,0.13466462519325711,0.13353736289114249,0.2877605262871891,0.2675422029103388,0.24768237191221515,0.22206093382015096,0.19608473519708533,0.1727224934421626,0.1501871060320514,0.1366513080683164,0.13001120821200504,0.12528247540496348,0.2717622694528892,0.25466369642159337,0.2387494232504612,0.21578494376214424,0.19261131878352344,0.17325397903664058,0.15182382313905374,0.13723903702757895,0.12943830486024444,0.12391398502230887,0.26019860976755715,0.24515649530003183,0.2303065373348939,0.20921418115351162,0.18975374415384927,0.17408836031276012,0.15527230140957382,0.13952986120408364,0.1312240848934724,0.12432047129049287,0.2505354740838932,0.23697952412907866,0.22411311765441946,0.20565701897892158,0.18832693975757148,0.17493903675175798,0.15786937616132074,0.14173232112785086,0.1330097598006059,0.12550163154858326
2018-03-28,2607.3368,0.3876993602052511,0.3401896783217648,0.2935083371872903,0.25243155184103294,0.21626658277041402,0.1937635727705264,0.17674544267813497,0.17404813709382702,0.19606121228400128,0.22575915260392815,0.37052184032231095,0.32372514143700076,0.2822047271289102,0.24405276138177226,0.20964547314989665,0.18744390694619792,0.16973483053320412,0.1659695574411848,0.1848782427485615,0.21422267211491855,0.34840973286024374,0.3095839186553966,0.27286275955505535,0.23680772441527115,0.20429737561807734,0.18203487171870786,0.16332031845346648,0.1574786343483509,0.16840914799877793,0.19490103862621716,0.32568598625790945,0.29800144629928654,0.2651256848285025,0.2314256511078345,0.20083540303824662,0.178153281532757,0.1584777265099913,0.15099617823866202,0.15506720034687108,0.17150196937386836,0.31101689318033815,0.2888221335960555,0.2592989477599428,0.22766758809889728,0.1987355583214175,0.17636466038291854,0.15606740980917747,0.1467424001175818,0.14724133737678322,0.15522460454418255,0.29876797122272,0.27827315223006927,0.2530020700034378,0.22407997187310358,0.19711034103884498,0.17591400189180295,0.15502257679759324,0.14277846143902365,0.13986907774271048,0.1399547395780102,0.2834648633914,0.2657632836941621,0.24489410220180444,0.22010904431030523,0.19566973979766938,0.17637277268996285,0.15468353836886886,0.13969200458501788,0.13369828642789333,0.1293359099970727,0.26788530302269303,0.2528065361281829,0.23477943615984706,0.2148811282695546,0.1931232346766957,0.17702497729681704,0.15610190105705454,0.1407935234516718,0.13250917730201853,0.1275191297046435,0.2585571189550827,0.2429372436191118,0.22667533600694037,0.21057194278248284,0.19079114170057912,0.17687437604477457,0.15866383346892066,0.14425453236195943,0.13371434378843597,0.12825174338728587,0.25309228421599894,0.23657956798079482,0.2223073311523711,0.20826038194694177,0.1897969665743108,0.1767897751491433,0.16088751015101863,0.14742719481441216,0.13547824977411557,0.13059715820125273
2018-03-29,2644.4648,0.3681410374731695,0.3120354940284545,0.2604752847490468,0.21809381831880525,0.1878943273190297,0.17185319370202456,0.16082342826794344,0.16155103155614395,0.18737102319702464,0.23408454447230104,0.3431971251901127,0.2929418402480986,0.251441335187844,0.21429242997644649,0.18471265932177808,0.1680178080851251,0.15615703945473433,0.15530714397823056,0.17530951345978155,0.22009217316308705,0.31914135174173136,0.2785482225304194,0.2433722230585702,0.21020068775488843,0.1815919447419444,0.16412586592318573,0.1508830435151898,0.1475420751231155,0.15888369769778782,0.19437835256642336,0.3041721989957501,0.2700683055204591,0.23821635644850672,0.20803494994139834,0.1802210087118201,0.1618762031317501,0.14705955771845544,0.14210280629081,0.14765798480215042,0.17034837808851427,0.29407636786921526,0.26420984891713634,0.23495604920754132,0.2069668242046038,0.18030806412672842,0.16155550114005926,0.1452256886643432,0.13856483688551535,0.1409117875713136,0.1545094446770666,0.28213720859235153,0.2569984715844487,0.23107302859280857,0.20600581530214893,0.18071269004877397,0.16180748561005032,0.14434976195991303,0.13517154864125006,0.13347204219222683,0.1411527928593925,0.2692127657477743,0.24856264825820723,0.22700116130008435,0.20544673915445183,0.1812263767444631,0.1622574023680921,0.14392614556538394,0.13239623051719557,0.12637251513931844,0.12629294953151382,0.2581147969897538,0.23966652603040448,0.22234980173543084,0.2031444412246362,0.1812479814316651,0.1642331714054424,0.14551577000648583,0.1327606655852071,0.12531424790039777,0.1219919514195712,0.24671412700842738,0.2317338915597245,0.21707189234314334,0.19897278020847722,0.18109337967488415,0.16745424457073457,0.14963304633645239,0.13569235355177658,0.12665448017437922,0.12218388989833046,0.2382044453080216,0.22728642402183882,0.21319264653019443,0.19694412549017748,0.18172437858742216,0.16929856575783606,0.15313990540452682,0.13945421293549493,0.12800371767322288,0.12278399057418679
2018-04-02,2581.2907,0.39223233162428833,0.3359987615048905,0.29394592255795254,0.2587354252441739,0.22895080790727662,0.20919992568154336,0.19050916073540214,0.18217749880859377,0.19205505632850425,0.21411127644313194,0.36009423098745086,0.3170169293233515,0.2815224628360078,0.24880532395015206,0.2199810095348375,0.20024428040742656,0.18145982961868964,0.17299706698967746,0.179517725321416,0.19779763387034816,0.3357345631677909,0.3021473172023139,0.2712614931374233,0.24046536046124284,0.2120552512339064,0.19192821997829293,0.17288354967138267,0.1641962558079214,0.16711778617543888,0.1790933273776212,0.32326498437486817,0.29367889244694495,0.26486479894482073,0.23568822673789167,0.20715826403092946,0.18667558381397267,0.16688700324851913,0.15775311417397953,0.15831504166350396,0.16333381540499625,0.31073382300142155,0.28525405335633325,0.25911271974011135,0.2322287321161476,0.20427344239873665,0.18408783789871888,0.16298577609540818,0.15194092930230046,0.14998118842844096,0.15165534189823637,0.29547834922666105,0.27532264316810456,0.25203179304529605,0.22825810612875674,0.20199253495946093,0.18228833019708787,0.16025140935839086,0.14681065170312418,0.14190526332981682,0.14167522920884515,0.2831621257659859,0.26520866567487683,0.24381623736665387,0.22357634043689478,0.19979479187596016,0.1806902758631793,0.15906819664536617,0.14377584935128981,0.13574051390458422,0.13322495277365765,0.272071565526612,0.2548523622871884,0.23570851009124508,0.2180404772247788,0.19675322760935146,0.18040669310017185,0.1601686160138322,0.1435805890367615,0.13406701456797113,0.13010461798050602,0.26165801774719133,0.24525782843637836,0.22857767500644868,0.21205930377831125,0.19348197269009643,0.1813862748519276,0.16303878326326696,0.14569167275260372,0.13509999086636262,0.13030344781964978,0.2535968761949529,0.23870378311717041,0.22311245209063657,0.20795897233052335,0.19226960295630097,0.18215515504374616,0.16513134954006609,0.14818150780181716,0.13634308325278083,0.13194654496151587
2018-04-03,2614.7342,0.3632889100453009,0.3113010663654557,0.27469052675097083,0.24029092814490868,0.21064736848649215,0.19073433749537325,0.17160464445882778,0.1618264342220847,0.1739350066364771,0.19965085167432986,0.3356365924150668,0.2962537908124992,0.2626122259595778,0.2312512978826687,0.2029175999926595,0.18316026325252616,0.16459067774091438,0.15518288133073488,0.16169116929984406,0.19164345210114256,0.31812743717639547,0.2866585496805898,0.25424709922190525,0.22425285142988982,0.195951737034445,0.17623735235788773,0.15820622877366688,0.14943729927176733,0.1521457367766734,0.17478270213726602,0.3072617563432569,0.27971345651817303,0.24962861223267888,0.22051007562380326,0.19206429334679315,0.1721340392437701,0.15386130860266262,0.14521442654418532,0.14602397565999486,0.15601432874857307,0.29705660851562854,0.2713778084092254,0.2455631813571442,0.2178379022839102,0.19018076245480048,0.17031877070757473,0.15086841856646113,0.14093644568066002,0.13953791626661757,0.14481829955405967,0.28617474325433784,0.26161004809737054,0.24085373344523,0.21486758764626787,0.18898325119458362,0.16993115712554258,0.14887766049138507,0.13735599844146507,0.1327159395275307,0.1331383105128243,0.2740815038111907,0.2515980432137176,0.2351346764203167,0.21144073863208962,0.18824523752693287,0.17011172502489194,0.14863860201861112,0.1354912778741452,0.12724264620428466,0.1237818795615246,0.26000388923712214,0.24182266159503657,0.22751328178297145,0.20733138796184566,0.18744480326943233,0.1704705095179863,0.15113930058479763,0.13652002390766949,0.1268005276213111,0.12250181937725632,0.24756937201985452,0.23354916303627915,0.21997515682532612,0.20349563195313208,0.18589985123531047,0.171448320562402,0.15422181621282546,0.13905101600111783,0.12786599882369987,0.12266485052089035,0.2411350580989261,0.2278444095150244,0.2150748310943477,0.20120084021015838,0.184890169255812,0.17251267546397553,0.156509769358689,0.141035221148446,0.12865173357035387,0.12304760081091534
2018-04-04,2648.6839,0.36190945760510496,0.3120238130887092,0.26975266702442846,0.2293349814912851,0.1978706685648706,0.17910093420245157,0.1630210880019655,0.15925024910604257,0.18180629342209642,0.23358257434690147,0.33873236955768626,0.29653494450008994,0.25798545384113786,0.22170615560734802,0.19105607085307788,0.1720008166246293,0.1563779538346764,0.15068866419639337,0.16279124514058332,0.20003589480750342,0.3232136569425868,0.2854921662075964,0.24973200446987368,0.2160911499561165,0.18564291865382168,0.16587729402579587,0.15035476231145026,0.14421312855458485,0.14893331181419253,0.16954033155146858,0.31132572997031627,0.2766141131490166,0.24404348780367033,0.21259702418814141,0.1832263280031047,0.16278812791397607,0.1463908221685067,0.14010248875719755,0.14316723201339268,0.15422128707984376,0.296418087191431,0.26628050334495024,0.2384777845635057,0.2096278407597391,0.18245479446273608,0.16179169563206217,0.14360942872826768,0.13594748512206994,0.13718804656229647,0.14467920444478516,0.2801347790367473,0.25596191043471245,0.23356444549521563,0.20718915974378774,0.18212704565019847,0.16157240896346206,0.14199783838272967,0.13241343923846438,0.1294149038768047,0.1338784314726631,0.2662434729345598,0.24638950902501736,0.22896554467196986,0.20485823990114232,0.18174957047859272,0.16166297252195028,0.14142441867766847,0.1306960124315763,0.12389682507442641,0.12038264664431292,0.253757089484315,0.23792018829509656,0.2236525814207716,0.20129342002432063,0.18095904351577535,0.1625905969845937,0.14300052409774905,0.13170089798721396,0.12422066804622224,0.11811481375973557,0.24450541133022569,0.2317555823637767,0.21689929919649784,0.19657432971800914,0.18040528953777504,0.1648420897246783,0.14607191958723698,0.13369043101962189,0.1253629382168609,0.11789689326210416,0.24027742003091848,0.22777716733116263,0.21040449961208457,0.1939395618232399,0.18074832975817906,0.16722952049507417,0.14786826906806802,0.1349558845623098,0.12628601209353585,0.11783874589954668
2018-04-05,2665.1872,0.35280353626199484,0.2969521375419498,0.2527398970202334,0.21475430765835063,0.1819113987657802,0.16206909380601156,0.14663453331892184,0.14439519426124425,0.1738308546020359,0.29415623133248137,0.3244658216526452,0.28094286756579745,0.24395054055908755,0.20908283974312145,0.17700592688975425,0.15744657874144352,0.14217012691886816,0.1373979072761902,0.1526693396908632,0.2296517191567089,0.3093396848204257,0.2723963053649312,0.23845772151239877,0.20527777710073816,0.1736821041260793,0.15414648438358308,0.13856699076852913,0.13249784441417845,0.14007459401740327,0.1650207797223181,0.30031324400167997,0.26667376428130996,0.23459962056483144,0.20325495428716348,0.17283792752385183,0.15264487801603172,0.1361561398937376,0.1292117703246412,0.13365885320626852,0.15129946546540346,0.28886371934829447,0.2590507957066809,0.23011472046984388,0.20140492074963876,0.17280942388258186,0.15183365534636795,0.13454282446580149,0.12630324195265466,0.12775198597436357,0.14291870230131587,0.27506467222906844,0.24968552885424747,0.2253331134337435,0.19988640959325146,0.17289650019978814,0.15179183691786094,0.1340139187311242,0.124548788795706,0.12140884662845265,0.1272288328132695,0.26245229194155917,0.24050792992902684,0.22105648662259436,0.19888280430432728,0.17297835717701904,0.15309413809688055,0.13479591790614392,0.1243784657644758,0.11743840604925929,0.11584473528726172,0.25185488498102065,0.23308774314301287,0.21702232375679986,0.1969666221986347,0.1731221494722867,0.15626495835904347,0.13791917822758176,0.1266398385408875,0.118760677859821,0.11396998638795197,0.24275735986058514,0.22725272888437256,0.2125588653611816,0.19365999614342413,0.17346999439688784,0.15952353602788175,0.14222762791454444,0.12950326081985356,0.12102894992736637,0.114467052179229,0.2353310694749014,0.223217119758566,0.2095605950247375,0.19126276128822128,0.17395199299860986,0.16098431358584653,0.14539800102378234,0.13181756841563622,0.12267570672816958,0.11542717549788241
2018-04-06,2606.1221,0.39730214794115465,0.3419802119238605,0.2838043032271673,0.23997190971072033,0.20510204715982935,0.1821535729097532,0.16551413786621663,0.16932368568582895,0.19869646061522195,0.24137700577287033,0.35661473717266423,0.31064286139317643,0.26543087024094564,0.230125629113202,0.1985113192780529,0.17615973366715892,0.15932457604863276,0.1575085872192896,0.1727463525427807,0.20936503658119338,0.32857499516144667,0.29016560915947376,0.2556014302510711,0.22416947019609512,0.19399561409160834,0.17221396664976063,0.1552023987954334,0.15074361652349774,0.15771139982290247,0.18101849611280532,0.3115538843829358,0.2798584634889585,0.2508042826087903,0.22122433520759716,0.19189667135030697,0.17069674528704978,0.15270240358906745,0.1467024416395678,0.15131605161673775,0.16573231826197385,0.2980101221029851,0.27168204404039376,0.24610153288585115,0.21863178367437583,0.19058505506905607,0.16986934052587221,0.1505026976499791,0.14248276691920145,0.14455146157119575,0.15017920009605154,0.2866373267372145,0.26365716010322116,0.2409070907550339,0.2162420003146855,0.18956001705653389,0.16867535124934907,0.14919986874909144,0.13858924937722777,0.13556186197996173,0.13632885511625203,0.27575369856990634,0.25482268130772645,0.23520060503500506,0.2131960116049324,0.18820274020185296,0.1672024303398496,0.14966643407280883,0.13544539650846563,0.1278622633386471,0.1271637812431833,0.2626632380167263,0.24385662118540982,0.2279867174442123,0.20792002412204416,0.1862386792948038,0.16754507456655307,0.15135157965565954,0.13490860495593437,0.12650541752314334,0.12346448983418405,0.24994645157730552,0.23366557321144998,0.22059447234806243,0.20250919257079206,0.18462662189714416,0.17019593528979735,0.15336978140015783,0.13667549166348156,0.1277796259737559,0.12281516874821793,0.24171149620470378,0.22801352532783078,0.21662260829761507,0.19995961852297245,0.18384805458122558,0.1726896670574229,0.15525239844064254,0.13843507416430822,0.1299179648276968,0.12321130017766957
2018-04-09,2613.9792,0.3776929411379329,0.3274945117133782,0.28146620471733325,0.24644140492810523,0.21447940817686628,0.19311855577597575,0.17476508862759169,0.16658261389146775,0.17924240252161128,0.19502228856900425,0.35491827553467364,0.30762161007494565,0.26711220010463577,0.23519975867112572,0.20473737746638473,0.18448430672328267,0.16712663205555278,0.15818369719776673,0.16435473722732674,0.18498779858316233,0.33487752045528724,0.2936790719333679,0.2585718603248745,0.22887520850872556,0.1990525975192119,0.1788115053132307,0.1612282899712719,0.15268035005438207,0.15686501858554294,0.17423177261975104,0.3159652056737527,0.28298673194387963,0.25346075406074614,0.22515700998185506,0.19591470924519877,0.174929617582675,0.15653726114550573,0.14796999270034972,0.1494316911595033,0.16118510911959355,0.2986964670468405,0.27401197211915673,0.24877710893982882,0.22146431533602157,0.19352698645910105,0.17210390980160917,0.15309499925549436,0.14333621633750457,0.14162667650620248,0.14982969524031572,0.28570499872891614,0.26549866643651165,0.2434609362073468,0.21834423941964626,0.1918084156381416,0.170111468664883,0.15105390291071003,0.1389274911807491,0.13412031006971614,0.13661502506370699,0.2741181225902544,0.25648621859142756,0.23747522554486183,0.21528827254410768,0.189505278761203,0.16860716721482355,0.15007175791602237,0.13582564465471147,0.1290812644025973,0.12584067677969865,0.2612032978285053,0.24773962359133428,0.23061937704774535,0.209871497718067,0.1856629809722367,0.16912956914261992,0.1510868306585115,0.1358337453028041,0.12868320546203202,0.12330284485277307,0.2511647857175849,0.24014417569240856,0.22173454882092528,0.20313939163025035,0.18353989338667492,0.17159411515768755,0.15433727104115122,0.13804461935858525,0.1306965257045043,0.12351001075138271,0.2449021308442644,0.23366027303912681,0.21454410689023112,0.20023321653709192,0.18379285454004496,0.17327438118185995,0.1572643784155733,0.14102912020327857,0.13280760817502468,0.12403252863104446
2018-04-10,2656.4648,0.3693885544118012,0.3143038111725824,0.26359814263572223,0.22448283733468838,0.19337459293388568,0.17565179761304717,0.16222358130657882,0.15990985535226618,0.17605071847437898,0.2661927530804561,0.3396883931455825,0.2927001355813279,0.2515346651465774,0.21762756500346117,0.18827095848691533,0.1710581796470061,0.15668022626623976,0.15138629890311472,0.15755274134146016,0.17558762134504816,0.3196158882861651,0.2809081920593739,0.24517872376583724,0.21359618260172303,0.1853479916004114,0.1676928503654955,0.15224337800364418,0.1465480986698844,0.1492731746425043,0.15609479480082672,0.3046386882210556,0.2728744261608794,0.24067109842469614,0.21098315538324383,0.1835305628090839,0.16516415880113092,0.1488130113491374,0.14264123586180125,0.1434223475645867,0.15038628167824672,0.2922650342090821,0.2650750826358376,0.2362697856570693,0.20890083886238256,0.18214794658604463,0.16351366528456568,0.14622036415072823,0.13890126225607438,0.1377168311498643,0.1424660670612564,0.281393648777715,0.2569300963540865,0.232199902762347,0.20764689645030524,0.18111379690931606,0.1625596247061093,0.14461683906108022,0.13555372797183268,0.13109613293365416,0.12824381003147395,0.26934334881092176,0.24801164491703034,0.2274284948120066,0.2059037952024881,0.18057701368059717,0.16248618722513236,0.14397697551129912,0.13309271293643365,0.12624001163884951,0.12228563942029747,0.25483477456914544,0.2382596232511302,0.2209756391994315,0.2023181742202875,0.1806527727175335,0.16465083903399488,0.14596314007543015,0.13349934664491955,0.12584879356423062,0.12223822485386836,0.24412645567183347,0.230801674708024,0.21538330079297868,0.19913001926096602,0.18029243750876606,0.16707064105752653,0.15066153472708704,0.13613859103426917,0.1270476627065273,0.12287690707023821,0.23910699121718842,0.22660238749047437,0.2123805725971572,0.19757333390166634,0.17965776476218664,0.1677344040947228,0.15410583151619492,0.1386902466553025,0.12827099629179134,0.12366115255296055
2018-04-11,2642.9268,0.35796754967565797,0.3099357940319072,0.26428628800626003,0.22147640638084995,0.18802792342522442,0.168767431411112,0.1562562934804073,0.155334232694796,0.16942951219879393,0.20814490230099603,0.33137691949729375,0.2919417146964901,0.25233398784196387,0.21548641235343763,0.18448178545181806,0.16550244463910468,0.1518949599447567,0.14862295272700646,0.15960374091262977,0.1732596711601239,0.31675925467624144,0.28221761471025875,0.24592004503275708,0.2119914920548184,0.18307270542389334,0.1637721843860549,0.14884577666637921,0.14460464284163857,0.1529895625230165,0.166868571353422,0.30255478608647157,0.2727119437739989,0.24064319831142636,0.20938498325934352,0.18263599351961676,0.16302240933686138,0.14640363941116227,0.14043661189828963,0.14483173237762115,0.15823395231176132,0.28891822289510444,0.2628502557977046,0.23575836820691012,0.20753783691519806,0.18222767695258735,0.1630520003426232,0.14427292138867873,0.13622606420836708,0.13610466711386102,0.14058077138758515,0.2784823623273055,0.2549151070129985,0.23160316316250473,0.20688014103959212,0.18179838356841327,0.1633818999425722,0.14266193208922573,0.13305663977673984,0.1292910189084099,0.12689126562948302,0.2682854133583681,0.24664274764572203,0.2269702315633381,0.20641268529129156,0.1813667226950679,0.16417321800443987,0.14219995451020917,0.13110715732269584,0.1256331005632517,0.12308085451563697,0.25682456956985994,0.2379939502726252,0.221817926520862,0.20384223872115123,0.1805286213291245,0.1661800174619405,0.1462109894562296,0.1318660828667491,0.12563703790893274,0.12177750613656389,0.24794542466594913,0.23140777876260685,0.21708045104065246,0.19894378451712688,0.17950130696301253,0.16808769470266446,0.15270768199523788,0.13508939354909513,0.12714192873003718,0.12171068893545577,0.24271060354234825,0.22809414838283032,0.21389809720100209,0.1952332071274874,0.1792497948702118,0.16921653710985674,0.15630802324316798,0.13882510371939297,0.1288288384644946,0.12213803931893678
2018-04-12,2665.1191,0.34226087108741643,0.2904050127353522,0.24601876741540202,0.2029917574748882,0.16961130928825485,0.15236973014312413,0.14180149249708107,0.1448890480869086,0.1654359173100262,0.22455989350488878,0.316835790399699,0.27612417115341104,0.23663995852812905,0.1997148139388253,0.1681221863653481,0.15127686655373537,0.13967073034257577,0.13854126070881445,0.1526846566515816,0.16527232872977812,0.30366019172435815,0.26774465217239496,0.23099083543854804,0.19792217640181728,0.16774983066653365,0.15089056645524748,0.1379785843445345,0.13450791488238584,0.14390950551558437,0.15575689688164582,0.2907159789001128,0.26015641124575506,0.22727682905892044,0.19679247916737888,0.16834804819882096,0.1511995024729977,0.13637556323443367,0.13079654917706401,0.1358456090606682,0.1492909276723795,0.2784517195852262,0.2531248469430535,0.22479350091191996,0.19614156661367155,0.16947583862936794,0.15183913165643548,0.135092981693718,0.12760316275093797,0.12895566875994724,0.1410732836277622,0.2692418767109973,0.24702854883438954,0.22268067689670223,0.19587680420561368,0.1707639661821486,0.15254129729134533,0.13444354910320697,0.1256115895800884,0.12401330362648201,0.12968075611121155,0.26013569221284694,0.23999251938705796,0.2195963817986278,0.19583129209513897,0.1722428305884278,0.15398398308392444,0.13478907712432756,0.12527613604895013,0.12085203714974767,0.11871245879314711,0.24925353926521393,0.23278948051232035,0.2158467236966402,0.1951435219704399,0.1738561524090327,0.15760735347098598,0.13765961241685423,0.1274388634720868,0.12024962276589467,0.11564232388879121,0.23867282796276287,0.22707230139608742,0.21133898651729996,0.19297685130272474,0.1749773463623253,0.1624799466042154,0.1427358381882266,0.13082008767900064,0.12126195081281481,0.11560819855950007,0.23355890729662504,0.2238368532062252,0.20704504774366767,0.1915020190903573,0.17591150898222851,0.1656534924481637,0.14660398949741904,0.13413957841900614,0.12339309178889593,0.11624421438759147
2018-04-13,2657.3197,0.3440518583141957,0.29242261136567155,0.23513803241238804,0.19076551188865196,0.15863753621057897,0.14197841024544425,0.13200793407679826,0.13888485699907524,0.16853055871030964,0.2116547151778401,0.3179145645705934,0.27538703867682274,0.22679665037315844,0.18883106036136652,0.15860741213618848,0.14130243648040086,0.1300452336063522,0.13200521669407433,0.15325341137732595,0.1883786361479296,0.30277842884137424,0.26349536259011047,0.2217403164664304,0.18783084842351191,0.15895546960362172,0.14115583484858912,0.12898180105337564,0.12801106185441977,0.1437942999975861,0.1752506524234566,0.28842494490637394,0.2529567563458722,0.21867934167222675,0.18763244137388024,0.15986695917810903,0.14183108634747132,0.12848067452537829,0.12478220039989125,0.13455234744007422,0.16359092680297851,0.2730800287333381,0.2444322569368973,0.21710947638374106,0.18789906888265298,0.16106944724738217,0.14329755632552607,0.12841474737542405,0.12186002814603789,0.12472679645281903,0.14169192511891915,0.26161722929367376,0.23884697380785827,0.21587651581243875,0.18826518610289536,0.1621086240446237,0.1455303314715004,0.12905309480545327,0.119762749903582,0.11780047063626953,0.11795707745156343,0.2530768078599011,0.2331803051669337,0.21339230923038088,0.18838730801746834,0.16274847704354528,0.14865101141813178,0.13128021434142625,0.1193366716581717,0.11493338959906002,0.11319878463238978,0.2433978090999783,0.22667533771200055,0.2097075657907188,0.18827452911174705,0.16337238412168698,0.15175983782053815,0.1350718131923956,0.12160541972433471,0.1157769399981945,0.11289788008372724,0.23385278548203353,0.2214980162011095,0.2055658723656093,0.18881167821397604,0.16561047242297602,0.15481554860711116,0.13909054613893299,0.125031101643043,0.11763585856356955,0.11380384976993185,0.22904725340843074,0.21881239479021464,0.20323642370383432,0.190191425209066,0.16836628519951155,0.1585506290315741,0.14388611918155633,0.12907143825137155,0.12002535354289678,0.11507792460142331
2018-04-16,2679.7587,0.362714013342717,0.31323457476695227,0.24920973105625224,0.1869153213086039,0.1451601776117752,0.12733905204705767,0.12171163826969696,0.1348535725807365,0.16091213492222606,0.17361221697539322,0.3311685350812366,0.28322255851970435,0.22941383354737388,0.18113886932129336,0.14466366364027486,0.12708278309440668,0.11990555140280737,0.12725194887918959,0.14738090483778485,0.16436696304787704,0.3072385200998143,0.2622210489051224,0.21863268432042093,0.17854210680054394,0.1448487218359917,0.12743377398060063,0.1189499805624503,0.12273060040693823,0.13845590214053508,0.15852223184010109,0.2854819185541493,0.24821745816485782,0.21246116882437274,0.1774784090876767,0.14591043681986984,0.12855941705644922,0.11846170552600034,0.11900061703895397,0.12964500128512454,0.1541913713877932,0.267670855430144,0.239046460586163,0.20902717744205113,0.17762128188852572,0.14799069405143908,0.13081313650669546,0.11843959979026553,0.11596231313719405,0.12187789886023019,0.1458115050008847,0.2563131111291782,0.23316487071768235,0.20720921742763004,0.17881912222346394,0.15058347225085184,0.13385210489713734,0.11879046051430844,0.11394134852623845,0.11539589631152089,0.12281373513821948,0.24763068814735806,0.22766883263295057,0.20531992526918266,0.180401708012716,0.15346954454083592,0.1369989100154343,0.12028576052438576,0.11400644557741713,0.11200736174533671,0.11237128438061098,0.23805822927169154,0.22158056726743924,0.20273231030748237,0.1809060086588887,0.1577591159310373,0.14164054352573596,0.12495732716618847,0.11760249553769239,0.11270510347324857,0.1108303376813292,0.23088373911580534,0.21596418348761226,0.1998882276608724,0.17926628817721837,0.1621962064569424,0.14761249041058844,0.13082932299512248,0.1220369250575086,0.11523336472736506,0.11134788317262137,0.2272954457414416,0.21193597398466335,0.19916735047661185,0.17795655847906697,0.1643772487281624,0.15256828161274055,0.13502918643275919,0.1256648609536878,0.11931693536209569,0.11273066220900539
2018-04-17,2707.9178,0.3418566973038767,0.287009310850081,0.23527389197592466,0.17869240594635707,0.13667793280537957,0.12035623430904495,0.11589444419054964,0.12982019109743895,0.16640315089464378,0.18673701837123075,0.31531456360888865,0.26702213615032816,0.22088752524551516,0.17269357592746468,0.1351321620235644,0.11929913238834135,0.11349133811913545,0.12279050048220902,0.1509428533043184,0.16614262742609842,0.29761417005916563,0.2531554332787642,0.2113658742360607,0.1690297310397554,0.13457691018454293,0.11875619490962197,0.11177702618088532,0.11804583706329802,0.14171799657640063,0.15663771592876663,0.2792534514648378,0.2411764669659868,0.2045017260108058,0.1674706629844803,0.13541773294140402,0.11919313121660667,0.11062004488302996,0.11262891636598198,0.1302140288845718,0.15087104024484216,0.2645145682635239,0.23214673081837617,0.20056532373394045,0.16813334251484477,0.13817133545340438,0.12114550349751566,0.11031023161501032,0.10823536406844877,0.11673043315222305,0.14277761309548082,0.2524741901280724,0.22549414372712606,0.1987389816187426,0.1695940935938816,0.1420507964466341,0.12455249712505413,0.11083216136060882,0.10611513805209938,0.10772430803321532,0.12118804395766915,0.2418941566115113,0.21962677384623924,0.1971012765670758,0.17088268820471347,0.14548250568734974,0.12851153855875969,0.11281975938044965,0.10669546286071097,0.1053425072700456,0.107961041315909,0.2325808807501918,0.21334556961491064,0.19454500194829297,0.1725579038150412,0.14941397893866487,0.13383423509590814,0.11760167632107174,0.10999744115403827,0.10657018834792818,0.10593898088943855,0.22439622815853705,0.20821316454052127,0.1922148080900896,0.17396331764006778,0.15345570871159767,0.1399529484524815,0.12348727556164263,0.11321920070709769,0.10810174067263166,0.10630783501829878,0.2194928868000289,0.20633810260735205,0.1913971294486338,0.17465657131329526,0.1558270830454827,0.14421069891872834,0.12847388243949998,0.1166419602750093,0.1106114180987224,0.10795919472484368
2018-04-18,2710.0827,0.35122486032791567,0.2922455644435842,0.22417949156782166,0.17205668460439802,0.13379386889726536,0.1173495601427961,0.11230425596215311,0.12754834324779946,0.16805319420399303,0.20046852334962872,0.3237073608898315,0.26557166213308436,0.21327645821250796,0.1691183306299128,0.13322009404308588,0.11680362398223916,0.11123341127533422,0.12745925487161713,0.1676662522008229,0.19979622102448688,0.3055480511521839,0.2508233300710108,0.20781434380572159,0.167553743249453,0.13306841838438976,0.1165558944719986,0.11001065271812471,0.12345497098280997,0.16306385895587025,0.19762388886427168,0.28482830704745976,0.2393442725852165,0.20329882136041844,0.1669179443727807,0.13441014284944272,0.11734585980381915,0.10886369842379383,0.11466993704026267,0.1474130934700868,0.1887759792254658,0.26518442950450394,0.23059967213966792,0.2003552937148513,0.16767985859037116,0.13745401159874576,0.11968092919982544,0.10871929194103107,0.10763597641716931,0.12086107081036698,0.15252109002441744,0.25183574203630815,0.22460427842313496,0.19889089554854364,0.16920701236398386,0.14069326563898435,0.12306859251324073,0.10951647558780402,0.10433911089074409,0.10659018329028491,0.12108963386093967,0.2409490511488836,0.21962701570505064,0.19739352165762655,0.17082040903345175,0.14309309833056388,0.12690187247150816,0.11119699242765752,0.10390280123595808,0.1044317570832014,0.11223256446879426,0.23087012251523692,0.21369847331428968,0.19492745710289588,0.1719956428506262,0.14650904722626837,0.13196476085060335,0.11433382019244294,0.10576778636537493,0.10469190161318695,0.10736089750902383,0.22431933802026133,0.20818612239490486,0.19239968778031347,0.1724310064682447,0.1523041065967107,0.13847943392632198,0.11948961836217331,0.10848655449635057,0.10531148290761064,0.10530126816796574,0.22058533604467742,0.2043352455352083,0.19084327444637852,0.17306522294616494,0.15717987418569498,0.14411042481248365,0.12521368065739372,0.11244452553867737,0.10625558658800667,0.10525177216509261
2018-04-19,2692.9525,0.3421321370639607,0.28865623104803984,0.23067711199584173,0.1811433751445594,0.14283702299505863,0.12444581100210467,0.11557691286697792,0.12183739303443042,0.16135984626956745,0.1842949768709343,0.31585951915926647,0.2672277231401768,0.21889997574331582,0.17722862790691624,0.14148045773787632,0.12307339959420158,0.11395058727455827,0.11791699808843704,0.1538316565194445,0.1790704915213204,0.2945776750699363,0.2538820464503001,0.21301764463723188,0.1751815434265762,0.14096939892366567,0.12213882387268686,0.11241622609056075,0.11462162977723864,0.14521751447593964,0.17254391811142614,0.27621549112890786,0.24483219123114563,0.20932631048441278,0.1744510682308701,0.14171838519881125,0.12240545548755993,0.11148404813238816,0.1116889156412217,0.13364170609424642,0.1620372565217845,0.2644995717270765,0.23816129290350205,0.20713763702338603,0.1749589617203113,0.14362065535826415,0.12414220542887154,0.11142750705539847,0.10932169071512263,0.12273003935781314,0.1451059955029971,0.25711529858759835,0.2323644007148563,0.20530050564914099,0.17570870805902525,0.14576092984536512,0.12644094769976863,0.11190267088288026,0.10728952661552131,0.112414223581123,0.1187685906580975,0.24845493228545426,0.22616297623099707,0.20226174922710924,0.17615254620020035,0.1482474684091376,0.1290823693716986,0.1136944100527964,0.10709891936510851,0.10701922502623495,0.10719236668068227,0.23607255297598825,0.21855823979104647,0.19820188436090178,0.1761067626689581,0.1525802060448409,0.13410154863992743,0.11883242198962729,0.10993280569751207,0.10713236265835029,0.10635652470843387,0.2264512689193316,0.21260724446600723,0.19535050812593274,0.1749278398090609,0.1568741059892452,0.14031695459448357,0.12467199399692483,0.11314915298476973,0.10871440319054032,0.10724217123071206,0.22235532528243937,0.2097433557317295,0.19393339159433015,0.17440401204747372,0.15961903802614025,0.14472156830539817,0.12766279367315347,0.11543052816448258,0.11062782708110286,0.1083315438540809
2018-04-20,2669.3791,0.3506465942361876,0.29241833737968176,0.23643953179260577,0.19018152185012838,0.15427916585958018,0.13432064719283077,0.1222293153861339,0.1269674639529871,0.15756316031407352,0.18842912209591886,0.32171129684124755,0.2719890039533998,0.22715646181062693,0.18672307194712687,0.1521351338114076,0.1322553768074406,0.12022655895266512,0.12530120122668117,0.1548513793729173,0.18507746751542098,0.29962905511971033,0.26006919483796376,0.2214807536894813,0.18446666894019162,0.15086023004113444,0.13093201575942762,0.11851540470203244,0.12144380590507697,0.14659309327678124,0.17743790091407013,0.2828275277945219,0.25112440867751323,0.21696675867621187,0.182905200850091,0.1507324881126728,0.1307838055834894,0.11737346574975388,0.11690946949345744,0.13403262996548232,0.16835217330155175,0.27188988691895216,0.24452200450550474,0.21382218230904104,0.18242094215129742,0.1518565963368494,0.13222378280367406,0.11726437370708886,0.11357337365772421,0.12182470707684075,0.15701095801074938,0.2616716313863615,0.23781056352312518,0.2107190412530521,0.18213767127371386,0.15317417353003313,0.1344049437633982,0.11778171910997269,0.11091593935944746,0.11183970869170286,0.1262420357894255,0.2496527430656226,0.23044806494828887,0.20736152651753348,0.18161344808375623,0.1546001624646549,0.13682251227063108,0.11928405200875707,0.11042209689060145,0.10859060412186196,0.11001222579859367,0.23778003206804443,0.22338413538619634,0.2034539407779764,0.18079553386522368,0.15702606057920473,0.14111705522554466,0.12303531729200087,0.11266384456945062,0.10890789998356652,0.108286144161321,0.23117887817011704,0.21857715250803553,0.19955001870997485,0.17979831895043563,0.15896277867326858,0.1465098730421581,0.12752238498290894,0.11505955047535714,0.10969437340807413,0.10896094739457449,0.22801572524996308,0.21615834090512476,0.19722944959438896,0.17919110654635187,0.15995216298222836,0.1506910568103681,0.13176681036192392,0.11764650810229117,0.11076630510792021,0.11080857048925379
2018-04-23,2669.8232,0.34126894394791124,0.2863358939899894,0.22918821151362412,0.18549309206743095,0.15230476407516524,0.13398111437780683,0.12195086130361364,0.12443273543397582,0.15921246671413478,0.19078086881151393,0.3174667344611624,0.2670019438096171,0.22126952724365173,0.18284667785588135,0.15024478828039065,0.13148988233051215,0.11951739352632694,0.12240457255241159,0.15268967080096948,0.18832277441691217,0.2945561359286441,0.25328342061091463,0.21642479455099237,0.1808330418376373,0.14894710755381277,0.13001770757772985,0.11752726836056272,0.11824857717130956,0.13988462343063254,0.17364136732284638,0.27690684190865983,0.2442856103077135,0.21323177770916116,0.1799001550725287,0.1488630290300394,0.12969282881230257,0.11625619398652283,0.11455435620676528,0.12848232208491825,0.15430812235169825,0.26460611621099184,0.23759915310098897,0.21050867280550525,0.1803286111493134,0.15042370819291526,0.13066286060465834,0.1158750408775673,0.11165736165986491,0.11973536837366892,0.13998629638851293,0.2525683807753146,0.2313568937549779,0.20715774499856568,0.18089740219235179,0.15223909664053337,0.13228061601025767,0.11596690915195111,0.10894896822106899,0.11134769044952954,0.1235772284384981,0.2436636372181946,0.22613067353698943,0.20393009528836517,0.18125796891728124,0.15370558897869682,0.13455646196077384,0.117172623580589,0.1086330496936323,0.10763805395315115,0.11044241722475952,0.23648016969855234,0.2195859561830163,0.20008442757103573,0.18112352656962596,0.15632786943179636,0.1388177530161166,0.1207558385764929,0.11193786870288171,0.10800354203075341,0.10789222619810639,0.230101000044704,0.21297893144839142,0.19695735565377284,0.18009791475629577,0.15969508329215687,0.14333885136304905,0.12466516481577689,0.1156517293180813,0.1096291091960179,0.10774286769859334,0.22584871357658312,0.20921118595079782,0.19560042881619694,0.17936492153350692,0.1623809267840414,0.1452566845448748,0.12722697800833171,0.11857925056099912,0.11227721384600355,0.10789536152039506
2018-04-24,2632.0496,0.3636896398427239,0.3052501556254843,0.24537248021807564,0.2031510628619375,0.17205531561450405,0.15228578438516777,0.13725907374562224,0.13551082332737632,0.15879851267256467,0.19804247456362725,0.34259022684091844,0.2836382480482069,0.23501916836896025,0.1981997246848638,0.16785572236497104,0.1476625655169482,0.13290085079263522,0.13101391361792572,0.14946998965763578,0.18621964003503283,0.3141067071517309,0.26620422662382004,0.22793245899273618,0.19464573299763224,0.16478194498306128,0.14420154610582347,0.12921703656649045,0.12594364328173474,0.13866763197383777,0.16625576501016456,0.28902135225671105,0.2546679610769877,0.22311663647609542,0.1923541655468324,0.16288555088972945,0.142140105738045,0.12652880211114995,0.12163613412012515,0.1288776511376504,0.14699007310844103,0.27422211740227254,0.24666518067769214,0.21970714710460673,0.1907928281582313,0.16252162252544397,0.14180546692660806,0.12517485300555264,0.11799371218650373,0.12004828850371677,0.12788901547298176,0.26234827063230853,0.2388775871083868,0.21571252209343142,0.18920383106724292,0.1628279818280276,0.14222816395740642,0.12478245815645944,0.11497318631566072,0.11346864267004061,0.11424569945935993,0.25116153333733626,0.23199946812634667,0.21161628196655977,0.1884551856954145,0.1632086887152348,0.14304776660382204,0.12534882623195726,0.11444943942024947,0.11145988130072483,0.11176933616057419,0.24111698645534957,0.22533971945278108,0.20746905638679014,0.18787267289897566,0.16400720350026024,0.14483766719148283,0.12718394360435084,0.11676968411216936,0.1121051079484714,0.1112863491493689,0.2333569602563774,0.2190188365087513,0.2032528676512271,0.18650562144035623,0.16590867065821926,0.14794179949987413,0.1295066271376846,0.11928368894679899,0.1137193243383801,0.11168089902684154,0.2273811229697527,0.21478886377961487,0.20013870561449584,0.18538559668601806,0.1682877843780952,0.1522381414554799,0.13136425324118517,0.12141461066262076,0.11605899415985352,0.1126964791725726
2018-04-25,2636.4729,0.35018106955196004,0.29361053460709813,0.24236222552103023,0.20316107497325753,0.17322542486764692,0.15396371382892723,0.1375119748740297,0.1297724838444616,0.14330706223884088,0.17402929167184836,0.3231173028369616,0.2766698384319293,0.2336885040373078,0.19801103867441378,0.16886466842725362,0.14969135380728119,0.1335389187909992,0.12666142855903217,0.14059172975826223,0.17050129531686226,0.3022253286190914,0.26394294162839543,0.22715596775401511,0.1944267589255706,0.16555174401474254,0.14622224198131556,0.13011266271264685,0.12315732080630432,0.13359070668923895,0.1589648841915093,0.28517809105683045,0.2541143858936135,0.22303150893177787,0.19260773732610015,0.16381167380815742,0.14410131104482468,0.12762319901231464,0.12053397704152469,0.1270750536912166,0.1436950785833706,0.2715999502926519,0.2465676093941198,0.21974854321502313,0.19149946062069348,0.16367978895068278,0.14385583270034005,0.12631996204149962,0.11841623216342637,0.12074009538512848,0.12849817440770556,0.2606319738766025,0.2399721030828867,0.2155552672163244,0.19004043921904626,0.16405092214964556,0.14483162192336627,0.12564523121798213,0.11621401911725666,0.11396741204819937,0.11746803088853291,0.25246362297187946,0.23403572599562597,0.21124920989905913,0.1892027911192706,0.16449091285158154,0.14603629375011926,0.1261178317739569,0.11589545145770377,0.11192470765347538,0.1136247408239963,0.2440321476177765,0.2267977498418247,0.20596130361416284,0.18830849348542933,0.1655385899588479,0.14736291760370582,0.1296351025620771,0.11863054734052456,0.11323452074735112,0.11190735160120746,0.2350590677215218,0.21937227411927068,0.20029276334839688,0.1865321445569363,0.1672545156370807,0.14926033478417425,0.1336652123791902,0.12139016613677692,0.11525091654480678,0.11169652773340678,0.22899557082869923,0.21527457389056665,0.19679843732041982,0.18539239448659145,0.16850160299767938,0.15174798336887596,0.13657301294395688,0.12371663386701148,0.11784495368360245,0.11271921090322
2018-04-26,2666.9596,0.3433078817277078,0.27783703157807565,0.22625773546905725,0.18474428244704152,0.1522648064157008,0.13431207879674212,0.12286226904338232,0.12266647137625576,0.14323349266636026,0.1585876915362605,0.31419361986692984,0.26112343498544816,0.21825547092501527,0.18184150279720318,0.15075077183252103,0.1327449262183494,0.12105160295213163,0.12018714173300031,0.13759148592791212,0.14935295115982347,0.2887646484373468,0.24843229373158524,0.21243846444183925,0.17971065952950122,0.14945064653911785,0.1314424189280579,0.11941076608962307,0.11680942936321519,0.128989965133755,0.1416941228773867,0.2748055090570871,0.24161146597303793,0.2099586726778141,0.17930564693580026,0.1497625078414376,0.13140717283598075,0.11851478043890955,0.11417974055971022,0.1220049303224696,0.13577968646285615,0.2637893664241911,0.23611070631695905,0.20794808241327187,0.1795174181720993,0.15145073761020542,0.13272245880267663,0.11771703239146473,0.11151076664299746,0.1147407383658843,0.12335653704380749,0.2519516526021031,0.2296701584258312,0.20486060100860065,0.17936127518737643,0.15327475473892532,0.13484194817398001,0.1168065555565927,0.10948813451616744,0.10956865629879252,0.11214798753815017,0.24264818514979392,0.22432061787471924,0.20198227333419183,0.1793452915881643,0.15499599002562736,0.13750727441134414,0.11735659188879237,0.10981925285646375,0.10846928222048906,0.10880013344931258,0.23562653839382636,0.2190074994638354,0.19840547860980493,0.17937332528642877,0.15697592732887583,0.1412422114130401,0.12053797509629813,0.11235465378098733,0.10912010135209266,0.10832252710205982,0.23062327843615565,0.2134587876371598,0.19435442927519891,0.1789150500531464,0.15902703793027698,0.14594367199787658,0.12478050700115258,0.11433295247450811,0.10973492910099296,0.10823476580193359,0.22874848291724195,0.20951090895730146,0.19160348204336725,0.1784095351288252,0.1601761479053828,0.14910133130122247,0.12916662941849186,0.11593084028176877,0.11025483748205114,0.10807024374565699
2018-04-27,2671.7984,0.3330015690418191,0.2768187551147615,0.2216307369830479,0.17220854110300024,0.13890194952453275,0.12276644570569253,0.11333901444794237,0.11765723156751186,0.145670716347179,0.17803265836028567,0.310423623080377,0.25999299851787233,0.2113830191636955,0.1709369836564534,0.13983311167009504,0.12331670302047085,0.11291846814464436,0.11346428389295236,0.13450382177253334,0.17926800561033984,0.28660160344782215,0.24477618445551616,0.20403454771252386,0.1701667432359613,0.1407175735213881,0.12379132873215827,0.11257745145184717,0.11069881536067187,0.12645753547327662,0.17161214107656944,0.2722499756715394,0.2362470723365711,0.2018604311942376,0.17137161647647173,0.14282767263252152,0.125351205340799,0.11311756664324316,0.10969149180050222,0.12043861431796285,0.15307565652976635,0.2610444444234642,0.22996460086345372,0.20189275202026039,0.17354789307011192,0.1459125696607102,0.12807165691984934,0.11402888513784674,0.10830560352251424,0.11414474226303445,0.13709776293132345,0.2501609130061469,0.22427270005828043,0.20120022019737072,0.17483137661424777,0.14870628939956088,0.13110740537782037,0.11480674132821402,0.10692971496230241,0.10935254289652271,0.12589032504544115,0.24057230972485844,0.21966997617492628,0.19973832544404826,0.17550122925724554,0.1509129662369205,0.1338657337202076,0.11660671331593252,0.10731236939623982,0.10731126426292613,0.11377712145361428,0.23126986383043766,0.2141869684528731,0.19778906757485748,0.17614604276162274,0.15323479796183656,0.1374112496052562,0.12203719799412854,0.11090815513141931,0.10782404820554907,0.1082848769346937,0.2256763758926738,0.2094235583374833,0.19578843751871025,0.17698501339391134,0.15536279886868165,0.14160079766480524,0.1291819752407895,0.11731821350744956,0.11042919054100828,0.10841402967024714,0.22274948515902124,0.2068005503817508,0.19444150484212955,0.17838872315655122,0.15653980382372468,0.14470819911467972,0.1332570834199314,0.12184135683743588,0.11302311403214244,0.10930586690853968
2018-04-30,2649.1694,0.3480443469506449,0.29413804237307006,0.23114899012819204,0.18060247357686077,0.1491147112715799,0.13207071366767745,0.12125352893746077,0.12362261591077679,0.1552459201644318,0.1860632884080546,0.3273150142783007,0.2722597936135744,0.2166050633476512,0.1760954335070644,0.14671369371182655,0.12933264827831534,0.11796295625762858,0.11802429715244836,0.14231720727821134,0.17096557069426913,0.29737169323776375,0.24852068642777983,0.20811925573533524,0.17411358321882142,0.1458070397380888,0.1282336541557682,0.11631423544350795,0.1141717899022425,0.13055997476071388,0.16221417849774983,0.277022945689896,0.2378897202288574,0.20637596098050973,0.17535322456213873,0.1475683928775116,0.12974672390918862,0.11663305616492334,0.11272226513160484,0.12346717117424952,0.15461578562218017,0.26426651022740916,0.23219013760612517,0.20533077681614642,0.17752886454049696,0.15053903224888612,0.132648256905891,0.11736393958241703,0.11110745466189313,0.11524577391541897,0.13334073492191154,0.2544964611552462,0.22706052060021856,0.20305578417720213,0.17896558647125904,0.15282906795990747,0.13546823627808932,0.11799860255905521,0.10987745027249989,0.1099275707568341,0.11570022146085435,0.24645508198190735,0.2230485779947464,0.20082986179340742,0.17967442942288353,0.1545629505272095,0.13825587070189763,0.11983577111320358,0.11092068770489834,0.10959053826386131,0.11247348178135884,0.2384236250812011,0.21808589243719748,0.19828380350028382,0.17985372107027997,0.15643331678202083,0.14213209428162898,0.12441527837311123,0.11496456256591474,0.11104970946638797,0.11115048474615326,0.2295469103740899,0.21115382365720217,0.1956280122275824,0.18004128247769707,0.15816710649336801,0.1461614789264222,0.12928426580442154,0.11806959561816716,0.11192981833739016,0.11051710175142641,0.2233226073395985,0.20673147548755674,0.19451685037930186,0.18065904638331348,0.1602306376823643,0.14850511396732746,0.13247754945296047,0.11971949134188341,0.11227861221152143,0.11046369421135659
2018-05-01,2653.2865,0.3610121019809611,0.28140612742148396,0.21911967109402417,0.1760253638194297,0.14494774477813135,0.12806712799561004,0.11742286929450939,0.11996379374095728,0.1539246494696745,0.19161680417301366,0.32251796003167543,0.2568604474818891,0.20843100454548583,0.17174036078871147,0.14304639838196373,0.1259355560224779,0.11436982889812698,0.11363670598850423,0.13644920058120702,0.1803585944271046,0.2846245877099188,0.24079737217878058,0.20288984968222754,0.1702208201737649,0.14248151731254677,0.12513517857468293,0.11281353733169443,0.11003673679908367,0.12375992011561698,0.15797920604466473,0.2678924560848733,0.23399348973611933,0.2021274896482824,0.17155341342658212,0.14425532311519962,0.12672178221792582,0.11329883393305967,0.10920822876323853,0.11901346458996062,0.13569208255570597,0.25652247349557683,0.22827820949604594,0.20107937603381243,0.17286152027031887,0.14688109677876865,0.12947338106310194,0.11438423501038292,0.10827464906436582,0.11443053789399717,0.12698554145100052,0.24639696834080507,0.22252939923369444,0.19909915854521906,0.1736462724905635,0.1495082643191082,0.1321467776588382,0.11561526669073206,0.10750346931272106,0.10945965481573437,0.11954521022370734,0.2385943859280844,0.2181158522754787,0.19750809107868267,0.17487707287437654,0.15263453828016832,0.1350206539537165,0.11769323793101907,0.10864675423080088,0.10747780584462363,0.11252343546395585,0.2320771529410432,0.2137889525586835,0.1958999607243625,0.17582182958226628,0.15557187780105114,0.13956658938784922,0.12151947292424194,0.1117697426824288,0.10847820001195779,0.11024920143866307,0.22613841661123463,0.20895916711765958,0.19403462978259017,0.1759068242492895,0.15672902125200427,0.1443890145422904,0.12527203636287898,0.1142792759693131,0.1099405967935073,0.10986827786260284,0.22134117395541908,0.20476487884292507,0.19284423731243147,0.17628957618197427,0.15811206047342666,0.14790574637256815,0.12863238049789652,0.11639380130079814,0.1121310983332327,0.11029472293786967
2018-05-02,2633.1232,0.33824139275462667,0.2821229677664577,0.22094899094095458,0.1784716057302953,0.14844059560341466,0.132348527383481,0.1219164666220886,0.12350214045937506,0.14572856318925215,0.22595354232047757,0.3063640383691088,0.26052486870943936,0.21103961312972605,0.1747101170676941,0.1457303388804301,0.129424730473482,0.11835525180991842,0.1172816553190847,0.13180616559217154,0.1747910875308429,0.2871156618533783,0.2478377173101624,0.2066069891171256,0.173514039470367,0.1448566331061306,0.12810915288329175,0.1165304925398221,0.11405579943466292,0.12776212267106607,0.16760048277549705,0.2756691622544248,0.24113181275161735,0.20568965799299357,0.1747644376344232,0.14672586405817817,0.12918237299862342,0.11647942079434322,0.1128569208791763,0.123633942862767,0.15440727710986524,0.2626555596852987,0.23368137954731077,0.20394561293112232,0.17581838216194964,0.14963122059273276,0.13138383029484668,0.11683774049736294,0.11112593394083889,0.11698597964788036,0.13283710252979097,0.25042092974443053,0.22640967253580047,0.2009256618949544,0.17665927532426376,0.15197752185152064,0.13363535109191987,0.11743785256990445,0.10969626031791314,0.1117243558084311,0.11923212537545577,0.2416108945951454,0.22097938739429762,0.19847504245891154,0.17835517696346537,0.15430388636390927,0.1362821253453547,0.11881987707131966,0.10997248388632498,0.10982313173647293,0.11474071071301743,0.23439870901636417,0.2155987004876831,0.19634305361592083,0.17929454440678844,0.1573555811703225,0.14154352488049435,0.12258330321954211,0.11232851823139176,0.11013206128302372,0.11309886260800939,0.2267484559689147,0.21085795271708763,0.19435001655439987,0.17790266435007718,0.1597075399127662,0.147889864531441,0.12855278999923037,0.11507415461315312,0.11101945484263435,0.11237245008531423,0.22030413833557144,0.20986278750542078,0.19306195003950055,0.1756806527024656,0.16135076519257746,0.15159089364677275,0.13398453688647224,0.11799718269343423,0.11237123983225147,0.11199522846596983
2018-05-03,2626.2977,0.3612246934872114,0.2987100271770006,0.232091236549584,0.18602759640661276,0.15318601875261592,0.1353638812532588,0.12293263730203421,0.1233033619928609,0.15216807188079923,0.1887422583524231,0.3256708913745908,0.26998932420667415,0.2179975528090453,0.18069057812806338,0.15016802584992947,0.132713142831618,0.11991752133032066,0.1177424255930595,0.1414059195777681,0.18775094127211764,0.2967958700733746,0.25046977756403405,0.21103295512267858,0.17871196812118484,0.1492923703428447,0.13181171545352197,0.11882655513768105,0.11542517275191375,0.13119036111584612,0.18142784827592914,0.2790121825723609,0.24114778882861126,0.20854866178186077,0.17918639770762898,0.15102251658719373,0.13297090671113737,0.11909749645854588,0.11426365706574212,0.12228011719497917,0.16672064489864738,0.26144346544380975,0.23262024406241116,0.20576269086650603,0.1793754968823551,0.15339903057167506,0.13470731863130395,0.11917282011448455,0.11250691930818509,0.11446849962140698,0.14039583285232143,0.24893074462299003,0.22649944240442307,0.20300695965917662,0.17918121498607364,0.15511312842397512,0.13620303557063226,0.11934089075452212,0.11159224508022808,0.11114621616065844,0.12122500672920172,0.24153371396489381,0.22176105016047598,0.20072501230863918,0.17935130289402013,0.15691738967472946,0.13830602489778374,0.12099170825633251,0.11245640023623381,0.1107746446410118,0.11454994360555294,0.23474843320863176,0.21626905264392624,0.19832279921826723,0.1795410348495629,0.15903013066406038,0.14171091684464865,0.1250458718249314,0.11510491151414354,0.11118921907132852,0.11172442260284556,0.2284207437220713,0.21101305320069869,0.19632352345716783,0.17966528078805727,0.1602398603374047,0.1453095338810868,0.1295201781573609,0.11751525851221936,0.11156386043986558,0.11063177082308352,0.22255754207036205,0.20740079266433506,0.19568887180247727,0.18018404849673794,0.1610285753394521,0.14802315179895031,0.13289812637533926,0.11968925927799914,0.11194500611427133,0.11018422687599266
2018-05-04,2661.2716,0.3406534176422979,0.282813010291527,0.2221061584583259,0.16988489251653635,0.134318219980793,0.11807030763350912,0.11060608887257785,0.11749903132274857,0.14237517571713967,0.26046663475272314,0.31142391306288,0.2603616988760033,0.20807007617312134,0.16642385018110142,0.13408329300522526,0.11788866142536406,0.1092802618872785,0.1130102887071043,0.1324328152578827,0.18490263303298585,0.28975402855064536,0.24340933980259064,0.2014412369356471,0.16658822882553212,0.13571369273276498,0.11913417935213022,0.10978538594142791,0.11140666029025359,0.12567997751108415,0.15984465422320712,0.27304544325728247,0.23382815298261914,0.19963836531396711,0.1689866119016109,0.13946000717242232,0.1220130173242958,0.11129918909624549,0.11032987999662203,0.12021397067713169,0.1410115988157637,0.25824012659805845,0.2267177852474478,0.198217194737734,0.17047993774084405,0.14354571257743057,0.12563651906701234,0.11271394930014025,0.10857224820663115,0.11418317579863263,0.12410781506354099,0.24812337981479296,0.22165206108111102,0.1968433620609076,0.17107897533428695,0.14651135148834907,0.12887062683746883,0.11390797107239885,0.10733539489540248,0.1091055617351275,0.1172439667830206,0.2401661073177572,0.21730028236762108,0.1956782573795649,0.17250619371857306,0.14911096148575398,0.13179693999251346,0.11560291109021967,0.10806102379501147,0.10775877018020623,0.1140579797947462,0.2321493407156191,0.21216988845375748,0.19436713671014297,0.17447359435448795,0.1520982455073691,0.13501408374868828,0.11897716036958164,0.1105907253394075,0.10819973499728326,0.11037764317485146,0.22488493920696817,0.2069533982782301,0.19292001642021925,0.1753275192754106,0.15526088367478924,0.13922432573508592,0.12344274976980048,0.11302976382605517,0.10887016830608595,0.1083724017148947,0.2196743770356405,0.2031331683767731,0.19164398425328844,0.17513433312903315,0.15739859929481026,0.14332313399419844,0.1281746506527461,0.11522646047322299,0.1099296145585661,0.10817974796097188
2018-05-07,2671.578,0.32711402289496516,0.2650014658652941,0.21153762983942714,0.1675188445103086,0.13596317975094532,0.12052406222404287,0.1128907375280197,0.12010103726626452,0.15167873349718533,0.17934787794726803,0.3004158948584985,0.2488402833018144,0.20334239650393746,0.1648086422513633,0.13504334147393016,0.11957560907053806,0.11070602704748463,0.11316729488884117,0.13024123423703574,0.16675226146701,0.2852637952817708,0.24060920099521363,0.201400660343068,0.16570590792919063,0.13641193704090077,0.12075001118627915,0.11107308563417241,0.11158212042714662,0.1241260719122705,0.1622746494531331,0.2721409568315463,0.23401065238903063,0.2002337116765707,0.16777163706906312,0.13952939689626906,0.12308789678037738,0.11200548607314273,0.11004739265590457,0.11863137932230636,0.146582551594879,0.25975243526590885,0.22661241678780752,0.19826929920313577,0.16929189452162544,0.1430456429410105,0.12569971575718997,0.1124153029900836,0.10769706683588307,0.11191065201230788,0.1231215895237907,0.2510427593409062,0.2205871180437818,0.196682715523454,0.17085619638115512,0.1459413834530778,0.12831239516115245,0.11304416697635997,0.10673408743607046,0.10774712440416392,0.11168709516988418,0.24307500689735617,0.2156380961198999,0.19505140024652232,0.17281946175916865,0.14906917445913925,0.1314499532215117,0.11491185555342741,0.10765000064191839,0.10689422435508635,0.10892879915837497,0.23405265046431203,0.21007568570382554,0.192727674005339,0.17429413484356965,0.15276933517253363,0.13598476307971163,0.11902435555014662,0.11028024774535808,0.10770808332174607,0.10866586342995943,0.22597603992490184,0.2042607444998847,0.19087161248303214,0.17498490093732402,0.1555236669734711,0.14128994724221772,0.12449240201430892,0.11345616552470732,0.10896306664087775,0.10869134722323301,0.21990105388467543,0.20023517985735775,0.19053520760116555,0.17541806835804905,0.15679033204649953,0.14484903359963433,0.12883297025321228,0.11672456596257617,0.11097343676920253,0.10902317351930126
2018-05-08,2669.1006,0.32871819166202265,0.2705767988600767,0.21180617337602084,0.16556206983146043,0.13428337970766763,0.11855257733133272,0.11008230086865654,0.11533601855829,0.14815816211761987,0.16971151501535078,0.29443173770544095,0.24730397813179605,0.20231656291715264,0.16388091572620597,0.13393421380296924,0.11797493589300727,0.1085703016467731,0.10860703932503916,0.12296165706656116,0.13163114817378788,0.2812581054839665,0.2400148990384483,0.2007173950107379,0.16582915147047123,0.13571625873454762,0.11948982704362182,0.10942712965664791,0.10844515529181217,0.11991840889840628,0.12720411640622267,0.2698037290154781,0.23367493378032014,0.19973151475344586,0.16839475194031694,0.13879581291863444,0.12173773299374105,0.11045122780180114,0.10757942888775612,0.11483721848145573,0.11997665898670148,0.2573415974731213,0.22590940518625907,0.19766168732839454,0.17001272273639953,0.1423258202891791,0.1241214187663469,0.11111003651840828,0.1058880749107502,0.1084661574667627,0.11358207789717435,0.24933293030192613,0.22048688709407077,0.19541427271407547,0.17133728742313462,0.14512141583035298,0.1262241587885136,0.1118208590062032,0.10526525809439997,0.10585906329598917,0.11087760516525197,0.24112299895649983,0.2161587276796189,0.19346064360080384,0.17297612728230038,0.1477688306867124,0.12896550467228893,0.11332074700527041,0.10602654077767894,0.10554937114999353,0.10888329765386189,0.23029802415080644,0.21131811912186188,0.1915883005314013,0.17402137739075083,0.15071039582411516,0.13478891355230394,0.11718099828496158,0.1085381993053187,0.10617024781380208,0.1078248763352916,0.22250698118092493,0.20782005888351754,0.19023832210426359,0.17390483360446318,0.1527965743577635,0.14147267989553658,0.123212683790961,0.11235279028304063,0.10763003353322355,0.10767280888727476,0.2171080522400436,0.20572818206968246,0.18947596973345054,0.17367909266653428,0.15463368473153996,0.14530902582913224,0.1284000366837289,0.11637925956463165,0.11103393105382758,0.10819355001728855
2018-05-09,2696.6044,0.31415248338777624,0.2557376971084759,0.20179483985014035,0.15160762573474604,0.11955122093792753,0.10665636134654266,0.1016590542648863,0.11074744647857412,0.13622306878358384,0.1532823490718744,0.2898704557269814,0.24116529825900643,0.1947764307370026,0.15154919196325295,0.12128757209195629,0.10791423961908798,0.10179716018188814,0.10844866999633207,0.13138569915347362,0.15071796709048627,0.27717765273781964,0.2326931917069964,0.19210585455938384,0.15372263045465662,0.12439738181865143,0.11075959000044924,0.10367640304853473,0.10786579469456135,0.12742367739824323,0.14578552001761563,0.26315170754563916,0.22476085751140545,0.19063961353986553,0.15702835702813983,0.12867152986629005,0.11400420517719045,0.1051775687806045,0.10539339558368521,0.12066702752378775,0.13552196971443503,0.24789284747583726,0.2171690566534606,0.18891634154718684,0.16008799441974197,0.133750187565707,0.11734331700554755,0.10597935234040219,0.10240556792912316,0.11140722005207097,0.11994598065857076,0.23854671036429057,0.21229412235849188,0.18773088156033427,0.1626482227307083,0.13813945150778228,0.12071557167947568,0.10739461379161025,0.10163773032925336,0.10452646409120468,0.11132446044747282,0.23166163806203954,0.208869439719036,0.1873010067939279,0.16505146352003638,0.1416175974727471,0.12404960938918991,0.11036967550704245,0.10358391999444715,0.10338952855622992,0.10743095129820406,0.22337728215515,0.2049057775198666,0.18737244623408503,0.16707989276515545,0.1454865446329389,0.12874094761743424,0.1155679978443709,0.10747054334679189,0.10440916042725171,0.10489757483174078,0.21553326231800904,0.20131643122051676,0.18759205792374775,0.16846065859044554,0.14912603461504384,0.13424526715251836,0.1199927838531376,0.11035339015357531,0.10565500371803586,0.10450094948185318,0.21104720794389642,0.1990759499080831,0.18793290481272573,0.16942302170453594,0.15135636896824115,0.13780879424884632,0.12220839991791752,0.11236524847429043,0.10694556402405528,0.10485391355899551
2018-05-10,2721.8393,0.30500635483958494,0.25511814280839473,0.2015139542980991,0.14816821199776625,0.11385223718849699,0.10200679762205005,0.1002659606080622,0.1167781269462979,0.15025233993362055,0.1639081998036979,0.28611904010218947,0.2407817275091407,0.19334766703388923,0.1469652400903811,0.11507967885814642,0.10273543385796037,0.09972347133482809,0.11265450976183913,0.14057957707139748,0.16005052895271374,0.27665831884270403,0.2310646485315996,0.18949947458085192,0.14876169352332294,0.11823921378769013,0.10532148678198028,0.10113803239386555,0.11177109896930291,0.13691869573215215,0.15568931473885242,0.2620783793767347,0.2216199336195273,0.18642081774075134,0.15130384042159978,0.12239338274068412,0.10847731105079472,0.10187969630376668,0.10693246829115707,0.12910576167508783,0.14614344267329424,0.24604142719356292,0.21358089870653488,0.1833150806640302,0.15302481907717666,0.12639278752673383,0.11131381479385632,0.10188215180477143,0.10126010590222188,0.11618956059397664,0.12857303552748994,0.23543000654046647,0.20903301726570303,0.1820334682043781,0.15471310990509815,0.13011165819103387,0.11411885462806096,0.10261267664848579,0.09911469793041543,0.10569003308259971,0.11226679001933182,0.22669603740763064,0.2055857022213944,0.18220835928646187,0.15734920444659892,0.134563026130649,0.11797216343979645,0.10509854881755573,0.10049378404765627,0.10234105442004163,0.10613049795158919,0.21886150589979192,0.20153721914279665,0.18211886998268847,0.16084604865426372,0.1402916559002278,0.12385846260815248,0.11017804314442065,0.10398312737915096,0.10265079751878098,0.10426099949034921,0.2141423086620856,0.1980837062016233,0.18114453015722098,0.1636927727141853,0.14555257826999748,0.13011018404687222,0.11492446003371784,0.10700952923312561,0.10425671576131323,0.10417227273452678,0.21173840627390975,0.19653837663376783,0.1798579795531598,0.1648025743894984,0.14901081429888438,0.13516503103264085,0.11792407093221058,0.11005298021494518,0.10654105274301251,0.10448278188665866
2018-05-11,2727.1971,0.3066767128392065,0.2579153398841622,0.20526395570500772,0.14531194727400554,0.10919778889254426,0.09725125121989958,0.09453056596094948,0.10863046371552601,0.1396679497741939,0.14990345542615402,0.2884878329719419,0.2447034885008471,0.1963791718535651,0.14421258326124223,0.11110233355134178,0.0986697810949699,0.09488482061103158,0.10502956047396703,0.13297139911795383,0.14845400491739738,0.27803451289546055,0.23281973012936577,0.18938511282117682,0.1456386501526904,0.11453817910767972,0.10123788118683841,0.09627634362889394,0.10319909475008955,0.1286780939020838,0.14632521090965264,0.26286583146813824,0.21993547608804792,0.18461628888236015,0.148473250952684,0.11878401884847144,0.10419673880965628,0.09734873623489958,0.10018681767844839,0.11903373653537858,0.13639085214957322,0.24571394623104753,0.2105806311504875,0.18193207191430724,0.15119168839858735,0.12305719981635632,0.10704988559900457,0.09796334153725024,0.09730180552678847,0.10758141058363041,0.11632950424821821,0.23501611338251568,0.20640621521486838,0.1811002997320918,0.1536746499028914,0.12726724357037617,0.10981773381557372,0.09879383843072043,0.0965359648573117,0.10228383824951946,0.1097958912134717,0.22648315798308793,0.2036758374504166,0.1807952963540906,0.15649563073684813,0.13291677146607261,0.11425831672933233,0.10151580840203034,0.0988546459891188,0.1010886408849636,0.1078377839371325,0.21855741207511478,0.20014710622422505,0.17997659195692414,0.1595941696065461,0.13988871749890844,0.1228085722867472,0.10778260694851391,0.10296285012813322,0.10166047590196346,0.10683051142979763,0.21420000903613967,0.1965482946429471,0.17954687422986815,0.1620373199754989,0.14452515429581886,0.1315049744849576,0.11285273691302351,0.10526775628851834,0.10242413757714108,0.10623222271029223,0.21305214837168662,0.19367249147706417,0.1799068786966686,0.16325055645293576,0.14649168513443814,0.1373523358599212,0.11706816237818743,0.10704517046790396,0.10340526944746611,0.10554602397629735
2018-05-14,2730.1096,0.32036393044153944,0.25492631037310504,0.20070635980358542,0.14465402148087092,0.10965284001037241,0.09704425138554008,0.09333533051804317,0.10246946805211965,0.13550547920690106,0.15720794030706722,0.2957858353541407,0.23947071272202325,0.19407134766610504,0.1444014304706726,0.11106433239867546,0.09804760359755271,0.09404613475835136,0.10207529553998129,0.129147448233517,0.15501307155878027,0.27822499324595756,0.22937552970284397,0.18939330190289527,0.1460952346490709,0.11398767493574999,0.10016180364915286,0.09529696235996658,0.10129212692780909,0.12350857746687063,0.14875667327262954,0.25755694100131765,0.21924695228001068,0.18415993027963667,0.14706899804723478,0.11678106049408242,0.10214227066452056,0.09559452170470553,0.09825798631943215,0.11434695762687948,0.13276744511340474,0.24262218293722138,0.21149412324475161,0.18070968986250666,0.14733249897709855,0.11903998276057672,0.10399938301977085,0.09561357034438957,0.09558498153603505,0.1058719984973455,0.11382328309656926,0.23388308341549843,0.20653476294936185,0.1795969022775881,0.14842856915256925,0.12179015113858986,0.10651714062661678,0.0966000227985559,0.09472182233215055,0.10023912734665995,0.10450570647706532,0.22525559927551664,0.2016148067491938,0.1785827388488839,0.15160441273439468,0.12631629014079215,0.11075829856381922,0.10012299717624655,0.09711823246552748,0.09921936394333107,0.1037027240959979,0.21624091944192572,0.19623646921428034,0.17755102815161505,0.15680295903588173,0.13311975664520492,0.117829864875839,0.10617969406498777,0.10117297594492668,0.10029731977674522,0.10421326591235103,0.21116998051146196,0.19265748903319693,0.1773687809903252,0.1608332674614125,0.1393161170584015,0.12519681190795962,0.11071655368036636,0.10449699016739288,0.10215037423384007,0.10408504560039561,0.20935692494843486,0.19068359893050615,0.17751895447131505,0.16249606986159437,0.1427359290340679,0.13059678502809519,0.1143529652294155,0.10785894531378763,0.10492450884555854,0.10320535778895154
2018-05-15,2711.0846,0.3376858014215249,0.2750285716583505,0.21734885923927044,0.16187118628751881,0.12460470151311945,0.10804584949266598,0.0999302714652431,0.10447772446491421,0.14619960060759302,0.18793032396510415,0.3137122069818544,0.2582611125171467,0.20760338583528104,0.16156932977573657,0.12564537838401957,0.10831492001803382,0.09958283574498797,0.10307907136417875,0.1281303104293713,0.14359912326749127,0.2983755841960673,0.2468414644032229,0.2023408517088342,0.16215653285280698,0.12743351772765285,0.10927515899211158,0.09964825441567884,0.10163011706072045,0.12063625198860681,0.13273691394136997,0.2760536159036136,0.23340394350679322,0.19665558423152255,0.16153196377412313,0.12865487639526205,0.10995184136107444,0.09907210004798511,0.09861843978530584,0.11332547025168228,0.1256527160183492,0.25750236987911523,0.22280833468215402,0.19215555029206002,0.1607749591372377,0.12991866346200986,0.11108537911864608,0.09885484160971028,0.09648160206326058,0.10737624633144659,0.11965379901966963,0.24538590433374968,0.21617770429109162,0.19021387029661468,0.16136394590037018,0.13215693383735677,0.11351212517028388,0.09981222197798614,0.09594503007994731,0.10130021326585219,0.11261595286254801,0.23369837152496634,0.21054406356758326,0.18839502198788152,0.16318028728211306,0.13567640544271561,0.11783654360834347,0.10314978389302275,0.09842805870486696,0.0995381840299121,0.10748406522526294,0.22360894829829928,0.20495993484407293,0.18522190688590204,0.16521306160843835,0.14026460138050512,0.12359260797885711,0.1091814954192627,0.10272125728701008,0.100438795374391,0.10557016526105156,0.21746620958004215,0.20033992679163168,0.18258790591269256,0.16638010302687642,0.14494910449141504,0.12851474650517586,0.11361929470080434,0.10555013871729892,0.10169041734173223,0.105009563993788,0.21302065901625591,0.19776685139458053,0.18220346607671198,0.1668374385350205,0.14874584499721,0.13340506344698838,0.11645656194687887,0.10767504628597517,0.10374553432750375,0.10495962570118957
2018-05-16,2722.4865,0.3262681495782479,0.2674865978225761,0.2119585111657999,0.14955726043747222,0.11273350711871924,0.098241165452889,0.09234301353922181,0.10011525243886825,0.12923805607724861,0.1617773858075478,0.3105941244707898,0.25789893073639547,0.20307836790456127,0.15094558639839925,0.11565432272370293,0.09995753469303452,0.09330378725939742,0.10093249009545763,0.12744926984371696,0.1603305209562654,0.29923863909400533,0.247131959088795,0.19605180134544076,0.15289064903877633,0.11906656537735812,0.10199748492385187,0.09413425261359262,0.09948636196640294,0.12299336510258768,0.1533410815235419,0.2781628390137681,0.23021181291499448,0.18960633813959304,0.15367683321296982,0.1216873755777781,0.1036021719525001,0.09418992799433573,0.09549010541585817,0.1135119473281535,0.13381596333991688,0.2563728186298552,0.21719608831092344,0.18652563084257995,0.15451738848696153,0.12413024449846216,0.10531725220505099,0.09451513992377064,0.09276497427205724,0.10398962954533532,0.11279910935283775,0.24390456809531127,0.21058712597640608,0.1860025451613123,0.15673629439466027,0.1272794960128464,0.10779346508216975,0.09608053665850785,0.09258940594513754,0.09841343325028379,0.10560710018272584,0.23191274558904396,0.20536296783519267,0.18480339313581437,0.1597505396905768,0.1322628746050747,0.11276171726545903,0.10042265091398997,0.09558769730726989,0.09766403374101265,0.10265481525314185,0.21960211340319155,0.20056317276843183,0.18249411990593012,0.16153209320218834,0.13810666855462123,0.12098752995749211,0.10742925669003825,0.10027986149919942,0.09853056666483466,0.10185685809934442,0.21334412018765894,0.19700968410725828,0.18086628871778668,0.16183227085302462,0.1419406715732635,0.12767048327129946,0.11285746800658744,0.10325892927271112,0.09943866406506292,0.10172028463503471,0.21037746131083435,0.1941075657020058,0.18074672219289986,0.16250430812383485,0.14422431161623406,0.13167341329226023,0.11703973904408871,0.10569540016009192,0.10066413859780302,0.10166536278508023
2018-05-17,2721.5596,0.3333780726568812,0.26953923788711553,0.20386676660320666,0.14575095080839476,0.10980317470986362,0.09587263748066113,0.09074646486822205,0.09852178333500997,0.1259603656620929,0.1378568804975063,0.3081852601124003,0.2536965680902117,0.19616900591098746,0.1486894306185339,0.11335279200640307,0.0980007038017757,0.09154060668445964,0.0967260907438999,0.12083607378281014,0.13377417233761482,0.28990335876691653,0.239147585065006,0.19098110769337046,0.15091197631070727,0.11680013320339108,0.10006314002303085,0.09215422011897834,0.0947459462411719,0.11606078285202637,0.12863656470342924,0.2687599037049807,0.2230520943697804,0.1859478021381472,0.151547206363515,0.11961970106278622,0.10157053093380174,0.09223095159998386,0.0924986482535477,0.10977663020144314,0.12101867457603899,0.2519071492094911,0.21292619181605543,0.18300834684809808,0.152026483068492,0.12284860597648874,0.10360240148399856,0.09280045292062702,0.09173371249800678,0.10451837787143686,0.11265479918884283,0.24004718918947787,0.20679025423794498,0.18181453241818968,0.1536553336785907,0.12666904620360708,0.1068738742331222,0.09457489568493409,0.09220251962245955,0.09967954097949423,0.10423699063241637,0.22883316552218358,0.20175369066081442,0.1810802972320588,0.1565948139473715,0.13096008842736004,0.11183832362116362,0.09848582032319973,0.09465388198141442,0.0978043616689369,0.1023476175587177,0.2185479431176413,0.19783148548747803,0.1804592138810207,0.1600649941776834,0.1358140215049573,0.11888468450549952,0.10542845216803094,0.09939746316532169,0.0989160933108884,0.1020383900097936,0.21081103703021323,0.19557475152037845,0.17936881113756037,0.16272978198338708,0.14158381898476252,0.12661141606539011,0.11234574254588967,0.1042735239658022,0.10104647733533734,0.10160977100456604,0.20681790496585825,0.19511974584796696,0.17823921700991757,0.16379616764292593,0.14634937247732469,0.13320023502800446,0.11740795356785967,0.10783968683192745,0.1027722743521452,0.10141688018282251
2018-05-18,2715.3206,0.3173123836944366,0.2638681043566412,0.20841418954445884,0.14717914383598762,0.10959334192699882,0.09545918889002496,0.09022386122685525,0.0968692685891901,0.12453148760335991,0.14027770416870067,0.3025432032835075,0.2529488071720615,0.20076795936898986,0.15060447595651016,0.11442258769960509,0.09819908139888044,0.09124155812414386,0.09734368514703189,0.12236690222724621,0.13638239380966974,0.2907413901722664,0.24071299800622728,0.19514934217570037,0.15231040621309938,0.1184886817317144,0.10055304829825376,0.09199304393743428,0.09654254075743372,0.11732350269385088,0.12882761322336486,0.2710903418925601,0.22603261038621286,0.18945314578694064,0.15323527898631858,0.12159198052274642,0.10244091097356675,0.09242270273434235,0.0945105469931469,0.11177068984110083,0.12219721765698238,0.25283756175641237,0.21599557365123506,0.18549100299733312,0.15455607079125608,0.12444974523408871,0.10473558921688428,0.09327514685878814,0.09275416489160511,0.10662667237884016,0.11813586453763664,0.24063319917259543,0.20975358762193133,0.18352907277925717,0.15644943262650837,0.12748329365977423,0.10773534182792276,0.0947807505285283,0.09204753377633167,0.09909411379613862,0.10855110564473507,0.22992125694606508,0.20496567724625792,0.18258983632362935,0.15931572165681457,0.1320590270378948,0.11251911491524776,0.09747104794383733,0.09383526617921738,0.09624676204743096,0.10855110564473507,0.2209025796708971,0.2014295337481845,0.18179080122584573,0.1622361943492565,0.1382194890249423,0.12149491840446879,0.10350185835955918,0.09901927689180884,0.09927663317311344,0.10855110564473507,0.21538575129508916,0.19848294686968834,0.18116958292086724,0.16395452031038296,0.1432667959507001,0.13090642149408718,0.11212685529721576,0.10427190953828024,0.10190303253499776,0.10143774227056403,0.21217233164712343,0.1957836550519029,0.18149279359803383,0.16505726689579542,0.14638586133153839,0.13606407761767017,0.11897386883711843,0.10881193767289256,0.10418960094720947,0.1031803216860894
2018-05-21,2734.1268,0.3230250890270482,0.26421031389178606,0.20578731421758645,0.14547909950878293,0.10840544848114139,0.09492560352103968,0.09062254473947164,0.098099449998936,0.1333281541885016,0.1333281541885016,0.3022920247142024,0.25204221342397304,0.19991146404079926,0.14774984413416362,0.11214293543849377,0.09735337943665816,0.09143357981342183,0.0965938100393943,0.12571131787150888,0.12571131787150888,0.28510608566816215,0.2394925221022332,0.1938650479682555,0.14874493430505054,0.11446108625769437,0.09877771107271281,0.09142171730774766,0.09472695001853577,0.11893787698913054,0.1546031942550841,0.2649470530562183,0.22418882786219813,0.1869251724735154,0.1487798454600075,0.11652104065934045,0.09989464630846721,0.09102876703225822,0.09279590085629352,0.11090365397500888,0.1370242174673897,0.24776748874470522,0.21372582624213826,0.18330564468294058,0.1489344634466579,0.11930128561237453,0.10188402169234341,0.09147783315327308,0.09140278403720076,0.10484669245183155,0.12233590684059274,0.2344073853323593,0.20826544128106692,0.18164736275820537,0.15010115549861383,0.12284833594148813,0.1048660580380582,0.09289389081310534,0.09050851961760714,0.09860119993345237,0.11172391044896775,0.2262773834904284,0.20504864627894376,0.18003554212163939,0.1528699728671951,0.1272565595504189,0.10885239498748157,0.09562848365454955,0.09194509842184075,0.09505426144133075,0.10566395990823865,0.21962805942405733,0.2011440817976399,0.17794390199840573,0.15686121765342853,0.13347870835029546,0.1162636387614744,0.10108314274117264,0.09604884866581063,0.09577536303446715,0.10329808917600018,0.21450285619664308,0.1966430374822206,0.17618826508876242,0.1595556566951453,0.13952843740017745,0.1253239890385242,0.10675363033810265,0.09964978541944372,0.09721929312053193,0.10063858423684602,0.21291147222589168,0.19240634399515583,0.17622539657936165,0.16066729547360917,0.14283608314522314,0.13167342458461148,0.1106702003517648,0.10231145993427947,0.09857695977263464,0.09863901916079416
2018-05-22,2726.479,0.3264157735126019,0.2652057248670623,0.20447616453798723,0.14156332452332004,0.10799160897680696,0.09523404648658303,0.09061538830077587,0.09862326063330813,0.14621545675079678,0.183222594205467,0.3123808569173496,0.25116666721503944,0.1986204649274476,0.1466174729485378,0.11282627152035046,0.09822291653099086,0.0918232553234743,0.09771489238818068,0.13220127511832291,0.16522055367000582,0.28976725009426063,0.23528374596317397,0.19134351703664296,0.14861530570343978,0.11556165156752662,0.09963312479929566,0.09162118464407723,0.09511651754712365,0.12173710683900064,0.1468709792487571,0.26653281406881013,0.22195757531929716,0.18531192532753388,0.14960456059530183,0.11766129054667367,0.10067165852279478,0.09113184803737341,0.09261676455520923,0.11192492882634328,0.12828826426832865,0.2517251360715822,0.2146556894987243,0.18290884208264171,0.1509922496582485,0.12024046669816593,0.1026440854244926,0.09184721367522586,0.09117481428791663,0.10367787115491345,0.11717148255133786,0.24014172829195027,0.20924517844148754,0.18200118620555833,0.15342942919885078,0.12398108697503199,0.10566386743425013,0.09378321772061501,0.09081530069748694,0.09782907571178215,0.11351287280194836,0.22960580793211843,0.20462321584031062,0.18143773686179007,0.15654768002700276,0.12945993844019607,0.10969821490632405,0.09663433480252018,0.09257446486683128,0.09612883441096526,0.10871032913899452,0.2204504912169536,0.2007914046668763,0.1809749353380242,0.15939455680290027,0.1367831436548891,0.11736242096709354,0.10185866759927531,0.09630440530915582,0.09637572418613734,0.10459442010255128,0.21481698926248574,0.19764552848712272,0.18091894440169087,0.16165058986799719,0.14269998896850988,0.1271480832122914,0.10891567596866152,0.10033194667619769,0.09798811942602534,0.1029705546743819,0.21127182629099564,0.19544315893135294,0.18149772951353235,0.16386039028550986,0.14621142405748108,0.1339064880381678,0.1154515462711131,0.10462092065313128,0.10054274446343306,0.10233541004016379
2018-05-23,2733.7726,0.3257499648386227,0.2601467686117073,0.20069795260510337,0.14225641780016102,0.10355049884735697,0.0892660773386277,0.08447554743927628,0.09125459605656092,0.11869991423280461,0.13402637173469184,0.30769195296866675,0.24874031098163563,0.19596114664384243,0.1451955914841743,0.10778536609824209,0.09217751432339406,0.08601800252144498,0.09180102561828415,0.11640045701601326,0.1291926298819617,0.2849320060584526,0.2330545365048374,0.18999698920515012,0.1462915909429003,0.1100012182512436,0.09363879701602253,0.08623730567445044,0.08941520827985844,0.1102086074707539,0.12044295465199698,0.2581017972960498,0.2189746069897231,0.18471338066795945,0.1467277619607758,0.11235915002178914,0.09528811436782322,0.08644148591330487,0.08698716621042599,0.10495917352407422,0.11688753156196831,0.24210011337326906,0.21146377585758716,0.18215485770354373,0.1477103092861067,0.11581204563647653,0.09792318884616216,0.08741864582741932,0.08648104166959779,0.10138098384310955,0.11442093261699803,0.23049482471945618,0.2058174864845082,0.18066958566524977,0.14987147285595095,0.12081865672976654,0.10158516629762125,0.08927787063034562,0.08747954193258713,0.09714662803120504,0.10863136658325497,0.22156054106197937,0.20164566886117566,0.17953250756047312,0.15293137837216275,0.1275551163412558,0.1069961985709561,0.09292726148743359,0.09036984907514359,0.09515445543081487,0.10112478340680293,0.21507205149113542,0.19836639305475615,0.17867751240003235,0.1564932825451051,0.13544676175041112,0.11609155659987107,0.10019741998577639,0.09463187790498372,0.09510876244145584,0.09756041425568904,0.21154424428205928,0.19594657066828966,0.17806755952874392,0.15919317044742592,0.14192579841550204,0.12520978515740303,0.1080446916550736,0.09766676441311156,0.0955749751980693,0.09664966530805671,0.209814155629982,0.19498490416166755,0.17754309621009384,0.16100635061254442,0.14620906504180994,0.13097341176005628,0.11389449623092533,0.09985128783454077,0.09623324723471138,0.09642504481000334
2018-05-24,2728.253,0.3271072073705215,0.2668742858245227,0.20398017935057042,0.14184133281381772,0.10328579835814355,0.08840504696345818,0.08302193398413404,0.09456312907750615,0.12498969867575196,0.13440196874653473,0.30662250970548277,0.2502267821177836,0.19776301064462892,0.1456175522575173,0.10754418719327868,0.09089751325025164,0.08415575870867058,0.09317585651049379,0.12101461377783006,0.13301901338815683,0.2817236651513176,0.23284333041362237,0.19060520345953585,0.14708571195008432,0.1103960288536847,0.09247971749004054,0.0842475879919484,0.0879100693972379,0.1136154294707812,0.1333725332310461,0.2567336681392462,0.2185480996833384,0.18488094017145984,0.14765940478500816,0.11321845027332439,0.0945513264728245,0.08488384878623627,0.08466964281563989,0.10643344314377773,0.1333725332310461,0.2411367272590945,0.2108059618983531,0.1826222383416792,0.14863514359724136,0.1165094139440941,0.09738753813083556,0.08666993692042439,0.08488764461593956,0.09810232215591033,0.1333725332310461,0.23121363730010486,0.20602312728764577,0.1820958273301855,0.15091389484245554,0.12047266859714353,0.10117126284097015,0.08979663326973028,0.0867998259674398,0.09164048906119941,0.10580954572374451,0.22324405252766108,0.20283007228932387,0.18133758838642164,0.15437619031952926,0.12523056813716804,0.10607821304215496,0.09400905039823541,0.08997607456742167,0.09264276160074528,0.09786981394004593,0.21715778908252387,0.19998038224405504,0.17974822595123854,0.15782674499299704,0.13194895155852443,0.11389310607314347,0.10027408354389572,0.09524422961651652,0.09523173006828076,0.09833013800551084,0.21432427212805089,0.19666077556210623,0.17881449030619365,0.1602068199346082,0.139158519956305,0.12366121111674147,0.10680353141440177,0.10057119796018171,0.09799021173218359,0.09897374287684978,0.2131785936261913,0.1936394741802572,0.17911966307225818,0.16156964490488224,0.144139736903772,0.13193476493856088,0.1111267986362224,0.10446908126107539,0.10179070358283841,0.09897374287684978
2018-05-25,2722.5313,0.338927146197555,0.27650892112557546,0.21438319099714692,0.14859750448036005,0.1095606228859316,0.09342369088009264,0.08616666128795476,0.0981196343183101,0.14252613045418652,0.14252613045418652,0.3162864146244509,0.25840058022241885,0.2039359401958972,0.14974871738698783,0.11216442737582302,0.09460688574224718,0.08603897124883364,0.09389860079931331,0.13561954138365076,0.22571731338288692,0.28666683890983513,0.2376888934258725,0.1943185073350288,0.14957292351293724,0.11364702825297547,0.09502162030508854,0.08532152085768731,0.0885265005033747,0.12283376129232003,0.18026464814705878,0.26361001049002597,0.22242229083839557,0.18757489333502383,0.1497692510256698,0.11516719689524689,0.09637737587028575,0.08566478948295354,0.08598829179080149,0.11193579157850053,0.15954843054153478,0.24876681984409593,0.21453964380920354,0.18505493374825469,0.15077901545237976,0.11762460952692334,0.0991700146588527,0.0873553057233571,0.08637950653080853,0.10457852823458841,0.1415826520715028,0.23610091004349235,0.20875635660661246,0.18390469499684123,0.15235993762628577,0.12170251081183969,0.10352785601042726,0.09035132714405038,0.08863932310439583,0.10019368207342114,0.12223728061865691,0.2260863679579053,0.20429122278145545,0.18251322574836548,0.15540800280620995,0.1273771876519009,0.10941377404719817,0.09456026324655112,0.09145627843797327,0.0981988208303074,0.11181917489321115,0.21890244146313748,0.20050452604495755,0.18088355689073474,0.1596615340131029,0.1346806950125115,0.11749952930359481,0.10014845401136462,0.09442632881734249,0.09702693341592336,0.10413691075991484,0.2143418287943853,0.19792173661774576,0.18038588007971346,0.1626067638290255,0.14164512443210517,0.12752811338259895,0.10593694767367497,0.09641030907851209,0.09655055271906464,0.10072147143467365,0.21127243459458292,0.19707708685164205,0.1814186600520943,0.16332801127234228,0.14545356204401974,0.13626331860071603,0.11419573713476319,0.09774896199455514,0.0963032547969565,0.09966160554607816
2018-05-29,2691.7242,0.40879791219246986,0.3302736399443591,0.2561141600626113,0.19441665543762707,0.1488541736416527,0.12652497397624607,0.11346958728489191,0.11707000685659967,0.15243279794270725,0.16808734525060195,0.37083050761769976,0.2973512139016649,0.23860096822795185,0.18772402874319763,0.14597825139581447,0.12304101749748655,0.10892419875187269,0.10826615452827086,0.1352292335891806,0.16019988344279268,0.3197985996880487,0.2672760658413991,0.22395551938556832,0.1819042922015618,0.14316652346348763,0.11980567426526538,0.10475461763292968,0.10102794074496917,0.11750256701618987,0.1589603054151185,0.28792360503197023,0.2507274937509832,0.21550770510674258,0.17766282562523636,0.14140118330829793,0.1187160457839182,0.10295197136673072,0.09869206116225171,0.11161627745236881,0.15405537737174882,0.2703301120603352,0.2399177235493149,0.21010169453058639,0.17472376353477012,0.14127888670261457,0.11965996140237899,0.10312597495251465,0.09794371311994861,0.10677085647716208,0.1390502849428249,0.2555499602581425,0.22978826300682656,0.20505220975751326,0.17317760035795335,0.14265613647111605,0.12135617644826481,0.10424026358421196,0.09818788250675023,0.10257966511442006,0.12413280699239054,0.24272210391271873,0.22173674834624937,0.20023846369193812,0.17299443044450866,0.14540432975123999,0.12386052523426047,0.10671639349160901,0.10016870254939966,0.1017072498166817,0.11229266769043629,0.23269053362134848,0.21461212964905452,0.19521092705321133,0.17314550782602464,0.14940658300959742,0.12942382083613085,0.11187049886854,0.10342349371531294,0.10203605884382837,0.10586235026495167,0.22694226696571726,0.20901321521526553,0.1914422390914238,0.1735116103282498,0.15275434083561426,0.13559291304114104,0.11718585072872816,0.10601367757532515,0.10257100587637083,0.10409211644630201,0.22303543516383292,0.20472395957015577,0.18978403793170295,0.1744433095776531,0.15531949251595165,0.1401679287595479,0.12200353774078623,0.10861487746764796,0.1033578123228937,0.10367093653316375
2018-05-30,2727.1034,0.36676249135967737,0.29987909467880836,0.2327771629560486,0.16695648946737998,0.12269193592944555,0.10471125820190905,0.09701900215313465,0.10539487576618749,0.14883424696337416,0.17572879292109164,0.33041870871316015,0.2746867848649352,0.21679748091312728,0.16289044415318893,0.1224747600568902,0.10405937887061066,0.0949353152625068,0.09922905448501389,0.13206296165501058,0.1644471272804321,0.29829421153653296,0.24962085596790193,0.20462220647447202,0.16066359201736782,0.1225935085902117,0.10356217850260808,0.09337273192204049,0.0964041354629086,0.12046971938237588,0.1533593784855217,0.2809473566439274,0.23661725338155012,0.19891721207358706,0.1602363471142984,0.12447786012228766,0.10465877847560219,0.0935180303755806,0.0960032460642873,0.11598454303179964,0.14255244748574547,0.2671721881019681,0.22870196091802078,0.19535513507790953,0.16018499217257523,0.12728286655702353,0.10697853250952839,0.09494812090662431,0.09558610211283645,0.11099899803726912,0.13172802950097084,0.25195079221015443,0.22020426398729692,0.19176449928425077,0.16105925018944423,0.13064016009810508,0.11004457273511238,0.0974913180037671,0.09574748979254173,0.10381445338594295,0.11935551628477209,0.2387015372773769,0.2125747705165094,0.18940567570563574,0.1634712424034983,0.13476463121761634,0.11425801449163243,0.10115470171754995,0.09777047147426836,0.10039772432750824,0.11003363789936901,0.22769277950419145,0.2068715288504085,0.1885724328931729,0.16640986063638208,0.13966744259424013,0.12127665094270873,0.10651824687314915,0.10078412477452252,0.10057932236817711,0.10690834088429196,0.2208836435659961,0.20325827779706773,0.18851688847768497,0.16773272789441754,0.1448935152075906,0.12913072178122867,0.11154884874017325,0.10356938163169929,0.10180355713056248,0.10498660943864115,0.21666988247023233,0.2008510652676745,0.18936275167074532,0.166192309243942,0.1496383394993971,0.13572959003187182,0.11642716559578653,0.10688618332652965,0.10367713493874374,0.10263099650325763
2018-05-31,2708.3331,0.38317135899577115,0.3057160829384198,0.23367929063273207,0.17312915088324318,0.1295736805933467,0.10970596500212179,0.10002678153850979,0.10281989022854163,0.13544897570121947,0.1648818430204563,0.34618924921834465,0.27751197374989733,0.21891745003941243,0.169145564029838,0.1289322172269632,0.10827983609301242,0.09757676987710964,0.09765856724124782,0.12805925728795128,0.16512236524406107,0.30720731667115914,0.2529674138647077,0.2080697674691019,0.16657287706100557,0.12885395658568372,0.10750618477042612,0.09603924809113276,0.09501143518453482,0.12197512944012794,0.16228510095770718,0.28079683638643793,0.23842946946222146,0.20197203823367313,0.16541819732711094,0.12984452052641773,0.10861416271141866,0.09646511458272951,0.09502329180679575,0.11501361412081267,0.15268755861356245,0.26582792329605465,0.23025746160829402,0.19878214939955938,0.16491462002739107,0.13172403142940795,0.11098275623130784,0.09806481089636446,0.09574537913545166,0.10914437925247328,0.13484194438355163,0.25270854182289465,0.22331376775854295,0.19571454007208405,0.1652661716228645,0.13494562863164788,0.11445174347761537,0.10035601169993437,0.09689691088094186,0.10397909312610798,0.11423422289318641,0.2405188727543035,0.21700925924937473,0.19286812083119953,0.1670703076164428,0.13901346720987381,0.11901974570169081,0.10341130499238033,0.09929723081096925,0.10178518826486636,0.10942272786306154,0.229201978722461,0.21117950712687178,0.19117010502907747,0.16959054267636678,0.14396043257672322,0.12584301078357518,0.10840472417592695,0.10255786096290112,0.10220630248640018,0.1084964508490068,0.22200908129694752,0.2076806503112253,0.19020866714027468,0.1711889571610059,0.1496142173839168,0.13407906942467349,0.11373299145191551,0.1043200245638201,0.10266234298136075,0.10644293537500933,0.21716701232045935,0.20548826252176872,0.18886911833132072,0.17106606169341912,0.1541623118999426,0.14142548015842746,0.12070413681844135,0.1053100649813106,0.1029388613131244,0.10384386172591305
2018-06-01,2735.4326,0.35713363980487306,0.28447067549524896,0.21835864111796424,0.1561603679830403,0.11418799095122979,0.09722638690682993,0.09123408928964555,0.10649029205849415,0.14989413812881885,0.17226985955346075,0.31260062498265334,0.2600710091003999,0.20639925684321403,0.15401703603926448,0.1149078921003116,0.0968097157460705,0.08890435811082241,0.09629746236564973,0.13117981824382738,0.154516679683019,0.2838330984519843,0.2423122204344473,0.1966432371064129,0.1527108075674847,0.11625426276978543,0.09738390356580327,0.08843454177789875,0.09265425731026554,0.11765390538843773,0.14067994834766764,0.2698778182783791,0.23067540487094745,0.19072752947266158,0.15302480950704678,0.11888869441871226,0.10004700242770392,0.08998688426101653,0.09302100125910621,0.11230030323185568,0.12684057063082413,0.2571898225303633,0.22245879137938898,0.18772320703872084,0.15386764539327125,0.12229553461958916,0.10392748597381563,0.09236382529226428,0.09353496337309242,0.10985362890125255,0.12140055356279851,0.24237134489531914,0.21526875838972973,0.18574432497280033,0.1551046483036589,0.1266848483069724,0.10850687605901141,0.09553005051947648,0.09411700818406625,0.10547869037868228,0.1150107917959113,0.23064482967688643,0.20999930486765028,0.18470096942542438,0.15727746718813043,0.13168601394531074,0.11355334152910229,0.09949302586716638,0.09597815335478674,0.10018146278410464,0.10885616888132651,0.22144635110393365,0.20485141290590303,0.1842497839670793,0.16011065209226724,0.13719130745569866,0.12089001382532479,0.10544675742500642,0.09885714597988798,0.09893467243445413,0.1064207159405557,0.21580242317081,0.20018174120115348,0.18456412396899888,0.1621166003956736,0.14195829534254523,0.1285649725170003,0.11231318486837212,0.10227164362152893,0.09953682062239265,0.10354530046918761,0.2120911297198516,0.19735903958835085,0.18546582386345978,0.16273485869274254,0.1453448221352629,0.13312098553240462,0.11770771090166864,0.1063512258676787,0.10058432206361777,0.1008378792146156
2018-06-04,2748.9436,0.34409335837697025,0.27897449297665905,0.21675457887588492,0.15342155688685238,0.1121436165048118,0.09556048892337708,0.08947154958076826,0.09481652381763041,0.1456178332489857,0.1748054873332207,0.305180535340366,0.25415968519302434,0.20285685648270685,0.15006373841158613,0.11090583327678145,0.09355591755941774,0.08642498879131497,0.09008602351736497,0.12178043762548876,0.1748054873332207,0.28118641492688085,0.23605153093181688,0.19387846552649413,0.14882189687455777,0.11143991132638095,0.09403468930396428,0.0864229813464181,0.09007554036247596,0.11540367207796556,0.14374604596116877,0.266206577913915,0.22496069206729066,0.18874781435276322,0.14875859333054026,0.11396048842165458,0.09681399156801532,0.08829990743078968,0.09100827017667257,0.1105976729623635,0.13808902131766773,0.25094626793324626,0.21623966617302812,0.18544434745460736,0.1493429849431864,0.11756686404946562,0.10057870995949805,0.09076697971004351,0.09168034716899791,0.1045663517510851,0.13467323978747195,0.23462802054793844,0.20936018668838327,0.18236917876299,0.15138215836373747,0.12229180996234815,0.10496281338516225,0.09354505644291303,0.09251877779228393,0.09870902863286954,0.11473621772174845,0.22540421936919589,0.20523370380361225,0.18001792062887303,0.1546810789670805,0.12876464946834792,0.11066618532231763,0.09731575245268013,0.09495771932796304,0.0976912080969531,0.10240959261202665,0.21842601673150358,0.20035220622641853,0.1789345182568262,0.1573738714464562,0.13617111757799694,0.11885234817311499,0.10300945209794542,0.09815890027287048,0.09822837860307702,0.10040176187111186,0.21261902703325875,0.19592114300879412,0.17962738851928656,0.1592878731264833,0.14150386101323165,0.12581597335213338,0.10767961709488492,0.10077930581782978,0.09895697642253704,0.09862662551511059,0.20904117550315562,0.1940370883264264,0.18155111480570396,0.16107720766697126,0.14541271584546522,0.13154513293241904,0.11150172915071356,0.10381069006701821,0.10014973492714413,0.09862662551511059
2018-06-05,2751.0854,0.3267770431245141,0.2730557556065851,0.21516897681050443,0.15186933177858858,0.11070982884593089,0.09401406988352735,0.0874742812395968,0.09472325567052856,0.1258544387888566,0.14432297382844003,0.28857938196795907,0.25213340485333935,0.2017370253776144,0.1489545433414281,0.11047130024856051,0.09259893400558314,0.08525491903082084,0.09057223635771512,0.11147978002979153,0.12438387228105847,0.27671836368380215,0.23662992668034552,0.19262612994744813,0.14801581795440616,0.11177134230940046,0.09341847981551786,0.08541997041955988,0.08915904009636579,0.10646752259955014,0.11757323802870752,0.26771299083233546,0.2252669380493525,0.1874505538712122,0.14828990006711343,0.11408338190951312,0.096183806583935,0.08723824833176695,0.0893600418485253,0.1043553961522077,0.11419524713799059,0.25389652993168543,0.21533333591021137,0.18414084497996921,0.1496375830928707,0.11747112600583573,0.09994585955573264,0.08972777071113855,0.09040797149657312,0.10292563524130378,0.1115739276901459,0.23849576376504666,0.2076801946133056,0.18125164360703905,0.1527251422903601,0.12262308978880727,0.10490925679381445,0.0929094924661116,0.092311209417042,0.10238946497536931,0.10914408876630785,0.2277582855304267,0.20345810066149536,0.1796221953939416,0.1561448179925474,0.12890611095478766,0.11147278040338011,0.09750262966541887,0.09503094151399251,0.10099141061478356,0.1073658303420199,0.218502569590775,0.1998950171202142,0.1791176088652774,0.15879506895496326,0.13513612153393564,0.1194587231322271,0.10325099440914245,0.09733243082010551,0.09969912293232783,0.10586308017479355,0.21149711221299622,0.1969923856590466,0.17880248066221205,0.16132081913226637,0.1396732035065838,0.12576195955913397,0.10714731299640065,0.09916851314826777,0.09935082051402745,0.10368439836658648,0.20696900343252086,0.19559790042070319,0.17820780754899784,0.16362291899287582,0.14357057856436936,0.13208615711851768,0.11073392405479933,0.10238809563731978,0.09990513177761343,0.10142995431621589
2018-06-06,2773.422,0.3275532738569939,0.2713601792145033,0.21353681718298842,0.14677542885788603,0.10334631021334127,0.08745677045288508,0.0820072142007178,0.09070420422813624,0.1232912903662345,0.13473257696706045,0.2987055848203794,0.25127534079333746,0.19888926012754662,0.1418058217698395,0.10251895237916309,0.08641069017607671,0.08027173178563489,0.08593275735451021,0.1080505171125963,0.12280349836637375,0.28156066838767024,0.2346726317233039,0.1885014747204254,0.1406795297388637,0.10387416786534712,0.0873619681827276,0.08091189197623912,0.0866379885102706,0.10531077323887951,0.12785150987766858,0.26684254724528517,0.22136509251552378,0.18241225343629214,0.1414766520978307,0.10735888984354366,0.09038969608941164,0.08317153970435189,0.08866331784129289,0.10523072499840783,0.1303083837350742,0.24986293181132158,0.21149952981931158,0.178611441967337,0.14245625241383159,0.11159686040352948,0.0947324728890014,0.08664953188354661,0.0905872192501059,0.1035455382694652,0.12617029022613327,0.23361424907934009,0.204624528349782,0.1758371582136504,0.14454308120100623,0.11623723359967075,0.0998402043089172,0.09105058607017157,0.09213640788953403,0.10019611568514132,0.11610956272933841,0.22168497293754796,0.19971724216650205,0.174709080292898,0.14835306054884098,0.12194132866720252,0.10584262928297383,0.09628145670235921,0.09425543946440612,0.0974709922211959,0.10748043803231966,0.21304812482917165,0.19551422321440695,0.17493491021393862,0.152564593380995,0.1295547477411181,0.11392870986072863,0.10200952540843759,0.09641171382511633,0.09654524925049689,0.1034755751148587,0.20864710359585287,0.19323867603803743,0.17562199252689342,0.15535508039760076,0.13551792605879598,0.1212474789559594,0.1063169045679496,0.0983748977993766,0.09700437515263374,0.10121164610856714,0.20624092738256622,0.19200632921143787,0.17648676418749062,0.1576821366917511,0.13932189589452157,0.12694912079520543,0.11132166345021947,0.10104245497797158,0.09858742334678762,0.09954606285672712
2018-06-07,2771.8562,0.33223510940003953,0.28376630172073636,0.22342462089861131,0.15474653918855832,0.11016580678277489,0.09271182362929804,0.08617390371221018,0.09467121037194591,0.15495259289411623,0.15495259289411623,0.3055090787367936,0.256494121710564,0.20341760661691463,0.148885147453646,0.10902316445121094,0.09113931830282665,0.08355992482968849,0.08760888410994751,0.13798060188675498,0.13798060188675498,0.28757210149448775,0.23334845637840684,0.19066851412299884,0.14643436186218917,0.10956408934961694,0.09143925392526078,0.0836862897717324,0.08694303198233473,0.11567497438087729,0.14532496869910191,0.2715861706748823,0.22008898596231885,0.1841836597892552,0.14629009510720672,0.11164158681266295,0.09366488874775439,0.08551592677241013,0.08813314366512169,0.10665792894253873,0.12063266745438661,0.25320688986826856,0.21118344784251167,0.18054688356294443,0.14696887943588205,0.11461076326373904,0.09702056309130154,0.0881164827637418,0.08996112554836384,0.103981762100899,0.11751705712765245,0.2362465846746218,0.20530542856581072,0.1786475531726303,0.1484517187842586,0.1185530496879664,0.10153654302086737,0.09152941160075391,0.09206049902133735,0.10284829683000772,0.11519880537297078,0.2242786624298425,0.2015706429915972,0.17774079144028104,0.15134521993074732,0.12415504111848819,0.10749428115270498,0.09631991197649901,0.09493262754370867,0.10047303909593042,0.11028342492042396,0.21635451818221418,0.19847209999557192,0.17697102313450389,0.1553895826323502,0.13220039473948433,0.11623369070261108,0.10286309320799085,0.09764660146468093,0.09857418993204767,0.10671319506396064,0.2129051517176977,0.19660965410380288,0.17622987183770708,0.15806465647657045,0.1387876412700662,0.12479636233553723,0.10878831724195892,0.10030377031546503,0.09833659100665842,0.10407149900232371,0.21206831467577222,0.19524745331435914,0.1749055307024411,0.15913602485753392,0.14262665197630323,0.13045077594440185,0.11467943889270255,0.1043902112591529,0.09857524804967338,0.10110329340087011
2018-06-08,2780.8952,0.3321656889275826,0.2762490428707823,0.2161510366083348,0.14882781879195048,0.10631352378261859,0.09049587466502905,0.08474174951901234,0.0997329751621515,0.15440726840438634,0.1621605246335168,0.3034460582971176,0.25212470904620143,0.1998400515998184,0.14450333189645465,0.10575280501844736,0.0894216627575596,0.0827797661485625,0.09478538436177024,0.14466891505887472,0.1566842518525756,0.28257767498390063,0.232638114425015,0.18888755431985216,0.14369483015951884,0.10703608898678285,0.08988230243058414,0.08274309789839604,0.09115820942412074,0.132709224066542,0.14747313610198787,0.26596651962209844,0.2214188492658567,0.18390944274190135,0.14461186836930232,0.11006928625481438,0.09244218264605548,0.08435802848022023,0.09002425884284268,0.12048826430613041,0.1325732487032168,0.25015374383605365,0.21349113873959863,0.1806006673391035,0.14546627891153657,0.11397673051735904,0.09666770160564374,0.08721246066349818,0.0902548194084554,0.11003950916370708,0.1186736315026931,0.2357548618317344,0.20684091169428762,0.1778568709003843,0.14680101149715033,0.11852376575468672,0.1022770166655151,0.09154285944292646,0.09149606457750141,0.10278927499197317,0.11000198845036721,0.22402249473728794,0.20154696458507887,0.17647434698018824,0.15012105199076706,0.12368090646153682,0.108652705597652,0.09732807717526618,0.0943791115891307,0.09845699957955603,0.10640989986854689,0.21609774204895837,0.19679832184917542,0.17636129405472803,0.1553617727889287,0.13044659810816123,0.11658418138667732,0.10455615651371805,0.09830322811651193,0.09756407108111284,0.10424229563058707,0.21276974255127218,0.19416149925641554,0.17685503424259608,0.1584320806461212,0.13660073244380308,0.12356736635563036,0.10904363025240925,0.10081846845218534,0.09878801469753316,0.1011331482804708,0.2108855541420146,0.19309539646990745,0.17790385716629467,0.1587229745550738,0.1408114502739669,0.12876154614192456,0.1125525863359536,0.10234561202083423,0.09964791845865781,0.09918161004130406
2018-06-11,2786.1651,0.3273950284737465,0.2751413990214566,0.2145333473568328,0.15091401655915473,0.10913876847322218,0.09314576714848555,0.08792962328430307,0.10019623966456562,0.16549045499516546,0.1864355568098432,0.3007919412811682,0.2545107460320631,0.1989647161815697,0.14571853780852279,0.1072216447341435,0.09095083635746508,0.0847395316535549,0.09268948617996992,0.14325589587478477,0.15910259946987784,0.28287073206910224,0.2366002710257301,0.18884493529449958,0.14425414623988986,0.10764934682614336,0.09094028137419738,0.08424256844582236,0.09095869422042234,0.1325988504660485,0.14690525384458059,0.26796390614821153,0.22367954325064945,0.1831471990751889,0.14490021927014005,0.110124482341369,0.09291354149434468,0.08543427891553355,0.08947037447632811,0.12202106792034421,0.13830910338507746,0.2533647887266273,0.2136741260845396,0.17918863905517596,0.14576161622942227,0.11353818852814809,0.09623138119222893,0.08760980923954186,0.08882999899371637,0.10588618937478297,0.12280033670577661,0.24011672510080487,0.2057971458023049,0.1769336742893252,0.14786181261955025,0.11808960079424734,0.10106700309787188,0.09117072101288858,0.09071309377530495,0.09679273589364482,0.10330186144219755,0.22730244233141983,0.20035845394789276,0.17623804309809568,0.15145707136849307,0.124496800941252,0.10774488790439231,0.09628528711037801,0.09364049615839683,0.09529692238575084,0.09867878824129775,0.21665606481041214,0.1965468972534392,0.17616095508425775,0.15506547518115799,0.13220943270174668,0.11656619005047394,0.10238333462610162,0.0961078339486131,0.09549839123452926,0.09836179913181678,0.21125970459817994,0.19405803817730627,0.17675210212440867,0.1571997162422604,0.13761987938737186,0.1239334232392784,0.1076018488149782,0.09892615985315711,0.0967925808946409,0.09878147204925707,0.20789408490613023,0.19212695808121566,0.17808959553076173,0.15847967072517413,0.14139346693217866,0.12973943615011038,0.11344366096707759,0.10378101880109292,0.09942436983766186,0.09878147204925707
2018-06-12,2790.4263,0.32142731763867294,0.27778884047847185,0.2164867001070053,0.14883814118788638,0.10552774975911798,0.09028967535409438,0.08683675088525776,0.10616856656763002,0.17037755635298438,0.19226549495109377,0.2973763957548584,0.25468911403177097,0.19722867762303511,0.14263280096614592,0.10425175151980476,0.08894428371403755,0.08425514961502541,0.09467713890417814,0.1402977296252919,0.17134106611350683,0.278501396108751,0.2338179541802342,0.1862479004025115,0.14092626498192723,0.10546634125220937,0.08969545023318963,0.08429295597655082,0.0899685217039214,0.11449039679208622,0.17134106611350683,0.26361779968961496,0.2227011715437278,0.18123432018820226,0.14219091279998186,0.10861020677024195,0.09201174047920964,0.08562749111760583,0.08941856746893805,0.11143822455568807,0.15433501716224995,0.25066710857903196,0.21431119357468084,0.1774943220154841,0.1440461049233952,0.11265528515628469,0.09569222915485882,0.08784548717738129,0.08996934835435962,0.10849178564976811,0.13499329595786064,0.23916365238124443,0.20659335968419862,0.17541129493428834,0.14679356182546968,0.11767459540884695,0.10111094069196752,0.09151847655535969,0.09199170539892669,0.10370347698774587,0.11697113904943059,0.22661406006090232,0.20096603755030468,0.1751706326568147,0.1509448207613146,0.12378141356214566,0.10827813320141953,0.09673396776655982,0.09467961123623243,0.09859351257313644,0.10690073346852622,0.21564523988270046,0.19712417614549804,0.17559213454875486,0.1560393986220961,0.13126729844289267,0.11728963512943437,0.10227472989113351,0.09669197349376163,0.09638853277437837,0.10067206962166196,0.2102054305859416,0.19462909850229723,0.17609858705373915,0.1593993003627064,0.1376203390518731,0.12433447084692731,0.10639436510514814,0.0986730592314731,0.09677236364122976,0.09883759452036057,0.20758535731160943,0.19334051065333127,0.17647949888728032,0.16112182448476253,0.14358416926562037,0.13056138368730072,0.11084183130233768,0.10170204388414189,0.09765603661069366,0.09835396997874986
2018-06-13,2779.0689,0.33970529962848733,0.29069294572059867,0.22359821218282572,0.1532010580645628,0.10931846841953534,0.09409557177634631,0.089973331212382,0.10296990036078399,0.169986998179625,0.18267262945907187,0.3086589689802381,0.2602045719211364,0.20365631155860486,0.1472341072510963,0.10850322197887206,0.09311829039909676,0.08816596937944418,0.09657888208676679,0.14221122308911607,0.16559729777227483,0.29000541180598305,0.24069494375294911,0.19319812562841499,0.14620997517977846,0.11001502372168792,0.09385485318709891,0.08812935124841166,0.09507693159995317,0.13477462084363598,0.16115221684615283,0.27261837792965266,0.22776942638662137,0.1863340177965858,0.1471974151022227,0.11289897655617587,0.09593631532460282,0.08920891907336206,0.093110798406131,0.12710790756816878,0.15619680417525975,0.25276147068009047,0.21589726419312696,0.180900822801608,0.14867290186422988,0.11669550622961526,0.09922793390736734,0.09128941334873494,0.09200007725808712,0.1132874258083677,0.14645370586717227,0.23928752049200608,0.20806404402260048,0.1782225532443143,0.1508882647495475,0.12180310351926123,0.10417783642128121,0.09482615578404285,0.09330407049584033,0.10290489454379527,0.13113355544565497,0.22946879946373047,0.2028192732565641,0.1778074347370267,0.15377061544261214,0.1279919355062648,0.11068768582772033,0.09993880464949995,0.09634692060324854,0.10021492242511594,0.11406865372720065,0.21929391119886857,0.198284765562246,0.1783078640000988,0.15677747454809626,0.13456533959462522,0.11861598051799492,0.10641040936250566,0.09978138673585234,0.10011259838184815,0.10381782691640076,0.21305197780170437,0.19563820055785236,0.17925031800302899,0.15889479570492074,0.13871028189295612,0.12472163834255913,0.11170792166440958,0.10228294640648358,0.10065261686312758,0.10075295495436275,0.20936208302773013,0.19513213145940955,0.1804485139992215,0.1609718803218375,0.14165324152688746,0.12946406316442888,0.1170762025999146,0.10495396919588912,0.1010104526642733,0.10002514213788241
2018-06-14,2786.6205,0.33494482070755943,0.2853168322152082,0.2193577549031295,0.14361820411772258,0.09992351639388374,0.08668741031683751,0.08436518544536965,0.10704831668373933,0.17660939928601888,0.19414844347554366,0.30399858227673915,0.257377675641044,0.19940462025614242,0.13856079550627645,0.10084663633756703,0.0872505982507463,0.08372676784067283,0.10079521366198807,0.15411589471779466,0.17080360561334967,0.28435172808229003,0.23777167911427313,0.18836133596690185,0.13900305920496875,0.1036207598052187,0.08903213616744977,0.08460342248837509,0.098515480076966,0.1449297447770024,0.1633230386386224,0.26840576373069647,0.22316477528829914,0.18195181112606063,0.14141971498841907,0.10735243868184295,0.09173779815915839,0.08604924676617097,0.09488809564750707,0.13441438981955448,0.15775132333334763,0.24915947969613714,0.20897117438913132,0.17805060131955247,0.14353372106991882,0.1116823922818158,0.09553468511672364,0.08837732310654116,0.09195082028797875,0.11358551742462661,0.14045930464451561,0.2341780219682329,0.20091389839210222,0.1773522571014952,0.1464259969212998,0.1171185979107343,0.10081115673051244,0.09189238821563117,0.09283147306723372,0.10192849392792132,0.1143763360323938,0.22346631628788705,0.19789419071011094,0.177332328141055,0.15084384348139432,0.12413996857263375,0.10763849967447806,0.09634816890551413,0.09513558113112837,0.0987952353004469,0.1088994177281885,0.2149143653163344,0.19595742884028727,0.1769577910326052,0.15532831119909615,0.13230592278535433,0.11694688601648827,0.10201008711748696,0.09763980505190933,0.09833103362985961,0.10560572276002014,0.2105065617676039,0.193861102969069,0.1777078693050573,0.15815083974104793,0.137657034810474,0.12456019737948877,0.10765121093388472,0.10066860009937323,0.09932194753554577,0.10102029759969912,0.20885849551430505,0.19134021205821544,0.17951701730196934,0.16052207967329812,0.14156953008876724,0.1298098685815986,0.11272621877128886,0.10349035157344025,0.0999807849676354,0.09912302356519269
2018-06-15,2782.0104,0.33077663843517247,0.27634428262031935,0.21403455706230884,0.14295112076352062,0.1000938528868379,0.08525833023522071,0.08127035353720502,0.10641556939229094,0.17803675184457995,0.23890043531580238,0.29725201606152196,0.24852229774369067,0.19556896514860683,0.13966228155506394,0.1012798161646761,0.08573485792900941,0.08077595134499387,0.09594009232202699,0.1487712868651801,0.18767985283442004,0.28061278858068717,0.2323291595401119,0.1867375385991395,0.1401853549591779,0.10401335405156174,0.08767653704832755,0.08204371374259703,0.09232579885907467,0.13706469601032373,0.16615272635166672,0.2613653377719457,0.22036638496314373,0.18154267888062867,0.1418486216470961,0.10757530395782795,0.09090618736832369,0.08442606927223117,0.09095572680685764,0.12578620951566044,0.15729672206646306,0.24229411062052728,0.21060340607675082,0.17833237948772646,0.14347078340284744,0.11225081074276384,0.0956430563943809,0.08786169151155898,0.09055179319572515,0.10938787936711127,0.13537274931387847,0.23150980790853587,0.20476110229682032,0.17787743537399364,0.1460107201494469,0.11819967521066695,0.10150766412374651,0.09195888159623285,0.091814315157854,0.09914479100150568,0.11067288102461073,0.22363442845765993,0.20051797459561185,0.17832426594991904,0.15061994896736014,0.12520018041227218,0.10810589890360024,0.09661429083129816,0.09467430461024309,0.0966939142591999,0.10679080033318732,0.21693085241654037,0.19707948856764035,0.17882970490897457,0.15652831536018388,0.13372547653242844,0.11767283168297253,0.10291353470940286,0.09751967119107008,0.09664080073211571,0.10656145233109006,0.21348122880220874,0.19553765929145664,0.17965706674681067,0.16056755700158123,0.14055177175587155,0.1266520048156862,0.11021884501126834,0.10059402454008202,0.0974098660908886,0.10644315724187199,0.21171185043485466,0.19519684606109655,0.18107362718071665,0.16298158469434132,0.14569040828224772,0.1340460406440069,0.12061094381893434,0.10645529559044821,0.09916107417325543,0.10603696779681024
2018-06-18,2777.0627,0.3332549706136532,0.26975803984818275,0.20802320616852188,0.14529523959924454,0.10464315462565499,0.08891339205382166,0.08359864181132665,0.09565667293092794,0.17445480825415277,0.20894010983704941,0.30356285945373973,0.2462437866141465,0.1956328150999957,0.14306078050936402,0.10494421004700988,0.0884907021201268,0.08234793684388926,0.09276100392446282,0.14812983688248413,0.1838695507975749,0.28331625628509755,0.23352375870170886,0.18888262404506437,0.1435317264068097,0.10711635738795862,0.0898410879291719,0.08306859912825863,0.0912123041522159,0.13144708620000267,0.14955756246517402,0.2620430888968932,0.2217801836718897,0.18288833865467052,0.1441430091353194,0.10977904733821534,0.09223484103978019,0.08466147880351396,0.08954900266717068,0.1217375431645685,0.13542792309035084,0.2446753541555411,0.2121906759163874,0.1787733494414997,0.14554789033358653,0.11339470925867845,0.09598247011861592,0.08723710575200232,0.08926194179757181,0.11056116428288917,0.12487039792288791,0.23206239499897793,0.206047666781757,0.1772884143588859,0.14913474434829976,0.11884774986483918,0.10171055237550078,0.09109839319132318,0.0906139225765301,0.1014946771312444,0.11179946305754555,0.22331029104366845,0.20260864603520073,0.17728285516070996,0.1541142899969933,0.12528100691449484,0.10838562866451364,0.0962540502585856,0.09357975463658498,0.09847716190105077,0.10711360063025012,0.21788835427902056,0.2001440386100573,0.17798221169131706,0.15904615244700512,0.1335563584780558,0.11605047831305355,0.10262551249048622,0.09680958027205933,0.09798091012887943,0.10380470947987525,0.2147204885430817,0.19795995991506313,0.17928811580533316,0.16198033352593466,0.1419517892756584,0.1243332112364684,0.10945634357100106,0.0996110571536552,0.09812528788440991,0.10046571926435795,0.21265982593934177,0.1961376812298546,0.18176206712335224,0.1638186723488205,0.14886430145859414,0.13331541057354881,0.1198628206918742,0.10539930748587482,0.09899109628628866,0.09933237415704861
2018-06-19,2765.4558,0.3392653690115252,0.2811691644376945,0.2169572194269359,0.1532963524803817,0.11278623135744288,0.09555369782782594,0.08751275794518001,0.0965709984632634,0.175180792296218,0.21026127037350983,0.3115297904367217,0.2579353907300442,0.20533453274036084,0.15258942134458395,0.1136295569775351,0.09518696744477906,0.08657740517443924,0.09528402113266085,0.14327041340092167,0.18476129922711493,0.29519046156785483,0.24643765780853055,0.19894233915561857,0.15308471868303128,0.11551643747443142,0.0962496841674645,0.08689732860472933,0.09321488912037086,0.12369771595724276,0.1459369708957693,0.273628767257644,0.23261599633371466,0.19234976402958134,0.15306598759263107,0.11727295424717084,0.09821967277105693,0.08809915509483175,0.09102476345743538,0.11366668985208578,0.13100068018506447,0.25238816855936774,0.2199655093768131,0.18737805346304062,0.1534896980617908,0.11987751316513619,0.10179792414366126,0.09092679537809087,0.0909487295457469,0.10508434376944122,0.11571665359019688,0.23748364696549037,0.21195065438012575,0.1848463274804766,0.15555755319943354,0.12410927704834349,0.10691006264673888,0.09506387683085259,0.09269202925191031,0.10014792410149317,0.1060182267903166,0.227098121935641,0.20680099962827247,0.18419477330709494,0.15919196826319448,0.12968058212195557,0.11294000075563898,0.10032106133575631,0.09635301997960505,0.09940295451866034,0.10477402246947835,0.22124709605754656,0.2034292976267598,0.18455832809134257,0.16281114321828632,0.1376192519840165,0.12165430183623775,0.10677265001822714,0.09983764162544577,0.09966261626100956,0.10356777012576843,0.21820361664463597,0.20144071600217242,0.18525322215557743,0.1650267143566099,0.14497021519329287,0.13070347011942052,0.11273085314093233,0.10273929369670008,0.10007021439201619,0.10155782453287458,0.21442220219934463,0.19963476231942048,0.18592910204850907,0.1674841685233314,0.15058333245414068,0.13828643899696447,0.11999583308817616,0.10659897350780449,0.10062155200727384,0.10044652415531247
2018-06-20,2770.4116,0.32531831017119966,0.27779069599482575,0.21885322940210486,0.14963353340035662,0.1067838774601167,0.09049403947031955,0.08359288291481985,0.09678514895953384,0.15238721003954123,0.1873819420947087,0.3080522053101446,0.2619127808305855,0.20466217391904623,0.1478145490280876,0.10842541856464188,0.09093808512869214,0.08321058606010291,0.0950611127435775,0.14033188734767477,0.17022918498657386,0.29502284736745465,0.24816589961613225,0.196385010116702,0.14787119908806926,0.11095091085655512,0.09241576078718096,0.0837523111489523,0.09238652409065062,0.13289100957035094,0.16525131415565994,0.27572254115138234,0.23091178488592104,0.1895029577693035,0.1478248438714527,0.11352567958511128,0.09471605246991745,0.0849819077462267,0.08886240552939745,0.11518471176459233,0.13884741062583833,0.2564824078093086,0.2175133986084674,0.18450419969106313,0.1487670951226267,0.11699496241455767,0.09864312744038731,0.08789348863382516,0.08872083907454513,0.10461298132201519,0.12025952734920625,0.24281028260189233,0.21064103727020114,0.1813556532449695,0.1513471204593898,0.12222637204947637,0.10454090676096893,0.09243018952665319,0.09076925120491594,0.10165412524808853,0.11448372718733692,0.23307892101122554,0.20672207280655658,0.1799697193058279,0.15467673966305368,0.1282665074431306,0.11200575656908733,0.09866112644314225,0.09414507327587393,0.09860206590563826,0.10552081289565683,0.224079077929863,0.20353613397529396,0.18025551687462926,0.1581399390903048,0.13473682955770763,0.12051600442929947,0.10579605529303536,0.09788456945132808,0.09784295245006,0.10102159463867462,0.21690736993707496,0.2015820706028728,0.18152137857502598,0.16186802684068607,0.14119691408168844,0.12787911689931047,0.11238397632466834,0.10208090263137914,0.10036436358925371,0.10171543032302144,0.2121252764224986,0.20018431332146086,0.18293399472539998,0.16567750979451976,0.14764164237403138,0.13491779296169176,0.12158050641993404,0.10963577482351948,0.10036436358925371,0.10579918054510544
2018-06-21,2751.9697,0.3540243509187584,0.2998291056722084,0.23390285455855708,0.1707755659684314,0.12639986411600257,0.10571653770175346,0.0953700526589859,0.0964252641704348,0.13311680506123563,0.16007817441735503,0.33093677470017013,0.2720900399931064,0.21952436987296695,0.16704945415948294,0.1254950764047779,0.10475313370687897,0.09347371913203106,0.09395627912372136,0.13315481181335886,0.15895573455746803,0.3075798955216108,0.2561453071834176,0.21178697683945044,0.16569762498478033,0.12605568028836672,0.10476284203424015,0.09265673009365893,0.09254159358237166,0.12579884669446645,0.15110398130240513,0.28326854825588593,0.2421098265518869,0.2036223130082507,0.1639986721078029,0.12661709714030717,0.10539309875466922,0.0928606912914435,0.09264461635986142,0.11546713915448951,0.13587830669114784,0.264334582361818,0.22939272702400196,0.19657560093267418,0.16254435165798317,0.12779988304605233,0.1077975105387344,0.09468228192788532,0.09347467657164217,0.10844650501259234,0.12615263785000713,0.24936928426459937,0.21898031160636486,0.19195822558436162,0.1627473200455693,0.13083460790855275,0.11235176345933416,0.09789888160130968,0.09460500129553617,0.10356232539854153,0.11699471076545168,0.23694519913655993,0.2119515920897172,0.1892762042415603,0.16477278114323457,0.13565955637743501,0.11783881837203697,0.1021573840540657,0.09700838456300367,0.10067198920670752,0.10793933575883462,0.22682041123032015,0.20756036803333572,0.18726458131966536,0.16696073676420983,0.14236318917356527,0.12463949168445862,0.10727952532591951,0.09950742417946117,0.09987249265840878,0.10426233868877655,0.21927544597646761,0.20461753514456227,0.18627223225491255,0.1683500085311374,0.14878031131031605,0.13247881387067906,0.11364655116563878,0.10284353506307625,0.10025641625673647,0.1017325450019602,0.21289285526991997,0.20150606987363104,0.1866781204614672,0.17014123969221506,0.15474268480546063,0.1417866488509907,0.12419534481459957,0.11104738980381523,0.10462179087907324,0.10115319143240674
2018-06-22,2757.7402,0.34882249296803014,0.2915243603980926,0.22243118686897106,0.15838471124280099,0.11481258676635407,0.09592490368534852,0.08740993274171542,0.09390628558699696,0.16626847940943834,0.21140611526905873,0.3364251123379974,0.27171039301862093,0.21101033082029613,0.15840790520421882,0.11758455460257833,0.09696308282087109,0.08733970536614234,0.09231038999204011,0.14528248170356473,0.19762538352011494,0.3156614046881528,0.2528626630031603,0.20265831615249544,0.15858064541278213,0.1202373769857332,0.0982703727828112,0.08764999371612481,0.090510377711142,0.1314380382752204,0.1819231075293799,0.28566421600719755,0.23710212581332804,0.19606920007052608,0.15789779611548987,0.1219825549373393,0.1000738700173382,0.08876717926446391,0.08977869734472824,0.1160483331892232,0.15159214808874008,0.26529954245975534,0.22764147314678712,0.19186376443275102,0.15731543313145,0.12414900635135055,0.10378796404593847,0.09153788783482614,0.0910584006425846,0.10686406454045305,0.12998428973917633,0.2519192045352118,0.21934510558092754,0.1889199962000731,0.15857677515005061,0.12820751118524537,0.11001257583667645,0.09632253378790952,0.09356642290550618,0.10248611092528856,0.1167099424421146,0.24104128297116947,0.21115849537757267,0.1873844638305142,0.16188605267591208,0.13350299742360452,0.11645109451027447,0.10173706826193031,0.09678622988887647,0.10040199488008372,0.10974012934362617,0.2300377359683185,0.20541588613580405,0.18697533873273575,0.16541115103005227,0.13989489143422693,0.12396284576234577,0.10732613637989394,0.10005847385717541,0.09992004999444863,0.10614870196719511,0.22131936298344607,0.2021322958027923,0.18692626565482928,0.16773869925837132,0.14550438500852894,0.13320001044035695,0.11446828237568567,0.10628510998304659,0.1029971427757413,0.10355977494358415,0.21501965622545316,0.1990781137019699,0.1873707401106665,0.17046550324694618,0.15041277827837957,0.14158412709609725,0.12316732803714511,0.11579364464876987,0.11005145425635335,0.1045338972372442
2018-06-25,2720.0699,0.383205030359522,0.31872804426536394,0.2601696359981362,0.20148785578958908,0.15190024382453488,0.1271879677468704,0.11151312229107517,0.11067382888005263,0.15463509713468632,0.19006862435184835,0.3528829287655342,0.2968237165246702,0.2468505080048702,0.1956878006729039,0.15018140036375982,0.12544474214649687,0.10871051233106067,0.10649991463812514,0.136714147605594,0.18300294445591928,0.3253597372791254,0.2789693198489075,0.23575431103289157,0.1910020358230079,0.14884977035434113,0.1241931973433525,0.10670153231755791,0.10254905765223418,0.12327602410301133,0.17593818437174966,0.2984872861154475,0.2617240366382536,0.22507285547247552,0.1865798008519266,0.14782296990000582,0.12354343218606485,0.10568956012382125,0.10012803891485628,0.11163365439882597,0.14740429222658405,0.27839139141275626,0.2476128059443917,0.21598830016474707,0.18285908298370324,0.14800589210791185,0.12452340439775159,0.10625788647335928,0.09963881560716573,0.10574087243494355,0.1226765439064902,0.26469069218738456,0.23643757345705785,0.2089149691926836,0.1804859902249974,0.14968678352643117,0.12713166669943926,0.10807707745688361,0.10040800514850556,0.10349887415550202,0.11435522088196642,0.25280694252296404,0.22711998224123173,0.20388260488247847,0.17997411164396476,0.1525229255630519,0.13078413664724023,0.11161545289525467,0.10311390216028822,0.10265245905343888,0.10895587822637404,0.2400685170213021,0.21929944143446342,0.20011918968508544,0.18035505053113207,0.1559417636631201,0.13568102760839615,0.11659947166113319,0.10683558067930433,0.10328546680591667,0.1063056706890422,0.23100856531232009,0.21473013274975397,0.19764626351274434,0.18038588987562015,0.15823116627229264,0.1409837163547034,0.12043810908851925,0.11085157801537397,0.10573363348218165,0.10516020916205404,0.2235229641348835,0.21038554617786334,0.19469050878803365,0.1799879376595615,0.16153619716134376,0.1484874878252926,0.12501892216347993,0.1155050707845076,0.10963551639663369,0.10640035423153846
2018-06-26,2724.5761,0.34866448277771617,0.29418778281672187,0.23780323613269314,0.18374507455630668,0.14200610025116742,0.11942347614275058,0.10585562969530136,0.10669632036658307,0.13377556060477208,0.2239690032707116,0.3301376700525801,0.27906463004476034,0.2312185179395596,0.18263158117484396,0.14234665692919113,0.11895580257519321,0.10404783842902375,0.10416033910740415,0.13012935277085338,0.2010365508123923,0.31184311950035054,0.26588881821911436,0.22471017850156821,0.1807337523053798,0.14206088604800968,0.11826714961957913,0.1025021388920166,0.10051685648254327,0.12398530806790371,0.1728067003603012,0.2922697363663902,0.25236771333718394,0.21757803398599573,0.17859110530460776,0.14173082559232747,0.11826703927226843,0.10208709968034578,0.09768312779734858,0.11402040025052185,0.14651740182914416,0.2749747848328462,0.24057106354787447,0.21107563362502516,0.17668161489025228,0.1421199198630599,0.11994197809016913,0.1032664253773781,0.0968764446301633,0.1049371061177504,0.12632037489422307,0.2615833488084121,0.23084286046595104,0.20505218450548848,0.17548508484192055,0.14358308070131084,0.12320354418637,0.10551541843759883,0.09775597940774275,0.10043911081373397,0.11222110584768892,0.24758783814196356,0.22133987806916616,0.20011686276483337,0.17621132740303944,0.14624687819122095,0.12786142471579398,0.10903569407754081,0.09997928450580057,0.09963432783656494,0.10692138606994406,0.23481089838212466,0.21449498186943206,0.19699047403990141,0.17729263382374882,0.15037719250444734,0.13452876871541805,0.11426217470681517,0.10248652055970597,0.10028253581660437,0.10555591920438873,0.22719946959443188,0.21100130608097684,0.19526449924545228,0.1763220226707986,0.15468556942603393,0.14142245267868653,0.1210700477927905,0.10793642529252775,0.10419723069016051,0.10528642894567761,0.2188381814695624,0.2076564642225366,0.19250111677118995,0.17451347835673614,0.15898204665292984,0.14855146652408235,0.13123822199132612,0.11918742825255016,0.11160533989933272,0.10730500476954435
2018-06-27,2703.8572,0.3684788494298094,0.31555295786621296,0.2567843783920063,0.20232120438601586,0.16187932861026874,0.13848402268645557,0.12148152960952775,0.11751620449674205,0.1421682636471621,0.16992046394970264,0.3471095191282945,0.29621374382546833,0.24670565798623387,0.1993097539829869,0.15958502899534754,0.13504450982055788,0.11726640954664629,0.11316707657923945,0.1332197302707456,0.1619481584476533,0.32503623644222657,0.2809631529173608,0.23883896675927296,0.19588566711342614,0.15727050522940622,0.13213895223723485,0.11373603757603558,0.10790377307679876,0.12066912947231863,0.14511238163849988,0.30192286621582326,0.26588426160809886,0.23030564955581934,0.19178472455675724,0.15523402342317108,0.13042390559110198,0.11150791314329496,0.10362670413730898,0.10786237204925582,0.12056515683130128,0.2820924305116239,0.25241248285787266,0.22183406666645855,0.18813583077752613,0.15422639025478427,0.13084650046444748,0.11143009767488735,0.10206756680825295,0.10240081301106942,0.11338736150684928,0.26914268902937816,0.24244995996521088,0.214788930538967,0.18595723764429156,0.15495016805494466,0.13314092973900185,0.1129616129640898,0.1026030721849823,0.10168248733084048,0.1078480004760377,0.25808731790362915,0.2327646313860769,0.2094802633688098,0.1851924864623573,0.15741395512390566,0.1362625766272526,0.11538819293230951,0.10456731683825404,0.10203001599930055,0.10527226205963071,0.24383102624839356,0.22267484930440784,0.20542913031824808,0.18473230656427675,0.1602039203558477,0.14030579241378882,0.11888805126923506,0.10675407029855495,0.10268546760954644,0.10416482101098508,0.23270960767243837,0.2167603051210645,0.20288767458181275,0.18329655871836273,0.1614445708379823,0.14550000470743188,0.12315466049548333,0.110281029675043,0.10483401838146267,0.10356844692522288,0.22364053662646485,0.21251767002243327,0.1996536648991361,0.18076235661264112,0.16351525808150524,0.15216535492160965,0.13143534682405145,0.11930077473086476,0.11038043062463423,0.1042272830296807
2018-06-28,2717.2919,0.36869066379555443,0.30183655572514195,0.24152583390428703,0.1890884527169743,0.14787156947791233,0.12614050158381582,0.11154617782395149,0.10997511665968115,0.16737539790275524,0.21989562277664937,0.34539812201508313,0.28442659015072624,0.23393484712643314,0.18808949070289993,0.14767626676703977,0.12487777150943724,0.10914967128358574,0.10613847691220549,0.1530560065907695,0.20508868792356194,0.317097421789106,0.2679772644508381,0.22695270270346188,0.1860234520697222,0.14675147030655494,0.1232946814097099,0.10657711170943523,0.1006249507697864,0.12530920508947108,0.17225819496357497,0.2920797807435825,0.2540280591041073,0.22077045489948927,0.1834619898577122,0.14615560689078394,0.12294666804884202,0.10514966246386921,0.09748921980034594,0.10324959691067065,0.12350173053777767,0.272206189708747,0.24219053832181214,0.21440612204550252,0.18129952110637923,0.1471503644748095,0.12483096432859524,0.10566232682043998,0.0975771158639822,0.10104207869058124,0.11841214312302627,0.2585515294421633,0.23411083706396044,0.209122905746475,0.18052853160498708,0.149959797698982,0.12773057711189148,0.10740895816810113,0.09885160747668903,0.10051495696874717,0.11354186904959267,0.25031257682120833,0.2290277769582294,0.206286420610432,0.1807509820464853,0.15306014331776846,0.13041360440698083,0.10997768027902541,0.10083515266880529,0.09985744784248228,0.10744695707462291,0.2420687983494344,0.2231329364738273,0.20366435776546654,0.18042664002774686,0.15586771439144764,0.13480588303629254,0.1142400731740749,0.10364739816911567,0.1002790500266221,0.10379487019705735,0.233482448306327,0.21661967660997344,0.19994728018189284,0.1790233759250721,0.15862765176357121,0.14129139545395714,0.12002596538755551,0.10799365522543868,0.10235902685181807,0.10198146295193254,0.22547592037015282,0.21121682225074234,0.19525765352252186,0.17797329027206513,0.16272837382038435,0.14766625968810737,0.12647413391531193,0.11598921180837751,0.10630864355096849,0.10166973264738818
2018-06-29,2723.1421,0.3658036283533609,0.30146779003562035,0.23516045113878467,0.1785756006501522,0.13837044188982794,0.11826964186547886,0.10535610557538166,0.11075726066766037,0.1602153690574329,0.18038889365066016,0.3447882664939632,0.283854123656163,0.2241396452806776,0.17709490336010023,0.13851318100458868,0.11698110393474581,0.1029835744737544,0.10454987411418327,0.14841676744218477,0.1675462248356327,0.3175390742415271,0.2638158488431337,0.215674676457877,0.1750762284757196,0.1380495525921687,0.11570354182209071,0.1008469121076119,0.09823096149097656,0.12982208940680628,0.1467083831206406,0.2931964814274809,0.249474169479895,0.21048915627182999,0.17375706884250808,0.1381325549116503,0.11575587061325368,0.10007989875827325,0.09475142866873831,0.111991613760828,0.13315271933424358,0.2742714913608383,0.2394888388053555,0.20659489476419432,0.17385662279487837,0.13951529059519452,0.11801137674326087,0.1014961270655738,0.09478073751386225,0.10488525537985821,0.12558495793669586,0.26215953731914277,0.23271189054612423,0.2036697571628988,0.1749480834787556,0.1420553844418375,0.12186094654000394,0.10468865119731616,0.096699661671398,0.10106698555919325,0.11392491920665963,0.2519528120921739,0.2260607460921196,0.20136325783727035,0.1762479128826433,0.1457504282127661,0.12665157608257682,0.1094190295365158,0.10009796280376684,0.09916961245102135,0.10477370475249902,0.23937913788397275,0.21861380362405497,0.19919417474509135,0.17747675992331016,0.15064951749973465,0.13300774799964582,0.11464855759404426,0.10313198787253443,0.09978214910815346,0.10209177790759501,0.22722462819596068,0.21261707326570017,0.1971098297064582,0.1774781851592617,0.15535932285851017,0.1404832823156441,0.12031464622349926,0.10724191890182662,0.10190960519437009,0.10153549061519239,0.21891344153674394,0.2088585695433998,0.19527133888300124,0.1765017329768049,0.1586885950579165,0.14762987881274786,0.1275737420400147,0.11347375086968418,0.1046970106637715,0.10269721707104179
2018-07-02,2727.375,0.36011228152259867,0.29158937398953366,0.22870402800941395,0.17445500630727584,0.13475940649109214,0.11438928095142532,0.10280685380870241,0.1107211455930712,0.14419736798694857,0.1660930052155609,0.3302532510692941,0.2716639637835508,0.2194654680080411,0.1732105391543324,0.13507201242246702,0.11307044181984852,0.10017819531679102,0.10355117271993186,0.13646083549362736,0.16133643908449974,0.30355995703534316,0.25541553899729336,0.2132833377155182,0.17221220674046597,0.13515781543736904,0.1123953819574719,0.09843111976244186,0.09727995728283952,0.12368149484441933,0.15066881772807778,0.28408481249817924,0.24398719323789606,0.20991674113218484,0.17231917677182473,0.13624378175241025,0.11341193658534882,0.09847533860441977,0.09527810327075796,0.11167794123890333,0.13453379479699823,0.2675480980297225,0.23467116172129132,0.20648809301369053,0.1728454547728173,0.13894107262305325,0.11636515360481181,0.10042837074609919,0.09553369605654564,0.10358731379691279,0.11940676342333315,0.25656890367581076,0.2285657989330193,0.20326722258334404,0.17374574542043245,0.142217419909414,0.12008511820137567,0.10325878725905464,0.09711295430880477,0.09880738848420838,0.10420558589844339,0.24844476313334382,0.22457737077942724,0.20071388275505095,0.17523683437749718,0.1457941014367462,0.12443298911591472,0.1069827845548701,0.09986521800872877,0.09782519736395764,0.10073888813545742,0.24005229164499464,0.21963674637109754,0.19741334867760227,0.17571596158176822,0.15105565624026435,0.13217715029140498,0.1122949025410489,0.10272484906878862,0.09850844362699437,0.09964188956746231,0.23235571472523295,0.21200983978067922,0.19393032045651257,0.17503353437676508,0.15516898990485073,0.14088271577712302,0.12059582999595976,0.10826725631969143,0.10058517878499691,0.09929790412954258,0.22252403835797885,0.2042087855579073,0.1915005539774642,0.17570874686224236,0.15906757610072925,0.14710180605257947,0.13067787492383967,0.11858610007859068,0.10525585512123563,0.09992880374878874
2018-07-03,2714.3121,0.3584498454399509,0.29174472115516087,0.2304097890375864,0.18300619064321227,0.14370126667443367,0.12208785140315762,0.10876592903688216,0.11026655010684622,0.15613792336414153,0.1793775261546307,0.32637619197779405,0.27226424722952947,0.22338438568511468,0.18216488674442952,0.14323243411263686,0.11999445463971853,0.10542513966316999,0.10510366760473497,0.13880641527681106,0.16593389464050415,0.30367940458497383,0.26066665322341975,0.21855656127043027,0.1809307798786788,0.14263623525146266,0.11844922984823646,0.10257237642481519,0.09999817649103447,0.12145066196635097,0.14871631455574916,0.28985020511839943,0.2522711880716967,0.21445095097749609,0.18003392626355114,0.14293943917414273,0.11861645919896881,0.10140407466565712,0.09685401890586512,0.10994692118959887,0.134216891531153,0.2733849583317482,0.24015511149650143,0.20963476857273988,0.17952656134238154,0.1447080328902582,0.12099170686046115,0.10231345959771627,0.09614487048930212,0.1043324579107335,0.12640062342785074,0.2565589822335093,0.2299953283790033,0.20601072665516318,0.17958723982670416,0.14802711101756194,0.12458098725884266,0.104183348977419,0.09730309919741992,0.10061150071234341,0.11429019222651683,0.2466502237125108,0.22501335795051672,0.20358845938970777,0.18010180096773099,0.1525546273435188,0.12867492608997555,0.10665436099971176,0.09965328738331222,0.09969845077148748,0.105704363464953,0.2403849679783489,0.22081106718552404,0.20118352186918761,0.18033137603287594,0.15673739951812354,0.13583056050678746,0.11102472931208171,0.10164677442800643,0.10025901838803677,0.10255455926099188,0.23422158046827224,0.21516874257855306,0.19957254520844978,0.17870540744168825,0.1579982747434391,0.14486756584539875,0.11792109653529764,0.10406633869045018,0.1023673343830844,0.10325045448166974,0.22572243817590246,0.20934648488211763,0.19770813776097762,0.17576908992638537,0.15948335637919533,0.1515396679392935,0.12991847973036116,0.1108152933805797,0.10745083303759621,0.10726152560113576
2018-07-05,2738.2329,0.36777883662315936,0.29942201181168654,0.2318045504015412,0.17300481906253226,0.1318985419039141,0.11211462066662906,0.10229979238813569,0.11385887732708082,0.17436603853419905,0.19697023692170418,0.334901146954121,0.2757255680637699,0.2192307023736349,0.16907101360412347,0.13019656922259967,0.10953159775682067,0.09851017857518957,0.10409018976727243,0.14609168689832303,0.16854789292310526,0.30693530552412784,0.2567078412528324,0.21160063453881459,0.16743326735071987,0.1298914000439341,0.10840922681267283,0.09607164832798015,0.09832917126828138,0.12450976205545433,0.1368254712368736,0.28703636362484786,0.24350496897772256,0.20721329446202238,0.16788299100005474,0.1316490354223984,0.10945988774606744,0.09546269630806956,0.09512013422414345,0.11463306430496138,0.12424080967078152,0.2700145205598171,0.23273363242865933,0.20330109413911301,0.16894291213803894,0.13497352860937367,0.11266222696641007,0.09678562605055561,0.09316139726404321,0.10478346175456536,0.11676981077197597,0.2577850890202505,0.22575232475344245,0.20052309266004045,0.17005441196188806,0.1385217564855421,0.11716430530739451,0.09958896608646496,0.09354954526903708,0.09654572866152385,0.10660773503115387,0.24679265977476544,0.22096479808538685,0.19922285469228448,0.1713029181709667,0.14192376668109277,0.12269193264748686,0.1036243686832609,0.09540994175467071,0.09472142646173924,0.10211895227391807,0.23620029774604986,0.2159933280217561,0.1976755120306501,0.17315766271455119,0.14580724445359616,0.12948014579186745,0.10903531238783438,0.0978836850260272,0.09636542290511803,0.10018134359245598,0.22716070217475676,0.21040423510583578,0.19401189332670207,0.17467379552294154,0.15104277275447947,0.13542386083459754,0.11713883893120636,0.1038380480683034,0.10182163339083128,0.1014286725751887,0.21809784235385682,0.20343012844408395,0.18961954154943522,0.17481336622556157,0.15797417757229093,0.14084210089116442,0.12676119728170823,0.11330657614907463,0.10814433850578045,0.10461014323439251
2018-07-06,2762.7636,0.33511188918009305,0.27163259475982976,0.2098173700797734,0.1523695619172566,0.11262777747127407,0.09641455274961531,0.09141374423544822,0.11148258653880355,0.1679363702307501,0.19125423389365667,0.30592645925611706,0.25143783106275513,0.19997943510481034,0.15152493435170092,0.11410095255524366,0.09676225119739423,0.09001970417972781,0.10283678458327701,0.14285273862317346,0.16763607755411553,0.2860474646397003,0.2398294905563513,0.19503222082752136,0.1520695645932026,0.11626918746241337,0.09784812592112543,0.08928937642057855,0.09668874711191466,0.12739699580953143,0.15156001112298745,0.2719766314383246,0.23228269031458562,0.19210495289900142,0.1541117742051626,0.11976374422819454,0.10032720230198693,0.08971316962850513,0.09243532805869904,0.11501318409189816,0.13157644650165976,0.25723345820072796,0.223515246193472,0.1895944834673289,0.1570916559860811,0.12497809161493229,0.10480390370392997,0.09159832740654876,0.09022924587394496,0.10556281209152388,0.11974358215849457,0.2462326571179567,0.21636587068470198,0.18863453819791523,0.16017444314645804,0.1308867803031729,0.11034290900071919,0.0948682317685627,0.0909343043420676,0.09741972684514337,0.10997601413869264,0.2366788620060288,0.21134851271570568,0.1887565304622196,0.1633419704104561,0.13684297916327867,0.11635584495906641,0.10002799952973332,0.09381395693249499,0.09330266555660748,0.10276484822463765,0.22853177880981518,0.20780795085918471,0.18854574254805453,0.16644015942797474,0.14243940058916366,0.12279822271499796,0.10580872374964287,0.09717536725940669,0.09469172375601437,0.09972713165715245,0.22256742216106454,0.2050364474375938,0.1881510607973583,0.16820731160916988,0.14656771578912164,0.1304326939328077,0.11398716797484905,0.10459167906298848,0.10166514594179572,0.101147619409994,0.21691508369172807,0.2016698253487751,0.18805497893687675,0.1680773830502932,0.15064963223399444,0.13835276487345557,0.12448416454672288,0.1151352383002159,0.10921623160882649,0.1042206233459712
2018-07-09,2786.4698,0.3262637918559871,0.2725809859584311,0.21121699396520036,0.14839018411038757,0.10599994664182298,0.09011299179315588,0.0857253833389363,0.1029591416329983,0.15209108636785093,0.1733810232418927,0.2985974345995088,0.2520728372163916,0.19964145667070277,0.14636665806103485,0.10710760010268455,0.09056276351429092,0.08444278842417251,0.09624750832085623,0.14072452011137673,0.16442958977484604,0.28312175476384194,0.2371533437423583,0.19294913767144375,0.14639190051668535,0.1091848403116907,0.09191699876119727,0.08454345101934062,0.09398240618872007,0.12594050943629406,0.14616829311739304,0.2664001455999158,0.22496420436445225,0.18795492783269155,0.14783725147238375,0.11262424189574982,0.09446610330147728,0.08544800311625489,0.09146431501403433,0.11370881378284015,0.12458054991287833,0.2496946059744978,0.21464054133598634,0.18408548889620466,0.15012467272369875,0.11743847064016259,0.09860684239926534,0.08749296804372889,0.0895134491383644,0.10497349207913052,0.11336812266553054,0.23911291424610817,0.20901101909535427,0.18289179142563397,0.15322594825081678,0.12287931716283396,0.10378066391922265,0.09089471962891221,0.0895228359904618,0.09749272516731827,0.1088144790434323,0.2291948736173396,0.20549521387810574,0.1830686245563775,0.15683109589982333,0.12944505049840796,0.11083426992535085,0.09641006042843074,0.09141398114670218,0.09420854846343381,0.10524235300854748,0.22106930817994241,0.20266995588796172,0.18306828663907404,0.15992211682322893,0.13625833028501658,0.11889845405314069,0.10268500427430614,0.09498877060129429,0.09494468610526008,0.10000065439896962,0.2149710647262725,0.19958625274803912,0.18244508424092276,0.16242258495833423,0.14222484485847464,0.12639944312658066,0.11086226670110591,0.10202006587058972,0.09893807190394255,0.09787522064072449,0.21050010535623492,0.1965504259769755,0.18141835371944698,0.16487072573038347,0.14743250150963724,0.13314307132042724,0.11977568000371736,0.10983223999057731,0.10353844206578346,0.0992348419396608
2018-07-10,2796.6918,0.329708644584668,0.26631264665473675,0.2109198585195806,0.14808315150718412,0.10451269292827889,0.088147694370848,0.0832033186782723,0.09480072372295857,0.12246169707068057,0.12246169707068057,0.2999755520679138,0.2465401360404835,0.1995345898134854,0.1458753296218139,0.10594763706795618,0.08915939771635474,0.08282850313700024,0.09019893802914972,0.11288178210565031,0.11288178210565031,0.28269407408240826,0.23406419990228583,0.1922695776385512,0.1453231195091305,0.10803822830455646,0.09073724172782421,0.08339247416723593,0.08851205742652123,0.10787373270302018,0.10787373270302018,0.26488962574961894,0.22365380949793617,0.18701224427271843,0.14616053528251752,0.111088209904202,0.09322378539536127,0.08465388733925897,0.08727034709017699,0.10175774532136408,0.10175774532136408,0.24920865062298178,0.21390970073071613,0.18270621491404745,0.14787152707322465,0.1152905211457738,0.09698668010757527,0.08679852717343624,0.08656215006219516,0.09548486024866867,0.1732076252219105,0.23891553823175732,0.2080567842305003,0.18081051624974728,0.15062386822440071,0.12014509560865372,0.10169821180531013,0.0900217953239748,0.08746373718471095,0.09091675374439734,0.09961243847407386,0.22848676777931282,0.2042816128406737,0.18020226588675195,0.1545003219946483,0.12650905128211656,0.1078016764650305,0.09468215279599342,0.08992344858992489,0.09054864197073685,0.09367307104544231,0.2193022538215561,0.20089808157493735,0.17970271591261824,0.15822642917729685,0.13467638840514717,0.1161031784592013,0.10040661890577372,0.09416219176658523,0.09397810703875548,0.09569881946058185,0.21264761727022358,0.19752303378372557,0.1800372353902622,0.16083457252860667,0.14156329010117336,0.12655089933657115,0.11009563597443012,0.10310078428631575,0.09986787787602065,0.09740160541391092,0.20843328344650344,0.19471332623924378,0.1803899499989587,0.16275549758603083,0.1461757798262881,0.13422640615454484,0.11885738772258221,0.11023118124202254,0.10423128344457913,0.09923280780974168
2018-07-11,2776.7485,0.3282772207633911,0.27578543277540046,0.21986144560300908,0.1564910880861258,0.11398689771989287,0.09626705252047076,0.08921373723010943,0.0964252620392492,0.13068399341522552,0.15469897488329504,0.3042141468302351,0.25819283145520416,0.2068063853570342,0.15462912063449674,0.1149559957933191,0.0962259473499042,0.0880957370173831,0.09286509680930019,0.1286737006699169,0.14999008701599065,0.2897453477675544,0.24443475817562335,0.19808499143155311,0.15465593572832795,0.11672964203097104,0.09685265069782475,0.08776045834928414,0.09158248958074314,0.12471457134167545,0.14159926974257694,0.26909575466890273,0.22969161866107674,0.19146842237665876,0.1554694059885614,0.11945516382607643,0.0987339978067342,0.0882183147245283,0.08997298087132849,0.11734072938679227,0.13164190017006866,0.25274058736342797,0.2179795567208893,0.18752888327973724,0.15663428160813825,0.12324138117522594,0.1023242644928522,0.08990936310091804,0.08900969493061989,0.10957207886099579,0.12311571619990573,0.24339479924020513,0.21198871038604855,0.18691401498798438,0.15842748836523765,0.12705228937767205,0.10669627151936774,0.0930172545171472,0.08955284522787003,0.09890019237392522,0.10828555622408562,0.23294350873138375,0.2075743998034859,0.18692780561271558,0.16094313207645267,0.13130840874802596,0.11168809098946035,0.09782860458127735,0.09174095729489563,0.09292361073658857,0.09811624582869848,0.22405655621437,0.20383363546283517,0.18618431199888583,0.16307396185427675,0.13662529179219157,0.11723859576830029,0.10302979188614934,0.09477694553923224,0.09298023429421871,0.09666165853823373,0.2181067134618828,0.2000625659419828,0.18531163588583774,0.16404499788400612,0.1420708393167224,0.12494453863192584,0.11063559008604487,0.10260189907647391,0.09703100114674966,0.09803993628184118,0.20922277180995424,0.19570373894720178,0.1840419235782756,0.16513197228975834,0.14762049026845192,0.13529247869758307,0.12174167137736092,0.11459800323338852,0.10430483962940372,0.10099973444065449
2018-07-12,2800.1171,0.31384202818375045,0.2626845499558475,0.20640086908805771,0.14419402179689692,0.10332692107262623,0.08802434416955196,0.0828606316123219,0.08911138677503276,0.11344378110546452,0.13226946907380277,0.29599875975212403,0.2500950133830043,0.1982582158931888,0.1437479411757604,0.10447190769507282,0.08881424388906013,0.08276030726140804,0.08571235179874724,0.10439465267706559,0.13226946907380277,0.2836154352317705,0.23776923822849416,0.1912583281501867,0.1443658446782096,0.10659121838455152,0.09016542826337194,0.083187616091065,0.08456281045090086,0.10303416942780948,0.13226946907380277,0.26793586870234826,0.22468495917289938,0.18578447945514245,0.14591710792965046,0.11047874630720578,0.09296594473524512,0.08455582745663093,0.08504532752157763,0.10404677957821716,0.1337006579314037,0.25271954978013594,0.2142719356430972,0.18280310481808987,0.14812587404937158,0.11526067477798116,0.09725902774821812,0.08689869125436388,0.08602331105919334,0.10176039954413836,0.12917639595469257,0.240813380012889,0.20829848298627532,0.1822892629923608,0.15073204089869,0.11954307508160121,0.1018020704132498,0.08989552848924953,0.08779821168203289,0.09643981968922181,0.12280220261828959,0.2278208295070529,0.20315453692488686,0.18258666483441147,0.1546953930585627,0.12509679545538324,0.10765586149432854,0.09487045920744049,0.09181942066275695,0.09333680007640938,0.10698092803051186,0.21806899820001827,0.19886651397420507,0.1825029004241598,0.15951969451339143,0.13357251565571446,0.11669527964155517,0.1024888059182202,0.0973340891416982,0.09531386772677337,0.09784874948301914,0.21199319534091268,0.195651026786872,0.18188732068164587,0.16231856063291644,0.14112031604631733,0.12599915582708454,0.11062768564252518,0.10397764494267149,0.0998384097905009,0.09874572784718166,0.20827197051092786,0.19328346288084425,0.18078555594390072,0.1636435134885847,0.14590483395699225,0.13263161642092916,0.11790284977831011,0.11054780299236013,0.10503173687626993,0.10103830797477235
2018-07-13,2803.4641,0.31475153883530377,0.25951761821594777,0.20432699963041936,0.14087431834644717,0.09933899107465628,0.08510513391271779,0.0807671356165653,0.09272277569045127,0.1472788425809134,0.18222527687188939,0.2977699282645621,0.24746385959713615,0.19553693647050224,0.14137543268454283,0.1019303675201926,0.0863610280700494,0.08092323339679341,0.08986936132294145,0.13641875154893596,0.18222527687188939,0.2846324127103743,0.23555857350806395,0.18832724936086545,0.14286214192804045,0.10536060154319177,0.0882125274705445,0.08158627804625154,0.08778848426004594,0.12441481487413103,0.1674418206594549,0.26953948301717345,0.22302652778742293,0.18347777029456103,0.14503013654841193,0.10926106185320104,0.09118026144301593,0.08323624157568775,0.08644958444936895,0.10714150406533278,0.14256267477873683,0.2533826675885379,0.21143790202220986,0.18057318705709313,0.14781410287526348,0.11389577045098709,0.09536815506266379,0.08558168470087042,0.08616654907071397,0.09827148351845677,0.10530456772412042,0.24108035513778264,0.20502302468611713,0.17990448282358124,0.15070455949061903,0.11870091019320138,0.10013518791517353,0.08843465238343047,0.08731133738935123,0.0948705970003451,0.09885766666935873,0.22911324922377804,0.20091877112002388,0.18026273432292153,0.15421714435388897,0.12423108727023173,0.10655651880664858,0.0928833406683194,0.089763053234154,0.09360600224869603,0.09782291729622143,0.2187433547498617,0.19748939032566998,0.18059668576176632,0.15841754795957108,0.1310773104889571,0.11467507413444225,0.09817438958892179,0.09245940901341516,0.09377307485442511,0.09749809602167847,0.2120852315922486,0.19483242515918592,0.18065103040676958,0.16158954959575,0.13807700993398517,0.1240193314735835,0.10711146096253053,0.09880882650069522,0.09716603475610272,0.09803595552093666,0.20779809014861117,0.192388524150117,0.1802370434252793,0.16342614767721636,0.14367000158782325,0.1323024469601311,0.11843412017107371,0.10902416710592576,0.10803583600505838,0.10455674055240188
2018-07-16,2799.8433,0.33134384194753386,0.27438779736221164,0.21597398900734677,0.14819602917186508,0.10407196606351311,0.08825409937114231,0.08347384761979464,0.09186406840333808,0.12267962828362271,0.14619190826966127,0.3048589833660534,0.2546440072475283,0.2015043540492732,0.14567170658635079,0.10544678203153035,0.08871680864504641,0.0827399024411689,0.08910764792551717,0.12173796841584951,0.1421726269126557,0.28742054112746723,0.24035705993776516,0.19256197417355544,0.14530228201526488,0.10756531858733007,0.08978704300556901,0.08272854353275985,0.08773014595493049,0.11629923654132776,0.13560304464413975,0.2667643740460005,0.22528437202162263,0.18564694985148567,0.1465051967870852,0.1107638043559607,0.09215446856833359,0.08377475974470314,0.08730020874021946,0.11064442633989921,0.13217464854054384,0.2516898326986641,0.21470746443132335,0.18200119962553182,0.14912454407583978,0.11529218369552305,0.09621674514871761,0.08598079519506416,0.08784047443011826,0.10654019218243019,0.12713020872709452,0.24140026755462315,0.20938849987817432,0.18122559513121367,0.15215811714726404,0.12005848016529186,0.10114842941270062,0.08911817681651876,0.08878680796859816,0.09959732425446488,0.11526876609808216,0.23045199757460558,0.2042484469381067,0.1811737641706258,0.15535217815346283,0.12559976902692876,0.10752300933369377,0.09325279945807716,0.0902862540852042,0.0950867064732731,0.10665674753105103,0.22230289526598207,0.19947742271269928,0.18117220667328945,0.15824221077328834,0.13193481237934895,0.11582014940295092,0.09786366804519114,0.09280757470957116,0.09486890354189272,0.10389539780736236,0.2158192664064009,0.19450271394971444,0.18089548482159054,0.1603156213750816,0.13795409135816286,0.12541899272655932,0.10557373822106739,0.09990398362908298,0.10030487049189861,0.1010483511728128,0.20780213018321775,0.19001152465961568,0.1801523871743402,0.16347854984347165,0.14367426893339752,0.1338823440619385,0.11469481663693033,0.10906737888454142,0.10658446534871194,0.10104615600109167
2018-07-17,2811.9348,0.3236348364967892,0.2606379916584212,0.204410058604233,0.1399203949756926,0.09817592783255821,0.0850283548027596,0.08221991316393358,0.08992563423081022,0.11363111049140276,0.12945847551695722,0.2976817905729922,0.2451587502872175,0.19320815732850433,0.13854019224619404,0.09927442784114597,0.08506928324447106,0.08125365766553012,0.08746650765730896,0.10261669070763065,0.11044739587977616,0.28268299344892583,0.23493315742314808,0.18624911416788315,0.13836393252089227,0.10096532640645342,0.08584625792337225,0.08138440499811705,0.08791225553422224,0.10150189860152252,0.1082082545430083,0.26475219771909303,0.22054821127658086,0.1806061157498689,0.13962140635043074,0.1040152970570829,0.08823999467788596,0.08258152429764862,0.08820499686374497,0.10068970553596221,0.10646590471377915,0.24900973633111326,0.21010495841706434,0.1784534595127832,0.1422632517943926,0.10834412941401822,0.09211243164049737,0.08471477035403929,0.08830444472087842,0.09892816486977868,0.1027314445283388,0.23665633739565148,0.20556914976716711,0.17898975296886635,0.14572100091988335,0.11379287100712594,0.09693638570136826,0.08765070466059885,0.08873084130203429,0.0958772987054074,0.09961682195449971,0.22439523124866162,0.20138978294338522,0.1794886363097838,0.14977128551081897,0.1218937622347123,0.10449825468788017,0.0924537696205733,0.09050555634708198,0.09406163517999623,0.09851309041831188,0.21627353738786628,0.19817822291726475,0.17933729631280756,0.15272135697906833,0.13025457120966435,0.11485400357770187,0.09870125385873077,0.0935267983713422,0.09463708022525102,0.09774881894187665,0.21199342358916845,0.19595004271134278,0.17864892073155075,0.15495751914666625,0.1369824722229804,0.12460155233425686,0.10620996956703561,0.09867827318886462,0.09941293588299704,0.099494386180959,0.20872676024903836,0.19255669845960835,0.1775352287968023,0.15792154971629,0.1435128952826487,0.13306155329162098,0.11636465232136876,0.10732382704382779,0.10592849981810515,0.10322548604570966
2018-07-18,2817.91,0.31698626117479345,0.2669880043728551,0.20365962660980214,0.13594512059085717,0.09536082648231302,0.08240558385157644,0.07979374380912728,0.09365552387777966,0.13068752371730344,0.14720666462557466,0.302638600947749,0.2546657343758623,0.1951638039142706,0.13532537916022974,0.09710561982828228,0.08333784508192378,0.0801820769811297,0.0947961142122123,0.1280120209035427,0.14528807004171687,0.291691165455538,0.24297552051029744,0.18790805026660334,0.13654224367447107,0.09957920581015096,0.08473284398340439,0.08084550325457508,0.09277273180081805,0.12295618284245856,0.1405752649186658,0.27096223323992796,0.22556624857078783,0.1799554266527384,0.13866132964580702,0.10352035299121054,0.0875699030029173,0.08216464295359997,0.0889282962311329,0.11274193144835926,0.13612964828493518,0.24983774598220557,0.21214330953049462,0.17646234684012327,0.14150439818584773,0.10830367192736459,0.0915778321925285,0.08426474135879901,0.08754280426692752,0.10556247557697096,0.13225873416528772,0.23706638548128617,0.20577086153156196,0.17687304477693616,0.14551931007653246,0.11359953871258736,0.09622774661025871,0.08719094908383139,0.08804138982886234,0.09799213220324043,0.11926810650987393,0.22620256684484263,0.19981116677568106,0.17772967481507865,0.15089683684041003,0.12119701417656438,0.10332944777454829,0.09208776180871302,0.09013668488410566,0.09354693587718432,0.10487954134942082,0.2182252503537696,0.19545931169892228,0.17843598671399394,0.15523922268578594,0.12884420959101023,0.11220744387947416,0.09749231202922189,0.09311853309944937,0.09412864681028181,0.10022094091510422,0.21191392337682946,0.19268513006687787,0.17920052644795414,0.1586822329096536,0.13413982809136257,0.12082409975360714,0.10440451322105762,0.0981827098273814,0.0980904017251441,0.0994975335604957,0.20509428805334207,0.19026656947569995,0.17948775308301643,0.16232231321054055,0.14034874005588946,0.12887200159714046,0.11416092459394206,0.10486640623887046,0.1023789001265256,0.10060484665193438
2018-07-19,2805.5365,0.33189244194844664,0.27229022268141817,0.21341009104958394,0.14567223143168442,0.10418938643563702,0.08883984259599526,0.08419594046163811,0.09895739786961273,0.13423188295307695,0.1484416556741111,0.31472530869419196,0.26124707776607387,0.20341930294723987,0.14499252978732152,0.10611903589085694,0.08966939044492436,0.08471091357852559,0.10006786242006947,0.12968110682342893,0.14507165521723567,0.30218461129589885,0.24880974992315788,0.1956156324407509,0.1462398383596617,0.10876876389698231,0.09077288076895686,0.08509559788458569,0.09832912151495202,0.1256596194921806,0.13935211950486992,0.27910693147550925,0.23007256732549952,0.18782739088651848,0.14817791915955125,0.11251975526670586,0.09298904882109593,0.08557353872445145,0.09286203676462032,0.11615212233865278,0.12941935345579586,0.25618438997487053,0.21689548825037033,0.18420058931123462,0.15028236777163606,0.11663845490808812,0.09643163829388593,0.08707341007003346,0.08986032702801236,0.10620082223969542,0.1214693166562996,0.24207775942350918,0.2109065939422948,0.18335701429002318,0.15267486589181337,0.12070623623844917,0.10071425296880084,0.08988805998226804,0.09024211449071493,0.09964010040329954,0.11668612247036843,0.23005642688523295,0.20575993848202587,0.18223135957386097,0.15637493171979025,0.12649642538069242,0.10700117647922101,0.0948403364954579,0.09257345536168406,0.0966939006912568,0.1130666703514695,0.22222674038768572,0.2012473895979607,0.1810325353502367,0.1598750952184984,0.13402404856017316,0.11463475246735627,0.10001451075717557,0.09579694633029198,0.09648763331965593,0.10871736529486063,0.21593068739870847,0.19677318596588045,0.18091027791991393,0.16186086574742986,0.14136261368394787,0.12375226126547563,0.10686712677362098,0.10082074895509555,0.09884723752612437,0.10373277337750626,0.2061276814650134,0.19240631432480104,0.1812504343511103,0.16388292299007934,0.14747907299261837,0.13295757991997129,0.11617984112544066,0.10597803053477815,0.102989744667921,0.1021861313264399
2018-07-20,2803.6275,0.33767838019047,0.2791610723644237,0.21995135378084404,0.14801877237146782,0.10284008477088266,0.08628900805669482,0.08094122303026521,0.09556132888849689,0.14564891184707393,0.16755241170211868,0.32121235151803174,0.2651193900322426,0.20842845633837484,0.1470377687928638,0.10511700129401208,0.08733656576219108,0.08114010725935678,0.09345637580597271,0.13815921803865566,0.1552204747322427,0.3020091835752109,0.24939985843300103,0.19848388350386692,0.14659159949208236,0.1073638157786046,0.08891906992965247,0.08164573065013356,0.09016449526219165,0.12667824539932343,0.14143199775466705,0.2756447642122828,0.2299332160636862,0.18932483885802298,0.1476101324897795,0.1106297183217406,0.09205815329955111,0.0837081400502035,0.08881754861596709,0.11370512551381275,0.13100558319816893,0.25699057150143273,0.21810546728459873,0.18566319260443936,0.150278649303746,0.11458225311932925,0.0961277398441891,0.08648778205106443,0.08916991499332134,0.10733843381545688,0.12422973130615197,0.24514064806991281,0.21250531918535728,0.1850274497224483,0.15347857552493865,0.11880439648692265,0.10050676181606504,0.08970767684632108,0.08985401364745384,0.1020067148073853,0.11447904749233098,0.23307491104244896,0.20704951369404703,0.18426294591327802,0.15685914363027548,0.1248206922534077,0.10663851061343685,0.0947221636202446,0.09196910694774527,0.09893322551704732,0.10703932100314968,0.22301776970350065,0.2020494187356074,0.18317963434574247,0.15976667343830397,0.13199983416428251,0.11379346129906849,0.10103403447352506,0.0957280861845101,0.09826523567349037,0.10401051523288636,0.21617556234918653,0.19795636097925715,0.1826608910608604,0.16311399272993785,0.13992689122524735,0.122763124133561,0.10959727798122222,0.10211675188247432,0.09838236345550608,0.10161346981882033,0.21100867578468616,0.1939298019657474,0.18229435690367962,0.16718556774754226,0.14801409656224404,0.13349434372175506,0.12039735087387304,0.11235459202298115,0.10045437609436354,0.09982432679024976
2018-07-23,2808.0981,0.34786106881811013,0.27430251929843213,0.2129867875028989,0.1478419580029957,0.10415196582948585,0.08750873423111835,0.08133728865478386,0.0906153493405907,0.13374842115089913,0.2074406836493292,0.32980049007293444,0.2557107005840031,0.2022529416253579,0.14624079813252922,0.1052885063140181,0.08762491285650009,0.0809307050696763,0.09096282127055179,0.13368828552249867,0.19255725860437428,0.3018080230796033,0.24029496353143706,0.19318655869035636,0.1463851835449408,0.1076274389178582,0.08858700851514204,0.08131880533221096,0.08860116878853015,0.12563957281725022,0.16292925821025814,0.2706432437186557,0.22619619487496412,0.1856660028525295,0.14745185882874795,0.11149534495620657,0.09149730326649752,0.08313076079732977,0.08748671453349295,0.11310773746945645,0.13301258933994278,0.25535793550756153,0.2182664668952563,0.1830506320342733,0.1497214741090164,0.11572598547883779,0.09569537307712166,0.08579845475751048,0.08815019750943374,0.10740629492233555,0.12852041650812565,0.24522995926566843,0.21309725765602064,0.18296920394793204,0.15291822878234948,0.12060644925092182,0.10068870547640062,0.08903974937051147,0.08894526258143168,0.1020121656736324,0.12313309442081062,0.23504792489990195,0.20812346279405225,0.18289323781483746,0.15575351856360245,0.12727641791927807,0.10760991929504202,0.09354091252992314,0.09104702787804272,0.09698590252349615,0.10748913563986238,0.2244624190511412,0.2024588966634996,0.18253290106605602,0.15789045887208333,0.13386120385310193,0.11565721616800552,0.09995476494306281,0.09564476644850642,0.0963748984609767,0.0997100932353076,0.21466924425604847,0.19767080803056555,0.1820262348696204,0.16113889240076285,0.1404222933672676,0.12497154044192445,0.10986892955066199,0.10169383002872451,0.09840781526499162,0.09953908133514155,0.20886378276489734,0.19528443607286775,0.1813973532178878,0.1636496907093419,0.14586001574171706,0.13126458086872195,0.11734170379651397,0.10705551795922588,0.10222476866341398,0.10133265128746034
2018-07-24,2821.4401,0.32974107466115476,0.2724212886665866,0.2104023156878407,0.14751018531453844,0.10381727662764857,0.08747726896418449,0.08215966432049986,0.09537761598794461,0.1332561896360113,0.20447440068678227,0.3173112007379938,0.26199010605132034,0.20083228543039994,0.14629023506263544,0.10487336393173542,0.08786990670942006,0.08202775635823964,0.09347310643588101,0.12911563615841787,0.22334846013457263,0.2928256518395874,0.24326050251430553,0.19044891281919912,0.14511785828330198,0.1062976291593598,0.08883197683300856,0.08210823636301404,0.0886457611409402,0.11669985491444287,0.22334846013457263,0.26571279863627273,0.22506662348411197,0.1832331457787138,0.14517512013555275,0.10903461917201607,0.09121103380184993,0.08335763862732627,0.08600675646504105,0.1028667234272105,0.1791586389867273,0.25338406952627923,0.21775959950103194,0.18114008472237253,0.14657545751973258,0.11261020848364106,0.09483828886525808,0.0856970746419029,0.08655468513378524,0.09713117907116829,0.11846077927993674,0.24355827283106418,0.2119011773338067,0.17991860728009632,0.1485728607095204,0.11694334679754598,0.0997736051453275,0.08900016251311015,0.08795894857038036,0.09410147290115496,0.11120268292211191,0.23220148244505323,0.20543380149243518,0.17905197547719304,0.15135646920577372,0.12247325594227748,0.10566740541004037,0.09312884470598139,0.08987805739671284,0.09371178616239849,0.10997437364800558,0.22284990612411332,0.20091246795571296,0.17874569372812796,0.1544555105397475,0.12896984676414977,0.11185577854760416,0.0981533381845542,0.09299626628134364,0.09453387539269323,0.10609581632501626,0.214976584822839,0.19613483293601466,0.1779267849861892,0.15839025251796107,0.13647004112629554,0.12090688807366264,0.10745231736024463,0.10143103470067974,0.0990145164779541,0.10242001892484215,0.20661949450783942,0.19156907281263508,0.17745407381999892,0.1628968425718155,0.1431014053679928,0.1307906885244978,0.11773329662675118,0.1107954369821525,0.10392757935048788,0.10329306104560874
2018-07-25,2846.4394,0.31479382199308986,0.26289463624388804,0.20740290387583712,0.14355157381851066,0.10107868777949823,0.08559155263777023,0.08056956180585631,0.08870739134017497,0.12653740806960004,0.14101119669622064,0.2973294866792751,0.2509330593949891,0.19882714737902327,0.14144825764285146,0.10177728460596813,0.08560072930539356,0.08015672324728226,0.08907684786734123,0.12163413612814308,0.13698159493236328,0.27970304881234315,0.23659240036062731,0.1902417755023751,0.14080741320578816,0.1030261757959995,0.08637008451847696,0.08063147758134452,0.08865672980552547,0.1143763464694516,0.13315769447401263,0.2601865355607454,0.22209050579701564,0.18388147477181352,0.14168109151706243,0.1055981542213026,0.0886556173003593,0.0821306988165103,0.0878447682407952,0.10816866906984371,0.12907616376464956,0.2480899451953023,0.21409643501242429,0.18094280335532015,0.14305637872711094,0.10933918071016316,0.09235155199384149,0.08451643303352553,0.08773756018803056,0.10570187855607895,0.12408458100892034,0.2386250933335096,0.20813343180996882,0.1784631615464165,0.14474382039247524,0.1140674685145641,0.09755653962274125,0.08811602580986062,0.08797657861061238,0.10273132416402792,0.1214672381778407,0.22871173294738573,0.20268058839714517,0.17617174829356166,0.14754362930436637,0.11948822724190215,0.10330420181358409,0.0923357208602516,0.08906596092799657,0.09729880449850542,0.11995837526462791,0.2195559176259707,0.19859770369256516,0.17523320618891186,0.1509461022837488,0.1257384362076479,0.10865136981007738,0.09612347251669609,0.09171320014402527,0.09406985189876024,0.11191571561958447,0.21063633874981144,0.1942965032186307,0.17576040120982572,0.15442009481993735,0.1339640135149905,0.11690934991764153,0.10260164064853537,0.09821066232939271,0.09757902230748101,0.10104247022768274,0.20308685252059697,0.19118822891574033,0.17650674035964126,0.15768033509726453,0.14201195485711637,0.12837265454965774,0.1131845712677359,0.10651232881258668,0.10266513886373993,0.10149294199622785
2018-07-26,2839.3317,0.32214589334784016,0.26531288261372027,0.20996894005829295,0.14517686732469032,0.10227657017322861,0.08732845916706583,0.08352720479173047,0.10508142409025718,0.16353507610273124,0.18053396077780384,0.3073408375917978,0.25544410122766176,0.2003562013212799,0.142371604106613,0.10281916213048298,0.08727665799415549,0.0826440372179241,0.09980556919593443,0.15142091802353486,0.17605027756277628,0.2853631203987897,0.23691942805729607,0.18817319151956144,0.1408416359586163,0.10446072467782135,0.08798854679310655,0.08239359639285013,0.0920972577519917,0.13213597868704607,0.1741806328258907,0.26389983064980016,0.22040499261793267,0.18111254221918727,0.14142348784253397,0.10734691258766012,0.0902725664414445,0.08362689354625794,0.08783454813199086,0.11245881029256365,0.16248649441118126,0.2496195751827617,0.21261572673019166,0.17918720026300627,0.1435610915257586,0.11074711682798323,0.09353091368547604,0.085623622234129,0.08690881740231063,0.10036089450625155,0.12778197497032245,0.23667235510035828,0.20666006999433478,0.17763329541391729,0.14713174241665605,0.11556239928563247,0.09788978150546179,0.08845899148799995,0.0876514976117801,0.09380713632285406,0.1074390616342793,0.22584526806909413,0.20136167865459853,0.17623966701836824,0.15120274689258867,0.12253498288048952,0.10456420306845984,0.0931430142488673,0.09001760485277918,0.09265528443463228,0.10276245368581599,0.21895134937159008,0.1973294707220358,0.17617541985459653,0.15425722020915203,0.12884479472681457,0.11316422139515633,0.10003934693505724,0.09436317609324778,0.09424843590162353,0.0983841898209616,0.21156927180811086,0.193266884222562,0.17727061014183243,0.15748451976419953,0.13389422327332803,0.12179933950836513,0.1094377108611481,0.1032468257718161,0.09978553483483556,0.09760550950875847,0.20426800928173777,0.1910029991482043,0.17841715557183385,0.16059829281318447,0.1403502929390952,0.12915952925322577,0.11715978254436293,0.11018440360099098,0.10610117884684066,0.10210532614045835
2018-07-27,2819.3733,0.33780377897325603,0.28955871577786,0.22598798619011448,0.1550138159638062,0.10893828729724916,0.09075158681558977,0.08359737739297358,0.08994790831636297,0.14653967150967223,0.16581123004967968,0.3213822611123114,0.2738731872983198,0.21133106019855621,0.15207579085851333,0.10988657760518987,0.0910432745231779,0.08338701732700961,0.08967194269838794,0.1322427935595658,0.15390152333675847,0.29473145305411863,0.2505705224131745,0.19773869742199052,0.14973540424410736,0.1111658333575135,0.09175505853516498,0.08375047173408506,0.08888582975387767,0.1151142054163924,0.13439746974130046,0.27262706740674586,0.23310022736070654,0.18905214917437257,0.14912074044445708,0.11351082644771211,0.09364455940048544,0.08501815263470637,0.08816797408236453,0.10564087552730275,0.12130258554010108,0.2592728109092719,0.223323373666278,0.18501439639230982,0.1497943014188917,0.11682907635719511,0.09684101064194399,0.08693609402230623,0.08784805983252672,0.10075047072045558,0.11369963470926776,0.24593126621524403,0.21463187318840934,0.18287787866190533,0.15134044167996075,0.12117703196211191,0.1016988319718202,0.090271060559046,0.08876204534401745,0.09662951940594197,0.10862656927125304,0.232080074380049,0.20705849162342163,0.1816282777071193,0.15396562561449093,0.12655944822906312,0.10760694947064614,0.09490375411957469,0.09123483558552009,0.0941686480889241,0.10340477495462926,0.22183012470133684,0.20159676478054894,0.1809130086110484,0.15680401257981463,0.13183266577402852,0.11335169249290583,0.09955451899961938,0.09475310738728641,0.09440769325358123,0.0987599381344409,0.2126893930667074,0.19625268772485172,0.18037136029044357,0.16046567989548002,0.13777259639254386,0.12202969860829356,0.10785426517797075,0.10189050827357936,0.09875227660808288,0.09948800365185947,0.2049392066530404,0.19305137586014634,0.17950296697214005,0.16342269437892304,0.1438940848757715,0.13093764944576622,0.11692281105278342,0.10955810533161156,0.10495537441285946,0.10271900036817237
2018-07-30,2803.9687,0.34506060320145193,0.29630156068615865,0.22702029643529728,0.16557206708383182,0.12134974006158625,0.10087804736108069,0.09230855929854262,0.09696353635416192,0.12483143982244355,0.1372117177272519,0.3234468553417139,0.27594486063398005,0.21383863764733146,0.16128650935705743,0.12015492856938743,0.09931955219161002,0.09013949055701569,0.09280381046318587,0.11923493470044554,0.13123380452465813,0.2984194007462841,0.24925446529492978,0.20093113639799107,0.15789662840987523,0.11934872415200297,0.09853679371708206,0.089186126645422,0.09114005180667827,0.11189957979000555,0.12663801905732,0.2785704799195447,0.23319183061720417,0.19425380731212233,0.15699761723168523,0.11992648268906611,0.09950464709086865,0.08989678307299709,0.09129894330824234,0.10646413239964628,0.12602926456121788,0.2648621891861034,0.22490052099061092,0.19105427711634876,0.1572887545358562,0.12233334950457152,0.10227663050875722,0.09159162531786712,0.09142501353214136,0.10270943866429093,0.12321730561701463,0.2512568989442546,0.21716268291260435,0.18827437224301558,0.1576285520408828,0.1262938057016472,0.10705778403614429,0.09471575674396514,0.09204813544189622,0.09965745181408084,0.11516234272991921,0.2379257830424035,0.21003929197272028,0.18587116213952246,0.15880768303658388,0.13095600319581654,0.112521002806894,0.09892001780187927,0.09415913772948176,0.09826746525083836,0.10722890609414196,0.22629700671020905,0.20411977995740163,0.18446726281225173,0.16070724482887985,0.1362237456153242,0.11809003887533881,0.1031008726978089,0.09703506323439337,0.09764538639546327,0.10257090711518814,0.2176829858262926,0.1986473635921328,0.18350928788167176,0.16240119764803584,0.14229748353660465,0.12694696871092023,0.11021089518346638,0.10357344423222656,0.10034053053731892,0.10225567980271456,0.21209847621342334,0.19425511305541385,0.18206076647515199,0.16424083202143352,0.14796807832360287,0.13547167325647838,0.11890923334289295,0.11264730129476501,0.10619583877150464,0.10399725805383697
2018-07-31,2818.8937,0.34627700305303544,0.28982237107959724,0.2203740474964329,0.15251785689733544,0.10879249807572619,0.09181928557485483,0.08635787172651457,0.1006844596714608,0.13584801232505603,0.14889758725676322,0.31984121377002367,0.2670450556219968,0.20636826041489256,0.14875543783072886,0.10866704097866679,0.09126181129088533,0.08502230940018021,0.09359808949457035,0.12637987677157725,0.1424248455186685,0.28986058717543484,0.2433641892140538,0.1937996026979593,0.14567489931278182,0.10932110820340722,0.0914875579013026,0.08464480957094747,0.08869199067973882,0.11137743017664534,0.13072389797962522,0.27149685642024496,0.22973418530707818,0.18727167407594522,0.14530554397413734,0.11098230399804242,0.09314686724507709,0.08570337773254241,0.08792777458016567,0.10223504624663418,0.1218454856845402,0.2591226821028078,0.22054351573600808,0.18501768399800253,0.14677547612867659,0.11372775614474033,0.09642542453361061,0.08779405195975216,0.08846439853060761,0.0991018932997818,0.1218454856845402,0.2454638481679487,0.21177538841446877,0.18374025575196704,0.14926994897900928,0.11801402511484063,0.10161120735997838,0.09129386323602423,0.0895964312814447,0.09557361803238104,0.12139916768565026,0.23299566543587047,0.20549599885898093,0.1823408981273607,0.15261344784844386,0.12354403551301392,0.10726908664404945,0.09536103803886976,0.09119603722722089,0.09315049745512508,0.11132474975793846,0.22402293841780668,0.20174813845946013,0.18069384427935564,0.1564890876745862,0.13094513332053642,0.11345702155992853,0.10033359199343632,0.09479677038966089,0.09571310076265663,0.10018221028127705,0.2160078066724274,0.1976194164404282,0.17897408877683593,0.16032263274731318,0.1409754732940314,0.12495955068688969,0.11010438786595554,0.1028868892697862,0.10108856693920265,0.10044154621865115,0.20799429604698344,0.19433869460439618,0.17799289978932709,0.16279504815105444,0.1467725126683218,0.13386644914976759,0.11939408098727122,0.11063948230343491,0.10506342326872788,0.10214110953980814
2018-08-01,2813.8085,0.34129783366894045,0.2826056091587549,0.21972344693664653,0.15447782343278493,0.11076299967124277,0.0925204993876623,0.08604001094299019,0.09285753023414356,0.11890469099163173,0.1472266060417863,0.31089427273050996,0.261089403783959,0.20506892151809109,0.1501796588971142,0.11009821850914857,0.09194984748398749,0.08520385866890126,0.0923552810936183,0.11601744747502175,0.1449075711775983,0.28651666542015475,0.24345973701107954,0.19442006890213673,0.14849309914506484,0.11070756833837603,0.09237426896974707,0.08527012861187122,0.09132252297697095,0.11095717925033721,0.1373909532860262,0.2699353414752257,0.23225312159870926,0.18853571994763496,0.14902308970295222,0.11267743176749813,0.09425160116838892,0.08633209260138076,0.08959446406036371,0.10461843630160808,0.12489603452014854,0.2579444626400477,0.22436357031001872,0.18580408894753817,0.15003443676942918,0.1153902035471049,0.09722382973809289,0.08811923793566917,0.08859504458159276,0.09858823431667572,0.1140982461342138,0.24443663915041852,0.21562414008351313,0.1840224972729672,0.15162147831873682,0.11953723706464518,0.1017760500901458,0.0914125529621284,0.08933049596921376,0.09319255061813045,0.10694782772103656,0.23226719197521656,0.20844800158170798,0.18271897040375107,0.15430288933020458,0.1254136390105865,0.10751196468863167,0.09569814691587533,0.09181282393119,0.09290327944193402,0.10129223187860176,0.22274110567006516,0.20361208110683077,0.1818075483265437,0.1571748029062175,0.1320932663274048,0.113841993288774,0.0999485677670282,0.0945741460011736,0.09442949422845436,0.09770455287252555,0.2163858845781177,0.19887551290513272,0.18143968341284578,0.16019064204456404,0.1395046825126297,0.12365891518913323,0.10794215592061396,0.09897863291997341,0.09711237021590222,0.09718387385383005,0.2114687498111092,0.19307351244465043,0.18133606230809207,0.16370240796300947,0.1451382059976119,0.1322030835484776,0.1180979630309425,0.10591622022097377,0.10135671096120312,0.09762993362490374
2018-08-02,2828.0548,0.3349115556552271,0.27139362962783903,0.2108034277726954,0.1423633882528433,0.10060861492285969,0.08512727156290895,0.08035210955928895,0.0924553566065133,0.1286935839966525,0.1979386411765805,0.3061549462459091,0.25196539683436553,0.19673704137834827,0.14040783382331892,0.10184207723673372,0.08586417016776457,0.08037127902277216,0.08897158165392281,0.11968198463281596,0.1979386411765805,0.2801503533364793,0.23389985197149213,0.18540751353191975,0.1406096138962655,0.10446128301027223,0.0876118506053999,0.0814004800027602,0.08632521158995828,0.10910902434948261,0.1979386411765805,0.26320628292591014,0.2238895769617942,0.18206483828042624,0.14274543990339647,0.10803027010293276,0.09079606068276806,0.08345518259171572,0.0856597048873078,0.09994311872417706,0.19282802911940075,0.25291081424413037,0.21762953195099866,0.18136760839595395,0.14501543928944616,0.11181305687735904,0.09459034121793476,0.08571557721396518,0.08613684112469105,0.0959379550509082,0.12733723364686658,0.24277455277133833,0.21110498742033101,0.18027899526907099,0.1475325838629381,0.11652059647124699,0.09889083570036096,0.08856962255986113,0.08762245240812407,0.09386133765930135,0.10774382061801618,0.233135923310803,0.2047568644445341,0.179340644363414,0.15129213629855215,0.12296941053184403,0.1036946448152528,0.09217645563474865,0.08973893084997542,0.09328191728605109,0.10633177358416984,0.22464629913445408,0.19927430461012793,0.17939862095128914,0.1555846861070827,0.1300584604460277,0.10979363451616897,0.09661676641009115,0.09311269617923408,0.09444594090012287,0.10463881649309527,0.214734894557145,0.19459697774944906,0.18026008565344284,0.16088581445413314,0.13711271112127732,0.1205060739545698,0.10515627852011025,0.10152255438522581,0.09988108834935222,0.10209982611320538,0.20605546550587925,0.19153442340995813,0.1795551139729249,0.16571071562804568,0.14622534863472364,0.13233557879241567,0.11525169988730076,0.10999424337089063,0.10679609844244337,0.10481911117460124
2018-08-03,2840.7759,0.35225783031026847,0.28297747296753895,0.2095857920267809,0.1395545420182681,0.0940306281782241,0.07820545391182682,0.07364533189072596,0.08341619164725526,0.12149757806582578,0.1310020148883456,0.3146099790546563,0.25179191384396166,0.19341902799640487,0.13646263543987883,0.09584755313340876,0.07994334100175357,0.07496443852753491,0.08256380536157908,0.11334647789275638,0.12468205062937394,0.27998308402751454,0.22846479705077485,0.1835205158258694,0.136130441154512,0.09879014399940218,0.08257058471835274,0.07734943518186811,0.08272875928116884,0.10755701678962262,0.1209809046781136,0.26147799674217725,0.21916013222126932,0.18033009303616618,0.1382059243959058,0.10297378346989229,0.08641165592780727,0.0803906915532855,0.08306106165147366,0.10110690959813917,0.11554943492638785,0.24834066117977666,0.21290595051063776,0.17901594566263224,0.1408507996969585,0.10779274302400749,0.09098026109230596,0.08342217369659459,0.08366825257378395,0.09453173917276778,0.11303840088732063,0.23637158681393627,0.2063135700515856,0.17801170127196966,0.14396988345949538,0.1131257084636861,0.09620152663394968,0.08710243580725864,0.08596357448997138,0.09120334630224516,0.1135999028193684,0.2268243817788962,0.20103248918846342,0.1776162356520771,0.1485328553843633,0.11920717641253868,0.10238635600354475,0.09202637098706415,0.08904284597111661,0.09110453001258685,0.11007939223867207,0.2185024803190346,0.19747547507195323,0.1774520173296079,0.15349051968570473,0.12619554811742595,0.10912034358907872,0.09788442005782513,0.09271824299531381,0.09285474875563947,0.1020594489463307,0.20960101607313644,0.19413978859143802,0.17739715010475718,0.15741991148811244,0.13549752046986285,0.11738879642790731,0.10627622494488523,0.1004413168419047,0.09731306789864701,0.10017287828020849,0.20323971444292432,0.19199747064627234,0.17730546400672767,0.16018137485977393,0.14450685791659063,0.12586468909105772,0.11428431225769099,0.10869981624177448,0.10147450777362524,0.10017287828020849
2018-08-06,2851.0053,0.3345392198485945,0.2692734498596292,0.2044719923648333,0.13682207651247122,0.09380703285996915,0.079648101781713,0.07666897685821218,0.08571804616081595,0.1280207191005464,0.14207907557346322,0.2957974698435312,0.2404964840321731,0.18619323104868216,0.13312204247322967,0.09512900604204186,0.08074654469753971,0.07701113214847877,0.08387360848052731,0.11970610038882182,0.1334630662584418,0.2720640277628011,0.22442924602729314,0.17798804439229263,0.13330614602404064,0.0978969002888506,0.08303169087225395,0.07888296050139303,0.08435366792113023,0.1106860929730827,0.1272560886091339,0.2578461884713285,0.21783474578395948,0.17569993165813697,0.13566280693146704,0.10242915644427487,0.08667270763682691,0.08138653303488753,0.08513080402624666,0.10341196439282808,0.12182760950386817,0.24316458521562948,0.21107713904573178,0.17401561457390655,0.13799143124557556,0.10774805094568042,0.09115309811418004,0.08391149866173843,0.08568890243861449,0.097419459580861,0.11644374837673234,0.23129718720808015,0.20477416272480167,0.1736586924978053,0.1411272526375839,0.1130713002083606,0.09592399191193901,0.08676879679846099,0.0865982401020547,0.09328569717303854,0.11375470538470463,0.22384653431355922,0.20040258841693206,0.17454339662307883,0.1459637286766739,0.11901821837827846,0.10090252060519456,0.09012191422277073,0.08833187445865419,0.09245045764952659,0.10762839925940591,0.2178335297080464,0.19657268368138553,0.17483284126794854,0.15099209075369247,0.1255992062963146,0.10693212964925888,0.09483073331264108,0.0913647249293801,0.09398424680216613,0.10172734002632787,0.21099515129450286,0.1923546932815397,0.1745867691968206,0.15575066934730325,0.1338733681863276,0.11655362252643023,0.10341256042986592,0.09708280782091938,0.09671453220780243,0.09879412212800999,0.20282246574417762,0.18993866528671344,0.1742375213700822,0.15882153582423328,0.14347825990946572,0.12866296318767276,0.11485562875888602,0.10597570443563148,0.1014075602619082,0.09857493062275789
2018-08-07,2860.0547,0.32649808626837085,0.2642317933827038,0.19047622510638657,0.12699427579177233,0.08923594808799333,0.07790470400703042,0.07750695113795902,0.09445623266847603,0.134155068644782,0.14548356258276185,0.28302414810475274,0.23422490280845354,0.17728438338327954,0.12570105580531057,0.09133697509001905,0.07929329386262021,0.07769459725143471,0.08863688156804453,0.11425175456256538,0.12470506775749635,0.26273153806456334,0.22180807375133318,0.17355668401709878,0.12833800602342282,0.09472344061875662,0.08155549846357055,0.07930301771471486,0.08783024517589272,0.10711708083966626,0.11764189172218326,0.2529056215614491,0.21521454801445022,0.1724170987121837,0.13237179946263217,0.09968482217818232,0.08504794101607185,0.0813049092153651,0.08752854858143809,0.10421713019843906,0.11878691589428103,0.24145224112861813,0.20748976160995708,0.1709591212695783,0.13552240371783703,0.10512142805605784,0.08935182677883054,0.08330058818561241,0.08661497633153167,0.10035194799268579,0.12136864916438514,0.22953897015007807,0.2008352538556873,0.17059165530081424,0.13883191416085483,0.1105013221224596,0.09418611833624377,0.08626690723612168,0.0867945276895958,0.09593993106526218,0.11971927609386844,0.22068533637226995,0.19720593813850026,0.17136166841646672,0.14341580613645916,0.11639312143953444,0.0996354605667144,0.09022721179831802,0.08858813281113062,0.09447443335649104,0.11550596525959476,0.21342036014333235,0.19418675958750234,0.17145833861988796,0.1484381826981061,0.12301464892255058,0.1057277840669247,0.09484130537595631,0.09179594505964118,0.0945588834342313,0.10721698808082424,0.207075901423731,0.19086937940050533,0.1712651584501974,0.152887636458525,0.13197347001526946,0.11610832253417376,0.10337070755359436,0.09799868601606565,0.09713051290903148,0.10095624213720206,0.20326439003281327,0.18792724965599025,0.17200419593252506,0.15539446437136586,0.14002622996172276,0.12813056619298474,0.11466435460927847,0.10522171981867161,0.10081953982062013,0.10170909498427472
2018-08-08,2859.8095,0.30671345864346444,0.2488512209457796,0.1913811063303685,0.12408905191774233,0.08621738869370475,0.07548999085159694,0.07542651170945416,0.0935091554791979,0.13891482900368496,0.15984601288807582,0.28200728634128774,0.23161001659653666,0.1796089533464079,0.12349722956780265,0.08920013163986244,0.07775454853845516,0.0766084076955969,0.08988178373948356,0.13175772105317676,0.16323578786957002,0.2690083692244441,0.22112641347745998,0.17462257019996982,0.12635172264642328,0.09329571258849384,0.08075787096391739,0.07858104439349005,0.08799699587122474,0.12421311139864462,0.16713054097837385,0.25381018003951816,0.2111645517002748,0.17221556631948828,0.13051721174346217,0.09855950646227482,0.08470221163726552,0.08080445144167327,0.08588335866457582,0.11032694974156369,0.16713054097837385,0.2376508793551931,0.204315042744397,0.1710863991546759,0.13460355492097661,0.10410130396798102,0.08890397059846433,0.08291725657156956,0.0849266046013896,0.09887701501218078,0.15623395821065067,0.2284913729442874,0.2008598001271358,0.17053943726662799,0.13872617124284445,0.10986527754714112,0.09323791423084288,0.08538110840702488,0.0854241570222789,0.0919407758098238,0.12422981827626636,0.2219321570185617,0.19761362550715245,0.17055525268732277,0.14315107819194686,0.11695287018471687,0.09890133773204994,0.0889412852879698,0.08707215995709174,0.08942420959649541,0.09429747043117166,0.21437256740803665,0.19439762202402938,0.171135089321264,0.14725720844354592,0.12418253947920473,0.10639246666146253,0.09445027426539025,0.09155344042831624,0.09368519329745263,0.09542084441940202,0.20527926491653975,0.1915564721205707,0.17247594897059612,0.15193675455921232,0.13217329188768948,0.11769628362925796,0.10752116407623309,0.10290627183800101,0.09967925718208613,0.09825232627703827,0.19905857796219892,0.18921823702072224,0.17483017059402803,0.15652876340747288,0.1416175398976129,0.12868085733847176,0.11831790506308686,0.11036642653749763,0.1039268341768273,0.10130634067830194
2018-08-09,2854.9755,0.3101642225478532,0.2594425172053112,0.1960215654864332,0.13084107159902084,0.09195387735914524,0.07909436483541445,0.07664285603029485,0.08862089913727877,0.1261263115233435,0.13952387809126698,0.28178787595060895,0.2392593383315834,0.1821106815732467,0.12940914262179984,0.09445718908361196,0.08115090320366711,0.07785134838571847,0.08641755662614044,0.11430373577890977,0.1253297868934602,0.2681556323439175,0.2257574034573874,0.1758051497066253,0.13106824063041048,0.09783189676433625,0.08379438773373216,0.08002110512207312,0.08574116665227714,0.10487952984373596,0.11975799126601365,0.25615564579299993,0.21673997921497665,0.17379898823303416,0.13479725453380526,0.10254194813910378,0.08749547560655711,0.0825235972449577,0.08567433589861927,0.10060660378449238,0.12335556787828922,0.24336185324830095,0.20866180057979333,0.17213765860245744,0.13763250134938765,0.10790706228506135,0.09228916957727584,0.08516432885988182,0.08599970414551952,0.09920283888174905,0.12211282707980492,0.23339644765347822,0.20245413158959,0.17177038377761672,0.14063569657874833,0.1131882919493228,0.09768739700835864,0.08874700188050524,0.08802883760848326,0.09876837983594818,0.11595132328282798,0.22465376835425455,0.19807708424423176,0.17231057887065315,0.14544689106341183,0.11903306442973774,0.10348254013045019,0.09355360003316858,0.09070567048459519,0.09819209987866391,0.10955897733074364,0.2161983835126312,0.1943690710882368,0.17281777189673495,0.15015963272539265,0.12494216048580256,0.10960308321252195,0.09907504293714972,0.09359340846075874,0.09786101235988601,0.10395937519656126,0.2088470087907909,0.1900748237822563,0.17432493737668095,0.1556208227103503,0.13128357162919402,0.11789026589518461,0.10845959085068811,0.10016669309647866,0.09976910821810078,0.09979809510845078,0.20210244704767005,0.18643435433822553,0.17585420800669116,0.16185939752834128,0.14049978292171947,0.1285261617588671,0.11987495881307599,0.10836390762869434,0.10282662195911463,0.09992177489149595
2018-08-10,2835.1254,0.365006692362016,0.3062449020008625,0.236507314428018,0.15784099003584817,0.11001078658716744,0.0904644236080044,0.08237299433591128,0.08547854832816836,0.13219711131499365,0.15049817455273243,0.32034928416546266,0.27169478200887986,0.2108355753889924,0.15065613986834925,0.10907239389586952,0.08986605671354292,0.08183631111537591,0.08486934725522591,0.11878961119432759,0.1381510106288682,0.2974402059524837,0.24825048384657417,0.19709343858628833,0.14896593017035897,0.11022443280198858,0.09067899634999935,0.08274272959913366,0.08603281542686143,0.10930186479878284,0.1262904644443264,0.2785386467681011,0.23299101153446264,0.19034576707292458,0.15017339148067707,0.11309604129407513,0.09333577807164317,0.08478644844509445,0.08666326761333351,0.10422214890582517,0.12118434837557043,0.2573935025660189,0.22120828387395416,0.18583594176826482,0.15193530454333257,0.11714876867264319,0.09737897302420394,0.08743296725721227,0.08729051764371189,0.10057048500033165,0.11991168221053583,0.2416858975074559,0.21266717183855793,0.1835061945531727,0.15418368696431733,0.12175223812478721,0.10192052548123742,0.09058010017780888,0.08893307405117867,0.09869791941246844,0.11738055608626002,0.23162639320176934,0.20653971552851602,0.18234841069015834,0.15717720049997022,0.1273399430843078,0.1071148624746672,0.09415852763783479,0.09100109618702588,0.09754997262095814,0.11402983162936892,0.2231925678414293,0.20175782183096572,0.18106462476515162,0.15958337911708706,0.1341193384323722,0.11433475983269131,0.09940061001862706,0.09469237772870132,0.09689247376125877,0.10755234192740877,0.2157995802759471,0.19822673074640557,0.17959839097769076,0.16069141011563498,0.14042570779913488,0.12380382836169365,0.10829479116176804,0.10222099989007606,0.09948729102054539,0.09975290582739656,0.2085082509951475,0.194783040135328,0.17840652911341615,0.16190165543174642,0.14507730133045052,0.13140332314000383,0.11754056137281581,0.10985171730762527,0.10387566143036359,0.09937660692021855
2018-08-13,2823.4714,0.3762508521481472,0.3098188882182581,0.23788583635930308,0.17208764715118458,0.12566153961376206,0.10389134567262007,0.09386127728580518,0.09482610784874229,0.11657376127837554,0.13686749107413662,0.3284668001557435,0.27282873944390806,0.217825305274603,0.16578972923138585,0.12260780301134261,0.10114553109657407,0.09159806150334483,0.09318631335868312,0.11046106059007701,0.13018259361888387,0.30366185110424754,0.2543920107764644,0.20931187546318172,0.16313503092987797,0.12195071954746427,0.1005369666414035,0.09114403871057579,0.0932157508846469,0.10743443284727539,0.12509096933463673,0.2820951312749564,0.2428975303718319,0.203961326086048,0.16191643972399533,0.1234741816655832,0.10207084544757718,0.09174583785708851,0.09296209017338636,0.10523262494801958,0.12411694522879647,0.2644818169573198,0.23384904699667758,0.1989509217816348,0.16074851076666402,0.12619908303147867,0.10510960073457469,0.09297621320808412,0.09284209730508514,0.10364951209515762,0.1222781972621561,0.25245205503254387,0.22592514968972913,0.19485905893883007,0.16068239912978977,0.12953722280862512,0.10945623956751667,0.09551211768384642,0.0935534165076018,0.10174523247753209,0.1189445416431076,0.24140271292231857,0.21585024307230882,0.19137193738212352,0.16260598183169436,0.13356460322513022,0.11471148954648877,0.0991935710017553,0.09470654805720034,0.10019127290525862,0.11553935395088352,0.23131209884533988,0.20726259985446477,0.18868796076854202,0.165582499859681,0.13796812222457389,0.11989181796454845,0.1030670241702081,0.09718898919614058,0.10029761196492423,0.10955453811633863,0.22286554589450303,0.20156787504205084,0.18674766601538048,0.16800074445576763,0.14295636163876965,0.12810415467711464,0.11117999469204595,0.1049575974637308,0.10629034837363036,0.10632459134745478,0.21597441169843087,0.19703994795513133,0.18576531416389014,0.16866783966323037,0.14786612987573866,0.13824558662966846,0.12388229638229276,0.1132480972358715,0.1108466972774967,0.10689058375521732
2018-08-14,2841.5394,0.34785769123880034,0.2993832240196356,0.2294190001104678,0.15116327466212248,0.10845868403065921,0.09175321461588024,0.08550247661167973,0.09104997808081586,0.11634506879528217,0.11634506879528217,0.31298398008140776,0.26840434603673713,0.20688692299589173,0.1457240534017653,0.10768041317192371,0.09120125946575518,0.08480665226555405,0.0900132227739548,0.1117932566084254,0.1117932566084254,0.2928877439648488,0.2478454977039493,0.19530790633918474,0.14602251637883384,0.10910930506585219,0.09193523891396274,0.08527103800661723,0.09021509997090381,0.10894248007971505,0.10894248007971505,0.27585327201242865,0.23425086120062275,0.18988880892823706,0.14877191114759367,0.11233411990614438,0.09384561915738314,0.0862513445837044,0.0893561778423112,0.10453469834115989,0.17102385721429048,0.2574861951404503,0.22176397557341565,0.18578844866788255,0.15114590744923412,0.11664467346761793,0.09689316316287125,0.0876594768292683,0.08841699936294639,0.10073033257381052,0.129957757361188,0.24447712255028184,0.21414776523571538,0.1842005171289887,0.15340935287791443,0.12126169653849724,0.10106643912094962,0.09024828022993023,0.08902163320670892,0.09717853856445173,0.10674562509248027,0.23511999382164697,0.2084456520597459,0.18297121619538645,0.15615456141306974,0.12676614981550852,0.10622320448084113,0.09397105165158112,0.0907656460126202,0.09420180816526309,0.09917211654994719,0.22420485294767037,0.20118094961516936,0.18082094575103821,0.15903734186012933,0.13362848395834206,0.11278018856782153,0.09894255221636666,0.0945012804051528,0.09612585816059928,0.0993681948181616,0.2124127111478551,0.19532642162576538,0.18027603820004384,0.16196120894927296,0.14187118628724746,0.12486339651561201,0.1097048396338646,0.1027817280427491,0.10061112522917243,0.10015283032828134,0.20741637635818824,0.19325026311630028,0.18065528063324732,0.1639024607155838,0.14721207361748606,0.13418887551088435,0.11840156308409318,0.1084242059104234,0.10298311139897884,0.10071545196459125
2018-08-15,2819.8574,0.37943754477870556,0.3119867577709579,0.23899633663465916,0.1738204047567502,0.12777605269909528,0.1059421288138414,0.09532367563725495,0.09837170393577255,0.12236335622853249,0.12236335622853249,0.334655447455155,0.2774012024879666,0.2212430551375778,0.16716328465331884,0.12523116494336498,0.1040425959595692,0.09382060769541854,0.09786544381091357,0.11572890160922182,0.1592933404758094,0.3091530743337486,0.261286228268231,0.21272241917735446,0.16487234097237022,0.12501925726068835,0.10382682691094101,0.09350580753219516,0.09734667558021462,0.11518075958598382,0.12883674519718435,0.28985142843437595,0.24805415283855792,0.20536787061310885,0.16406231296874166,0.1261586070942666,0.10485338647273452,0.09368661726212894,0.0956038902170115,0.11540428234514882,0.12940326765366805,0.2691892920840623,0.23381979820530757,0.1989721067013179,0.16361447195425705,0.12801156940953617,0.10680814200710709,0.09450312410297913,0.09388474307419961,0.11289836904674855,0.1292361188739196,0.25292683337636046,0.22418009033388547,0.19615041268230746,0.16418400732152744,0.13110513814897864,0.11008930855069214,0.0964953987417544,0.09359863173864731,0.10508539845676051,0.1253323065886157,0.24190886902844624,0.21756094455875774,0.19418585532612448,0.16484376367274575,0.13557648529696692,0.11505244300695303,0.09968617034531897,0.09507057747858425,0.09843215256183489,0.10863965777781673,0.23178253407639635,0.21069431137298342,0.19106261474870984,0.16489578117777834,0.13982841496675263,0.12117472631905209,0.10500314681025351,0.09963635475850657,0.09852812490023952,0.10033892203796262,0.22021924495871756,0.20439791490571832,0.18788244645898491,0.16574913468475858,0.14420920072421547,0.12818948392367233,0.11281020830884067,0.10680463738313362,0.10221320804413762,0.10089790466345681,0.21146287346487355,0.200558970157189,0.1858603800670395,0.16625359323692032,0.14920592175839714,0.13389376252973115,0.11828281793643168,0.11206864589104665,0.1058013128109301,0.10250289630679596
2018-08-16,2841.7321,0.3562358254708776,0.2964744495801008,0.2239718556354186,0.15650366975042942,0.11295912453658857,0.09437331647410917,0.08769119617313582,0.10293971477066129,0.15098297027083088,0.2519374258638373,0.31430009462797837,0.26006106002476564,0.20610932856145175,0.1515316127675279,0.11224035715517008,0.09415309116989701,0.08738000075817547,0.09936950924666388,0.14294550002471162,0.18030698917447507,0.2932227793785107,0.24590776771747924,0.200672240538501,0.15175637751433907,0.11341415943741971,0.09513252398104814,0.08824069018492654,0.09541466974316667,0.1270845547599665,0.1669247016028343,0.2795689737124459,0.236357001180775,0.19609550481998686,0.15354776672932155,0.11645110589318192,0.09724678595766799,0.08934572263923554,0.0930914991200257,0.11672391842076187,0.14397561610793613,0.26460274073047696,0.22415843216359763,0.19102163163018612,0.15525674291431957,0.12079758558467199,0.10073847231259116,0.09058545938503484,0.09158122820725517,0.11066178810142185,0.1277681936463575,0.24875309195751383,0.21471814514063114,0.18834386091650998,0.157335574608803,0.12545085751425927,0.10539371360583659,0.09264421222479076,0.09111021575185271,0.10110576322440493,0.11567338923501629,0.23470603517714114,0.20893166050598933,0.1868248781839847,0.15938262280968943,0.13018091188270783,0.1106116947663885,0.09589783332792462,0.0920802162933199,0.09768110403242267,0.11058461699138912,0.22354128782431476,0.20437019294366562,0.18509454588550164,0.16104496444667946,0.13482010115543439,0.11604417436686297,0.1008949641444835,0.09515252793931202,0.09933110170195013,0.10754475604448864,0.21463242598343843,0.20005962190850746,0.18284425457658948,0.16317734769297487,0.14099694285673522,0.12356910676521056,0.10888567277594947,0.1029483651917497,0.10334256331477576,0.10483411849683809,0.20749788365166688,0.19551124957897917,0.18074934954481295,0.1651507847435567,0.1476427667757908,0.13261977889778095,0.1171985523208717,0.10993487951926137,0.10661336904367856,0.1036249511667009
2018-08-17,2852.7151,0.34604573592043614,0.29951063030260877,0.22500080702947903,0.1452762051038414,0.10229853831954666,0.08671487678325465,0.08333322577874282,0.10165538225631975,0.1395774216042472,0.177910828855261,0.3183712329502236,0.26767195843508956,0.2042904523872521,0.14265164435881178,0.10295124592615698,0.08722260373414795,0.08309722215887096,0.09721813119254692,0.12998155454169158,0.17105524326817534,0.2958616452569375,0.24443526201506163,0.19507284771464475,0.14428522255335596,0.10564362979482123,0.08897273985860134,0.08432837294216211,0.09545316066573238,0.12097822876555145,0.16069808446328965,0.27536994202940085,0.2308593063469207,0.1894111866512819,0.1467705255692115,0.10982672097800514,0.09194919254045646,0.08602314068279417,0.09265147750688986,0.11342424683747387,0.14518748570116313,0.2577816672487046,0.22034708196757566,0.18500658279086282,0.14915381837374211,0.11439255213374881,0.09563063593492292,0.08786463000174884,0.0900811140974574,0.10704566398939015,0.13315036506466713,0.24526537518571673,0.21332823473360427,0.18373174732616399,0.15222391105470615,0.1189019774001792,0.09942569211561182,0.08985294050634388,0.08986923981202408,0.10302564021955729,0.12294005388824099,0.23431421967953386,0.20825336894516253,0.18344063143965395,0.15588336082598164,0.12459965899258155,0.10461461372416443,0.09273449321643239,0.09112247174488175,0.10121590261540049,0.11271109308474789,0.2240759990517038,0.20380060908052808,0.18210488814547562,0.15848230146732584,0.13103011271182086,0.11273241844521362,0.09953654100926443,0.09488569988351654,0.10033993646408285,0.10429008711373353,0.21388147774121297,0.19879292401759746,0.18006675398911087,0.16039932294096684,0.1373850860469997,0.12247250166058717,0.11148728722234603,0.10365472953342837,0.1013981320560485,0.10215606649395038,0.20607032815043785,0.19406373711394712,0.17938239854313273,0.16153243440229803,0.14279076364662346,0.1290819531533537,0.1186974449934619,0.10966157041058572,0.10277838155459115,0.10208504988815087
2018-08-20,2858.8112,0.3340600646534399,0.27607337388008313,0.21212375311981144,0.1443514521867921,0.10094696954746053,0.08540655667476368,0.08231966576640225,0.0962039298624938,0.12884506862871745,0.12884506862871745,0.3099647977049258,0.2537891659349624,0.19896793767206228,0.14276201054827126,0.10296205784119854,0.08688538994836888,0.08343413396797797,0.09381975972047467,0.12004425967737688,0.12004425967737688,0.29370287516350996,0.2379091380319557,0.19241406612894593,0.1442504069571139,0.10622629657813107,0.0895315667495355,0.08535036756572278,0.09304350719972386,0.1145811384209777,0.1145811384209777,0.27557824214919907,0.2244115083221045,0.18696863375649803,0.14640771134054628,0.11018370363302789,0.09294313093206484,0.08689501184354458,0.09093639911363245,0.10676534398235282,0.176790826700512,0.2577957250485349,0.21478341107332674,0.1835094272109601,0.14826823809885642,0.11460251039641879,0.09721870387927908,0.0885957754272267,0.08938213810271402,0.10034820568873205,0.12333265071979355,0.24270301700025104,0.2099984239270269,0.18262050828975485,0.15079023118229412,0.11928266131754049,0.10235238202976667,0.09126407349135075,0.08953160154904559,0.09741758758305409,0.10342677493947303,0.2306732357807288,0.20626277881654326,0.1818791342687989,0.15443921857289733,0.1243613457371987,0.10740225548169251,0.09463525258588062,0.09106172468947651,0.097171055994588,0.10153521101914534,0.2215554836243361,0.2018724888325058,0.18076556196754875,0.15769538668761623,0.13004492751480887,0.11245186167961704,0.0992162637538687,0.09437514195456816,0.0975253277220614,0.10116407323259183,0.21381093722760658,0.1975330742812821,0.17976019489313885,0.1601460340328393,0.1373718189010219,0.1207024912631547,0.10785311321091672,0.10203144327725752,0.09996666429679908,0.10157237986053524,0.2076238468433991,0.19385928243129358,0.17835678756360968,0.1621016024506175,0.14339185787734665,0.12936674189954875,0.11587089513986579,0.1094443545783241,0.1050917160742108,0.10396986211335833
2018-08-21,2866.525,0.33603819333719015,0.2845507943713727,0.21071943746143068,0.14448749045879342,0.10060572919785794,0.08529498254728733,0.08233211088667663,0.09751904636125078,0.14112889135085674,0.14112889135085674,0.31524373261358407,0.2614495985799313,0.20027669983479413,0.1445298884016771,0.10261253522758294,0.08706511031548433,0.08379095669936946,0.09521892155125121,0.12594733081548512,0.1976567907817888,0.2980224036757525,0.2444192038945854,0.19454893749093685,0.14533032648661684,0.10570149892868982,0.08962776027805794,0.08556374734301017,0.09474691396190692,0.12166377037262727,0.13753747392591167,0.2769577432324882,0.2306094048612813,0.18903233530278107,0.1467332721934598,0.10969269037497638,0.09271063600099053,0.08698363337260467,0.09273178108888937,0.11681708397594787,0.13372833580216054,0.2606947016019902,0.22154638227009418,0.18477445127858041,0.14851325170986185,0.11443557054509995,0.09651233657886492,0.08864625674063624,0.0907681921812047,0.11027300165865853,0.12577736588277702,0.24766706526795948,0.2147958859190073,0.18164988666883689,0.15026376332584349,0.11958223142048244,0.10105197402952461,0.09086042996022271,0.08989174434624701,0.10375776070689662,0.11893725175558835,0.23446740567327795,0.20785952684821787,0.17955702624926553,0.15189390788890042,0.12447349043573909,0.10585102075350769,0.09335399575103719,0.09034330812447573,0.10108034072056782,0.11744969532516143,0.22139092299099136,0.20110815218253134,0.17961828420772982,0.15440195151630387,0.12923662229816665,0.11178573790566855,0.09761616810176413,0.0931615449779698,0.09891054253898672,0.11396280133084043,0.21142911947610427,0.19575546551352668,0.17986238313202252,0.15865122565368062,0.13618680350484086,0.12153941634463149,0.10837280475451641,0.10038944471271792,0.09991480569356069,0.10343004560863087,0.20415274152521634,0.19128689136615612,0.17861478846225134,0.16170024459287105,0.1433133135217068,0.1304641287680193,0.11862172860637854,0.10679028447282649,0.1027418399925676,0.10195153969963866
2018-08-22,2864.8409,0.3194654417574521,0.2707973563747734,0.20627985254862646,0.13630251630153403,0.09539998344767504,0.0810817393284096,0.07766907692115835,0.09826003173321837,0.1359830410957258,0.1359830410957258,0.30689214443058327,0.25713401739660174,0.19814371662889202,0.13843114791526015,0.0987558253161904,0.08372802654798542,0.0800502841766753,0.0931343481090216,0.12214311659714458,0.12214311659714458,0.29648982754645603,0.24489916692792124,0.19167901082926767,0.1410375730057519,0.1030759145159419,0.08691830453144397,0.082477551491521,0.09097711048525167,0.11735787314082759,0.1773730603560707,0.27645640770052204,0.22866831138324945,0.18521696562317838,0.14338142473588444,0.1082724729729473,0.09091329274729285,0.08482129438359877,0.08871303957143184,0.11351694079166529,0.1524615368460221,0.25952739109428036,0.21639964270721415,0.1827854911041694,0.14624225630930154,0.11353785025186645,0.09533684400551841,0.08743334115161266,0.08863041058125161,0.10621011503490643,0.13152226332365896,0.24760331076855452,0.20997518195341933,0.18313672437109568,0.15008016039337493,0.11902198601045703,0.10013776781461635,0.09043215664509872,0.09043362641825164,0.10174240531774882,0.11484090782787497,0.23534227261588833,0.205522983122016,0.18258790699180172,0.1531382041045556,0.12491317049185478,0.10602172656461628,0.09387840577953989,0.09199185265821219,0.10040541323927904,0.11206010570719245,0.22271476994884642,0.20077613474077505,0.18072207187046166,0.15537508340128164,0.13028407607333997,0.11316401761484425,0.09914964765192287,0.0950039499768769,0.09957808520748601,0.1120340286245536,0.21212476955762286,0.1955955940175359,0.17868374384243843,0.15870193518867307,0.1372637126272653,0.12301408101101431,0.10850207236149784,0.10207242679441045,0.10032456419379145,0.11002674779889969,0.2040266002195051,0.1919431432390136,0.17728011735141547,0.16071254715899877,0.14334377995434622,0.13132470841357466,0.11702719451105743,0.10833772330083923,0.10294999660682558,0.10568914209425626
2018-08-23,2858.4592,0.33541074368956075,0.2699884261979258,0.2106100151349338,0.14125417624740888,0.09947264398570778,0.08434800745860312,0.08014120301759357,0.09596523355829456,0.13378701027593135,0.15514175503540337,0.3066108511934768,0.25118420704555305,0.1982508332808416,0.1418638351522338,0.10281418624276888,0.08686361117078491,0.08218129829752815,0.09268953803361518,0.12892113320774598,0.15605625277511403,0.2854203904635772,0.23585038801560945,0.19174029086409594,0.14369373047341882,0.10673010653713531,0.08981588752101247,0.0843377581118967,0.09101387090391369,0.12225144669434589,0.15277072332596914,0.26639531950599576,0.2223103015258578,0.186963896858165,0.1465925502905817,0.11157055470577719,0.09337232316092667,0.0864771316206675,0.09016783279208007,0.11409035221744034,0.1438735759130274,0.2550117851361653,0.21543129993721685,0.18440549992743505,0.14996819487786378,0.11692047672712594,0.0975460431515121,0.08881006825115088,0.09086268930262097,0.10984990829103534,0.13330034456000142,0.2454954471312699,0.2113326838973125,0.18292350887619677,0.15344854861321794,0.12235227733234759,0.10246472983678745,0.09192130386518695,0.09213198928482681,0.1058260751560792,0.12490999942195948,0.2349719699650322,0.20726361517398886,0.1812586541720006,0.1565535814187166,0.1277355152555546,0.10804855461673911,0.0958231788536,0.09324979594461766,0.1002159886866939,0.11370472609072065,0.22423878822502083,0.20284799894516506,0.1799445050983925,0.15907382577024637,0.13265368600701066,0.11427963617187763,0.10079034860595215,0.0956323066767848,0.09782691507326485,0.10573392545180074,0.21318583898497356,0.19778908168518977,0.1789842755598974,0.16117355344979598,0.13897948881064912,0.12318237241622142,0.10811093080627848,0.10060036251767498,0.10034411841099729,0.10484093690713377,0.20355492922575022,0.19369554178253742,0.17839581216808997,0.16190564690697457,0.14426374765994163,0.13201647604263989,0.11659913400832206,0.10607969006944218,0.10335486692554392,0.10410593247397681
2018-08-24,2876.7228,0.3273022785988135,0.2685178980368296,0.20308636388740425,0.13536164560363712,0.09435667246757953,0.08087488099151628,0.07922081796208372,0.09760200096282039,0.16700206499210382,0.16700206499210382,0.30775862951664673,0.2514083076159734,0.19449419336681686,0.13631580557688025,0.09793587786119713,0.08403848462025403,0.08125199894156418,0.09222632552907917,0.14370445643047264,0.20689288843605388,0.29164705590062234,0.23826834400440133,0.18895853043820246,0.13845494790296967,0.10221638783652653,0.08745078319783098,0.0835530276419792,0.09042152454147466,0.1288685035219256,0.15843169864583423,0.2704673949392822,0.22460821173651035,0.18382645772889558,0.14099971663390484,0.10781164430933209,0.09167398912709067,0.08581648191091491,0.08973839661692799,0.12031084702713495,0.15102753636801636,0.2537092930529681,0.2159788351761967,0.18133719438577192,0.1435985034434074,0.11367525677571472,0.09631630276890407,0.08820699495501952,0.09065144801344541,0.11298101556955693,0.13634822525038162,0.24165613640349318,0.21059940848078462,0.18086003242633206,0.1468006923507271,0.11895595574978604,0.10127016628538708,0.09112364485801147,0.09200547648203963,0.10894038531718,0.12378233465877078,0.2321885851646334,0.20623387915598687,0.18070123170832986,0.1512228008655491,0.12371649221595185,0.10624359966299797,0.09440544120355324,0.09298963339430959,0.10572643934391977,0.11960371920380926,0.22242862453603165,0.20151411997055574,0.18025358177683276,0.15515783419992069,0.1286544038375581,0.11147935182244598,0.09969130078668309,0.09577107933330081,0.10132082377339882,0.11292598586725083,0.21085176854866697,0.1961031121465524,0.18003053098370403,0.1579829764414235,0.13584745549060573,0.11987316586287017,0.10963774904980353,0.10262870195779424,0.10098538110128842,0.10312125136870538,0.20344347305255864,0.19218780245295203,0.17911397771619544,0.16094037346000523,0.14188203360768598,0.12764759678123733,0.11684305798339248,0.10786253988653101,0.10387211826734427,0.1025020629513501
2018-08-27,2898.8392,0.32339853389003076,0.26267588534850717,0.20180674286714811,0.13544707738019443,0.09365707034478937,0.08135702953340253,0.08206629992629882,0.1051391267251317,0.17282681782163375,0.2509858657107787,0.3039972574909098,0.2472548760160353,0.1934791097496669,0.13581554179689076,0.09698799492809815,0.08399041814286869,0.08351499834786628,0.1015051993197844,0.14959306025927407,0.1985775135718481,0.2835885153606338,0.2337600569615936,0.18695000676376644,0.13758611518192368,0.10087559581326258,0.08707304461044346,0.08509143965184852,0.09817757301559193,0.1317494839531016,0.16278276909638809,0.2643810046365675,0.222492394823744,0.18171360561034447,0.14004162868498546,0.10595316233719365,0.09108669165324716,0.08687832364820876,0.0948080628898307,0.12034023527892061,0.14063630914849304,0.2524154055858946,0.21561865749765888,0.1792341562867561,0.14239972049356775,0.11098560824084333,0.09541235379600911,0.08912034525470806,0.09331154194940336,0.11048297642538311,0.12494329420418307,0.24294246291906252,0.20948864397883565,0.178108295723845,0.1457627795349739,0.11614460663778789,0.10030897560883074,0.09209117000476312,0.09353609989394941,0.10572803793380406,0.11993717978026028,0.23321527667519615,0.20387103832172662,0.17706751630492693,0.1495194709773101,0.12115616431279191,0.10502625119672625,0.09517168914026762,0.09430974255721372,0.1031188632355807,0.11866339995295747,0.22288552906144476,0.19939695079629308,0.17648050808508384,0.15230036403995487,0.12578841084037912,0.1096311905034016,0.09901248080828229,0.09618248109833173,0.09996111296284263,0.11516769207113979,0.21338723689806668,0.19524055845873375,0.177205305383313,0.1553525818566798,0.13267538570540593,0.11807757358194326,0.10614921600175137,0.10050167048898974,0.10011433544373231,0.10845600946756513,0.20610369735579243,0.19114258387459213,0.17729392655114196,0.15784822614578,0.13976260544679012,0.12755546128494305,0.1142393986610016,0.1063825227002607,0.10335946395458695,0.10424207641880598
2018-08-28,2899.1969,0.3268113930826224,0.2704034466450679,0.19765729187243833,0.13560808918058326,0.09571051518010318,0.08281584612829816,0.08286866556837341,0.11265927533470765,0.1755313591351165,0.24288955872737963,0.3109603878687182,0.25566397877446767,0.19269426691065442,0.13712709953647173,0.09946343471723934,0.08576292356597283,0.0850019159239576,0.10922474307146054,0.16286458368276915,0.22441501362163976,0.29248041748271786,0.23968921823099185,0.18747562029244852,0.13971625674084498,0.10353117420089951,0.08871122032452547,0.08672419356394903,0.10427870201285462,0.14935675512036595,0.19966847373110308,0.272606748475625,0.2260976811231112,0.18342388290357486,0.14309296347606393,0.10817253893708706,0.09226914126802835,0.08869922092023956,0.09840358775830328,0.13225698978970538,0.17045054930060705,0.25656159836162545,0.2173592148558582,0.18165717042106888,0.14640236461974976,0.11314429232830545,0.09645505226207014,0.0912223225752478,0.09609378149976101,0.11643700393866836,0.1468221932605022,0.24416808589826,0.21134865235934458,0.18102206357598913,0.14967888630657303,0.11891848018653342,0.10178968144356336,0.09444145573658667,0.09660360513021886,0.11060901682443543,0.13335087539157875,0.23479053131355246,0.20709220981481155,0.18020816865027448,0.1519905807034398,0.12416430770262996,0.10702556954997058,0.0975205778714299,0.09760557166346716,0.1083444805871569,0.1267725439348646,0.22458932368098694,0.20247930104138914,0.17860243048501825,0.15398071490684642,0.12917094690324246,0.11293936137892452,0.10216772782554358,0.09930516952313105,0.10535312152548752,0.11704724975793267,0.2137770841683082,0.19685326429534264,0.17738359402993736,0.1566973962362127,0.13583771464443434,0.12199298570557993,0.11101629474502459,0.10478263695521312,0.1039939706278921,0.10875242198609954,0.2060840438041962,0.1922855479449295,0.17757214343206543,0.15837948349047234,0.14147948082661663,0.12949054889776968,0.11869804584144447,0.11084359885966164,0.10524739561331987,0.105535139093031
2018-08-29,2916.709,0.32052778181107816,0.26476881198882346,0.20595625790967353,0.13503490989881947,0.09380100186619801,0.08235908015768076,0.08364290621179106,0.11264488987115774,0.18628835778327885,0.24576131757600514,0.30402595160790824,0.25279946023320915,0.19769614405279892,0.13518675367436192,0.09704307212135417,0.08499268160090256,0.0850160187104372,0.10829948968637061,0.16918362017805083,0.2287794976150071,0.2839658312152009,0.23694487253084745,0.1878917313032034,0.13674381494586554,0.10085479556904932,0.0878909512513517,0.08607163493974768,0.1019895946951201,0.14966842266378796,0.1958486167398065,0.26341969744225097,0.22287034661803282,0.18052488705107209,0.13976976527046922,0.10594878009694692,0.09178400416306894,0.0878451314457175,0.0968044117731455,0.13356280194494558,0.17022043511689522,0.24908116538624206,0.21426076097651575,0.17796824238823586,0.1430418752046394,0.11169091827006793,0.09663974157846995,0.09091513589764048,0.09563894948342962,0.11952485278738761,0.15119088639632122,0.2375699709826416,0.2077139353904913,0.17790017142873943,0.14679622884831364,0.11784930030947481,0.10245802738984718,0.09502038406074613,0.09688591447376009,0.11237402654490351,0.13447151314846453,0.23011916054446274,0.20381023397679696,0.17821344847101234,0.15010570543522983,0.12291254670789921,0.10718309119107762,0.09819101949237018,0.09810066927055992,0.10932286328864138,0.12539479044379567,0.22300135998341664,0.19974696228940736,0.17833789571482792,0.15250307809098151,0.12766863117136196,0.1118595598285759,0.10146283371205235,0.09928679716937648,0.10539613309814319,0.11536171733604145,0.21251643303924309,0.1939573705126463,0.1787940604955437,0.15608894106797822,0.13556992526107273,0.12123972569315522,0.10889132975096086,0.10211179053613272,0.1031970631725136,0.10808017789532814,0.20350177933564836,0.19032749701592236,0.1781507402047852,0.159311717456855,0.1429752141290193,0.13046330262285247,0.11800727407218543,0.10744716074559396,0.10386815198341236,0.10536398448815436
2018-08-30,2903.4209,0.347535223180526,0.284129185043471,0.22600273351938172,0.15193330075445546,0.10503524224149852,0.09008354314659567,0.08798031083570362,0.11021274275894459,0.17481119266149847,0.17481119266149847,0.3257267137585442,0.26632442559105596,0.21045097427779177,0.1490110158986985,0.1076003608826417,0.09220220910695755,0.08846654435081842,0.10410725490472486,0.14969557196026684,0.19543973262161665,0.2991535033683547,0.24614631838458148,0.19787041683223633,0.14817455309963046,0.11070109725619266,0.09443007469225136,0.08892163324796507,0.09759425605161198,0.13125991090190606,0.1755609093310458,0.27436714025236736,0.2296401707165321,0.18928097087782245,0.1486813422838629,0.11470817232412518,0.09759916613828418,0.09040632236793755,0.09456736256496057,0.12371352296830733,0.16966114449118613,0.25689443577506427,0.2192495372792773,0.18566872325664763,0.15021772456091562,0.11944070972537682,0.10223374317159988,0.09364315159675482,0.0953833891821077,0.11558267723456361,0.15487227836527742,0.2432428608454316,0.21243549391629796,0.18511108737146456,0.15288772291185088,0.12469162161754575,0.10794266742085619,0.0978738983562178,0.09711779923493372,0.10915728430291988,0.13300703387177773,0.23370685428484148,0.207829470522597,0.18460587968771677,0.15584112298586825,0.12924474991166288,0.11261304708719004,0.10119034839780934,0.09868463541587903,0.10608578716187722,0.12305570543237028,0.22470476277830811,0.20344983709051262,0.18330535758341315,0.1591428233874647,0.133574440644487,0.11714501275463302,0.10476240506294682,0.10073781930927643,0.10363385868062881,0.11347543873529986,0.21625689929650158,0.19919222722471763,0.18185514011357276,0.16313884189164002,0.14095941660806127,0.12586792620449602,0.11167815295381814,0.10524339106121056,0.1039153924656815,0.10556581287588146,0.2101483700749777,0.1968253614385423,0.18030189659649234,0.16461408423070473,0.14689621935402497,0.13448053895881007,0.1195405884982775,0.11150444020074313,0.10639691589157503,0.10525957046408822
2018-08-31,2903.9894,0.35947282472287745,0.2994754886491583,0.22875473354418108,0.14571677117969384,0.10046277660636835,0.08547390706445217,0.08247020603535472,0.09857957494578239,0.17923918562930488,0.2063558300145789,0.3308071131186293,0.2731461662572887,0.21134178786743477,0.1441604977368618,0.10323185423970065,0.08762415482626006,0.08318313454569949,0.09466832100620282,0.15819168831596483,0.19135478483521837,0.2972333757985547,0.24844650806133342,0.1979793307402392,0.14425090041631336,0.10669513452163243,0.09009819031647083,0.08437513984117878,0.09170901143313406,0.13525500097107124,0.17672659982064665,0.2738809188468975,0.23159476948305385,0.1890604850285615,0.14544903266987044,0.11097259499154381,0.09361460072322175,0.08674043428540665,0.0914112938162598,0.11924432478656634,0.1649368151980483,0.2578995040905997,0.22143907403783591,0.18462885870743972,0.14750881583982947,0.11602243509014862,0.09855525735304557,0.09051438859962088,0.09374460211243049,0.11151831620721123,0.14491531962239565,0.24372731205060477,0.2133970296570115,0.18235578662908153,0.15066088803122152,0.12210944192113424,0.10513152663328669,0.09552768336626169,0.09658954095271204,0.10799739809792515,0.1276239461334731,0.23444784632247276,0.2077450691532176,0.18109034413264247,0.15392371119269274,0.127612271024694,0.11089897435959803,0.09961449653392634,0.09843682385289276,0.10620698751981346,0.12061465747185236,0.22478784725294307,0.2031894857582092,0.18042655757403459,0.1569466380797237,0.1326849869317595,0.11590356613355773,0.10341123655603814,0.09992433491468693,0.10407596886606987,0.11592284221985043,0.21235071343627526,0.19938855479863918,0.18004138449375975,0.16042036589352476,0.13940912927322316,0.1235086246015247,0.1084777257198875,0.10197492040933794,0.10272166192510986,0.10989730967581181,0.204465543216994,0.19714853912271685,0.17936843889497062,0.1625882321387317,0.1447994916935807,0.13233001542912115,0.11674262727547112,0.10776496988674751,0.10395323869500746,0.10989730967581181
2018-09-04,2898.7156,0.3503800463199258,0.2871986814065202,0.22717574512902897,0.15437204743798405,0.10808779952850886,0.09209288692137221,0.08827763184698857,0.10179485225795414,0.13756645534049294,0.21501790240994975,0.3213333383714717,0.2672943079105987,0.21255307885485245,0.15111126933241897,0.10929360267920897,0.09268262673260089,0.08763233537637104,0.09744110516788762,0.13449128687762785,0.19547160528686372,0.2987744104634303,0.24593652080809159,0.19862011161823373,0.14904580588347158,0.11178219428086143,0.09443353446298279,0.08825721126671963,0.09426396744547084,0.12376278082443937,0.17722743731801607,0.27988592960316844,0.23062763621949922,0.19100977400916147,0.14978711756669766,0.11523418857982054,0.09760905138524202,0.09033082826498061,0.09389433702815064,0.11483338845696994,0.16224100376646802,0.260830604273279,0.22043561960324323,0.1883009160462242,0.15219423254476522,0.11939669478925583,0.10198312425644135,0.09341137866404367,0.0947571958374991,0.11035922489102454,0.13836784026352325,0.24417769075037243,0.21314637081037174,0.1871267959644281,0.15552490147790532,0.12441175970523223,0.10739755632127257,0.09759997010018022,0.09671608869969824,0.10892799030995426,0.1252591797751102,0.23465396837976668,0.20851940480574424,0.18585572967441824,0.1589511328624821,0.1289817218815887,0.11175304021713993,0.10148747903592509,0.09908054200014502,0.10767903420416149,0.11988697681230019,0.22658736503353372,0.2037141828718802,0.18446251319961857,0.16262584226302162,0.13383710472942645,0.11548424345347477,0.10471966658686294,0.10112766611103775,0.10544695348329758,0.11480071925560834,0.21550167520149668,0.19900749356098896,0.1835782622911483,0.16546359497588073,0.14148916188350696,0.12375961679860209,0.11000746723068358,0.10487470410000589,0.10467003998385428,0.10933276040867577,0.20670391526889018,0.19642128989230065,0.18282031329687914,0.16508575055091984,0.14629799352397657,0.1336534100586195,0.11871021812499197,0.11103806904109013,0.10620353434118664,0.10642199121056602
2018-09-05,2891.813,0.36070873965752215,0.28961306927867725,0.22347442324925804,0.15772262415640526,0.11157295931540112,0.09355545488068909,0.08798824425293654,0.10079945382013325,0.1303664762331648,0.15469035210218593,0.3252822836641834,0.26518965658179944,0.2109484500110116,0.1545581525315811,0.11250046374176635,0.09408305532462011,0.08757372994825152,0.09635807800193202,0.12674835677602408,0.15982360243878407,0.30008076127837247,0.24741963500921385,0.2010086921979551,0.15368482523619892,0.11471405324226246,0.0957866414145508,0.08854660116017748,0.09444351579004763,0.12402611752578727,0.15938937567637973,0.2779225727008479,0.2343750658630737,0.19450295952387908,0.15432086185534283,0.11817175403631024,0.0990468142675866,0.0907343271343562,0.09395142917979932,0.11889355449139546,0.1521008944617646,0.25578042952046615,0.2233958714661606,0.19108100407247966,0.15589899512360286,0.12252667261148605,0.10378182943370742,0.09401510026949987,0.09453063047404323,0.11162682813128161,0.14005888161331534,0.2422811031929554,0.21605137574877517,0.19009722965933287,0.1587609519404203,0.12719347531210978,0.10921344046447169,0.09803702078307196,0.09639207841981044,0.10803237815054344,0.13007059210416744,0.23503142873127195,0.21162904572447994,0.189123888033504,0.16171068214279877,0.13112332669025217,0.11367955575232153,0.10173074050410569,0.09874382578197691,0.10662221383651066,0.12178633125518275,0.2276380794063405,0.20713119500511887,0.18680123601341206,0.16421773120178235,0.13563991846735285,0.11824897756292113,0.1061792196410265,0.10174752030643389,0.10470801936422705,0.11367262802321992,0.21912833258805564,0.20238947239003635,0.1841085673638988,0.1662690735947528,0.14286637653153242,0.1254867504060041,0.11190975963989669,0.10483747055994497,0.1041059717045066,0.10876332788174216,0.21300638445358308,0.19872203765502305,0.18132924945296064,0.1664633857821446,0.14904441595322102,0.13365311260654175,0.11788167326414598,0.10800320418952408,0.105121483203497,0.10659561344194741
2018-09-06,2881.8845,0.3778058151226524,0.30200425996273395,0.23750075893214898,0.17018850970124516,0.12169840598306986,0.1014652348772062,0.09462055870038283,0.10366746117238089,0.1415217771453647,0.2817523479644089,0.341218169005009,0.2711329192775615,0.22013699326030858,0.16443976091352935,0.12142604972821132,0.10121082139410308,0.09316481578454844,0.09979474583182527,0.13046876372015617,0.18329332976132828,0.30071291561818825,0.24651842589375986,0.2060156754367189,0.1601413143497212,0.12193982349234721,0.10189029582793657,0.09313598832889554,0.09823442059958575,0.1231602891115954,0.1648753939252535,0.2779411460483236,0.2355939521662897,0.19926295016820947,0.159160026455761,0.12389589216584543,0.10415687303108538,0.09452348736987896,0.09728493173053787,0.11492853184616426,0.15629381913583362,0.25854536507341613,0.22740060103718784,0.19576097312642868,0.16019939934143007,0.12742995386543793,0.10766305579302121,0.09662358581528331,0.09685806496502017,0.10749625420801862,0.13911565067204532,0.24552206439627736,0.22025128070360075,0.19354302518586342,0.1626825151255817,0.1320504720632485,0.11159994679547314,0.09906621498055614,0.09768703218528497,0.10521656065740183,0.12887679082042483,0.23921644131993203,0.21511715294264364,0.19159572045248383,0.1652410396169185,0.13678876282541394,0.11562402708326026,0.10178762995239732,0.09926867049958542,0.10451595647942309,0.1228512033173146,0.23221100944475004,0.20929053509738543,0.1890167656605607,0.16720753448837986,0.141717588515927,0.1214989534881535,0.10700972637603472,0.10235592342990997,0.10348781330226858,0.1166830572104437,0.21986737602267517,0.20255505990382058,0.18660468402191532,0.16888872337507765,0.14702295304808044,0.12967025068818216,0.1150180371466263,0.10703047261492725,0.10325824744011468,0.108830817972171,0.2097185654043919,0.19870673977488948,0.18510335248603876,0.16956050253203306,0.1507136918409951,0.13553229603922612,0.12026197212343158,0.11152448192024904,0.1043207161336343,0.10542924756082644
2018-09-07,2876.792,0.3814932235213261,0.3125672412119553,0.24654693597117933,0.1708929172614532,0.12021956247393253,0.10048735896549464,0.09329232653125974,0.10590096507737727,0.15197336883870372,0.18478676870352453,0.33850502541523786,0.28414538567185904,0.22686588175234934,0.16462463291821874,0.12016240062390383,0.10045709390090207,0.09162627865062879,0.09719934049122095,0.1388619671065647,0.17122848343592778,0.30436740655857325,0.26098032415823375,0.21015741284164388,0.16062304809883673,0.12116914347488782,0.10131566689368053,0.09152910929232604,0.09437921945070432,0.12441277662852765,0.14726659655142305,0.2840930616060655,0.24728052122590377,0.20163027086356544,0.16029733099088792,0.12389817822927936,0.10381401114851828,0.09306043458383398,0.09454135893056738,0.11737403850388084,0.1362049916172771,0.2676581087105391,0.23669241171932556,0.19762464117933712,0.16145762269594247,0.12814103526585513,0.10814486263352409,0.09602398971053004,0.09572499872942564,0.11268391346629884,0.13363978245547592,0.2541577928860184,0.22849614542264357,0.1952315605946735,0.163056396413234,0.13339046622544817,0.11343269144668715,0.09987831122602218,0.09735027154561988,0.10808843700274923,0.12998599680189485,0.244782019883483,0.22261157382240715,0.19281300754305192,0.1644862536450666,0.13806040076508977,0.1176370767280041,0.1031959686609953,0.09890896651022123,0.10560394940594542,0.12196276335213338,0.23467078999049532,0.21530670843459263,0.19003512833279568,0.16658038190315327,0.142254347373458,0.12231194018364004,0.10814492668853154,0.10270805700456918,0.10439479402638942,0.11233355269383818,0.22362913486022867,0.2078684454615921,0.18787498146602064,0.16954972893018677,0.14810589907795477,0.1308752672660525,0.117193659702269,0.11021284008666728,0.10429471159423719,0.10699237610254397,0.21714595826481564,0.20362461330608814,0.18612054798883035,0.16999750397677676,0.15251667037565425,0.1386937016359151,0.12258359635088063,0.11353076816361425,0.10505918481539714,0.10499752548393107
2018-09-10,2880.6757,0.37441098329343514,0.3113306520724128,0.2353393184216064,0.1637378520309293,0.11499653717304363,0.09617839374228364,0.09042008463159003,0.10893072776639988,0.16073610512009223,0.1820489903165062,0.3360482055622145,0.27484854833336364,0.21375414037435794,0.15695085087544816,0.1158810897656852,0.09659394971098594,0.0891450621637908,0.10220572382269281,0.1420134560961152,0.16553391181441884,0.30487757732445403,0.2525998075006637,0.20332716839978007,0.1547136217692117,0.11808544090773039,0.09832411738203291,0.0897550149770511,0.09872568250197453,0.12835298190593408,0.14819629190163197,0.28085801400378646,0.24146043749257956,0.19865518017872366,0.1556204775405405,0.12141658207986993,0.1015427848141891,0.09145675482409937,0.09660184133231886,0.1197203262763904,0.13159420925447585,0.26340953720336757,0.23233283790796708,0.1949509855699792,0.1578248227533687,0.126313044186935,0.10682407007983358,0.09438093775422926,0.09612946160619591,0.11393002570947111,0.12401911115398508,0.2511137726004429,0.22370055116176088,0.19249428916759834,0.16038687741584512,0.13175225157464124,0.11308258921570988,0.09842589942240382,0.09717617591486145,0.11110935291646509,0.12246977836935512,0.2413398023159314,0.21629104772897528,0.19081781577775075,0.16280463656199495,0.13629986590240573,0.11800616446797005,0.10252299854020511,0.0987489936016382,0.10901320619799502,0.12138929743347912,0.22987260905036175,0.21036884442657922,0.1888590203952725,0.16554529829210188,0.14066240555861478,0.12310781006080171,0.10794403635909032,0.10212414803940406,0.10528370921545648,0.11351692792808331,0.21963561886128535,0.2060542548520385,0.18732036925925485,0.1681373365718241,0.14541799593839885,0.13088222526599305,0.11614497274971239,0.10795721751984895,0.10488421639463005,0.10569411450321652,0.2129246803074442,0.20158275685324417,0.18689023995268284,0.1693424827478717,0.14908702327218848,0.13738978257670853,0.12236260979899949,0.1122681788254718,0.10747051400270664,0.1049331269975321
2018-09-11,2891.4104,0.36208287914802956,0.2949804554078274,0.22391760936832233,0.15088956533560197,0.10556031043908326,0.08931032178582557,0.08506515569734012,0.09717617223851246,0.12060476137980056,0.1273300175844603,0.31357448932781057,0.2627705085515942,0.2070221527741359,0.14737795220664365,0.10701277570211677,0.09023635539216962,0.08477277459107885,0.09283518960516957,0.1138047017357176,0.12226624620481966,0.2946735976508503,0.24646635802546332,0.1977009396526892,0.14775818380821734,0.10986190373435253,0.09245756659924197,0.08625565122229295,0.0928567404170969,0.11163559372463544,0.11952287075371834,0.27904816511309033,0.2346708349261849,0.19194473094970022,0.14973270416361284,0.11407180992249683,0.09605843387673227,0.08851664828835004,0.09304914743055478,0.10839749763411206,0.11527690163266405,0.2584642555035169,0.2223293150594672,0.1881900403231077,0.1520017204182007,0.11947748796372923,0.10126792091506315,0.09182826616456176,0.09385565083412438,0.10469859421744389,0.11063455739591048,0.24279278705210872,0.21373420590766454,0.1869528703620391,0.15473197549028123,0.12508485711351489,0.10748652820810457,0.0961434393162546,0.09560010830886445,0.1026214624924492,0.10743181049101484,0.2339586482515469,0.2092291117950069,0.18668468753966622,0.15761839022150162,0.1296325129418691,0.11286232882561777,0.10012085858782373,0.09738013160763449,0.10160797700253615,0.10428577592087036,0.2256549477510168,0.20514388712480397,0.18559766632902758,0.16067297497708,0.13512857519097443,0.1195865129628933,0.10533022136848624,0.10040666316729371,0.10151112724023363,0.10254718551626957,0.217039849280272,0.20048373147731888,0.18392257530177827,0.16311700085610162,0.14235607526485664,0.12945903177274895,0.11380072091696213,0.10621907977946925,0.10346308331905892,0.1032628240811733,0.20989437987630621,0.1966048629861215,0.18230701790080903,0.16409003079449844,0.14728970138311148,0.13603394073001138,0.12070384581291592,0.11142125218927951,0.10571394618707979,0.10403795118447198
2018-09-12,2892.2745,0.3518950288096088,0.2877764642951635,0.2200459794302665,0.15004801549886967,0.10351340788562166,0.08634755223759431,0.08151164126157875,0.09634239763658307,0.15582996451289116,0.16570756408842902,0.31452936530089104,0.26164849705733745,0.2038633535029163,0.14547392702620315,0.10478331881218644,0.08781268482577083,0.08193859882023463,0.09204556161827136,0.1429843447152627,0.1578722804983644,0.29807508752976364,0.2472821288011131,0.1951284706909201,0.14499330869667565,0.10747942408733485,0.09033237487281287,0.08376439044782523,0.09040121106461081,0.12898396774023413,0.15206502604025324,0.2797486316725529,0.23425570359728776,0.18947463302938702,0.14711558021833757,0.11133675789802741,0.09344668083741842,0.08580612930531442,0.08960854486767672,0.11587081604093889,0.1459710807586678,0.25414371657758605,0.22071597112377897,0.1859091429411656,0.1502682269915412,0.11645662026084665,0.09745496726217755,0.08836940390757228,0.09000017962809868,0.10452086038835652,0.12774455641552132,0.23885688648068332,0.21193901929864498,0.18503765052270332,0.15412970448675922,0.12259460843948224,0.10272453977195281,0.09172128765151147,0.09146717832333641,0.1002572049037161,0.11986196881474848,0.2315788143289497,0.20703027092910165,0.18485497451352106,0.15768876903692378,0.1286120756968608,0.10910419429827874,0.095541916717513,0.0932028656983337,0.10008787806762319,0.12051245938834676,0.22374166406905302,0.201874860264277,0.1835856556839644,0.1612235546931068,0.13503907315141286,0.11776197673434369,0.10333240931699976,0.09789715012260529,0.10074291710601993,0.11763279615781815,0.21391134549515797,0.1963317939541264,0.1813437985972697,0.16470993071759346,0.14254001782704176,0.1269337941071255,0.11498625805938653,0.10576335025763839,0.10218552925106995,0.11088384044500116,0.20607948365015588,0.19292000029558906,0.1795428769775162,0.16627339617955877,0.14723440822797929,0.13147178888041575,0.11962325034601975,0.1095883546862489,0.1038228261044185,0.10558082599534913
2018-09-13,2907.3109,0.3464010341713347,0.281079422316299,0.20688518115201757,0.13703019018083962,0.09574546219141057,0.08182909461935867,0.0812056961246203,0.10206684682904785,0.1384262397874101,0.14388199827862594,0.31478727744458285,0.2553136139268061,0.1927813784755821,0.13520123466791342,0.09817734008370625,0.08353235722426501,0.08115575907792025,0.09811949909266791,0.12973744349014005,0.13674667867930893,0.29571045647847305,0.24045225952711838,0.18620032603555473,0.1369817582730083,0.10145369112440711,0.08610648547509715,0.08279027861645884,0.09615245003187953,0.12550592151068377,0.133911435434462,0.2756469887922912,0.22726224356540295,0.18158105495124283,0.13978850965527498,0.10589885595769118,0.08966431178559701,0.08486410892680121,0.09347102992769993,0.12012060128911077,0.13058353018189445,0.2509820627161371,0.21463248474948024,0.1785574592324003,0.14278766564013007,0.11165221560361721,0.09444142990638109,0.08746069800490433,0.09120934350382831,0.11061685238412944,0.12534563497057563,0.23521457043845592,0.20652142747604935,0.1777446805487854,0.14631608035526522,0.11775509603423438,0.10004228009053195,0.0907028580555459,0.09071283467554293,0.09895175466440582,0.11732589153122734,0.2263797190541245,0.20178772095950973,0.17777964092311668,0.15017309067023013,0.12312581114769358,0.10575180497451503,0.09431424052875947,0.09191113045631691,0.09448461411613578,0.11466632674384222,0.21769032698442337,0.19771831586813832,0.1776689066883299,0.15449668887178936,0.12948600262909976,0.11347476657456235,0.10067989778173515,0.09562450750644441,0.09544847376995784,0.10952124639060486,0.21033133908886528,0.19436997448748053,0.17727424576214065,0.15837706606541674,0.13695501670441718,0.12382641618703089,0.11034056431474112,0.1020671388965058,0.09763495464763669,0.10372241765738009,0.20483003326523824,0.19186385381815269,0.17685194075833516,0.16127073031029865,0.14150195952037997,0.13043270284212616,0.11655955496333631,0.10767535978776424,0.10034137448179509,0.10372241765738009
2018-09-14,2909.3803,0.3286715380521026,0.2727490932002062,0.2098398344343437,0.13545820454376706,0.09280129780971297,0.07920095864578833,0.07827741040701858,0.09733684242869273,0.1439303930514147,0.1716667787921327,0.30645729071290334,0.2559304702431709,0.19696746712488197,0.13419190277354276,0.09488130318249549,0.08077684120442857,0.07907168357804881,0.09784726323475049,0.14090881285031562,0.16756827001585825,0.29466035398530943,0.24490843900259052,0.18837428868617187,0.135327814463784,0.09806706598798394,0.08333358349906848,0.08102183196005339,0.09768238075494746,0.13386387209991438,0.15730828930941926,0.2773789463277714,0.23099622568727815,0.18081493927320996,0.13732197751243913,0.10287448287657361,0.08710784041694927,0.0831018018775094,0.09450730480402658,0.12074374065146282,0.13563620957199066,0.2538575698367704,0.21593122451267993,0.17602045330909585,0.1397584278472932,0.1089508734677045,0.09243494153946334,0.08597898704272744,0.09216452946889976,0.10951680794587465,0.12881595198535942,0.23700677904350764,0.20514340882133755,0.17484214435208514,0.14298971306760233,0.11496541254982655,0.09862341325848414,0.08936410784395289,0.09194045841877577,0.10537462577682441,0.12824133072216756,0.22670700207460226,0.1984041967825758,0.1751496792259596,0.1473311081611005,0.12027769816232076,0.10422907021265412,0.09279242004791513,0.09268876882516582,0.10252175227685474,0.12516131047194015,0.21703453131391484,0.19440914707907153,0.1756561382137821,0.15235690394990734,0.126954859101703,0.11054558111293981,0.0988626881916658,0.09558619419887762,0.09880222018935356,0.10655827808991472,0.20798945748384967,0.19253841564377167,0.17611030948088463,0.15609399387061348,0.1357618654049456,0.11960047723200232,0.10921070169864892,0.10219997605559257,0.09898443288853719,0.1002858927412461,0.20300414576600873,0.1913188856796259,0.17668533376183856,0.1581211660799238,0.1423732512933156,0.12541786921530304,0.11644926361407668,0.10853149888643152,0.10015866282375727,0.10036025886924402
2018-09-17,2891.4858,0.34961250834565616,0.2991155501076767,0.23347132242134278,0.15814321016278216,0.11320722367203029,0.09492045451059444,0.08838276014980495,0.10149119312933391,0.13927777775099648,0.15273997332208503,0.3226258554437868,0.27335409580674974,0.21365896839111123,0.151469049289581,0.1116918860327729,0.0935510528421938,0.08691970970779292,0.09800916987153056,0.1310087998342771,0.14765823483773893,0.30908525490775957,0.2540764034316223,0.20102052438175952,0.14914942726887362,0.11219393353287113,0.09383129769712473,0.08703536052767695,0.09586882894293063,0.12421858147212683,0.140672406869222,0.28520259861939057,0.23402122124280614,0.19146070282370778,0.14903313674879934,0.11429253388792694,0.09555791682575929,0.08773353518566374,0.09277250621113707,0.11401643974757508,0.1337144334204605,0.25379626534960653,0.21865149457763713,0.185954159612366,0.1503295883599937,0.11803250025531224,0.09885535763988826,0.08945085486639953,0.0911596265085696,0.1074623807175034,0.13136045929882856,0.23779369866298725,0.21195325733554493,0.18380115473018596,0.15213648743779223,0.12265997305606244,0.10313903134489527,0.09210774970326482,0.09146415538125693,0.10481691321418977,0.12837405784796052,0.23055438683514434,0.20776240919321665,0.1821730415532406,0.15387623387683513,0.12755911911772047,0.10783837476861832,0.09570193862059351,0.09312727161535189,0.10205126204878638,0.12312890970553918,0.22320140404903704,0.20195369567833446,0.1802342437499642,0.15548370294080566,0.1329676523184375,0.11387589684550938,0.10234251656816165,0.09734789076532299,0.09957491519955573,0.11413417264036249,0.21382286195814623,0.19623857269347517,0.17919388307913944,0.1577503443975454,0.13857409071949703,0.12183835195631912,0.11083309532560694,0.1038866794774991,0.10056893294737751,0.10518420136952511,0.20675707207689067,0.19286872836187896,0.1787790178101903,0.161220388543741,0.14318638387554877,0.12840725766516983,0.11623223982689265,0.10838080010901384,0.10274990091353171,0.10244928436219622
2018-09-18,2909.7248,0.33112166257617365,0.28541240850199906,0.21735654318000835,0.14442590322319493,0.10348175016061882,0.08833081298269026,0.08405087292650487,0.10325189655636952,0.15584259178912002,0.17336870412922256,0.31118299996097337,0.2643177323335324,0.2017164947148907,0.14191462020986476,0.1036401297991898,0.08816766130562026,0.08349591853405128,0.0993810366144435,0.14168436576750518,0.1615112862212445,0.2952840657619843,0.24894746269356477,0.1931725200072115,0.14273027739897567,0.10566315313524952,0.0894217347894482,0.08431464459627454,0.09734091762856761,0.13137115022910867,0.14625056471739997,0.27444959292199655,0.23377174224350425,0.18641690242123155,0.14401117381104042,0.10942952491133152,0.09245895232696265,0.0859197498096711,0.09426813047907563,0.12290562341025647,0.13765221798907898,0.2551212604400409,0.2211620811689598,0.1821022137145302,0.14550270879534435,0.11428505940177394,0.09701874219927628,0.08837067482133516,0.09197375143802443,0.11424083131417928,0.13396369149217702,0.24019903495610792,0.21210724703338485,0.1801973442059995,0.14760414953554796,0.11888965454057157,0.10190561776793633,0.09145038122452911,0.0915802899847269,0.10570007839822541,0.12975676574623204,0.22953197642948625,0.20594413485338361,0.17926190568300276,0.15054886575433538,0.12296534401070672,0.10614518275393643,0.09486337905541263,0.09268784543650777,0.1014400752904671,0.12255325667618505,0.22037351470372576,0.20107652689515226,0.17820048380046719,0.15418625752945347,0.12870471041716436,0.11163015002570059,0.0999956536272613,0.09565215609658959,0.09909271867207696,0.11129001215660111,0.21111524308219606,0.1965912575483002,0.17690219641135407,0.15770746214983503,0.1366683043142841,0.12138471850323283,0.10798761120277915,0.1008788225874724,0.09885895446818006,0.10207564108049096,0.20499063439277043,0.19276853727713536,0.17644748585526107,0.16042891853529617,0.1427989870722164,0.13001797089711137,0.11507929307650966,0.10618097949311302,0.10063557111059596,0.09956096106483373
2018-09-19,2912.76,0.3305117668959082,0.28012271180916765,0.22108567600650317,0.14293829409500364,0.09779946116566363,0.08215581646352442,0.07759547281798776,0.09558711659065146,0.16350279179405597,0.18754824924714616,0.3103428328440718,0.259669665298323,0.20371032302274744,0.13831380819600517,0.09763735503861859,0.08233056868640028,0.0784632711454118,0.0967376138346309,0.15293608259690858,0.18175069501955404,0.297410386444545,0.24500508828232165,0.19309966870712528,0.1383059683316389,0.10016493322121821,0.0842110104882096,0.0801415900518345,0.09410463387490701,0.13937786975257224,0.17062898995208522,0.2742525742354282,0.22735666462275064,0.18440521375023253,0.14015565359191537,0.10517239241058597,0.08817053672367559,0.08228833982747075,0.08950672079905649,0.11911274592517263,0.14886100714447534,0.2474221702900967,0.21289148404229166,0.1792614280857337,0.14271579317664335,0.11103644379524932,0.09353166785976941,0.0851895754426315,0.08793926638020494,0.10237532828291093,0.12669354726710663,0.2337328851811104,0.20488705413870106,0.17686465996306006,0.14584157181180693,0.1164116849017542,0.09892966555235487,0.08831109745977761,0.08896980630245753,0.09755659270079456,0.11212280355111309,0.22593841961896463,0.1994692648218631,0.17555481710929488,0.14960568755393933,0.12144806335885579,0.1039882439019873,0.09150544364801182,0.09082280193367251,0.09780129629128842,0.109427360597755,0.21813387478333357,0.19495814223539518,0.17478360894442635,0.15359204301862733,0.12836842756592035,0.11088818515929078,0.09694051348323424,0.09418992165321212,0.09761649715525848,0.10575616281268073,0.207579753676701,0.19113258287375323,0.17446304573816013,0.15661807487004162,0.13710036169269202,0.12256418488453022,0.10483563056426981,0.09828895081914966,0.09757951853242594,0.1009010523118334,0.20106330163039818,0.1885766476887506,0.175087549658168,0.1584637924938787,0.14279133782139272,0.1309767221867876,0.11206099413147876,0.10279322281200666,0.09921718032294694,0.09911553002235536
2018-09-20,2934.5203,0.3198425677023645,0.27539329109903715,0.20795592402015783,0.1435896487811322,0.09959259950282244,0.08397488049718393,0.0817614305440293,0.10204853378250457,0.15534519047716866,0.1899270252012044,0.29727727278048044,0.2549411809173209,0.19585368305545856,0.14026941688776964,0.09992555567713586,0.08444733120709594,0.08173762550147391,0.09916756773678333,0.14961854703001046,0.18473044571905536,0.2842147782404198,0.24049068353159533,0.18872614218560932,0.1396487460618352,0.10168217046929913,0.08610476584398573,0.08277912136359664,0.09564207967253598,0.13819707845458562,0.1695327787697978,0.267093236870486,0.22569880730539363,0.1819643951083733,0.1400298457167902,0.1051868816207611,0.08945286983477606,0.08486436614567366,0.09312756840852317,0.1243270599848543,0.14568062554961397,0.24803990985375618,0.21315521318507707,0.17699988327581415,0.14104022475793443,0.10974003708975778,0.09393482675583201,0.0876672274883137,0.09235057948657566,0.11360232206110328,0.13277615267283424,0.23487105214863244,0.20539918824092251,0.17483993739080958,0.1430262403179304,0.11441062989919973,0.09870522180378372,0.09061113283830641,0.09255691695522587,0.10619521795214863,0.12413323551892805,0.2257127808024675,0.20007410115141389,0.17391952176935363,0.14592879395265565,0.11860435590502551,0.10341933387087562,0.09390401238987012,0.0936968060776208,0.10179456588498981,0.11163127215292992,0.21514998927809165,0.195142740113935,0.17324371849493722,0.15015124358694246,0.1239924434894711,0.10959013174724948,0.09972961380408485,0.0963226604578898,0.09908637583560069,0.10287818972324306,0.20782192740504762,0.19201429115676344,0.1731355548635212,0.15430913181319178,0.1328106746187876,0.11805189372995797,0.10656172584700681,0.0997199231972835,0.09765492634603168,0.09917870989441385,0.20438999883135422,0.19029182567789282,0.1733424070511078,0.15553663248303104,0.13950519233991834,0.12535869641781064,0.11141957632677382,0.10302978065006312,0.09792313524142834,0.09868039496862556
2018-09-21,2932.0219,0.3193915543901702,0.27039931085087004,0.20824489713123873,0.13942646935388014,0.09713190619667045,0.08218460655918695,0.07772786414102613,0.08787457589190138,0.13397476745348758,0.2179145028380864,0.300082212876105,0.2532272340327582,0.19701654107290842,0.1373551901145622,0.09791818851375796,0.08281730311396623,0.07855420568950001,0.08893948296032461,0.1325508444783733,0.2169179451105165,0.28459837019965734,0.23967697875851962,0.18862817922959893,0.13766247095978523,0.10068080846023532,0.0848185744177188,0.0803162777452908,0.08855461990663653,0.12185296353534471,0.20678165503871224,0.26619426928659756,0.22618606040465905,0.18168858929982246,0.1392220628565339,0.10511909841795541,0.08857529546377138,0.08321809928111175,0.08864645830690131,0.10809728917593144,0.16359037010406552,0.2492727324732563,0.21535328035404022,0.1773780488709121,0.1418200332694444,0.11037547331313671,0.09354450082283763,0.0867085726933576,0.08988771501676582,0.10377636854268754,0.13212739950979896,0.2370443394944076,0.20715522553720073,0.17516227400006906,0.14462607825628934,0.11518212838334149,0.09861245265686672,0.08985535879109759,0.09095987261241967,0.10212350989586984,0.12174094990502383,0.2278829723398373,0.20098646782420382,0.17469568629173535,0.1476425967723465,0.11940032918121857,0.10359881196753473,0.09310380903955055,0.09250000692816421,0.10092553625525336,0.11499112823938679,0.21784141118743186,0.1959767676228567,0.1752768113290314,0.15208382864949538,0.125831492834149,0.11131858019312389,0.09956212664916562,0.09580116410103807,0.0994468427163242,0.10915702786033252,0.2091270994833416,0.19256774583623013,0.1756225379165215,0.15635405320232842,0.13446637235104783,0.12078381783928044,0.10817614652113626,0.10110071390110839,0.09892578892898563,0.10348291286685045,0.20478638473431338,0.18988720251842703,0.17554947594509912,0.15869950875362845,0.1403200564788707,0.1261749435970812,0.1134781156861461,0.10657876239242563,0.10116844582413786,0.10348291286685045
2018-09-24,2924.0489,0.3268127741541439,0.26969946327391403,0.20825242250539094,0.1481356858633895,0.1061718246539167,0.0889490771255063,0.08342946943529765,0.09310723565336647,0.12235016628007112,0.13834326361108099,0.30640674702234627,0.25374000372053546,0.19981189220275494,0.14573533256101123,0.10575932394984613,0.08837994758736957,0.0830060009163438,0.09291508025260697,0.12108878670986854,0.13668318897381007,0.2848458836771686,0.23821201986379503,0.19211009498838225,0.14535234136472694,0.10736848070592506,0.08934278056731282,0.08353351125649959,0.09088382325923666,0.11434561292290205,0.13078980362285783,0.26377895091855624,0.22433373634373246,0.18635131309495997,0.14660678388903955,0.11097155174442115,0.0921116092080957,0.0851767787486495,0.08947124641664057,0.10647649060371339,0.12837556380498033,0.2474270796916752,0.21491876214124636,0.18340362504784918,0.14801545552609463,0.11529305714984911,0.09626020779884058,0.0879097382453689,0.09022946698325159,0.10430800167800798,0.1272681243199934,0.23589789650391735,0.2079670291789232,0.18115049383899012,0.14913419898250674,0.1193975780802612,0.10090949523635552,0.09090048320274541,0.09146780855297348,0.10286800730938618,0.12155999758530427,0.22682295947294268,0.2021657165802155,0.17885348193140618,0.15140742767706744,0.1234843131100535,0.10553854414239418,0.09403903226685377,0.0932750611632504,0.10132791026452966,0.11092517095664935,0.21787480799340234,0.1973095609868895,0.17714877697720907,0.15511622050068355,0.1298007782886077,0.11331678950080125,0.10121585754943345,0.09682880878479735,0.10023404699197438,0.1052578717725498,0.21050107214839203,0.19375410160173828,0.17609035515506952,0.15804880989181724,0.13711159208754314,0.12309803894210414,0.11121959568261217,0.1023547722917952,0.10023300383219101,0.10310541707647808,0.20542344734417353,0.19055653320342048,0.17496307421676577,0.16005120812182894,0.14164200387512138,0.12855898541038752,0.11642999681784696,0.1075103005853403,0.10241332320863428,0.10310541707647808
2018-09-25,2918.2507,0.3247338362355996,0.27063060509141174,0.20821969536395069,0.14904272543926803,0.10799600411395305,0.09124715995434676,0.08589592785902914,0.09574889304289555,0.13723892156337925,0.13723892156337925,0.3066917307767976,0.2573143461399052,0.20135883684287456,0.14679194766043643,0.1076030992553521,0.09076986095529577,0.08541374599858169,0.09454109796939247,0.12182235030697305,0.1496135051080768,0.28647940583647113,0.24237554034299064,0.1933786545232693,0.14598595554115643,0.10944504339253962,0.09187711647136532,0.0860936033939719,0.0934367294634747,0.10969739137291842,0.12934527741739454,0.2674010400422771,0.229053399550797,0.18697896546715884,0.14720476715295855,0.1137700923116228,0.09506461971821074,0.08800889200104692,0.0926720141905238,0.1040246100109665,0.12934527741739454,0.25120390299226386,0.21875631754202318,0.18361999123502803,0.14929163454304545,0.11872587231473293,0.09976448376990546,0.09061656571606841,0.09284399296466861,0.10288628931524672,0.12934527741739454,0.2388649149151233,0.21040115995148645,0.18130373208144146,0.15131940812499864,0.12297084617612415,0.10489773561126156,0.09345622823105394,0.09339264497091203,0.10319719749238324,0.12317835241323491,0.22955703670591132,0.203808825916741,0.17944185095900428,0.1532317926971194,0.12653940188877352,0.10969377648758881,0.09643118368574191,0.0945757192714005,0.103696365852117,0.11628211878478777,0.21936107999014964,0.19858003929607834,0.17869038553907093,0.15574448355269477,0.13118685873179953,0.11591980408977064,0.10179509941338405,0.09839055339431403,0.10207085009062646,0.10993197188507405,0.21094186468472706,0.19512491080500005,0.1784640877547159,0.15895183230016663,0.13812628880809566,0.12407733319221796,0.10928996340794833,0.10357631652262714,0.1015176894218783,0.10397423022864437,0.20534408834223747,0.1919034236914827,0.17750118129999143,0.16166108185490977,0.14395888683798963,0.13074330746917187,0.11532258701584812,0.10811824477580306,0.10298626641902577,0.10296534806416624
2018-09-26,2909.2997,0.3350308389015962,0.27939536389072855,0.22218466646755605,0.1554437036352122,0.11120230708245316,0.09408481868351382,0.08882326918538759,0.1022181960356053,0.15131954306528506,0.169611397577004,0.3098139461588442,0.2622053174519926,0.21023774842726972,0.15102245541274006,0.11026895797687006,0.09320463609459174,0.08780654201369217,0.09808002544532991,0.14035486256588608,0.1671730954962925,0.29041630439164967,0.24775664399297007,0.19956869635492236,0.14952971002327958,0.11152369682718913,0.09396230440595985,0.0881568380143956,0.09554417796997744,0.1252212921802132,0.15614416843625678,0.27215225141609956,0.23255330443371036,0.19028260809053696,0.1505583437036878,0.11524776270284318,0.0968729562600581,0.09001443648080837,0.09472125844437594,0.11305149606250223,0.13527596872678266,0.2532228265682317,0.21917207871040573,0.18453198363475923,0.1525193213500904,0.11974159831400392,0.10109025261019924,0.09251352130732486,0.09443609924683909,0.10711322024979193,0.13076934522901515,0.24019668426475602,0.21121115625571213,0.18152095737902355,0.15445154235485914,0.12366719550039519,0.10548094985562159,0.09520698903585204,0.09458904650839461,0.1035599311457483,0.12845242659279962,0.23225146558659043,0.20593209852750494,0.17959337879224843,0.15587261817350923,0.1270719630213977,0.10941183261332083,0.09819548648859804,0.09579791274291148,0.1011681888526105,0.11773965078430168,0.22104043741499485,0.19993346328515701,0.17831591789001144,0.15732437787279957,0.13210605279875018,0.11468993745936355,0.1023648901286874,0.09842006496863141,0.10081184625049508,0.10867766073870841,0.20938412804057915,0.1958428008890189,0.177901668802103,0.1593931527078154,0.13963975811870302,0.12375781359410207,0.10950740668567233,0.10293180083611914,0.10213361925954985,0.10636278915856934,0.20442113707107296,0.1935307315346885,0.17700483291725483,0.16131212690922744,0.14497921878089268,0.1308860679347419,0.11620228778915377,0.10705137378928636,0.10405597438088282,0.1050788887970833
2018-09-27,2919.3218,0.34722451210246236,0.2841337362652445,0.22082063322486065,0.14897363584825832,0.10204624940011736,0.08651657575938469,0.08246967486492005,0.09427576587303635,0.12829542221464338,0.15203096644198663,0.31277591949014344,0.2607153663425497,0.20547215661203788,0.1442928385793274,0.10210448796927057,0.08659151186168218,0.08221451227272186,0.091045743163257,0.12412280965652918,0.15013191546907378,0.28904622587688317,0.24162473257537362,0.19361281278412196,0.14283427139101568,0.10466979049862754,0.08825422702443039,0.08290402657408429,0.08898679524703743,0.12060530567560386,0.14438301720893665,0.268047880744876,0.22591066873438423,0.18619572488265454,0.14460697255809363,0.109455571725833,0.09193806987163167,0.08509119732764177,0.08936130622025092,0.11404691836505702,0.13350048126567005,0.24785305477024433,0.21452658639434646,0.1823382247525805,0.14717960264901575,0.11407857808182442,0.09643835170224363,0.08777860227332247,0.08971388280096491,0.10744462876070661,0.12138525753116529,0.23587463314306764,0.2072614717933455,0.18019227630431733,0.14964087656599176,0.11772218913899854,0.10081122112454102,0.09017866276443241,0.08981591250235409,0.1036386790270398,0.11409045246625515,0.22712637969358748,0.20175133686195876,0.17869663268944674,0.15211429008321656,0.12152836439978953,0.1052467820432525,0.09294653933438521,0.09136636662735553,0.10165239209667859,0.10820484294240497,0.2164416683074726,0.1970509261715132,0.17743035477973285,0.1554709766194901,0.12841385066984687,0.11236278781720599,0.0985774338460873,0.09539303537192355,0.09988997751797432,0.10447191174358236,0.2080640022100557,0.19470675236650714,0.17689693415540106,0.1578840094484384,0.13778729936565054,0.12360192403384927,0.10724248471378099,0.10057416843443615,0.09984739104109133,0.10402538842607634,0.20367226328110158,0.19346329608979645,0.17682344329671004,0.1583423046363998,0.1430776267894376,0.13118300711093,0.11415564636759114,0.10578542122654655,0.1020240064811204,0.10386084749978917
2018-09-28,2916.9323,0.35180425275391974,0.2930796285951422,0.22787402354608052,0.15202726317068196,0.10311870855030593,0.08556757569364566,0.08098550224174873,0.09273400772991057,0.14077661900966873,0.1683891042572359,0.3261688789177758,0.27257908561831784,0.2110538515562926,0.1468223577404715,0.10368868428152536,0.08641072676313878,0.08138031692893866,0.0910009590629344,0.13333724268134586,0.15695841809869307,0.29989042894764634,0.25034166179193595,0.19796600390671673,0.1451372871149968,0.10586985716159453,0.08839342466278259,0.08247987869433153,0.08919094686872886,0.12253082579636813,0.14748759852486495,0.27527492164123857,0.2316887439981325,0.1895203986065615,0.14606743419063228,0.10986899198606397,0.09217999782261914,0.08500471856393438,0.08905417401618944,0.11339095657691235,0.14190362560426065,0.25393409842147174,0.21905834574230126,0.18345295493848923,0.14784054341787478,0.11441807559011723,0.09719059869549643,0.08850089281142638,0.08959639877982915,0.10683798696562698,0.13772986163041656,0.24037155163705903,0.21103128461524492,0.17889008197764938,0.14983953007740297,0.11850175990817767,0.10190981472925836,0.09203919169832539,0.0902364384513885,0.10298360378166206,0.13036515808584387,0.22954529859645023,0.20450325509555903,0.1767192564536802,0.15230321837534705,0.1226928155101213,0.1055377125338269,0.09527981705258008,0.0923578571494846,0.10044927367408146,0.11212907155847138,0.2179964075056929,0.19935870370282044,0.1765906099751611,0.15530584390836014,0.13014267835392698,0.11145352034790906,0.10058798869064003,0.09713644692149899,0.09915520837733523,0.10209050750084366,0.21073284020073182,0.19613347004422976,0.1770149764062109,0.15768053798229661,0.13945699823023489,0.12262981900006278,0.10828324262227074,0.10086379187919355,0.09916228899560123,0.09959614684658229,0.2079934313794694,0.1929534237416421,0.17671546288498968,0.16010924875561028,0.14471510757304207,0.13261401849620713,0.11371861301767494,0.10419778860883032,0.10114269146444205,0.09937557703530939
2018-10-01,2928.4447,0.33750866820120456,0.2835339256780469,0.21569566515029684,0.1465045747255714,0.10015531863814896,0.08415358990048652,0.08200257286249825,0.0991558315585882,0.13742853741960864,0.1599074019805258,0.30655948957787116,0.26110036542505727,0.20169664361470066,0.14279292312240865,0.10076892936176891,0.08486056935273059,0.08150554928464453,0.09434343141236427,0.13154231486789825,0.15777651829334632,0.2849671395334257,0.24211615182696744,0.19120273489845624,0.1427634167227402,0.1038701522345313,0.0873608804246641,0.08262865255328983,0.09126345545642842,0.12040500600306081,0.15032999843962364,0.2677076619830661,0.22764255406529735,0.1856718016504441,0.1448916316925217,0.10879901457559756,0.09175029373177462,0.08540367968196047,0.091283783079913,0.11098562932850187,0.13380293470841217,0.2487372675905413,0.2159808801555557,0.18227616085508538,0.14631865888197684,0.11350734708989901,0.09701808412414853,0.0887460279543743,0.0912188533942042,0.1043963229423802,0.12585315980933662,0.23604047302799522,0.20832947067534618,0.17962847827353687,0.1475968002369211,0.11711294381862147,0.10168538983901983,0.09197684137453271,0.09139302452667127,0.10056157002082386,0.12585315980933662,0.22622182596334417,0.20170684814196202,0.1775084772508549,0.15059693874876168,0.12045055051318221,0.10502211431415794,0.0952946897675495,0.09321259338236985,0.09961214071028959,0.11597495038151757,0.21665105856381728,0.19606451413984036,0.17675654622159484,0.15517066069261246,0.12689175782957673,0.11033884134950409,0.10171330593034782,0.09853584448083336,0.09962649298008018,0.10361748365988267,0.21029683367178234,0.19251266181865434,0.1770074671341767,0.15867592761392973,0.13635486815690792,0.12103013731405357,0.11136003726140879,0.10429306479314397,0.10094461842176855,0.10229197635599252,0.20518673885534533,0.1897866214707052,0.17670821415735863,0.1599756770814428,0.1413721483891224,0.1287665379377098,0.11728163412545625,0.10668743119672773,0.10243795143751828,0.10284181774513783
2018-10-02,2927.2475,0.3342268737189836,0.27626627616362465,0.21428343107730452,0.14679086620865825,0.1009609412198036,0.08500899907635222,0.08152993003362843,0.09889021079096429,0.14700547466260533,0.16193982312940491,0.29787504311301105,0.2540819979002359,0.20209179303838923,0.14273775372017605,0.10195596977650906,0.08619280859999259,0.08194388977660023,0.09432700236990636,0.1370049192491047,0.15619361629763834,0.27927808463053144,0.24026243169968545,0.19339395995135614,0.14245592549401373,0.10580412425188962,0.08947642240344551,0.08404462941667616,0.091282071956978,0.1173008107711191,0.13513778522196063,0.2670433092125969,0.23037017364080534,0.1880780529848929,0.14581257546281148,0.11101384027498651,0.09390416889193696,0.08686826482988258,0.09102763501837013,0.10711851937487366,0.12051268087274646,0.25056237810086446,0.21995195924358296,0.18293778169734423,0.14900769622086874,0.1162912219176631,0.09873185019227822,0.08960967083814966,0.09113042955635785,0.10302104359809422,0.1201049084036379,0.23921372722309492,0.21192748982028153,0.17855639598119502,0.15059571471910468,0.12084662188210059,0.1032474905675208,0.09202752042375603,0.09155698161050807,0.10159750218205578,0.11744832858753267,0.23099754322170735,0.2041845953510262,0.17609363401690595,0.15215401013751836,0.12484867814936482,0.10725158952610336,0.09459338505035664,0.0932086001608899,0.10164073835868791,0.11312796060596476,0.21875498072420585,0.196337837692538,0.17606947596312192,0.1551914132456054,0.13049283607095166,0.11319001193929269,0.0998294783134075,0.0970817194878607,0.10025692466667636,0.10836526215614321,0.2073274345926904,0.1927471276060833,0.17742400794800653,0.15820587348142667,0.13828267336219946,0.12260549893588368,0.10882366656784226,0.10179809456908424,0.09960344295805504,0.10409355180493211,0.2020000293795303,0.19133595265278874,0.17828987374626146,0.15902353760976182,0.14352072856554557,0.1294755547358446,0.11545792567111586,0.10518505238445433,0.10057273393855823,0.10252679500274663
2018-10-03,2928.2484,0.3282257434736879,0.27078553494904617,0.21059603999870666,0.14304747510718274,0.09980562493314975,0.08502992669392853,0.08195454189191924,0.0952958189718029,0.12191246201962028,0.1332666850306776,0.2965100270091948,0.24960556134908116,0.19868958855728175,0.14064447591571275,0.10112806470924512,0.08630181227960487,0.08218413447114097,0.09269368340274965,0.1147024804692454,0.13135461984311675,0.2792228976574317,0.23808920602415373,0.19231720449253625,0.14274257080300848,0.10551620748673013,0.08977641861064523,0.0842697036081483,0.09177068735221021,0.1102179630233672,0.13806565960093514,0.2630532223768103,0.22817060488327248,0.18786631434906068,0.1460649396037535,0.11131561645100341,0.09452728496033484,0.08713344696607933,0.09106950648339672,0.10649831730161735,0.1414182681666973,0.2465766900533688,0.21754219188362853,0.1825826914836849,0.1481293161012616,0.1166869237625329,0.09943537934508734,0.08991547390809333,0.09067506911857089,0.10465201902742735,0.13963169023764027,0.2372685890057476,0.21006987385292075,0.17851225378128685,0.14934094803705855,0.12071405281192207,0.10345116088570414,0.09224264413080037,0.09113145477545512,0.10324870046698872,0.13024671720639844,0.22990914802466175,0.20430808804608194,0.1767777521849241,0.15058511837673152,0.12405926037776299,0.10721366466163085,0.09516282246385753,0.09319345138457284,0.10167501387998329,0.11232271378235271,0.21958220012223006,0.1974777312873243,0.1769595956079883,0.15277359641780075,0.12879774638522623,0.11359144981575417,0.10191263055437415,0.09820993999816269,0.10092683217920265,0.10495939942100821,0.20704119781977973,0.19129687349837537,0.1776386014066812,0.1568863022148388,0.13585402246825737,0.1224118725904315,0.10923853469989102,0.10411266059140004,0.10160883431456279,0.10332532869101343,0.19969039291658597,0.18899192467965845,0.17669170357434932,0.15991751457877498,0.14140886727653146,0.12897436767796713,0.11385791342949195,0.1082055197093206,0.10310884231167988,0.10250528095008345
2018-10-04,2904.2708,0.36198218616124295,0.3045028931561016,0.24207142134062096,0.17684341031489936,0.12835960039116656,0.10626854702581173,0.09622589610263038,0.10622749360127258,0.15884394140605856,0.17478645403267554,0.3222175621598081,0.27655123333498605,0.2231225867119373,0.16894765602485268,0.1252761855190863,0.10355270411057356,0.09271978641710335,0.098101153457578,0.14740346462411377,0.17015959049126148,0.29865054741581376,0.2557696931837644,0.2099847954170925,0.16565773829222188,0.1256791190633713,0.10371470202525924,0.09208982257448989,0.09397450702816047,0.12630706112076245,0.15797072842331597,0.2784481440567679,0.23963826645386038,0.20208269130783907,0.1650030411016375,0.12811634777288292,0.10587708593705454,0.09324526202842513,0.09296936371494831,0.10873968602078068,0.13224997432569544,0.2571473416370202,0.22702374753795135,0.19583697208391612,0.1637748708006424,0.13037730688013233,0.1086491764285956,0.09499589683118465,0.09309530333622991,0.10208171011360644,0.11380332955694052,0.2447793185239917,0.21940561868132832,0.1911257353016195,0.1624519462516281,0.13188177614684685,0.1113487913596391,0.09710980369106172,0.09387713614848264,0.10118937023898468,0.11407380101032791,0.23626195038017067,0.2124088695137148,0.18726742454769946,0.16191787214671266,0.13366713500155547,0.11388424294821836,0.09965171126110281,0.09558005870012515,0.10165949080934511,0.11311545821239348,0.2244567293774207,0.20480530132229927,0.1847194944299629,0.16252144706515068,0.137284847319419,0.11841372587902574,0.10470096742423501,0.09929993889674318,0.1009520428212501,0.10859221031495242,0.21404703675566575,0.19981950047980293,0.183911372471583,0.1645042655332116,0.14219704862753038,0.1272577895393062,0.11401755598716579,0.10455081862120676,0.10068441825197547,0.10444721231046247,0.20923464278532572,0.19678476393180672,0.1835126885331852,0.16603121474636653,0.14545898803209334,0.13347180501307346,0.12101316404132616,0.1108613101993627,0.1021567577111658,0.10367193213271092
2018-10-05,2887.9902,0.3694038190916661,0.30676321246543403,0.24485458254934697,0.18423269006421233,0.13803218015981322,0.11403574467396417,0.10108561712140504,0.10330658191298989,0.13361301075899013,0.1597614088058426,0.3299676805009341,0.27833578494766587,0.22700089129608128,0.1774065672655235,0.1354014845532133,0.11143833749310567,0.09756231796775765,0.09710836719562405,0.12119961032862038,0.14872944036987532,0.3049470415923222,0.25761430351736975,0.21647384775803535,0.1749881607436467,0.13580240904584145,0.11140928092120783,0.09690364204492828,0.09562735956669821,0.11165379813891342,0.13549799282441352,0.28493504761802574,0.24337553948509966,0.21014888350028324,0.17379209474795793,0.13708031573856358,0.11269502536643279,0.09766746796295896,0.09557128796298868,0.10522135913739727,0.1317918371725658,0.2653024502648613,0.23283881520952854,0.2039457505564476,0.17147514119276233,0.13800435373630904,0.11433331878816078,0.09884017454708867,0.09558493697449641,0.10136034768252293,0.12897981674308356,0.2529810934154454,0.2257116445796392,0.1983914199719774,0.1689872957391089,0.13933400940092425,0.11628214939426841,0.10025124338346324,0.09603274091480866,0.10082498540928798,0.12164237670028873,0.2431791474669417,0.21848111239155296,0.19377853972009462,0.16768558675032613,0.1414315037899939,0.1188976506268394,0.10276108151492534,0.09767282824507999,0.1021994445047445,0.11548130687747574,0.23176009585965407,0.2115806177809189,0.19056263409922625,0.16792713531862233,0.14432092789866663,0.12385388070406288,0.10922838949979632,0.10186962526808074,0.10292921045520637,0.11157169845948774,0.22207245214387308,0.20682742866180415,0.18810880926054496,0.16886252472627208,0.14735772882659157,0.13007833160901508,0.11721916349644056,0.10704585269159352,0.10380366446129269,0.10897426577733232,0.21591336194315086,0.20211783972727632,0.18587157593948161,0.16942701440758462,0.1503188612657496,0.1349155842625705,0.12214143526929369,0.11184518623372072,0.1061021353374971,0.10741737795540741
2018-10-08,2888.658,0.34841421752278046,0.2955371173291209,0.24064062976876596,0.18500424317939732,0.1395033954489801,0.1154726906709907,0.10217249440745921,0.10498526731689707,0.14584879294426872,0.17132395514810175,0.31746067921340543,0.27252967184884525,0.22678799807883185,0.18046944207331603,0.13765380518423306,0.11332268644441955,0.09881760604906627,0.0968097592805913,0.13242229609026052,0.16354264338139718,0.3010387993730321,0.2600931553453396,0.21990222131627435,0.17871273659205777,0.13819573177558603,0.11362968761168836,0.09855104606812334,0.09552326111510018,0.11549471983525579,0.1443446940183191,0.28377470320145076,0.247962015920186,0.21328932439154183,0.17640229836307295,0.1387621543540877,0.11450398057753948,0.09905251046490073,0.09592378982345034,0.10523800792153327,0.12455276567594382,0.267095415608466,0.2364113228803765,0.20622272970425531,0.1730587841210826,0.13893878901567705,0.11578365079556166,0.10003066376114911,0.09665385805597913,0.10332180518637979,0.12466733845783189,0.25642955051219,0.2278170366335736,0.20030453182330363,0.17067661329874323,0.13972094629331178,0.11769062699325644,0.10137682848200161,0.09741771181962676,0.10333319947250898,0.12371119115648584,0.24554202217921248,0.2183243055790966,0.19522386351158633,0.17019224378861858,0.14175892450173516,0.12019043919089847,0.10335974819509383,0.09878988617348514,0.10311608211709711,0.12127328975531769,0.23231636589488835,0.21050301118156864,0.19217697223703492,0.17108896466127316,0.14555773479770676,0.12462596420640797,0.10764414234972085,0.10150514386848207,0.10306758576216475,0.11684880346203295,0.22071917457761045,0.2054218622963863,0.189819493309832,0.17128271402301157,0.14979401827664737,0.13236152580808389,0.11548187088273079,0.10609790707258997,0.10422717434162924,0.1097683756631031,0.21251619836641694,0.20156815856196642,0.18740788671000294,0.17069687880455311,0.15163325891725699,0.13841774671687984,0.12200124488453087,0.11061636476003193,0.10648570443237583,0.10640729962108164
2018-10-09,2884.7436,0.34725922413102267,0.2868937702131981,0.22903885290828443,0.1799077761252233,0.13797184076906477,0.1159778425156952,0.10309378607698497,0.1060686116121188,0.14979519284552667,0.17135038675115155,0.3152821091481771,0.2684555788131245,0.22096691697689946,0.17794082146666879,0.1376387524660886,0.11452134429363939,0.10057803398072644,0.09961456148180257,0.14109601382235157,0.16776281035566423,0.30179772387104103,0.25949407303734234,0.21769368467605285,0.17760511611527824,0.1393035629718648,0.11553896643397225,0.10053215322086537,0.09805717874302047,0.13187049695514103,0.15849677512910823,0.2864327005060188,0.2487125791545626,0.21323730037964667,0.17637047914952927,0.14028930298625156,0.11676598218306505,0.10080671611718782,0.09739892666014281,0.11974127613458851,0.1461842036754729,0.2678013975597202,0.2362490733586889,0.20725520139801318,0.17401708632508492,0.140263250033043,0.11811220542373888,0.1016489001850549,0.09733414405131632,0.10925410134246345,0.13503557973367347,0.2547866667786275,0.22766090499427785,0.20242611692669313,0.17198024841037043,0.14044578532051596,0.1196742520354287,0.10308920353926726,0.0980911794236622,0.1048296882748074,0.12667357780351327,0.2438935032275162,0.22072120080186453,0.19793640626508419,0.17137636778027418,0.14174683986414394,0.12163353419778279,0.10510207153730898,0.0996161595273319,0.10470404003312996,0.12295002628951016,0.2338462566200425,0.2137690837946237,0.1932986044986717,0.17187866811743582,0.1454001601754015,0.12574343889948034,0.10908143021363151,0.10280857096425638,0.10512034443241733,0.11793581224713058,0.22532751144140933,0.20636693925810815,0.18880315708260575,0.17107238806819686,0.15209440308202113,0.1338454966866911,0.11665057800303835,0.1096012306967136,0.10660026681192575,0.11154656385745884,0.21830675813211037,0.19963803034046085,0.18549857819146337,0.1698647871776331,0.155867307611957,0.14137416602235225,0.1225181697045359,0.11481159588077931,0.10954282504130132,0.10792414016572077
2018-10-10,2790.3127,0.42473849051102475,0.3648473112220839,0.3073230992454024,0.25567730510852843,0.21118587613453838,0.18071095359591097,0.1539812520786221,0.14333511310386138,0.15898304472187577,0.19709247874823202,0.37387975446927935,0.33002208223522095,0.2849399668208534,0.2405605145759607,0.19995160797065575,0.17028373846707764,0.1439096890677013,0.1332647601291542,0.14445550289423725,0.1885021133683051,0.3496104495364468,0.3104626085029833,0.2705432010540029,0.23054543249145296,0.19318626335617886,0.16398704436971084,0.13831112306905205,0.12864776135816033,0.1369356035191709,0.1723935520718896,0.32509274040027747,0.2913467047403684,0.2562278399856158,0.22071670809932914,0.18681988386563053,0.15872911297691839,0.13360034912886037,0.12444651992506954,0.12970471323421107,0.1468960814717756,0.3005022241634434,0.27222070463027936,0.2413551181653018,0.21032382618089365,0.1800368475278109,0.1541916368251377,0.1296364904142074,0.12106014607974849,0.12523031956072633,0.13688384381653157,0.2845673464530251,0.25873148959433656,0.2313302225818675,0.20306368997708532,0.17541554372533852,0.15213821067084343,0.12783062196496123,0.11905845727761621,0.12183391474620549,0.13124840208126984,0.2700533670554506,0.24700376540902422,0.2234185054980345,0.19801156745198104,0.17286741426776672,0.15171316446842417,0.1273176097603551,0.11755313467751353,0.11806774987132808,0.1246928497623268,0.2549843209433784,0.23598818317408052,0.21667377114772496,0.19441124793307446,0.17129996265006922,0.15223210049176908,0.12895144710751333,0.11782194991123225,0.11581016321472051,0.1193936030373174,0.24040041286031877,0.22558143666051622,0.21042519360255332,0.1903014473552174,0.16886124453899864,0.15393229045069895,0.1352005635237849,0.12161504596830688,0.11548561520408783,0.11637727901368047,0.23068888993615141,0.2173635314184115,0.20472153532249346,0.1854585809330592,0.1672457968600906,0.15518930194448013,0.1397283264580401,0.12524738832222324,0.11665610354618339,0.11513336629042431
2018-10-11,2732.3607,0.4545778551400051,0.39482899825960055,0.34328295758219224,0.2978702173134005,0.2535465926894606,0.22221917110644676,0.19212553557490716,0.178427519204788,0.1844222869350501,0.20460697227024494,0.3965278834142277,0.35542266641979414,0.3145831164924858,0.27609794825558037,0.23627486148793328,0.20660943213100605,0.17827094872254753,0.16437233141111215,0.1677796425987839,0.19004893919619043,0.3662370346417253,0.3306382752920076,0.2944433790260064,0.25923605302806446,0.22331015407116755,0.19535161655564176,0.16848510411991524,0.15498884715830277,0.15762157072003968,0.17764992247016623,0.3386643119676177,0.30780670499677026,0.2750811337501544,0.24306038424995627,0.2110813640292543,0.1849271389234082,0.15912111734768067,0.14614301103618163,0.1473969449172775,0.15884804620241802,0.3123167305026919,0.2863070886551547,0.2578813416721192,0.2294686781635333,0.20038507974052155,0.17603365411324176,0.15123151648217403,0.13903915374604633,0.1393508360208862,0.14437090733130206,0.29613496961106084,0.2737171296726031,0.24787162773163338,0.2212821996213792,0.1941992713906227,0.1714591706663719,0.14702695496110504,0.13501866531407206,0.13391805982124325,0.13538112204051775,0.28214572066847954,0.2631852426809123,0.23936852185620242,0.21464040917251062,0.1900691161151659,0.16872881634428813,0.14451891771249922,0.131942504623129,0.128340873859994,0.12873607835857598,0.26641046244027994,0.25084088038975894,0.229273343725162,0.2079004651216553,0.18624090385355196,0.16611500185708464,0.143313785351436,0.1304023448449595,0.12501400158576167,0.1246922843028081,0.2529773233996206,0.23899076606664657,0.21890716940391539,0.20140347040402531,0.18220846899209137,0.16416730116769893,0.14438169114202867,0.13214252718918323,0.12511914474328803,0.1225345526177596,0.2447995512452723,0.23026063552834722,0.2116379031676859,0.19620077428807467,0.17865702823276372,0.1638946023901871,0.146633503452869,0.1347646236761653,0.12673679732708432,0.12192357412301441
2018-10-12,2772.5621,0.39695965939558814,0.3455004057601879,0.29156435747815995,0.24193785864198664,0.19819448477304935,0.17175611771364516,0.14794180898193032,0.13890245503516388,0.16841808956668639,0.22154806937271185,0.3647086967149554,0.31935184191980587,0.27430900506377737,0.23075543452814726,0.19092172450665995,0.16532725644043858,0.14159640251547403,0.1309691033489546,0.14649612494041037,0.1953746478342917,0.3412073034660317,0.2989287255930965,0.2597598877813952,0.22112969142040043,0.18475201895041196,0.15987803917456467,0.13635496765342717,0.12590171027563393,0.1366226146771983,0.17924549948603063,0.3164780949780788,0.279992938017393,0.24653745582404618,0.21217972409476424,0.1789744856719031,0.15474506298365087,0.13131395703301266,0.12187626900926438,0.1290390712573567,0.15769813054583554,0.2924005348024321,0.2645781435812353,0.2353508685062581,0.20428204528421873,0.17404389309902,0.15058423510236477,0.12779361808835293,0.11947570440674826,0.12397005763069176,0.14347960788965797,0.27902694821270035,0.2554038941390643,0.2275845478404242,0.19924652216349553,0.17135962720508557,0.1484054980761929,0.12641963267414735,0.11838799471787928,0.12024968981538837,0.13291346450045072,0.2681721187353545,0.2460754161296292,0.22011998543578887,0.19530752632502815,0.16974709653362038,0.14732832884395036,0.1264194731138706,0.11832280252803985,0.11661715296131062,0.12232918928278624,0.254688813992225,0.23469375006894466,0.2126968076129543,0.1917058202491348,0.16856008990893875,0.14765855219410398,0.12806087002114094,0.12029564364989818,0.1153228663755235,0.11764644537877043,0.24092176053247574,0.22402948481234536,0.20551921867509837,0.18789575287504529,0.1679308051191134,0.14999373080753722,0.1309678201692324,0.12354471503746552,0.11635178118632887,0.1161425469363595,0.23123441788412993,0.2149586561516485,0.1995196773484664,0.1839713298605101,0.16755574312115432,0.15284159778194195,0.1340778594138745,0.12608092277179098,0.118716015604841,0.11595213016076886
2018-10-15,2756.0315,0.39704477071832145,0.3400729174996029,0.2892778590843086,0.2434814725986408,0.19913019788783118,0.17096072302174595,0.14814917823734025,0.14050666619116892,0.15693865974401472,0.19481134643267697,0.36560006010515944,0.3161472181097362,0.2732071955712322,0.23209869554751683,0.1922786565901513,0.16466258378317175,0.1415862630841561,0.13211509508810598,0.1460025701499255,0.18085110325369247,0.3370902375345692,0.2956740489599134,0.25897771702656625,0.22212080135380277,0.1861388365081183,0.1589266913313293,0.13584959181428002,0.1263549782715487,0.13628313241298382,0.16351945401151954,0.3082293839789559,0.27582530041996894,0.2449899940810639,0.21246403355645857,0.18016290593062018,0.15378571768438892,0.13123011421591962,0.12247482165902553,0.12778818641975664,0.14428249624329875,0.28984679232996957,0.2633693299796166,0.23549248624298982,0.20543798842038657,0.17593990992493183,0.15142447694923428,0.12957748072413705,0.12082870936035366,0.12351168698644231,0.13431248557006342,0.27787452396838713,0.2556880158614121,0.22978557980138722,0.20171100096763403,0.17421028730554827,0.15175236772429126,0.12976027181400765,0.12003004364842879,0.12104754133711262,0.12809901186815079,0.2648842641598814,0.24742845299848712,0.22314087291328996,0.1981037481104725,0.17322900016729484,0.1523911562044833,0.1310009078565114,0.11965496624549797,0.11894099902133788,0.12447971980438892,0.253664500038242,0.23881968400367085,0.21491774626034568,0.1940906993691081,0.17194997288440797,0.1526161413452072,0.13431685903142854,0.12127010743047566,0.11810648540078264,0.12169750844419136,0.24249344863532124,0.22769287531613402,0.2063477514808587,0.1893982862728316,0.17047449924906352,0.15415353679309723,0.13839476114348573,0.12475176610025827,0.11907969066675975,0.11902731996172214,0.23195377763127273,0.2187337438900347,0.20121605411659438,0.1856539693256937,0.17002065107395312,0.15616451382234334,0.14077328561445798,0.1272278660596648,0.12085424037569903,0.11784516307054636
2018-10-16,2811.1337,0.36985630593965735,0.30908947348290533,0.25947613625415816,0.21009451063532555,0.1637202756288611,0.1397846144600764,0.12483152879284583,0.12306847763739212,0.15087243230491068,0.20931675311996675,0.34019236500059175,0.2892399682693319,0.24704014854922907,0.20300181759473554,0.1610236694170903,0.1376927924427688,0.12160115505682163,0.11711570339587253,0.14256303342946014,0.20147161653887635,0.31949763023520417,0.2733350558417962,0.23496458952407356,0.19573481395696657,0.15824094370170763,0.13549860287200413,0.11871093127939009,0.11299568173669998,0.12906798298843952,0.18466064661303816,0.2957564140721295,0.2570770133541098,0.2238953766325983,0.18943964852065256,0.15591038030723006,0.1335742016596894,0.11654822881747941,0.10996610513056335,0.11509660054989274,0.15471170900456785,0.27783300143150463,0.24619027168784918,0.21680569537012698,0.18572679927594604,0.15516582166359422,0.1335871453256939,0.11636646270456774,0.10921864849984007,0.11039257268016758,0.13591347564704923,0.2665596236179061,0.23881084119739818,0.21211965798920004,0.1838946593262973,0.15564218685576237,0.135265914250784,0.11737743041226167,0.10952941950970721,0.10972536227027778,0.12493312338880667,0.25512825181638726,0.2313035012360889,0.20752411627856554,0.1824453845995193,0.15681796410902274,0.13761448916955998,0.11942646801419475,0.1106007101929045,0.1098608574566503,0.1198170476067066,0.24421993173533973,0.22468668238199893,0.20351427121734042,0.1814618955727568,0.1581962920011039,0.14003747050902526,0.12305934239991081,0.11312693103200784,0.11073628513994718,0.11621015588806861,0.2334411598272608,0.21665905326904036,0.1988438924183566,0.1803980627556241,0.1590785552150605,0.14315894938751922,0.12872624529430296,0.11779402957271753,0.11273013853878229,0.1132304198249693,0.22597860421791693,0.20917008240050106,0.19419939459753102,0.17870900802838466,0.15966573306541076,0.146219616078832,0.13313316557862018,0.12257467970454575,0.11474584230025454,0.11291348266436997
2018-10-17,2810.2366,0.37289320402617193,0.3145308965159091,0.25968054789352396,0.2065516281279008,0.16212319168187006,0.13825183704117652,0.12343519853091237,0.12360537303898125,0.14969196596173448,0.18355698127502618,0.3419267566087525,0.29121771906683525,0.2445768963921178,0.2002895469652524,0.16028604778074312,0.13659500446917636,0.1208015260665887,0.11892035139073695,0.13857970047978616,0.16158068441832585,0.3249872748423833,0.27625769524323324,0.23414822457178247,0.19518893231909032,0.15789372317838105,0.13451652064949296,0.11836484556991382,0.11534184425057567,0.1301325981334599,0.15141348138462224,0.29979681164310407,0.25822193218863737,0.22404910975446252,0.18973022187584387,0.15540179217357764,0.13315616320930201,0.11680476469573534,0.11191521693526948,0.11879666717895174,0.1425654407489105,0.27795833724833996,0.24568660142897097,0.21725876489917656,0.18585055600573325,0.1547200991100485,0.13396928673640401,0.1171693553481874,0.11079372326688827,0.11289740765438269,0.1333634772029771,0.2661634131929433,0.23960069660380556,0.2124592771866203,0.183806672258133,0.1555544132887274,0.13545980962968604,0.11828089123954541,0.11084159500788815,0.11159662507968003,0.12419563226137072,0.25486488678453717,0.23284174761013784,0.2062224224601078,0.18246128571247575,0.15742889785178651,0.1370310888454293,0.1198844844550459,0.1113601096110627,0.11150416586713188,0.12042511838488357,0.2434184172366046,0.22505525854703518,0.2006106120914156,0.18200742461879751,0.15973542707617835,0.1399207166390332,0.12320146255654445,0.11346469999081506,0.11232566790700213,0.11709639696004885,0.23262761647302743,0.2178346862035677,0.1960892925768127,0.18158726377965273,0.1604543717434188,0.1450835625183054,0.13030345625972684,0.11874189483820181,0.11497360577669302,0.11466220709065067,0.22509108755638438,0.21095283738241588,0.19242331746166702,0.1803058147764505,0.15996788049107077,0.1473373537559413,0.13474369691144197,0.12254366466379213,0.1182307379846931,0.11510340570520286
2018-10-18,2767.6746,0.4055645085117346,0.34580766758642706,0.28803467643660646,0.24080501165322488,0.19388574794564475,0.16479990133865177,0.1437595086559672,0.13883316785132285,0.16818489755976118,0.2087547432124935,0.3711155750013515,0.31694583678612376,0.27111817734636545,0.22985295306803794,0.18765016635140794,0.1598817635340215,0.13943157435518194,0.13155971326785032,0.14732468809679944,0.19233515998007342,0.3435581283413514,0.2957379120060338,0.2579312535596213,0.22075230367961055,0.18200979149581833,0.1556028225420221,0.1357120557284764,0.12683770516074006,0.13463801727609226,0.1785390924872819,0.31404494342272365,0.2768956947543996,0.24545819747556238,0.21268791728754874,0.17728245220050826,0.15219400443286113,0.13250434846849204,0.12352424160067646,0.1252898817925321,0.14666982379051668,0.2953648866771993,0.2654710552892993,0.23709235257254727,0.20716894554658988,0.1748589943296,0.150906942859986,0.1311842803815681,0.12240773458853119,0.1219882896549103,0.1274102957390306,0.2829091506748472,0.25702506931702734,0.2310002374917324,0.2034385006414177,0.174101046566474,0.15116896267373653,0.13083886657033422,0.12176886933439948,0.1207509662964204,0.1263020784204998,0.2688884889944583,0.24625053440333183,0.224212425358183,0.20001981004373678,0.17343497301456942,0.1520036902933445,0.13096311644882988,0.12113524739082894,0.11986724096388413,0.12542802112329643,0.25608827120340966,0.23634786098201843,0.21767574689204874,0.1960851202563942,0.1716625069223212,0.1531890088421631,0.1338957401584026,0.12205285834765106,0.11951844470295848,0.12223890220287367,0.2449893812135596,0.22798095224961495,0.21098202929810939,0.190361217217744,0.16935155820971556,0.15475397938797653,0.14015674734987552,0.1262574777390364,0.12069999682906618,0.11951314951722279,0.2361895277073366,0.22079190308064914,0.2046562607868572,0.18538338845027605,0.1684897613519032,0.15599705800374972,0.14326266263668966,0.12956612878993276,0.12247485691352591,0.11866592178537051
2018-10-19,2769.8294,0.3938416024262415,0.33432132660461106,0.278649466931595,0.23096706001729395,0.18774553852755096,0.16005316353602325,0.13945818874383406,0.13421072126697522,0.1686710338902976,0.21653073412806603,0.36468053686258306,0.30940828029044715,0.2640879313141968,0.2235312522084443,0.18329157741439847,0.15614414793365514,0.1355780323832094,0.12795921803350602,0.15319158187617385,0.19130933884667511,0.3389909097845953,0.29236229018265075,0.25385295654473133,0.21645103262172352,0.1782240119741467,0.15225980120440785,0.13230415770034865,0.12390128521290432,0.1385188563109758,0.17116783938597677,0.31012953154006695,0.2757899922278461,0.24253598473027935,0.20849107783790835,0.17373079238440284,0.14954640784441386,0.1303832830729244,0.12181231614379154,0.12607189788769374,0.14088282858826173,0.29252873612340247,0.2645624919499012,0.23353401134047075,0.20307085907926953,0.17161546932245367,0.14936733290510718,0.1303880830287271,0.12151492824335636,0.12251324564330277,0.13070278978799915,0.2811271369654176,0.2559028364860785,0.22768609403078552,0.2007166995350014,0.17104061789641342,0.15025223589091175,0.13068305970656585,0.12128786057689664,0.12101208368847996,0.12794568881988252,0.26876917959431806,0.24611559549603312,0.22246892253382514,0.1989019475129083,0.1711195364656594,0.15140074230950956,0.1307379673375674,0.12118926269504855,0.1200508397754065,0.12563790238324493,0.25635084087986304,0.23607647435960763,0.21693952374129613,0.19627031978106396,0.17106014491045288,0.15339995884618443,0.13243119618282473,0.12301971895979671,0.1203967529164716,0.1228331143960349,0.2422331425407256,0.22408470484848125,0.21011057624762194,0.19113649252963952,0.1697039989364459,0.15593181814658524,0.13740481942412522,0.1275508701115287,0.12199975171102977,0.12076835587495861,0.22827628081636542,0.21533401998825605,0.2048194183572406,0.18608212452462383,0.16898283583934318,0.1574078778718878,0.14083438819749813,0.12992650041932774,0.12287001340954318,0.12002941880217217
2018-10-22,2758.8206,0.3778267567128221,0.32908093100588004,0.27129476406822306,0.2246419543820345,0.18590285816280783,0.1602526622125661,0.14100397874033482,0.13543361377299518,0.17057716500858416,0.2007373703734725,0.356345624945034,0.3113045605651162,0.2609446589953596,0.21886559507175415,0.18195485113705884,0.15659231221429176,0.13709634355824374,0.1316486556787511,0.16573696359517473,0.19735488247875102,0.33564650875519736,0.29420344493978035,0.25080058901464297,0.2129031644304617,0.1776211310630278,0.1528684100262978,0.13316599391885173,0.12659984468364532,0.15001128827089338,0.18419046167232547,0.30838047474264885,0.2736181480218777,0.23987087405615715,0.20690713896940274,0.17393207305125527,0.15050496306892452,0.13067342942014895,0.12326243923040402,0.13060376549500494,0.15269827763458826,0.2885579038522552,0.2610540047335473,0.23263741791287215,0.2027871367899837,0.17216469629274717,0.15024848652019515,0.1303771215049779,0.12251918124484107,0.12445975831659535,0.13667170818612695,0.27623001074544346,0.25338019528099726,0.22691022102424369,0.20034929784827785,0.17173171488053482,0.1502669911956432,0.1306114248057434,0.12222237632439843,0.12258661419396225,0.13088062861394018,0.2668935341736556,0.24591305391252172,0.22122271765673204,0.1986413595905965,0.17208014346783557,0.15035087430233207,0.13149566100462484,0.12208114457518154,0.12128341831830478,0.1286769677013066,0.25658719326041585,0.23613156164377658,0.21517861302256155,0.1963542491077412,0.17123515474224027,0.151576706645536,0.13494738638097548,0.12328885473044471,0.12048866280661043,0.12595516257101314,0.24524513232525588,0.2253145506513264,0.20846131350297256,0.19189340530854962,0.16867313118887997,0.1540661745414208,0.13930357405109042,0.1257088282554193,0.12104266019157953,0.12249551956230553,0.23575065088948458,0.2168824224920366,0.2037300302095294,0.1874825860873907,0.16806293784810947,0.15674123571201667,0.14233395434137208,0.1274753212345125,0.12236231468553727,0.12077406557094567
2018-10-23,2739.4649,0.41417965649091054,0.3510374587212914,0.2932335592681062,0.24779007669854403,0.20680836365212144,0.17909881451514265,0.15698519024301022,0.1524000668091004,0.1817385696856391,0.2245945296092191,0.37778266600517296,0.32262885125792484,0.276097714414383,0.23716160484876964,0.19874230001429993,0.17213599433113644,0.15114682936067186,0.14665458764473507,0.17337009289502808,0.2079611851398305,0.34407620796849525,0.30114410109263123,0.2627247978222857,0.22719579162113362,0.19079199066773533,0.16552225249019675,0.145335537562478,0.13928008984119897,0.15529538717250654,0.1865158476358205,0.31396432913853334,0.282883313879665,0.25002936874168635,0.2176116121320791,0.18401957492627635,0.16051625185303206,0.14094284699352044,0.1336959565653814,0.13929858895144462,0.15559372288625195,0.2967986401669461,0.27122107582905985,0.24118614047194462,0.2109004387087816,0.18023282398935572,0.15851670038149823,0.13930723743155865,0.13149834147057354,0.13369095850240473,0.14311788944986586,0.28457023085706956,0.26106672338749304,0.2340768036883027,0.20621497986863846,0.17845624526404058,0.15818528018784073,0.1391052603725825,0.13042371705432393,0.130671723091226,0.1377138523500929,0.2733773129027248,0.2511436509348156,0.22742104023735743,0.20292469369550892,0.1776557830388319,0.15825656325890586,0.13983688963174695,0.12987757014361018,0.12826035476453243,0.1353434276710643,0.2618818746354023,0.2411546763285798,0.2204647503179229,0.20007099429378886,0.17669757989766427,0.15790268332887192,0.14211406256228465,0.130490745664344,0.12601211587130579,0.13174179475918432,0.24626673900057444,0.22706235856791535,0.2112119248948514,0.1956683103358613,0.17404390787611532,0.15749912727767135,0.14565308007741348,0.13331917738698157,0.12498261687540764,0.12687092463508035,0.23356729662170087,0.21607938931531934,0.2053961270706215,0.19237555890845195,0.17213294220035727,0.15773680462494877,0.1473271092320213,0.13587779298175584,0.1253499752812636,0.12418535353083547
2018-10-24,2653.6139,0.45101496987094447,0.40440155505430225,0.35023105348473516,0.30670260631651636,0.26746497409839215,0.23375345832266634,0.20224958442704757,0.18983591715523568,0.20248065780984112,0.22818738934022068,0.4147814585729793,0.3732767531965403,0.32556022276815144,0.28791655988770093,0.25200222749941215,0.2207662808805909,0.1914945247303339,0.1806604766079321,0.19152226111114587,0.2181278959202477,0.38143058100734717,0.34516915889411803,0.305102747500735,0.2708744978371666,0.23760134316922465,0.208699262289774,0.181100854124047,0.17034768486647606,0.17677986678818755,0.19994444803984468,0.3471759732857449,0.31700420365442894,0.2851077944857174,0.2544392955913368,0.22372682413688544,0.1975881338076208,0.17218505991735625,0.16122561406585972,0.16286329514026132,0.1753040649966775,0.32406587058236774,0.2970511002567504,0.2705916709531016,0.24294070747179733,0.21409041858739447,0.19064942580965522,0.16675018717505147,0.15585462008949352,0.15545156057010226,0.16193545415959673,0.3058809592406039,0.28224895844515324,0.2604401739095938,0.23520965454452614,0.20785026011891644,0.18575422390504262,0.1628592624948493,0.15219201647250477,0.1501885614284145,0.15308189739358113,0.28980276517750203,0.27045749739208214,0.252097318982861,0.22828412953504726,0.2029417927369632,0.18121073080281302,0.1603388573543438,0.14962403401336288,0.14493724413765244,0.1452639402015948,0.2754316378728743,0.2595658216665499,0.24180936664543662,0.22017045709554017,0.19812951256591402,0.1772067928293269,0.15941445564228876,0.1474821347478066,0.13915691124380183,0.1378289771762567,0.26201738553279036,0.2472463997874857,0.23021899690701014,0.21169008629698027,0.19229555057097053,0.173909732960857,0.15958212463388802,0.14611981297691476,0.13615607123538795,0.13325809930408258,0.25151196083379285,0.23756467689623628,0.22235355670705093,0.20496143743768433,0.18815586512916901,0.172701470177291,0.16006799915776102,0.14612664170529432,0.1359750871962537,0.13172578555966555
2018-10-25,2707.5861,0.4297397529414957,0.37598398048903503,0.3186574033254514,0.2729254085557783,0.23258137424720138,0.20515649539005,0.18120491964658064,0.17425576638809734,0.1986637747909621,0.2284954189067052,0.3982878003964797,0.3435029838610545,0.2959214001391942,0.2575630680721192,0.2215249827302571,0.19589494652293332,0.17304550566554425,0.16589373808587263,0.18890718780322743,0.2220991095629214,0.358638443820085,0.31171754637748955,0.2751715597995294,0.24318173534181373,0.21010403819316406,0.18610825836980652,0.16385851327985568,0.15512359428262928,0.16971786504168898,0.2012365128821682,0.32365869036287515,0.28875822940748824,0.25949849308830003,0.23077889226708848,0.1995838149273732,0.17725749371632352,0.15634450644647158,0.1471500546568976,0.15180327381718978,0.17121771432896213,0.3062531137160752,0.2777149585784915,0.25086383147448654,0.22261481489125434,0.19366271115032382,0.17301969203418818,0.15315228712122828,0.14392780606790984,0.1446615861894082,0.15687136216063333,0.2932294514374557,0.2688031557328458,0.24341072772862357,0.2160488377056873,0.19053576425333194,0.17130248099943282,0.15160314670906144,0.14206826582592405,0.14068030110323013,0.1473082827816784,0.2799619046024826,0.25809775487978254,0.2353222156548787,0.2108227914796106,0.18825221413623008,0.1698164181294038,0.150975340147133,0.14053411398028404,0.13587684009886586,0.1376292407569016,0.2662118530599114,0.24680345637378293,0.22738352729042743,0.20674494120487502,0.18521555001972667,0.16826289298428396,0.15178305654009858,0.13898121314790357,0.13131379292854195,0.13135894735526865,0.2511899519166883,0.2359144683776246,0.21904975848254124,0.20115673562352082,0.1811327863176288,0.16725727485735664,0.15340116801290687,0.1385042093412895,0.12973643278903205,0.1285567825476949,0.24122119994017735,0.22830003786920994,0.21239552264808023,0.19606088010826114,0.17916487032057635,0.1670416004685086,0.15401098246618183,0.13976340515852903,0.12973211862222153,0.1273626101156031
2018-10-26,2651.9953,0.4497878738084493,0.4021548508826113,0.35870164555736556,0.30934170747041745,0.26754542982851226,0.23585699443832212,0.20535707728521888,0.19050687614329595,0.20575882799404724,0.24490629523327068,0.419573723271672,0.37428460948463715,0.3316044664097513,0.2872134297555079,0.25057819551853544,0.22186496526810787,0.19390447433103933,0.17917252702314257,0.18891779731458203,0.22392938249070826,0.3809863534753383,0.34052678337007714,0.302661162882973,0.2660328502180986,0.23438672631297205,0.2076622264940939,0.18164964770363626,0.1665424466043667,0.16817200729350676,0.19158090444017248,0.3410429217171583,0.31057827961597917,0.27973562072446945,0.2495677923031312,0.22047598936986154,0.19568240389388,0.17175965119612013,0.15811065059338278,0.1561218521852463,0.16884061033182327,0.32010774524754304,0.29567536008449496,0.26754799401853363,0.23963840955215088,0.21217198350096533,0.18930028298976206,0.16668193462236727,0.15441175077654212,0.15135855216906538,0.1586052470355055,0.30491668159619123,0.2839929857864483,0.25789119095215585,0.23225821359234994,0.20744631575760325,0.18542926958569275,0.16342162319846415,0.15180888598587372,0.147540660968459,0.150089433256713,0.2925276835954967,0.27315419368782307,0.24940910819897316,0.2265565083030785,0.20412522622889365,0.18217142101310596,0.16116632157655025,0.14946691592765238,0.1434094997633412,0.14257998798034296,0.28078581011819287,0.2615538874265201,0.24015911654629876,0.2207406839318154,0.19962016166787686,0.1789760314512075,0.16056207158934097,0.14694617050078332,0.13851163964668237,0.13600919915847376,0.26572085673393514,0.24653207583693265,0.22861720166253632,0.2126343721066504,0.19262125068761146,0.17588330627757173,0.16149102229333775,0.14517288478571183,0.1359429019020715,0.13255135944328347,0.2521225475673923,0.23590742838427078,0.2210609397846633,0.2067421530289097,0.18806803811800674,0.17424774302100127,0.16179539248598948,0.14556229766326453,0.13581432950457198,0.1311714062051667
2018-10-29,2638.8233,0.45187563307161316,0.3981294265836984,0.3481148037548211,0.3037353922468977,0.2649625379957446,0.23476949259941624,0.20626484270194514,0.19364512976874018,0.20780393811969353,0.23058859472949247,0.418386332994061,0.3677407450367041,0.3214425291290958,0.28310251562109423,0.2481506561096993,0.21963217923057474,0.1926531322705462,0.18010759429566095,0.18736414988170547,0.20822177038852102,0.37214283187437325,0.3317916754405469,0.29428215359876536,0.2636081662560753,0.23218870286385498,0.20498995406386414,0.17987223970402091,0.1672730935898125,0.16668299125872665,0.1797754577264551,0.33674487331416086,0.3071428204723501,0.27686823702020014,0.24970573664155954,0.21989466922398312,0.19515640093970138,0.1723579451285643,0.16063058064950905,0.15746958191989768,0.16271592277268312,0.318190099744197,0.29425689606900574,0.266530308340278,0.24075780834157667,0.21304386069925701,0.19069295462838565,0.16876421034095992,0.15715190851319835,0.15348324669581068,0.15512214963533213,0.3035047912632784,0.2821347696715675,0.2563054205365945,0.23330483540954064,0.20810438269755524,0.18715123100760211,0.16575232563632597,0.15393084652826955,0.15007732574936325,0.14964453157623178,0.29278414338978137,0.2721132347162247,0.2485821006000711,0.22769001229508964,0.20398425312645385,0.1836189485849247,0.163344322705726,0.15092171020695191,0.14638671235587156,0.14500198671052178,0.2799036938106689,0.26247438636902204,0.24176330835543902,0.2221828943790029,0.19931675634096468,0.17946595443387883,0.16144843500831024,0.14802255155417596,0.141841859470299,0.13879830035989116,0.2613109535270122,0.24863057947781653,0.23145028751701718,0.21307420846532307,0.19197623904416403,0.1753073342559763,0.16041403932300652,0.14608939291313625,0.13840124401460902,0.1338521153601964,0.24819691353464202,0.23663367910214658,0.22152617253981682,0.20459837224597774,0.1874258134116474,0.17404608656118503,0.16047961558492152,0.1458933967354527,0.13731051015651655,0.1316068634411261
2018-10-30,2684.1786,0.4171464154235534,0.3644162851221103,0.3211207194188087,0.2810169284886579,0.24234806204054132,0.2160669553160427,0.19244672929634676,0.1823127340876926,0.19957390579303524,0.25170836781865885,0.37736133857591436,0.3327229055860263,0.2974142516076584,0.263235401500631,0.228476785426961,0.20338742706007548,0.18066108119551968,0.16990798311445848,0.17978419627896194,0.21774616864681814,0.33949159193539025,0.30547575674791394,0.27625153670249414,0.24662371591752585,0.2153451557346897,0.19178753276176397,0.17017805645723566,0.15887869301948482,0.1589380833833457,0.17713470769517273,0.3194156016183157,0.2907989150559944,0.26371700198760556,0.2359596876544302,0.20707764832563816,0.18544589905597217,0.16460013869337053,0.15377143132911805,0.15037324950580933,0.15809877387301238,0.3063470999414753,0.28083073982714135,0.25550419749522424,0.22871737747816792,0.20237300459910276,0.18237310946241295,0.16158806814892346,0.15102098609778197,0.1467060739511048,0.14942253187782467,0.2928743616258598,0.26981169514339254,0.24746961456439115,0.2221394138557971,0.19815541100632839,0.17960074102693133,0.15932049913491222,0.14854144536765423,0.1433011720988937,0.14270511654954798,0.28069510651935353,0.26033437674268955,0.24090672895220613,0.21681051749399927,0.19464677810295603,0.1779544670184458,0.15816370969117383,0.14602029727925211,0.13996522529682978,0.13862484640228634,0.26659595744792414,0.25043893140772266,0.23398004445925152,0.21159548258537314,0.19180924376684783,0.1768979541542085,0.15734139831544006,0.1434753510519539,0.13665266622007996,0.13457494464046627,0.2507682770527737,0.23915566458187262,0.22415797143830332,0.20394837684742315,0.18819096986594816,0.17435123552331935,0.1572095037542411,0.14307126861567301,0.13432679486513768,0.13164038395074543,0.2398401208791006,0.23067171064747705,0.2156675124340105,0.19824042153438873,0.1855242344904698,0.17211245720561197,0.1583775756653835,0.14507040934769083,0.13423505372633507,0.13030613506636415
2018-10-31,2712.9881,0.39283283519663537,0.3446684381949172,0.2999305539021722,0.2565668920174624,0.2180766385563407,0.1923268775320086,0.17136492552332844,0.16883926839387464,0.19268119745366605,0.2045884632554374,0.36246426854291336,0.316518872014094,0.2781711211680037,0.24202925445684165,0.20762204275241425,0.18319777802895412,0.1628165888680674,0.15618640376204887,0.17203181219225336,0.18689398391367595,0.32728599142618914,0.28853350001672823,0.2598706249492908,0.2297570104276537,0.1984490884428795,0.1759892217007823,0.15629577389673371,0.14692873773395212,0.15230053144996492,0.1683597873440855,0.30734297315441794,0.27559073364566256,0.2505741859038676,0.22248888985529994,0.19365568665621688,0.1734489469951138,0.1538676379372258,0.14379745211971584,0.14384841161678785,0.1516888296843718,0.29406696251380243,0.2676542857875364,0.24410183150387485,0.21729643939606622,0.1909213620046192,0.17260226228437203,0.15288022982167815,0.14233872186592267,0.14037401784899012,0.14440652736604712,0.2806061662684308,0.25920095508295304,0.2371674071176917,0.21249512771038867,0.18850314524483458,0.17136215351650547,0.15179430184546178,0.14105329348910134,0.13799052070721896,0.1410380284192533,0.2717060730289443,0.2530685410135811,0.23151249135438481,0.20927844452643057,0.1870486316390523,0.17015132503742345,0.1505311213056718,0.13976463230778297,0.13567293474440692,0.137288949179896,0.2636739585787075,0.245985353053557,0.22567272704209468,0.2061673038101223,0.1852623464735737,0.1684855559529382,0.1498995119002691,0.13885740802722663,0.13294282950085518,0.13296632956576163,0.25095757420590603,0.2332603295821484,0.21704661454569268,0.20032244436526198,0.18186641490898683,0.1667028056350856,0.15091808190526554,0.13955970880903912,0.13167720334146937,0.13029614291260172,0.23815980452962596,0.22317661880173337,0.2102592713243619,0.1952779852212276,0.17995934642212857,0.16623590292157636,0.152001862661505,0.1412836083783561,0.13186352676192922,0.12882292942805634
2018-11-01,2737.767,0.3620357452719675,0.31363914994571723,0.274226846774206,0.2320447056783058,0.19297713356798607,0.1689781781929416,0.1517048409190935,0.15425986776387507,0.1891954054466736,0.2217591241372026,0.3300771424887781,0.2914684794793564,0.2577578451746059,0.22123003368406283,0.18606649193231778,0.16322488463940082,0.1457643834130696,0.1426699062829507,0.16375786006649098,0.1985688525999176,0.30774818641839435,0.27540902012108204,0.24621669495017398,0.21420195665393116,0.181833114763362,0.1600453558691536,0.14267733107061908,0.13654560491847567,0.14557403455054765,0.1705390198536697,0.29586673376816497,0.2669165778340659,0.24029842985323505,0.21095960097055141,0.18132112806495204,0.16022962992686823,0.1425283115153252,0.13508870268512116,0.13831173474523956,0.14919079578772848,0.28493103501945116,0.2597738342997106,0.23540766632521667,0.2079012215960307,0.1810918207556932,0.16101491986932548,0.1428030079060626,0.13457031332626512,0.13522153686357302,0.14194934219562436,0.27286237763341925,0.25220312090658037,0.22985929749367867,0.2047687325588702,0.1803152247536104,0.16139087854776898,0.14314395303105246,0.13408784427841397,0.13256172995447263,0.13862335688686228,0.2646571442532272,0.24571392996365798,0.22485900561564323,0.20276800580178736,0.1797158935020512,0.16150097795049606,0.143359088990795,0.13312567413417675,0.12989289091671039,0.13393751449096952,0.2557374441735752,0.23709095675410202,0.21892363738891288,0.20032914389242054,0.17869129368283593,0.16183266914443178,0.1436705938644553,0.132509395291714,0.12764522807573297,0.12851418692894973,0.23940727524722652,0.22445740965802558,0.21236100204578948,0.19652252010697635,0.17671594372731053,0.16277915172011873,0.14525017452020755,0.1338193867114349,0.12752991747006068,0.1257863186876697,0.2281674494214478,0.2175621557610629,0.20810637024253567,0.1922987433289101,0.17496400003185347,0.1638427852185191,0.1474708354439402,0.1358909165509,0.12917941765372595,0.1250444307629205
2018-11-02,2719.975,0.36350685402679284,0.3162536589401501,0.2736442851244523,0.23530471080737117,0.1981260459388488,0.1730395165494638,0.15341305358224017,0.15437052724178657,0.19352841242948401,0.22554250466982484,0.33540676759278176,0.2920472794460699,0.25812195302266,0.22391276318602962,0.19052226472537798,0.16698382526561542,0.14795993778989525,0.14353699634925338,0.1705543363760292,0.20697239612956533,0.3117316914645977,0.2755961751428185,0.24717238999038668,0.21651026908642307,0.18622754038191947,0.1646449817087578,0.14629634156548194,0.13892231127064383,0.14947961905196913,0.18209076821489242,0.2981310712891481,0.26760587281704423,0.24186416035051653,0.21398391651788184,0.18592999520293665,0.16596746964743447,0.14713776824889338,0.13804650077608444,0.13955186781328388,0.15452252312499296,0.2871304989650493,0.2612715317852011,0.23755564099957516,0.21166603464102032,0.18592238165502994,0.16739005948543406,0.14770968813826751,0.13748017869519133,0.13606068203161711,0.1403306682170142,0.2744274930789661,0.2546662939266138,0.23289589706342706,0.20907019992439707,0.1852451830366827,0.16775921107280278,0.1479879474969817,0.13690573174358522,0.133824538853377,0.13571127314344353,0.26546795868882844,0.24965480074493226,0.22904806180891465,0.20751537222655592,0.18452699906533884,0.1670628229633646,0.14799133946915066,0.13616475264808037,0.13134678692858398,0.13155186617364814,0.2561592629796363,0.2433082564763529,0.2239599371024925,0.20497695258736112,0.18306177118739148,0.16621141944401518,0.14818300275000684,0.13558772416234718,0.12949645792998113,0.12808604624549697,0.2450170545909232,0.23448583251096974,0.21585724691427774,0.20046660218092088,0.1801528100952853,0.16579358251757267,0.1495864593106776,0.13705404057677067,0.13009594914630843,0.1269433468586912,0.23734888176891453,0.22661383676920838,0.20852267202909786,0.1973987911099577,0.17720591418035622,0.1651885562172457,0.15153653905390257,0.13891783116297596,0.13134606688139494,0.12684559570570772
2018-11-05,2737.5165,0.3689734686971737,0.3202609549286965,0.27408552300760747,0.23377660680876966,0.19602156912954244,0.170857151597145,0.1520951351364024,0.1513908324326641,0.1838081725948899,0.20457087511802402,0.33737839893070587,0.29556606249793704,0.2569233417299752,0.2213284967405059,0.18734120682416444,0.16433487113927353,0.14608878652798357,0.14032581367215444,0.16321446373631943,0.18827565489186962,0.31525057596975187,0.2799261888063103,0.24825491457172616,0.21658241124977504,0.1848634299566771,0.1631144584402264,0.14493744902649677,0.1372033314938879,0.14445069289726267,0.16724922641259424,0.29953620790325913,0.2697175875207828,0.24312510378228305,0.21469816876821393,0.1852321765511441,0.16403150218493429,0.14494098095278188,0.13632347766706598,0.13662807360554585,0.14888169775155755,0.28732858849674214,0.2623115863143587,0.2387259835185846,0.21158610510361053,0.1846780424710984,0.16456768885894046,0.1444712968255591,0.13527455437878902,0.13339680604191967,0.13806578468385428,0.2763224288885254,0.25521489436395334,0.23328135070716685,0.20740483614856023,0.1827527858283949,0.16415375226694148,0.1441059526318604,0.13423572364879588,0.13115578516596574,0.13475940333581676,0.26605961992964877,0.24789341080346897,0.22735522073046938,0.20424776864701505,0.18054722957817262,0.1625584769030075,0.1444412261655901,0.1334934370610867,0.12917665242058446,0.13289606430817347,0.2542994060230826,0.23865408098589067,0.22023856857782,0.20067317422457667,0.17780819282746474,0.1613130069115662,0.14629552558481573,0.13322482672124109,0.12695121890029754,0.1276793161808375,0.24181777082173125,0.22743409400361328,0.21226641130321747,0.19626715511283407,0.17522788507853163,0.1619004164783202,0.14945614953544323,0.13387696539905428,0.12654890452178413,0.12449786124897048,0.2327933209732556,0.2187131571430951,0.2067527730285822,0.19308147428912323,0.17405382576879505,0.16249666240307556,0.15141365532833423,0.13487681982637859,0.12750289875356574,0.12447059887566161
2018-11-06,2754.5207,0.3834146086881711,0.32542193006690096,0.27959014923427483,0.23400294225969384,0.19132806973663885,0.16698884463765973,0.15242114718220642,0.16254231867916144,0.1963393622720617,0.20999713899273884,0.33434652214881583,0.29334534928086425,0.2590397972020166,0.22146916035394368,0.18352611340803718,0.16125293034617263,0.14611091545825822,0.14480570401999143,0.16709111685603578,0.18878890202249046,0.31226063851981467,0.27779364187873506,0.24826362828758233,0.21590207029610073,0.18131241081364186,0.1602528517228116,0.14447073200868438,0.13837277070931378,0.1453555980074307,0.1569809918418891,0.29730769166810056,0.2678738583487375,0.24095365410443176,0.21210524125521582,0.18091400504217472,0.16082970994405585,0.14380325265478328,0.13576659351386605,0.1372361098128326,0.14477424656632573,0.2823083385700507,0.25852560998650354,0.23434353029210184,0.2077092882248262,0.17995820490487896,0.16098205757710246,0.14265440881466784,0.13345498047420873,0.13262655758409447,0.13951938651718382,0.2690915298898724,0.2503409343360174,0.2285924199164184,0.20299669077374205,0.17822921703325847,0.1605681380819112,0.14136632522868708,0.1310953612770054,0.1282384191889777,0.13078541596112334,0.2607334710363369,0.2433939994979205,0.22334659900713297,0.19910158263928687,0.17611983184820348,0.1599219377431285,0.1407269116358337,0.1295598234606304,0.12525403954011038,0.12494808050158078,0.24964198143011482,0.23366836796664658,0.21635818377014268,0.19557289543504117,0.17412507939151023,0.15959745654962015,0.14111721892576826,0.12944142666790479,0.12314158454487317,0.12257663600574763,0.2372435781017541,0.22386679701474674,0.20874741796157834,0.19156429519197832,0.17267070020779757,0.15973576099669734,0.14272458103309724,0.1310169343326154,0.12361056395186668,0.12171231135910193,0.2291203025974623,0.2175533841624816,0.20274312406979564,0.18856174576955384,0.17179073813486098,0.1593484916114456,0.1448838707428262,0.13275039879145287,0.12541968356263516,0.12115991436697518
2018-11-07,2813.9066,0.34721693486542277,0.28954106297948035,0.23644101105067902,0.18594253115820747,0.14658987397442216,0.12907642114957657,0.12215658531745398,0.13348788879648776,0.16347230710118435,0.19162138578533644,0.30979705395249146,0.2677024505547397,0.22575529275212797,0.18310840874921225,0.14726209567995352,0.1295170626258015,0.12008870460455344,0.12305893992490533,0.13976774295466882,0.16477498018382622,0.2918447375715185,0.25634666975495357,0.2203001969124013,0.1833098256371231,0.15061051249840926,0.1323869219921409,0.12056782091213135,0.11919488817802674,0.13117177575205483,0.15880893689576472,0.27960440373692985,0.2481476650121917,0.21562104181614225,0.18342350047279143,0.15353786205134387,0.1350263079659124,0.1212007699764433,0.11705467078558712,0.12510528388550415,0.1517544787922796,0.26797989136239375,0.2399371130157789,0.21077125071545855,0.1824995393376615,0.1553219025850268,0.137036021873377,0.12184041647647838,0.11562355813306442,0.11998994991836522,0.13834648453099077,0.25688650990161666,0.2324916309046389,0.20699984670840288,0.1815877244198137,0.1568400350001683,0.13885403295904544,0.12272079559040752,0.11493281616736738,0.1166451846498521,0.1290246157075215,0.24802490834442129,0.22679115742600148,0.20462199450746793,0.18141850080986519,0.15822693915188313,0.14032458278695573,0.12378122275072599,0.11521947536458899,0.11427652319876351,0.12202709217871072,0.23802264408775098,0.2196194395582798,0.20182800935365997,0.18136714677576224,0.15944821692198943,0.14223466644401972,0.12591047097850433,0.11675050141817268,0.11291554320162656,0.1162581844944732,0.22672044463451185,0.21210952059844565,0.19794026805538997,0.17934194488257083,0.16070603038607945,0.14623333212601938,0.1295874972161397,0.11905921863946102,0.11368306000097915,0.11417798191338625,0.21859337877694207,0.20707791540556975,0.19447717121094038,0.17652184125627163,0.16157778192642408,0.1497509746192051,0.13363934584641082,0.1219259431436388,0.11587645502619079,0.11340299166591587
2018-11-08,2806.6427,0.34635169117646813,0.291337507439109,0.23740170709532077,0.1871022272278072,0.14643500364616724,0.12761181946672015,0.12081168625844428,0.13338862400866688,0.15515459794303196,0.163960802408785,0.30995188562983234,0.26933497485176305,0.22844294407445848,0.18574191653355493,0.14858884619739485,0.12946660579570865,0.1200459197341375,0.12444788400574293,0.13995536903455372,0.15106572204252774,0.2910582794283531,0.2558679792273916,0.22302900714787624,0.18615321779669253,0.15246631989252024,0.13293789826341165,0.12073204295387069,0.11999738255401524,0.13052487804887467,0.14482686456393337,0.28094168678632153,0.24829460830409164,0.21878008928642018,0.1859561919040097,0.15490138627519698,0.1351750680402579,0.12111001571365208,0.11767743968184143,0.12507498263807182,0.14277140981849978,0.27026151111088426,0.24125980882891462,0.2139037465564655,0.18467281183802217,0.1559198571635905,0.13636715430808877,0.12142017899646185,0.11578075522531327,0.11995522438947318,0.13976455435667612,0.258831609862535,0.23327937996603246,0.20891543428091286,0.1835764356275748,0.15684472047379855,0.1372209053479726,0.12163012810357857,0.11425010653330347,0.1163006961165764,0.13372449696808222,0.24964612285285706,0.22597026179697088,0.20566885481839228,0.18319105023704102,0.15786197526867027,0.1379211014977309,0.12171254785636622,0.11378072694664092,0.11411235503917413,0.12388867356719405,0.23792515482238782,0.21867267507285457,0.2025411001657177,0.18129699197222376,0.15834368089998313,0.14073465252989795,0.12384255277933395,0.11515692285400242,0.11296918730518389,0.11579069814247488,0.22376115130106206,0.21066367214534015,0.19727670564821928,0.1778469709052068,0.15852501512258713,0.14476081348571324,0.12883319576521812,0.11817061435063306,0.11404053611175942,0.11316156964209373,0.21617358811219525,0.20597199921665835,0.19345730869053288,0.17686118937074097,0.15880059803303714,0.14613459469709011,0.13216579296518283,0.12074566412319501,0.11594681068256601,0.11282995611851483
2018-11-09,2783.601,0.3361074861966849,0.2867951109403199,0.23461990607492805,0.1884139784232873,0.15143049239959153,0.13214113168479316,0.12166746150236556,0.12837375088678377,0.17118351464521311,0.19010969586256768,0.31238792078814986,0.2713274079503806,0.23005556147451464,0.18955082485873806,0.1542156583816581,0.1341843509919403,0.12201192417066895,0.12346858612670834,0.15882603588865551,0.17591522863098877,0.2935068735516967,0.25869185011740575,0.22645203355084598,0.19078096353489704,0.15771774899134572,0.13744168610979593,0.12320872851228017,0.11909811184129787,0.14182472541233224,0.16177994690682893,0.27969782742802524,0.2502521272310126,0.22303832095109102,0.19082958719025508,0.15978747133237706,0.13952467178619898,0.12370891851124108,0.11698416537195684,0.12710263857175408,0.14696307503511175,0.26880800511922853,0.2440162521424552,0.21954333338558923,0.18971205203918257,0.1605505262612358,0.14080315807461316,0.12410404778107184,0.11622056919524149,0.11977106310231994,0.13413806500229405,0.26066311590907765,0.23872333013630798,0.2162087706083199,0.18823140510566277,0.16111293038062272,0.1423550589660055,0.12470769514951416,0.11582882434397336,0.11644226436028601,0.12481496483273218,0.25445282049841494,0.23298953650750268,0.21249457278427178,0.18687065137286457,0.1618448093332042,0.14433313147269924,0.1256088826521864,0.11568308362404342,0.11466055598074264,0.11944863825019887,0.24485397219329133,0.2248862346327066,0.20670794107171453,0.18482192192266778,0.16290504088139923,0.1470979332405715,0.12886621356060327,0.11645147129619049,0.11403799705699237,0.11672330220362208,0.23328311764859416,0.21530862175453752,0.199928730250612,0.18187182111505462,0.164181467008821,0.149891071906867,0.13463912654546334,0.1192827406931534,0.1149231216924929,0.11593762979365667,0.22611420478818006,0.20866890403830113,0.19598260502466636,0.1797252585113721,0.16510592215705017,0.1512750616170609,0.1382813882006248,0.12340167406724514,0.11737576520649314,0.11621547245016225
2018-11-12,2725.8896,0.3684121733328177,0.3217689954874665,0.2770680489398491,0.23432844887071502,0.1950450127005737,0.16865159009342898,0.1487194694186922,0.14340109220498395,0.1847335909753948,0.22407894452871902,0.3362148582409326,0.3004939126910059,0.26647639388855876,0.2287549012350929,0.1920207228546769,0.16597702739718123,0.14566977012142002,0.13741329513251926,0.16190161789539975,0.20330767754925827,0.31622175842483474,0.28576894688962845,0.2573754353628295,0.224244929723366,0.18990509479577322,0.1643549319475193,0.1437959696555859,0.13393048175071443,0.1420739791440953,0.175739986880144,0.30319300384600356,0.27663009928864324,0.24995580249977226,0.21983982057097634,0.18705890299351452,0.16247100728719124,0.1420604084107182,0.131515836579095,0.1331471375686193,0.15065163994511088,0.2915559257786662,0.2686158560420018,0.24276754138632137,0.21454529331287242,0.18337833211988527,0.1604847914553174,0.14039510123888516,0.12947995951864127,0.1290226824891988,0.137139709092432,0.28125472179252775,0.2601531843919396,0.23601339817116893,0.20948036672275427,0.18091729706280318,0.15980351853407246,0.13907170861135296,0.12772203192655385,0.12625318396183238,0.13134807662785858,0.27329161889306725,0.2523820162419173,0.2301881518682345,0.2062477078355351,0.17974094730695533,0.16017039525058677,0.13813042811506382,0.12640834637281778,0.12369487994509354,0.12596979319600307,0.2606985500931631,0.23969891039020141,0.2210876872919538,0.2025442640311891,0.17761688880528745,0.16016416627404859,0.13882969193987282,0.1271048015046479,0.12229970562172651,0.12255604405519127,0.24084386551472853,0.22498212878475024,0.21211464855268025,0.19788759413673762,0.17522856572813497,0.1593592350143529,0.14135111063198674,0.1300434880331054,0.12318101533099443,0.1210769358844559,0.23073946424039768,0.21861746603362847,0.20768448341401788,0.19485126628152366,0.17403073202096286,0.15913330565562592,0.14336433165322016,0.13218582268635154,0.12479143681856401,0.12052875781754982
2018-11-13,2722.9567,0.363759966016643,0.31530825267729856,0.2671071430371432,0.2256120548865443,0.18884148198466558,0.16522276824460932,0.14819021110201663,0.14512907304855227,0.18609927020954317,0.21649956095007433,0.335241377549382,0.29517644480152255,0.25972495996523126,0.22294761431009724,0.18810482951826624,0.1647682902849966,0.1465758965370341,0.13940961712474711,0.16056655355747063,0.19914368813065375,0.316092638154978,0.2823287085503939,0.25315835176486695,0.21975561633448204,0.1868083428585274,0.16409704083619786,0.14478240527798564,0.13542167457101736,0.14223548453517085,0.18058684380525253,0.30222286546052585,0.27364052320430904,0.24700811810161774,0.21600142674516534,0.184782898462343,0.16259942406563008,0.14242039713473528,0.13251424647605994,0.13516649030353517,0.1629788528770464,0.288294176431136,0.26492473365181723,0.24047687286595815,0.2117014208953481,0.18232048263271278,0.1610774788574999,0.14028856187993957,0.1301005437613795,0.13061256117935574,0.14424572210619918,0.27768334450331417,0.2580048985797792,0.23566300278978844,0.20851147816445528,0.18084707695045713,0.16098783429602007,0.13933229815255704,0.12856827346584948,0.12754527496422755,0.1369150818145466,0.27063888893953064,0.25307341616260615,0.23223251636001616,0.20678271019307692,0.1801717841184785,0.16153445683435758,0.13944417774475504,0.12823976631834216,0.1256103814397252,0.13244163316234164,0.2603851915250641,0.24462350366756505,0.225184423001417,0.20324830933200438,0.17838732740084834,0.161173005867767,0.1407330639291998,0.12976175315969146,0.12443312229678787,0.12690824344849616,0.24686597224117932,0.23108144816871534,0.21437053893926333,0.19689002073730222,0.17570266008256416,0.16064470223496502,0.14281726962831087,0.1318989495516806,0.12461470250383658,0.12365560885563961,0.23688504062270876,0.22226842503937191,0.20827334372435793,0.192385572485899,0.17439556590439373,0.16132615872624972,0.1447739453919221,0.133911600878552,0.1249787336638687,0.12220996273213824
2018-11-14,2702.9866,0.3684792239019466,0.3157480929654287,0.2739864866653389,0.23464974211138584,0.20048459765992568,0.1772443674078515,0.15933620854851202,0.15500877843369443,0.18526378128527077,0.22041422963597554,0.3393057734206808,0.2987583808084554,0.264133270636512,0.23014333235776566,0.19839904677428222,0.17519961014004515,0.15639356531873044,0.14799848659729495,0.16238358457119054,0.19849528366543617,0.3187347804297941,0.2861218200884165,0.2561636846310561,0.22609913422402708,0.19598755284297312,0.17331554286562798,0.15368411471687107,0.1433996792621467,0.1482823510243461,0.18182006474786372,0.3033188844239602,0.2770112265490154,0.2503181290818126,0.222259275672935,0.19325369614348978,0.17119699669020502,0.15086426605893014,0.13959529395506856,0.13953022222800304,0.16049219418399366,0.2934515743529465,0.2701390573540806,0.24517330992245476,0.21817407010302706,0.1902769269391158,0.16905659866450487,0.14858548020850443,0.13626576805702337,0.13350188702864788,0.13938320399726603,0.2855981089803355,0.2637051001122277,0.24066095193930165,0.21488897235038212,0.18811795889448987,0.16805789443698554,0.14791721887256648,0.13420877987682886,0.12997111645156229,0.12997953261876494,0.27662293909212254,0.25671333036797017,0.2367392877822625,0.21240128182918655,0.1869747925893277,0.16755747936629062,0.14780648669726903,0.1333398680999693,0.12750565012324766,0.1260570334535073,0.26466943336092447,0.2482524050898992,0.23147488398641525,0.2082476200618538,0.18546734618438743,0.16681638260350717,0.14742102769008106,0.1332665840105926,0.12604433666815484,0.12479374972466784,0.2477663675440031,0.23564754889108452,0.2211137338554552,0.20125165739437498,0.18292873104872256,0.16658943433320886,0.14805140491408988,0.13395091634099926,0.12639659226222424,0.12471996428466109,0.2353370989684942,0.22663400651265805,0.2118754246359318,0.19669773192505635,0.18102859121320414,0.16657178497895375,0.14979454980627407,0.13557997948651185,0.127504660238012,0.12503986609863132
2018-11-15,2726.3926,0.3786703295537083,0.31776634286119415,0.26813156841360786,0.22444294909374876,0.188026300150169,0.166109744170989,0.15106764828156663,0.15358064040687153,0.19391143302602779,0.21134439194924476,0.33918659321478295,0.29176667048100857,0.25646478761218616,0.2208986628215642,0.18861765063915922,0.1667437923971713,0.14978330756157524,0.14449990638107935,0.16716179147228358,0.1869145847792861,0.3165944503330525,0.27795970015849625,0.24947481611949138,0.21802313121566466,0.18768237000924234,0.16626063713314065,0.1480488271484578,0.1398369971204285,0.14871313669042713,0.17188030257247627,0.2998050519178508,0.268992126626298,0.24422071852734692,0.2152608710805716,0.18613191252076514,0.16526750753924926,0.1460637134711386,0.13673925369155443,0.14008754294387557,0.15942485762735423,0.28698312731809217,0.2622449717313251,0.2394230547545504,0.21250907468270588,0.18504720708910802,0.16488434745334438,0.14458557888337892,0.1341598945823829,0.1343445715559548,0.14529160249337383,0.2807547847362712,0.25880407418992063,0.23615903634293703,0.21075330039235254,0.18493692357595,0.16567751908441183,0.14418998355750656,0.1324168396079212,0.13067038900395733,0.13686492140619766,0.27485016889387287,0.25487871439900245,0.23257288031359852,0.20882681746961593,0.18457141803704585,0.1666237722731419,0.14486225526071386,0.1315462141494098,0.12859884162069635,0.13246596087314616,0.26100227227744044,0.24425418203083676,0.22481410389106862,0.20468133291360951,0.18266616282522258,0.16713335728919138,0.14723702193104962,0.13231176017688653,0.12775081532260263,0.12770650378370257,0.24633686502549593,0.23040350375431048,0.21587732254004685,0.19927786232673647,0.1801664708196109,0.16757074632296995,0.14962383735537474,0.13461474029633133,0.12856543126578096,0.12545329767572297,0.23814442209866798,0.22261024498325832,0.21068936049187678,0.1957586442879514,0.17885788051492216,0.16807512234160052,0.15115299303840937,0.13645498973557682,0.1295728860236846,0.12508518820835107
2018-11-16,2737.6879,0.34980798514831646,0.2889267108150663,0.24520530948344488,0.20517268968801114,0.17002880704788995,0.15043868449326173,0.13727458583971036,0.13832180232063582,0.17401915841252555,0.1939539695175677,0.3151804470492085,0.27227301917089114,0.23952291974725398,0.20546098330937815,0.17298575608236333,0.15236512675072286,0.1372958397276111,0.13216346294349238,0.15363090384704112,0.1788025129735539,0.2984931637172333,0.26405061428549625,0.23469823919821137,0.2038910471665199,0.1736056834862548,0.15273949990056152,0.13625298339462352,0.1289460866826575,0.14293721005036503,0.1687113046403199,0.288228916367566,0.25810231180176857,0.2303433031445646,0.20188774404959706,0.1734505532417256,0.15287041004611412,0.13484661291196545,0.12669850929269083,0.13422173777330282,0.1550616046766237,0.2798500619621743,0.2527318623574669,0.22704143837166982,0.20026441653859894,0.17360700985306157,0.15378974723150288,0.1340703777641239,0.12530681018929887,0.12799516029757563,0.14062004742587406,0.2729643189721982,0.24816500456695229,0.22539796340507404,0.19943560201451999,0.17476890685186797,0.15610450856958777,0.13432153010016037,0.12488651002062663,0.1250583761500063,0.13319584342237362,0.2657739094617531,0.24329602085765012,0.22292981516131696,0.19875321596158343,0.17634308318953473,0.15926903591646197,0.1355861493109144,0.12564761666662372,0.12367097022962227,0.1290074226103352,0.2550900707851182,0.23585837044275074,0.21711789949292093,0.19728176684649706,0.17652010923653494,0.1615121632593174,0.1397737125020327,0.12896989574270729,0.1239593492522823,0.12332270106312894,0.24007370259147592,0.22549596669773364,0.20931617016056497,0.19455268788862096,0.17506655535659332,0.16175217959685073,0.14475958549416051,0.13393659344111072,0.12623457666389323,0.12332270106312894,0.2292369449710539,0.21832486973184584,0.20336858706755148,0.19202279347324527,0.1740255407936839,0.1617859213401892,0.14704353737687523,0.1373582346893031,0.1277665203349661,0.12332270106312894
2018-11-19,2690.2278,0.35206697808068543,0.30774398364883554,0.26601600271523507,0.2310146369168243,0.19993389735848055,0.1784725094149124,0.16194243392932176,0.15742894536129884,0.1735241129331107,0.1872186640427808,0.3275625805240159,0.28999885301030465,0.25735804085194386,0.22655412875489359,0.19704402697629322,0.17566807643850008,0.1581520994553358,0.15117366648633856,0.16129811684519904,0.17710601457813893,0.31133621934123445,0.27771442530638324,0.25045246948209327,0.22246588073256884,0.19388055936741203,0.17252829592446817,0.1542194749513941,0.14565477535276852,0.15191238985312835,0.16962167039038117,0.29737812344299414,0.26938858472262034,0.24522772032290463,0.21899127618059316,0.19120987233749992,0.16974614936655102,0.15073737687697683,0.14096242463100855,0.14299128480118883,0.15635692492036465,0.2880657480133055,0.26499937636891396,0.24236899639772289,0.21635641646719891,0.18975257836740295,0.16870998202092571,0.14873612091629698,0.13790895231473593,0.13701447886069884,0.1447995713178221,0.28086067218266647,0.2612449448034065,0.23998835392519982,0.21447218954746355,0.18964329432833257,0.16940608829286263,0.14816541153046212,0.13620563641057093,0.1336245566311939,0.13898111895597043,0.2724218004869432,0.25494147678760753,0.23539830072524842,0.2130954205494483,0.19004358795201776,0.17024378025383455,0.148677763496005,0.1353872169135404,0.13069399703788787,0.1317889413456657,0.2596343146953004,0.24522737162689318,0.22854046541163378,0.2103139614205581,0.1880786971995827,0.17003848846293182,0.15131141252041078,0.1365902933146419,0.12975488540786934,0.12848422487262356,0.24585627645679084,0.2345888881074638,0.21972248897715382,0.20314006903479978,0.1832202888844623,0.17004847715911814,0.15448970494269837,0.13967252879854322,0.13152616804740774,0.12857099345806125,0.23693011090430363,0.22511575394693636,0.21157337858979963,0.19731924090744155,0.18118513193763247,0.16995386039307672,0.1556031387401247,0.14159949937882235,0.13306728007306523,0.12934243925001757
2018-11-20,2643.7337,0.3728604502852873,0.326540211021539,0.2852707555010038,0.25074895156972316,0.21935939308066177,0.1970219811378313,0.17783809069349885,0.1695861063218016,0.18002195888576383,0.22453955782715512,0.3413021677733847,0.3070599849673683,0.27422102007434185,0.24382714258292565,0.21444010177591727,0.19287787473820628,0.17298181864397238,0.16274363069074274,0.16631762240699277,0.1870174350846716,0.3260828290086403,0.2951498427672003,0.2660328303837966,0.23746215915210309,0.2097684308507422,0.18866664104977524,0.16812008139416407,0.15707823598574805,0.15763737057826477,0.17331081877848525,0.3127071229745752,0.28565481816281024,0.2590479070181475,0.23246374466766445,0.20636403021364086,0.18495043246695886,0.16381107302544254,0.15231935414439973,0.1498586440051174,0.15976715719529752,0.3023379754779973,0.2783020603356916,0.25372004763341455,0.22928324259632224,0.20448693555867,0.1830674604957074,0.16142110374296179,0.14918383820074252,0.14434363648801532,0.1476873667997484,0.29354458657952753,0.2717624078716161,0.24964299271452936,0.22715048467535584,0.2036252477961305,0.18303610130575046,0.16099874335050435,0.1475510968897586,0.141665398646284,0.1425634331195703,0.28378711371217336,0.264848330380568,0.24537668948242644,0.2245731922196479,0.20274986033763182,0.18294924904263915,0.1614453251509172,0.14680479712689068,0.14003725431745856,0.13831527960871343,0.2693305257820526,0.2549538206275469,0.23811946651629495,0.2195987730786055,0.2001221116158152,0.1818793779846079,0.1621361014262015,0.14678369098285232,0.13888280009676893,0.13560462201688595,0.25469997017122004,0.24320844433813044,0.22832027112690306,0.2118507911127335,0.1951841900307578,0.1800623192978855,0.1632577746555853,0.14816715522939689,0.1391384183417325,0.1352450266781515,0.24646222444556656,0.23481883894423722,0.22141466270440593,0.20638500379118496,0.19198476673436934,0.17852799285525647,0.16443779694546207,0.14964546548493968,0.13987390243475312,0.13546457793632036
2018-11-21,2654.0736,0.35913337268223267,0.30937348742871207,0.2611960211682506,0.22398408551013213,0.19267798312790813,0.17349033425668436,0.16009099111427433,0.15738219557364336,0.17410743217159938,0.19443843697031687,0.3358255125623804,0.2935910568247487,0.2555297145613152,0.222684043084469,0.192907187088106,0.17292342799091465,0.15734593437942612,0.15138339054774794,0.1634617928160057,0.18803470269569486,0.32285051775410684,0.2840047161463294,0.2510699601769917,0.22049084315589504,0.19186993688757045,0.17171690064866615,0.15428677602942417,0.14673108689977563,0.15563377399152187,0.1813518343992845,0.30733880971814653,0.2743868419124806,0.24630962071898574,0.2181933956160877,0.19069249871427324,0.17075053127929657,0.15142548973268757,0.14269821150583575,0.14615093849602687,0.16703146555874115,0.29282711803210004,0.26631771493998435,0.24256139814991173,0.21712364350864077,0.19062692056973882,0.17101878277106822,0.15021996718475888,0.1404390318396079,0.13991308338091957,0.1515107013673398,0.2830461082361769,0.2607225545891277,0.24030199078524805,0.21705825277290625,0.19171110083810186,0.17244070660528768,0.15085063306806532,0.13987648637532105,0.13691147135863138,0.1407480558209131,0.27501525336376204,0.25595001953952545,0.23738983827519444,0.21593657330670088,0.19291267343550997,0.17416052163669368,0.15246751765028876,0.14034016168611435,0.13484248925786074,0.13453656632201005,0.2641484827094208,0.24749356466347114,0.23049685548528825,0.2121950520737396,0.1926842675929433,0.1753499557229262,0.15511776239994907,0.1414261981757515,0.13449086337926752,0.1331079302577911,0.25010271711889653,0.23370955835493526,0.22042256735766552,0.20618551031537297,0.18994833338667366,0.17569054777199852,0.15857292198343428,0.14396770289630453,0.13628958957899429,0.13325993792526608,0.24006065038070887,0.2260868063273541,0.21466065745259663,0.20199002159195528,0.18770186258050048,0.17544659222548653,0.16076355189220387,0.1467831071020407,0.13846517785308615,0.13395288743699357
2018-11-23,2633.544,0.36554802631611194,0.29994439120268906,0.2643984549153271,0.23425072250247192,0.20468003074012367,0.1846731928920761,0.1688399379392962,0.16332433649079686,0.17361137718093442,0.19480348617688534,0.33794489580682063,0.28992827905692176,0.26117058364325935,0.2315581627702701,0.20271078885294555,0.18262179096528122,0.16615667808289014,0.15916968398333678,0.16357242827982188,0.1804827773459924,0.3207560633017261,0.2828983547739115,0.2570124170218479,0.22791819204697591,0.1997729547335479,0.1805521660584067,0.16313305998055205,0.1545872322183612,0.15612289771555513,0.1714361256379402,0.30393236717692096,0.27581743897441474,0.2519813678122091,0.22444880500793815,0.19732125387502764,0.17838965633694082,0.15931795383668412,0.14968440892841603,0.14871992364805817,0.15865492768382125,0.29348955601726257,0.27037873251546135,0.24832728834957282,0.22254151328017543,0.19676734563174106,0.1773179304902984,0.15668300012269074,0.1466317969639586,0.1441409448274005,0.14853753990654608,0.28627982204135843,0.2643873811439503,0.24577569172600758,0.22203091713899184,0.19710666258109227,0.17760142481367974,0.15635118409249052,0.14524879919419173,0.1412278655726407,0.14400316579549008,0.27704451143568115,0.2576763838439484,0.24251873141987312,0.22102511664259947,0.1965629865107799,0.17781567549237692,0.1574604403657941,0.14468721729473,0.1396261066425672,0.14025708716605453,0.26504290967669447,0.250084243781899,0.23651971046223216,0.21647220346591126,0.19400447135671298,0.17791755227976128,0.1593355084181371,0.14514394361352792,0.13954190470502745,0.1374996715937799,0.2544029298007487,0.24191756448211882,0.22923690463664326,0.20809425770989043,0.19088329183549757,0.17841258730726597,0.1619867034836288,0.1473398086085456,0.14091959373383914,0.13692110308271957,0.24526202781235248,0.23477056826831383,0.222818751846562,0.20098647189960236,0.18935752314308568,0.1779963900618954,0.16397777270363384,0.14965841092200843,0.14217367273678597,0.13699677308491737
2018-11-26,2674.109,0.35186496029744335,0.28613012068662597,0.24357791466668569,0.20980890473781957,0.1819119971725406,0.16490611870914904,0.15281597161406268,0.1513213214887707,0.17062407941703833,0.18887718291542896,0.3208459947180891,0.2709085683145273,0.23648258308375952,0.20613629739427292,0.17953694990577027,0.16234904335598277,0.14938368433098898,0.1465992976102159,0.1624452454812107,0.18264690094844602,0.3006366534683695,0.26209454268635385,0.23196845032345778,0.20404113277722646,0.17791319502189032,0.1603281002552841,0.14604108503209723,0.14145870164318577,0.15273408693473242,0.17320253885125347,0.2887034393131873,0.25663645776979477,0.2299069544190179,0.20349722696014744,0.17774623993355493,0.15961754765505232,0.14363381630961225,0.13703990423293996,0.14235410023466036,0.1578966070537943,0.2803369996096744,0.252415017875312,0.22968501544929573,0.2038680487780786,0.17903925094839168,0.16129173436762712,0.14349769343043853,0.13489832005957655,0.13524524832850138,0.14578114422759053,0.2711402963074468,0.24795354544335418,0.22974288451337754,0.2047000236668058,0.1806385563453824,0.16382548455283005,0.14465908071576047,0.13435296139976113,0.13216050726301348,0.14206197808587467,0.2633624823537596,0.24377850708639548,0.22811809398630722,0.20591697205260637,0.18244917414507522,0.16579937135738435,0.146107445753329,0.13524038119516052,0.13140739671218565,0.13678205960430187,0.253781926114264,0.23793242224167463,0.22365569145248276,0.20548528034517524,0.1837654557991902,0.16715051437523393,0.14847390566904037,0.13773161076273224,0.13193798392158082,0.1315438057520749,0.24277026125031353,0.23074243674322684,0.21715727581149225,0.20171883234626717,0.18301347493558298,0.168605537412105,0.1516891280255104,0.14055194122050887,0.13392847770403202,0.13076680841661562,0.23526590996460914,0.22499471448781436,0.21092799625681805,0.19706977289949,0.18161420313445323,0.1702131057314258,0.1548216915802175,0.1426732392799738,0.13568808934751542,0.13132768894330138
2018-11-27,2682.6694,0.3364061587898817,0.28349606048865267,0.24526117241782405,0.21598834700633127,0.18937207030168213,0.17223072592561542,0.16013326027645128,0.15811550901822566,0.17316082992602225,0.20845414238901463,0.31570270221143515,0.27076583105494406,0.2381659344694249,0.21052254431860826,0.1844089467270555,0.16743761095260673,0.15464966935226823,0.15099624648888332,0.16351505617781462,0.19410183278581497,0.2990612215079887,0.26103854989987463,0.2329090959859412,0.2065783111736407,0.18104690848445634,0.16402501456632101,0.14971507032722178,0.14466446941727687,0.15361399936267295,0.1731785221153963,0.2854999022502313,0.2541494103350768,0.22973021509971775,0.20479199863965092,0.17973857953689312,0.16217590775100632,0.145698725855549,0.1390606363846734,0.14382854852266305,0.157173844942091,0.27581339929150156,0.25059062204361715,0.2282798890100024,0.20453919207321283,0.18069183439281353,0.1627527006216832,0.14417476530853704,0.1356455072168012,0.13668268625747199,0.15041018747166532,0.26790775954729135,0.24754198399936458,0.22693662778671017,0.20453772963591826,0.18204062467293958,0.1639634524678834,0.14435576906378692,0.13421848503935677,0.13269130418376898,0.14708209640928466,0.26078317223042524,0.2429380476657734,0.22488439500307503,0.20444066104592076,0.18308188471521672,0.1646449197775946,0.14568771976932918,0.13484141119660462,0.13158694160049017,0.1417063695211489,0.25084382881971556,0.23583639422762592,0.2217082456612488,0.20287763896476615,0.18387079050840535,0.1658968442601355,0.14885405321513906,0.13813992302076952,0.13260141734478997,0.1329255457759661,0.24061702231560803,0.22910813036824193,0.21730961297094456,0.19856827105480732,0.1836281419130579,0.16825004906851496,0.15284735212450634,0.14239107359449202,0.1350155471855977,0.13095779213013187,0.2342819228910475,0.22438917551852347,0.2119302269121086,0.19500871225934763,0.18252906165829788,0.17046901449768964,0.15499212009448127,0.14470043711067943,0.13606854386536693,0.1313939489654835
2018-11-28,2745.9965,0.34188056192716376,0.28727601642675443,0.24620793887465467,0.21337880383602859,0.1871073655767317,0.17242417991891004,0.16294891824398086,0.1667874895529647,0.20798505213915391,0.23799875868722448,0.3172056995231402,0.27039454146299186,0.2358552434774376,0.20597067939505365,0.18031402607745198,0.16526138438426743,0.15481534864219942,0.15705821831686606,0.19075807328675662,0.21727948169474665,0.2962752503818533,0.2589096577221574,0.22877867956241785,0.20048207452930278,0.17541318760077906,0.1597825040660115,0.1478161183737743,0.14667852065321854,0.1706266121756691,0.19118644108010963,0.28208466932274473,0.2511072640685646,0.22423021609805724,0.19787299595583632,0.17316069308694446,0.15639283760435832,0.1425953139789423,0.13812173733539407,0.15205621363296934,0.16844704731905524,0.2729813170193424,0.2456041376958555,0.22168457389521956,0.19763181874372607,0.17343765758421206,0.1554207032873732,0.13996870317473356,0.13348984970194883,0.1403195834068537,0.15460765864323278,0.2638199608296415,0.24075659819248904,0.2198718991766771,0.19769429370623176,0.17417233744612484,0.1556534494878356,0.13915324246398092,0.13098712775496607,0.1312352717460765,0.14631688392657496,0.2552322048782373,0.2362797854713014,0.21765400507728588,0.19721261617287725,0.17469814808499642,0.15675895441383159,0.14010446894701056,0.13088049854725903,0.12787722170651605,0.13980071775423775,0.24500451650607988,0.23061992730775155,0.21356938696020272,0.19579969944412223,0.17579053629104793,0.15952671692668094,0.14337635457313835,0.13327651639607827,0.1277545859881339,0.12986987579806838,0.2360838708321955,0.2249415593406112,0.208882343886665,0.19403192069053815,0.17751679066070036,0.16339002656708318,0.14800138918793576,0.13679241253976976,0.12982723050483969,0.12742707174183082,0.2308763621240775,0.22080397041584238,0.20594605190731702,0.1927829371070569,0.1788859871502708,0.16605215157971168,0.15161648787490078,0.13967770542672125,0.13186982560479532,0.12809279082512937
2018-11-29,2739.1607,0.3560571269801284,0.2968028595801182,0.25915770337609784,0.22493048580736266,0.1944779163251637,0.17638385955332023,0.16460667677957472,0.16643278465891734,0.2065536100384607,0.2438335506383817,0.33003774259673496,0.28047167225343655,0.24743811467683896,0.2159792920179273,0.1874034931252155,0.1692937539995641,0.15659930308972833,0.15613897064072293,0.18909517277646662,0.23264105055573914,0.3085525001773919,0.26656972470889034,0.23747637847547715,0.2089875047226185,0.1820459014266232,0.16378553204564072,0.1494256620918851,0.14528776840480442,0.16432697195742263,0.21541392678762628,0.2895482147259008,0.2572602322352166,0.23128442045112543,0.2055634667147076,0.17914842243444554,0.16051522863384363,0.14427958728804194,0.13764892277916993,0.14371010649913118,0.17436635406612697,0.2772954338930901,0.25258449106661635,0.2283222329981938,0.20471335389518724,0.17867115638575765,0.15970643135650334,0.1419316233256954,0.1342169429327351,0.13630209513071675,0.14691676010488725,0.2699835187555865,0.24874395870124913,0.22609861663240613,0.2041233586417624,0.17877208749333645,0.15989511354424896,0.14128864830749047,0.13250440903904437,0.13192378056644344,0.14107663917678734,0.2619016384644439,0.2431837323536078,0.22306130704206778,0.20311144351576352,0.17855715957832186,0.160767823286923,0.142409421120645,0.13264407371368783,0.12964813421697807,0.134577420812478,0.24938985689881757,0.234714757184088,0.2182155069162228,0.20042805218214102,0.1781557679251878,0.16324635763329595,0.14620925685043076,0.1356987617504309,0.13026498182928647,0.12906540306411166,0.23868163372343965,0.226901035301428,0.21358234694196465,0.19676856635946396,0.17812710403561782,0.16601117210612662,0.1499497998311552,0.1389097873567473,0.1327126961005937,0.12898335652047038,0.23182807492144894,0.22050772960708812,0.20948661792971074,0.19450120079100533,0.17835434387832436,0.16771271631073598,0.15148567598794083,0.14035887184467144,0.13449172158967865,0.12971682497053905
2018-11-30,2759.6573,0.34510815120912924,0.2955482207242016,0.2573053054129159,0.22416266736824747,0.19469133018766846,0.17547598047039054,0.16047913313538095,0.1562179878627717,0.18337671044930093,0.23735407650288942,0.3224142920093839,0.27817173233195186,0.24529262137258154,0.21486190275987238,0.18638888508778753,0.1673373762659378,0.1525795530443262,0.14801368851611418,0.16955934022772384,0.22244214608934615,0.30013757710880823,0.2641065628471617,0.2350785729675996,0.20674670630710942,0.17937456063478138,0.16038478136487658,0.1453571247725745,0.13916211562521766,0.15189449919105716,0.19011552543155055,0.28379259212614266,0.25539430730142637,0.22936631833308577,0.20239194114198017,0.1756162633068528,0.15669023216274203,0.14087828092339752,0.1331037299253543,0.13944948623201,0.15978070912126116,0.2726797296606488,0.2502550593498993,0.22666656836423563,0.2007484420067299,0.17456618724953943,0.15612620249088613,0.1391351819522813,0.1298077828602602,0.1322065102673147,0.14378143278829897,0.2647343934970184,0.24554399155097478,0.2238522843309087,0.19970550730314168,0.17421669273100782,0.15628183840804724,0.138860154696573,0.12850351721787437,0.1278667306291472,0.13367919536926356,0.2572683038998797,0.24005252298754898,0.22033969325039365,0.1987724018534591,0.17451481212674072,0.15706847807866808,0.1397932695275727,0.12967728278920373,0.12625779559452813,0.12819417364907654,0.24820016669465758,0.23386999314301163,0.21544243652093606,0.19713100168128203,0.17551352680832147,0.1594048287404319,0.14233028866629593,0.13260384664087388,0.12688853077685003,0.1269170989708679,0.23994421506903452,0.2272493458703201,0.20988894015871437,0.194657314874288,0.1760909406983689,0.16236436999052362,0.1463222663971212,0.13560342477650938,0.12896885597029853,0.12685257609996795,0.23249076594908388,0.22022448193526512,0.2063189353450523,0.19268694445590653,0.17586776228992088,0.16421240763788503,0.15006497286987516,0.1385084116404669,0.1312613952416302,0.1273700808777103
2018-12-03,2791.7689,0.34142163723326985,0.28777890629046626,0.23964324982472449,0.19311647138147783,0.16004248457982484,0.14391094113373154,0.13367792655076757,0.1396535213422062,0.16880226744488117,0.19359830550036036,0.31426631388865367,0.26882198395746776,0.22717232057870027,0.18739481740831967,0.1567985652479388,0.14061462229408464,0.12951937691747484,0.13210740616927674,0.15846735463202474,0.1871598537927706,0.2913442192870172,0.253364697622797,0.21832326976751756,0.18373808076519804,0.15458674272126285,0.13790374273526693,0.12564587680136263,0.12333380376602944,0.14238715752468822,0.17226327187307494,0.2790928053374577,0.24469701984160025,0.21459115933312395,0.18420125862525022,0.15569048875183084,0.13787905089118083,0.12397089891464097,0.11847403686687272,0.13014281878840775,0.1506613603740931,0.26828548190648,0.2384918252025306,0.21291302205903964,0.18581968537052934,0.15812649878314233,0.13954230394184705,0.12364227633570525,0.11610509989613098,0.12241771552996718,0.13866921482425512,0.25753997029765163,0.23371892364286098,0.21221378929928983,0.18662411182267274,0.16011248650975995,0.14183276063862332,0.12452758177827662,0.1156357432521869,0.11905122362903679,0.1329211249010843,0.2490441466804311,0.22987244893473938,0.211127524374997,0.18661524683032607,0.1615047319445666,0.14436816942961386,0.1270606643202388,0.11774638757761989,0.11854742943454448,0.125571811599762,0.2407010330528325,0.22392443646916627,0.20739151650670673,0.186799270051119,0.1634670206209865,0.14825843190309862,0.13238372155977549,0.12225431466811619,0.11987091584315324,0.12193218717335132,0.23447940375657172,0.21828410260958037,0.2032018683244621,0.18609514833145163,0.1659956145059379,0.1532700124067353,0.1383368745082119,0.12669956836177323,0.12250432310372217,0.12164072167516315,0.23034854416823114,0.21418703351576357,0.2000444276594904,0.18416156252077412,0.1671992159890967,0.1568564668601626,0.14183622480555524,0.12975960799658565,0.12470244782636873,0.12223071654098785
2018-12-04,2702.8564,0.39489248468009136,0.3398345791361021,0.29036351241377945,0.24811806304481276,0.2152645049587053,0.19285236845369633,0.17328730842566104,0.16396587974887772,0.18852078946672984,0.2323527018448473,0.35702875368129744,0.3100523392153058,0.27003487442634627,0.2347573346247304,0.20484794729516428,0.1832012676878614,0.16401650892423764,0.15333564080032577,0.16750314138870456,0.2096049595011048,0.32646968613778227,0.28863042115888793,0.2558863803425547,0.22544803325600923,0.19672486150883697,0.17538106247225246,0.15605285841267094,0.14418614327279836,0.14775220728371746,0.1758509605683366,0.30848752817242053,0.27657919563029804,0.2489000213493043,0.221512923821161,0.19294782210909756,0.17160774677986987,0.15128569367205016,0.13904265655150652,0.13932577907381413,0.1611082095836579,0.2941042327049881,0.2677893969459949,0.24445277213657193,0.21933904509470864,0.19105994143626034,0.17008237649431854,0.14840972980950856,0.13569463471491297,0.13375821342911265,0.14872631590525698,0.2825406075524537,0.25974456398230167,0.23984513285381778,0.21702173450305298,0.18938047898875304,0.1693385438351347,0.14694572445767326,0.13382685273892003,0.1305831647574138,0.13642428899898726,0.27184287057487344,0.2506315355397168,0.23399031798851644,0.21410485100601598,0.1884566765970884,0.16907109096585696,0.14678903495337384,0.13377706895391558,0.12949180093769297,0.12938020587213017,0.25658994561118165,0.23939179005513284,0.2262580465844996,0.20893541656403755,0.18789449484339557,0.16945035968323258,0.14823483660084444,0.13512640509930898,0.12973722300121956,0.12798080437037168,0.24447363286597273,0.23096701684284648,0.2193649722834347,0.20348619201535534,0.18561731685747385,0.17048429641862223,0.15245928212973237,0.13739893392847083,0.13144245882564748,0.12872226665638065,0.23796138792311933,0.22555039600349142,0.2143038633216367,0.19974167781341634,0.18257457324214002,0.17106783674714807,0.15725770890466584,0.14070086085051828,0.13341650444086897,0.1297785387257485
2018-12-06,2695.6724,0.3999005966458241,0.34729785211232506,0.2991363569911821,0.2543455572227132,0.21606639676756736,0.19199484577362272,0.1715122973714701,0.16325070076453638,0.184405178049544,0.21822823985667983,0.35905049021981095,0.3181530078755387,0.27822629966806073,0.24033880990772954,0.2062806866666217,0.1834522497096669,0.1627902416452486,0.1523789547677593,0.16919371829246574,0.19835050633723256,0.332219664377007,0.29752233810111345,0.26419745665354194,0.2313412962463445,0.20025298389407345,0.1780130899213607,0.15704065546202833,0.14526612401535122,0.1516833868698463,0.17670284956171234,0.3133548183679778,0.2840198724229358,0.25657360251661165,0.22719556959173037,0.19849064270422864,0.17600740400562967,0.1537641006070996,0.1410534355792675,0.13847064278630702,0.150481540606599,0.29709683883369675,0.273883223257591,0.25021246648401513,0.22344481196606963,0.19747660898647051,0.17529089538785653,0.15111789837372339,0.1377581123998184,0.1327230305134041,0.1388496710455124,0.2844944679933013,0.26520857061629566,0.2433456743736675,0.21927870864604368,0.19576876161858514,0.17533265245010896,0.14991227342755087,0.13603457967624707,0.13070954690664427,0.13525894576645808,0.273210177294319,0.2560838823336209,0.23607373202468063,0.21508024173095186,0.1938511050121148,0.1755016296707979,0.1511019186801934,0.13645473810215453,0.13046673021106595,0.13137555385533592,0.2580622317722813,0.24415641905061827,0.22739761079273713,0.2100158671543421,0.1909604221269545,0.1747020020166454,0.15444737030717479,0.13956304885694162,0.1322715974851376,0.13071351977403067,0.2440387528334957,0.2332263419740567,0.21933400041282258,0.20459456859301012,0.1873345921029849,0.17383972500021946,0.15669443651732673,0.14398758081178628,0.1359620842265735,0.13231258863785827,0.23646078558216801,0.22654106359104162,0.213606995729883,0.20006955820321987,0.1854704284691768,0.17370145470602077,0.15736715330216614,0.1466111843362525,0.13860478907208623,0.13371934592258466
2018-12-07,2636.3959,0.41770674360301374,0.36480080499302675,0.31865258172638217,0.2778628890212114,0.24180584358786109,0.2167440004824524,0.19369780701149872,0.18197441308577222,0.18890041806466154,0.2337438484861375,0.3713625492400101,0.33121824340283984,0.2948427573514188,0.26085589707873374,0.22902104750636304,0.20593712238292797,0.18334080319155313,0.16988648253544858,0.17023189507363146,0.19369390675076664,0.34485287361291017,0.3117216060678249,0.28040240707752667,0.2506173528021353,0.2214850585217454,0.19941419719390577,0.1770165294307175,0.16299283078544283,0.16002049824908685,0.1753611770355214,0.32926906417424845,0.30064367903007855,0.2728732278738195,0.24604093497614923,0.21837527771576667,0.19650806434602933,0.17374106600568462,0.15913718522775072,0.15410850754998345,0.16397070587158621,0.3115769069290216,0.28841246447329205,0.26540993964251053,0.24118249770757605,0.21463414480848847,0.1938090187816759,0.1708710445777716,0.15532336838945976,0.14844581386640887,0.15236873169806928,0.2958723489485334,0.2771873038844382,0.25779808914065416,0.23504544280437728,0.21006752433807754,0.1915096142362914,0.16854814914752134,0.1524214468356312,0.1449765429896531,0.14612949746570117,0.28490474034388724,0.26796293979169555,0.2499719621987407,0.22926697125507592,0.2066631894743509,0.18943798649132718,0.16745212700994516,0.15148916523922984,0.14367409032217887,0.14154456563709275,0.27148651330144896,0.25555341430207557,0.23995531074310533,0.22318115814532724,0.20251325470673995,0.1858922654743597,0.16740672760595074,0.1519475891115275,0.1442331956399877,0.1400527026692737,0.2567937409870944,0.24320609783402164,0.23114755407195683,0.21703219073569527,0.19682988172357344,0.1834261333837283,0.16770201461263773,0.1528808802953826,0.14606660215610132,0.14126083701713005,0.2475049034439121,0.23524590084901295,0.22468560170071786,0.21129510197902365,0.19277941723808292,0.1832517301016674,0.16812511574951983,0.15381500258881164,0.14737082059262777,0.14200818878855853
2018-12-10,2643.2243,0.3931228623918528,0.3408149439302439,0.2947625488412758,0.25421097600848486,0.22238867606629106,0.2024318630629544,0.1837433416353285,0.17377626193198203,0.18627595596908988,0.22593286713787059,0.34924860754449116,0.3124645805222882,0.2767352952780882,0.2430465909264951,0.2139815404429838,0.19393984744749102,0.17481983548442023,0.16298429342119197,0.1634744342632536,0.18311288087330554,0.3320573546220725,0.3006641173915096,0.2694184620133228,0.23893773242630284,0.2108940543028995,0.19068813913518226,0.17075360927671765,0.15808169375152423,0.15501836970850577,0.17068086857326661,0.31830848091861275,0.2915025563526188,0.26528808714305996,0.23691107910729964,0.20974581938803982,0.18964557952198058,0.16861618564396372,0.15510788761006333,0.1502519821970389,0.16158027621908536,0.30356496645380837,0.28211972892311454,0.2603188255595602,0.2336135252912622,0.20781205078062415,0.18820252147745084,0.1666719790834542,0.152405782628928,0.14545687729846982,0.1479580639626475,0.292544976858555,0.2739447969486958,0.2543412155504641,0.2293045291694713,0.20521974570250562,0.18634119933137872,0.1656118060843554,0.15088067502083208,0.1428345929622191,0.14041604137567587,0.28113282848930155,0.2634375259984651,0.24594590921291742,0.22475305569204992,0.20232406494415586,0.18463515590692203,0.1661301376369803,0.1507331218765007,0.14215314835097534,0.1384621182369119,0.2656771931042163,0.2502849555122149,0.23623669245876588,0.21938909092756756,0.19838868233174045,0.18321580578671876,0.16795138083212321,0.15156621466231238,0.14392326475408695,0.1395158997506031,0.25369335641091617,0.24066195835497498,0.22844967385190454,0.21309425350030722,0.19513147211585657,0.18245252296151893,0.16928584174767153,0.15289287231793347,0.1468735742073706,0.14203307106010865,0.24613142643493316,0.23390617620213683,0.22248628245531055,0.20833015238372427,0.19348649457491945,0.182118424583314,0.1697828910605383,0.15396453189675244,0.14855433149695693,0.14377089951083066
2018-12-11,2640.1264,0.3876190728122448,0.3288348831992397,0.279537889117019,0.24337142494608346,0.2125540709705882,0.19249268812446407,0.17481110585593718,0.1669524672988683,0.18118125361134452,0.21736145150741643,0.3415231501666573,0.3011263582360989,0.26517211522617906,0.23537218224523307,0.2065716307893389,0.18653770589051064,0.1684025630282853,0.15830364772638003,0.16027593811152083,0.1717989920807348,0.32723720314450755,0.2922272958661598,0.26143265572548147,0.2334939537617243,0.20565403432506846,0.18568670060694234,0.16636832891192133,0.15492330042703525,0.1519663611668717,0.1554924620175374,0.3152063630969044,0.28548982220842267,0.2587139479612058,0.23293506291202712,0.20652029925737295,0.18650816591218689,0.16506382097453898,0.15260358293077214,0.14766656162839942,0.14785963238831226,0.3006072626892839,0.2773162884515274,0.25404517153453887,0.23134540567058515,0.20694146327336968,0.1871132563325461,0.16374351899301803,0.15027708154257266,0.14411334766542985,0.14302419062022093,0.28967382525401386,0.2703332655478577,0.2492289077999993,0.22894496495815825,0.20616217114207763,0.18711855003609684,0.16357244406390864,0.1488558410478369,0.14230008115073658,0.1405403212973784,0.27860166947636206,0.26222990480332137,0.24335734455739252,0.22541992862076096,0.204415952315026,0.18637731194042664,0.16420011161636194,0.14870062594562916,0.14249911804522888,0.13870766710432128,0.2642934047565243,0.2510801517017147,0.23454328633037672,0.21947077033751292,0.20050427997403383,0.1853666677961975,0.16565350331912226,0.1496556180808577,0.14411530921506402,0.13940085268224517,0.25382188296944047,0.24069921628600233,0.22634263441119606,0.21350137868941116,0.19588354033768904,0.18467804205271773,0.16819131237933985,0.1518785742790009,0.1458979273599991,0.14096514324615714,0.24684098024703707,0.23329818839636582,0.2213234752101633,0.20893625223034296,0.19316433993326132,0.18408196437495403,0.17000530479215845,0.1540414860556651,0.14713122932831246,0.14217481857188186
2018-12-12,2655.7312,0.36264686246593714,0.3087518629515219,0.26368584783999394,0.22881887576985185,0.20129318742211588,0.1844443668465151,0.16951486716781627,0.16162279693813633,0.1706566623336923,0.2186431583011282,0.33579013687516157,0.29200719926112084,0.25586441745181954,0.22493819029142165,0.1970581383489604,0.17944678237668849,0.16385346079117502,0.15393093071547567,0.15354132056364275,0.17014500389549042,0.3204432387358673,0.285326751448361,0.2546698222561774,0.22591856927001205,0.19769007114166362,0.17924510168447286,0.16214574571082038,0.15099560979840634,0.14781591424566112,0.15568381036729148,0.3065798303814134,0.2797928782054486,0.25321487962022565,0.22709398061955183,0.199704562585837,0.1807650403971223,0.1611382533980369,0.1489247567829162,0.14440679705375262,0.14821760591246105,0.2945013459465155,0.274098985393246,0.24943288611962586,0.2262421150179287,0.20075055934535713,0.18208119691696967,0.1602174324411015,0.1471219178877447,0.14192900069881076,0.14435311437467818,0.2864409832562345,0.2676637494858718,0.24438790583300188,0.2242632690388003,0.20023996085409634,0.18255951299430187,0.16004988869350645,0.14652981997563547,0.14118541834987358,0.14195312918351488,0.27692261341828817,0.2588840315810058,0.238960358538995,0.22172059760311627,0.1995653694124723,0.18249356164217634,0.16062258268532717,0.14777122433682274,0.14233371878809226,0.14030423688212237,0.2657802497341925,0.25064198232291784,0.2336025495138341,0.21764665380583056,0.19868882802443324,0.18195337291015853,0.16291844264905125,0.15116363634771182,0.14450191078619531,0.14092009757152152,0.25617868410837896,0.2431793804181533,0.22816552681501567,0.2120046186225507,0.19587099606485162,0.18166653449467413,0.16570740176091875,0.1546947459829935,0.14666484368884822,0.14234405922149215,0.247834943077512,0.23509054188545692,0.2212014877855706,0.20646937886730912,0.19365486349022576,0.18189457671097853,0.16732473285860236,0.1568290165311254,0.14787210400098508,0.1433821265857963
2018-12-13,2652.0751,0.3642251670347667,0.3008482012532764,0.2514022367749897,0.21446050558120106,0.18709847215757233,0.17093275337861583,0.15931922761765138,0.15907790154463253,0.19269337727131772,0.2175163313684774,0.3337783901434232,0.28258499041873714,0.24621728734262582,0.21441138731684764,0.1872503852784422,0.17053200645618605,0.15756132531323236,0.1527424684759375,0.1728093062840584,0.2049360490992714,0.3150773168336242,0.27545947535709325,0.24658497372588004,0.2170658856430489,0.19032766568923834,0.17332946553053982,0.1583603574954978,0.15000076672559018,0.15267978812207114,0.17094030145561728,0.3011585278669469,0.27100005099194563,0.2467692021213522,0.2195475708781623,0.1935891990611378,0.17644389354654882,0.15900428708023345,0.14868880297466297,0.14531758309210657,0.14975028865281145,0.28979120564313143,0.2660860406190166,0.24444298188931068,0.22044805368787365,0.1960070593384728,0.17916299951193404,0.15898167689544104,0.14786369302825028,0.14323516429507574,0.1452315527871509,0.28228740945972775,0.26042510322146417,0.24095750439248698,0.21978394878357654,0.19733157916164362,0.18102781116310046,0.15881965032035122,0.1479798850057599,0.14310122385475574,0.14336422811485125,0.2734046307148458,0.2533923145767828,0.23695822644710685,0.218144840078087,0.19787691247616726,0.18171385560391337,0.16011284529940206,0.14941307101310172,0.1443035645293654,0.1426058083791069,0.2602361453951041,0.24554734969629505,0.23176426737601571,0.2148732860088262,0.1969115569105107,0.18163956727718997,0.16400232936167275,0.15202743562251586,0.14592963035192574,0.1431433698331152,0.24959680799468154,0.23762089714037468,0.22628564012162272,0.2097582371383094,0.19455041453811478,0.18192340934924822,0.1673546729242977,0.1553493780627925,0.148133409391627,0.14419073943908087,0.24270052223951752,0.23091461669806335,0.22137336215453382,0.20484155831116474,0.19291534367213112,0.1822111761832845,0.16898144625684816,0.15803048868308436,0.15003973388961395,0.14506103008832366
2018-12-14,2602.9959,0.36843207554777835,0.3149343708035598,0.2638743943917786,0.22618737619364557,0.1999934413221582,0.1838937663060427,0.1720773518630891,0.17223885903464164,0.19823242139261715,0.22816191600036928,0.3393078980288202,0.2969398046141298,0.2566328255531448,0.22506663850013128,0.19941705693814546,0.18258818431437884,0.16914159341242074,0.16396549729352722,0.1755676051756738,0.2029862168701117,0.3221193580080516,0.2874605568797523,0.2547694818052071,0.22722395892004402,0.20182915492903333,0.18439687576995165,0.16909804810067325,0.1607177768462915,0.16198239154328606,0.18759070863298394,0.30553704254711544,0.27972053903593086,0.25297005449658877,0.22877136501445836,0.2042676461884995,0.18675849307959827,0.1697149472802199,0.15923597944041315,0.15560339475185386,0.17092751676282472,0.29304972505677973,0.27295240607234966,0.2504191672263978,0.22860379016210208,0.20538561369096253,0.18832947466105182,0.1703692209585425,0.15843151490860505,0.15240004534034812,0.15451209498788385,0.2847643572852043,0.26716478058851334,0.24787202925756702,0.22766168166936393,0.2053020671878699,0.1890360296711611,0.17103265894941286,0.15836314523985506,0.15153440031606435,0.14889955587914072,0.274672848960042,0.2606697159725233,0.2445267206852927,0.22589721490727868,0.20472866873079246,0.189621531851497,0.17185329007664962,0.15903748134752504,0.15193385301184817,0.1479640299799368,0.2662065536665742,0.2536185381906376,0.23908373653530682,0.22198891104560103,0.20321894066922547,0.18978795071086607,0.17363981504220122,0.16058100707412407,0.1529910256783116,0.14865804364586713,0.2588308844155566,0.24502316186939552,0.23187687308371044,0.21662380984558494,0.20063157363189846,0.18872913938397326,0.17559217407187333,0.1625950306807202,0.15474779775571462,0.15002895704834646,0.2500789113887025,0.23671265228004204,0.22589761267924657,0.2121988273130276,0.19878707369094795,0.18793406140269206,0.17631897056227827,0.16376179514424233,0.15609720426058413,0.1510108852322446
2018-12-17,2549.2871,0.4144324465110144,0.36067487617511196,0.3096127082421638,0.2667291434788556,0.23411851349584617,0.21456566223213802,0.19882666617057349,0.19497280732520164,0.21405167166540767,0.24743029659444502,0.376147712179055,0.33253441893440383,0.2922377152848397,0.25670711243040745,0.22800187970139005,0.20879802230367156,0.1917412088556197,0.18350152745749496,0.18918133702902246,0.21143963652092307,0.3510791471385982,0.3148859737813951,0.2822048616022112,0.2519881704472906,0.22563016504654929,0.20690025852816896,0.1885216577524409,0.17779274837454095,0.17680036597247503,0.1916755887468711,0.328858039860952,0.30044865456969194,0.2736514162347544,0.2481551637570357,0.2238503009899615,0.2058456971124116,0.18653599791046238,0.17411978598303102,0.16921094849168633,0.17481231943439252,0.31192859050468863,0.2892806954074781,0.2662937365525473,0.24447012260127887,0.2219844564801837,0.2046867806218091,0.18527168353284554,0.17195186516978456,0.16507191633335488,0.1634840159306306,0.30045854223175666,0.2808818495529814,0.260616589116499,0.24134290195679514,0.22023341517577713,0.20384774058038987,0.1849582507104571,0.1713238821873326,0.16359199233816635,0.159914770527692,0.2886088333947544,0.2715870628624447,0.25410936697337483,0.23728104602546365,0.21825363274236181,0.2028334801035509,0.1852811785627227,0.1717536598728223,0.1630290124807726,0.15836294098446033,0.27596381313458673,0.2612903209456911,0.24597016032656624,0.2318177675145935,0.21535943996668214,0.20030563459210302,0.18559205174264137,0.1727387474756559,0.1633205178051537,0.15809629768985078,0.26310099309106516,0.25155579133088296,0.23927475041147162,0.22640561991151378,0.21095714987147138,0.1971095899173623,0.18554463795278975,0.1731843005121542,0.16441738921172494,0.15851509675883346,0.2535334658249046,0.24360772203577336,0.23410073062411293,0.22148584269243274,0.2069492054720051,0.19539063152611277,0.18555084071865513,0.17295242610031072,0.16513160406215807,0.15906683613493017
2018-12-18,2550.9575,0.40752726514433935,0.3593408379613326,0.30808724039071744,0.26868021689782645,0.2402752039360538,0.22415103479613,0.21050444064627488,0.204589615678059,0.2116738366772463,0.23649110875833845,0.37708777626086737,0.33430589811905903,0.29490509301435736,0.260580628186287,0.23335718934788371,0.21646329432759087,0.2004226427961997,0.19097248791029156,0.19140128252542912,0.2048692223552222,0.35950528641469487,0.3206028622396085,0.2871564031984554,0.25634336823825743,0.22985004898579064,0.2129248034216663,0.194917588541647,0.18399654944491337,0.1820095313276069,0.19143354883998737,0.335164420150335,0.3049629033169276,0.2783355175648101,0.2514990545875471,0.22683385664118624,0.2105482312601028,0.19140530805371997,0.17901552140517193,0.17414067021640858,0.1767487194719607,0.31239968419346353,0.2908125938441428,0.26974575512873644,0.24651880347065488,0.22405265624215162,0.20861382952925422,0.1891213359908011,0.17539752549390733,0.16912062992959145,0.16733767085467097,0.30062282315965166,0.2824108213042772,0.2635491004839147,0.24282796083409883,0.2221400362959856,0.20762920675982738,0.18798780367009962,0.17343811568859058,0.166866337868943,0.1632575325273092,0.28729965754408465,0.27335183287307835,0.2566761992937168,0.23888101936612616,0.22027721586120544,0.20627411897214482,0.18736303376837024,0.1721538428610194,0.16511407268685643,0.1605590069727685,0.2719652942809424,0.26239492628881644,0.247938333632853,0.23281619057563002,0.21560282781454637,0.2013683720844255,0.18638863632115868,0.17192245173213647,0.16417619188520557,0.1599123451752508,0.26165660887971626,0.25340757185220764,0.23948679713097412,0.2254941165467648,0.20913303198701047,0.19681831973259298,0.18538574128569613,0.17271359528725005,0.1642422881070614,0.1601268300468127,0.2555120541366163,0.2462402804828346,0.23212670856648787,0.21964148746828516,0.20521066475624114,0.19479284857616763,0.1845504289255498,0.17269978359313395,0.16441295128702788,0.1602015435976991
2018-12-19,2512.1313,0.40496625421533033,0.3519484244472458,0.2965896007774716,0.253362433736169,0.22619275675650977,0.21084274112119777,0.1971557532531536,0.1973938963866602,0.21971550655619657,0.26344889568682733,0.37531739048456275,0.3275582005830273,0.2856441318935561,0.24946698323871386,0.22343164408062452,0.2066396244520989,0.19086656499010896,0.18573130904282667,0.19314465667280767,0.21223436174185678,0.35454769831204225,0.31336281556795464,0.2790326422754057,0.24732160129872208,0.22233650844376446,0.20480784425409582,0.18754188939178426,0.179622303224085,0.18209236156706074,0.19385237353038334,0.32861258392577253,0.297369998051604,0.27079486318285656,0.24395213409617,0.22068204529164717,0.20342730981456128,0.185200265401872,0.1750928713985411,0.17367853712216147,0.17894878280759505,0.3091527323922602,0.2853194467115934,0.26393344869861046,0.24038909736730285,0.21905900381812937,0.20296966664811983,0.18423299902705653,0.1723355024704104,0.16881052271508878,0.17030075449976373,0.29784481605685004,0.2775777398707405,0.2589770197714808,0.23745893095894474,0.21824894768064856,0.20335035210572608,0.18460912915747554,0.17154313634563817,0.16682923583794354,0.1657233560824374,0.28523788129336786,0.26898872328568335,0.2532930499544015,0.2347266604438687,0.2173215463976186,0.20305949856214195,0.18511282741626445,0.17198261232492404,0.16555989196186557,0.16173084985614694,0.27325716050518306,0.2606746164130973,0.24696185186738004,0.23142613069970888,0.21460029991117402,0.20136128272249004,0.1851368589122389,0.17256817947376796,0.16479421678231082,0.16012210125601656,0.2636906881922575,0.25282683980367554,0.24061631362291802,0.22686814717279832,0.2101998525637874,0.1990618688164288,0.18507595550632056,0.17281025456777213,0.16482864611445167,0.16041086324245904,0.2560128370060274,0.2456414100055987,0.23418004697424602,0.22118390433985918,0.2059857234682737,0.1972669839191537,0.18466853041349623,0.17270524914385693,0.16506476560930028,0.1607818940608934
2018-12-20,2464.4183,0.4527156678001601,0.3923625919073664,0.3454904077545577,0.29967092465246936,0.2640459111850328,0.24175131188647936,0.22240940283961358,0.21633563080872875,0.2312486619997505,0.272775310172082,0.41018230853490356,0.36813433896891756,0.3297703109509484,0.29079916331111627,0.25903378020070866,0.23711331069671546,0.21677317939809146,0.2073587376825304,0.21087692429578267,0.23003014332506053,0.38291320613707563,0.351010771958898,0.31668438467369175,0.28259939885576735,0.25401393201258815,0.23301494207120568,0.21192389626129085,0.20046382751329425,0.19933084061003453,0.20965393279295863,0.35606255179776003,0.33011127950361174,0.3012704100673074,0.2733022887155311,0.24811977949672312,0.22807359169699268,0.20675653058231208,0.19415394553638893,0.18971252765029598,0.19267100061039866,0.3371824055296496,0.3129967442935401,0.2889886500361908,0.2650070653025775,0.24193767755196857,0.22333764447781893,0.2028209097857501,0.1901523125605047,0.18427388282908064,0.1832434649920673,0.321094814836839,0.3004959781735725,0.2802252900525708,0.25824416173752873,0.23708957827644583,0.22074442016061344,0.20078077873004274,0.18824214946222392,0.18147770848149347,0.17822709448792148,0.30295267668570286,0.28704861822558925,0.27007832731445325,0.2514497269943279,0.23311835074576692,0.21832450341412715,0.1988486613096581,0.18676295165193482,0.1786904703989236,0.1736701314384137,0.28724406037281225,0.27247667327913483,0.25878396643717094,0.24364311722192483,0.22738215031633505,0.21319681780925648,0.19621876865060522,0.18504885005909957,0.176172052025388,0.1710295860330375,0.2722462353406034,0.259070254190824,0.24846945236544093,0.23459021010618783,0.2192138556915816,0.20687622958112037,0.19352117175618977,0.18318490487438932,0.17441975100787677,0.16959735955705568,0.2586521823515069,0.24815042905758755,0.2391639224754275,0.22593709078243732,0.21202069197960463,0.20209863303143946,0.1912117835354563,0.18158462564555958,0.17333708130289446,0.16862953290811672
2018-12-21,2420.6655,0.4487456427926272,0.4033583840386854,0.36288148159945216,0.3210404251746617,0.2846097808874736,0.26185149643271216,0.23925313882168142,0.2281701578390187,0.24098154801780647,0.2790015606660504,0.41625144458886537,0.3821852919349644,0.34691782344173294,0.3093023766810008,0.2758160332377169,0.2531275753138882,0.22907448957706145,0.2164338841242329,0.22005300603700614,0.2421829133343444,0.39492642689586743,0.3647467654775965,0.3313638911617762,0.2974221026172068,0.26708842226917356,0.24498267942741855,0.22047308506639837,0.20711704932248848,0.20647779193892635,0.21935767130515127,0.36934564178330986,0.3416750080769199,0.3131199670186123,0.2847041664414502,0.2579683740366262,0.237114096507073,0.21314216812448575,0.19930833792934008,0.19513402716891542,0.1994629224583142,0.3476006002439961,0.3218546968174152,0.2977473388722563,0.2733766680419257,0.24965369602770315,0.23067321947813701,0.20799111989704613,0.1943375341264289,0.18799734414535735,0.18811310888449656,0.3267776304720398,0.3067919984304537,0.28663487475644805,0.265112999671787,0.24400590828164895,0.22687378568953645,0.20499210326958014,0.19128808979381196,0.1835226634788791,0.18144523743496369,0.30327933859373035,0.2902368272008624,0.2745393070919433,0.2570468609690135,0.2389214014213014,0.22285878777436188,0.20207758567530545,0.18794999790369388,0.1789695750301582,0.17460711500480722,0.2886296302073213,0.27568682633060565,0.2611282251245816,0.2465587510250406,0.2303764598861755,0.21479972710375358,0.1974855345258279,0.18402094823938087,0.17525123822196095,0.17012674860309185,0.276973335126759,0.26247270625422026,0.24907222711261173,0.23528620884336773,0.2201049601126042,0.20668144212409545,0.1928193786492522,0.18116820267674166,0.17291872206131836,0.16741171278342631,0.2643717965564337,0.25083932975137463,0.2394080388609585,0.22710686056885626,0.21286834896537302,0.2019819162805231,0.18984199870002091,0.17977383390095591,0.17169723922497399,0.16559169747319813
2018-12-24,2355.8479,0.5083689378611245,0.47246869053512014,0.4338342494366875,0.3897038201665924,0.3500922317474137,0.3252838450506356,0.29555390070811927,0.2729114744684231,0.26593519653901904,0.28182772170881865,0.4816327472468277,0.44823375398735354,0.41086368891679664,0.3701355950599019,0.3344120845528982,0.3114540005688127,0.2816971494308402,0.2593606412510703,0.250608766685371,0.25978374854643616,0.45169685780709623,0.41984085830020607,0.3834388944822012,0.34836430910589117,0.31743102995882655,0.29670121194454335,0.26743294416387614,0.24552770091816578,0.23532593674226993,0.24004594519496977,0.41063720268421405,0.38200845423065993,0.35224706713594267,0.3255776868619082,0.29961998652331984,0.2805393994895266,0.25240654922528744,0.23187416342204187,0.2207783401383101,0.21883103870314766,0.3753625729178142,0.35133051886447836,0.3293742367153025,0.3066439319461678,0.2830215569519871,0.2654554722503707,0.23961183750521786,0.22112625939219285,0.21063628700588713,0.20547783146369358,0.346924598065339,0.32931544577142,0.31164421624885547,0.2902896458816563,0.2691287661593315,0.2540820285119188,0.2301445000167973,0.21367599156451833,0.20395911551321153,0.19778531761591306,0.3205463572430098,0.30795734005352987,0.2917256038029564,0.27315151941463073,0.2568249523960461,0.2442192569291626,0.22133736482740995,0.20730705268143357,0.19724211753954557,0.1898934537846105,0.3026176388803652,0.29111292962903595,0.27508959776584,0.25967177614345954,0.2456556491060149,0.23359259774622262,0.2128258778935133,0.20044348138212012,0.1896990000544154,0.1828079044674873,0.28789208179575265,0.27628628543471834,0.2609790692843906,0.247180832212002,0.23406247934893482,0.2235850135836207,0.20537881790720455,0.19360966008001185,0.1839821829764378,0.17720429903939686,0.27409835132363647,0.2607947618339651,0.2475237620924428,0.23460878209937241,0.22380434525834986,0.21555020174045797,0.1987924570068285,0.18908202739214158,0.18012449343695475,0.17374304981251903
2018-12-26,2466.4121,0.455842912119112,0.4144584188543198,0.3729215147547469,0.3358327238007751,0.3003212198026574,0.27415906896777736,0.2490758568907998,0.23389015450479184,0.2362140308423409,0.25040270212685417,0.42823624949097133,0.38955834670543477,0.35373667722488067,0.3210118734048106,0.28922807098057635,0.2641203670031908,0.2391648615717134,0.2231958197236207,0.2228891115712845,0.23805905788613724,0.3946251849204303,0.36196569259511246,0.3336129834235416,0.30536074369881777,0.2773017222442301,0.25324679386312293,0.22868628250021902,0.2123927941176268,0.20840237516627635,0.21642515752806687,0.359522852963652,0.33540017020454077,0.31402489804393136,0.28948388510597267,0.26443032383836207,0.2417969843019789,0.21849541289694152,0.20241748545459518,0.19481998631394037,0.1943732777970237,0.33375603947193005,0.3148984813630126,0.2961361991179057,0.27358924757534747,0.25141408833517276,0.2316622735690308,0.21019630151685487,0.1947989848188072,0.1864508561665174,0.1844717405076697,0.315537171785723,0.2995358741198876,0.28070987835014993,0.2603803911140793,0.24178429258522247,0.2247556469142958,0.20415428742632194,0.1897169036273594,0.18153234450765937,0.17778031640842692,0.2994160298941077,0.28482078561112456,0.26708628702142073,0.25013166850053364,0.23449846147694617,0.21865570818004776,0.19870464449804498,0.18531473465306225,0.17659652609289805,0.17010538294232957,0.2828887502417512,0.2696205169672056,0.2552194735215556,0.240370620223978,0.22619436883765662,0.21076751010716258,0.19328395997152917,0.18090789132431775,0.17239764068479013,0.16599045367417806,0.26685741320478384,0.2548442108624947,0.24251266226806653,0.22901105905523045,0.21574396927761663,0.20238083227470754,0.1880513602056533,0.177180953435946,0.16955775899079664,0.1635804513066362,0.25489536751856307,0.24237169216307822,0.23157174669883987,0.21940209241737793,0.20732779930670295,0.19648122678799135,0.18454782566418299,0.17488268324163783,0.16754673031926692,0.1620017552180158
2018-12-27,2483.0929,0.45502715839830526,0.4198792886893313,0.3832688113458533,0.34696048289126047,0.3098697002866437,0.2814172184189586,0.25419361727735557,0.23718903580765907,0.23447823054853686,0.24875867492136983,0.4290088415721697,0.39716518264179484,0.36456347928695615,0.3316122175007506,0.2971127143712445,0.2697700066816557,0.24367039021297657,0.2271156294441456,0.22218644964981102,0.23356200446896122,0.39779577027371044,0.370995379890149,0.3435117645469014,0.313556187136229,0.28313999578160925,0.2587864942673059,0.23419659442607954,0.21723559373787524,0.20826803837331812,0.21096585371316728,0.36830074908771676,0.3453358226934345,0.3230707700259822,0.29621578517108443,0.2705161536840062,0.24902172661643748,0.22540629622628167,0.20824174460240596,0.19760910559049422,0.19547772907109018,0.34433198423721323,0.32435030174897816,0.3050520976831246,0.2814582591526913,0.2591505014675477,0.23968518675752207,0.21721980492683154,0.20086657407316677,0.19120083055900905,0.18821817538510066,0.3237383083867686,0.307745603404702,0.29031957133606756,0.26951059804321204,0.24940440098252037,0.23175649386606087,0.21094523590432696,0.19579886244369574,0.18652045986331514,0.18093628000502376,0.304317309837612,0.2906798921694903,0.2758201732968653,0.25766551575870483,0.23987984282240726,0.22476857011160978,0.20563020270825305,0.1910512548711869,0.18079067020343206,0.17362030345145837,0.28763683340696594,0.27424132214005975,0.26077965795280894,0.24459067592772424,0.2290727774702877,0.21602586784108554,0.19857730981325067,0.18544992890727327,0.17610638882749893,0.17028680253447714,0.2710031748786977,0.259414715984659,0.2478170292723236,0.23260202355664977,0.21765189718045466,0.2059211500156274,0.19144991043338028,0.1807980083231527,0.17314758810251035,0.16808801342415305,0.25538725037450116,0.24504277752055323,0.2366064003307818,0.22231216217479186,0.20912898929871715,0.19968239698768367,0.18745167537545218,0.17801261672638985,0.17160866452387222,0.1665450097107783
2018-12-28,2485.8879,0.4411954292266152,0.4012395805956879,0.3612790332652586,0.32570702716325806,0.2877035034102965,0.2607980115635197,0.23444974866191515,0.2193534297264089,0.2263772468173135,0.252129515494341,0.41666265443799333,0.37948786466446477,0.34408942164348993,0.31250776570456906,0.2765584555760819,0.25069504760005723,0.22489583055908108,0.20945448837250258,0.21061835799615855,0.23087628561848947,0.38456560548839197,0.353005931487668,0.3258197889960137,0.2979821043204044,0.26519212194476394,0.2417210129406662,0.21734266130429333,0.20148140546838852,0.1975080373964534,0.20491289288084238,0.35671907776375056,0.3310029940668423,0.3092826350581692,0.28427053341256114,0.25601177905123645,0.2351236375612461,0.21172514187634717,0.19607735619136465,0.1903046798278182,0.19256196556015984,0.3360624308481803,0.3149344266316594,0.2945055657907554,0.2723660350667558,0.24777437210867817,0.22897100049807959,0.20707048553166701,0.1923079388501992,0.18609132075356757,0.18615010442347812,0.3154858681102344,0.29796116614829504,0.2801300511362387,0.2620087154110794,0.23988573385082934,0.22337202096072273,0.20369913665967573,0.189439504823963,0.18226714273159889,0.17916550674976686,0.29812032903624736,0.281290637991677,0.26633587793305463,0.25195431798456264,0.23251080683781114,0.218413409103539,0.2000250620110237,0.18566438271578903,0.17690951556151222,0.17181712513296318,0.2842276584148126,0.26903801105295455,0.25552643411919157,0.24243317378288798,0.22448632334504498,0.21167045276436164,0.1938588984866093,0.1808416464739622,0.17233827283828226,0.16736254449342117,0.26826400700575936,0.25723036833619023,0.243758719647047,0.23082814880947417,0.21456842006028087,0.2029314510095929,0.1870954706447766,0.17715014224654396,0.16949488858731174,0.1637680544657601,0.255184335822585,0.24628616473670348,0.23196888201660673,0.2204674861501347,0.2074083155319207,0.19696907338337993,0.1832093246539896,0.17596091352797258,0.1677532618949139,0.16154689965745467
2018-12-31,2495.109,0.4215841638984317,0.37530263618147414,0.3350995124213169,0.297718251822653,0.2617996490119236,0.23499981996242053,0.21180045547600318,0.2019745249835964,0.21755694262369082,0.2532441401006375,0.38810208582701133,0.3510761913776782,0.3183802391264918,0.2861669502729271,0.25343392216046007,0.2282508857170292,0.2055282328320015,0.19390256276192422,0.19966083134069457,0.22861632909251017,0.35672251517287684,0.32852779329567466,0.302251086773195,0.2750689776544301,0.24562022809590384,0.22288338397445687,0.20038024317135306,0.1873725178598349,0.1857700198453284,0.1953189848932261,0.3361853307274536,0.3130405360470222,0.2904419252205799,0.2664128463787821,0.23964021794866927,0.2188522818578088,0.1964567944627503,0.18353199591565822,0.17979971193192001,0.18276781777052026,0.31992977221414043,0.30042293576461016,0.28067505334737075,0.2586445248223321,0.23371183705131993,0.2143678979384951,0.1929774171517745,0.1807660400836428,0.1763858893560349,0.17805201081241187,0.3048111815723816,0.28780957277332875,0.271335703846953,0.2513115119401949,0.22808691818119878,0.21021597271147063,0.19064392023956583,0.17878651489914246,0.1733244523292144,0.17245037461476423,0.2898407625700053,0.27370976202878955,0.2599611399971242,0.2427756921224476,0.22202416197092908,0.20611266993456243,0.18903813479527257,0.176250321806074,0.16862684326314678,0.16477510975079562,0.27694172241253395,0.2620011434342312,0.24974761882390728,0.2336703489877966,0.2144978556300806,0.2010150563345659,0.1861412170647212,0.17259636774253576,0.16455196421638985,0.16059936494142152,0.2625299822218409,0.25130256551148894,0.2404338633693585,0.22348008239612172,0.20561976225661482,0.19526086861748868,0.18125078601645225,0.17053969139923117,0.16218696822046774,0.15829121150331799,0.24836189301093617,0.24064477242437368,0.22985594030476572,0.21361719510240165,0.1998163150827789,0.19172128327547266,0.17864218485067448,0.16969247402854534,0.16082854646941686,0.15716164883024672
