date,forward_ref,iv_-0.1_0.04,iv_-0.0714_0.04,iv_-0.0429_0.04,iv_-0.0143_0.04,iv_0.0143_0.04,iv_0.0429_0.04,iv_0.0714_0.04,iv_0.1_0.04,iv_-0.1_0.0634,iv_-0.0714_0.0634,iv_-0.0429_0.0634,iv_-0.0143_0.0634,iv_0.0143_0.0634,iv_0.0429_0.0634,iv_0.0714_0.0634,iv_0.1_0.0634,iv_-0.1_0.1003,iv_-0.0714_0.1003,iv_-0.0429_0.1003,iv_-0.0143_0.1003,iv_0.0143_0.1003,iv_0.0429_0.1003,iv_0.0714_0.1003,iv_0.1_0.1003,iv_-0.1_0.1589,iv_-0.0714_0.1589,iv_-0.0429_0.1589,iv_-0.0143_0.1589,iv_0.0143_0.1589,iv_0.0429_0.1589,iv_0.0714_0.1589,iv_0.1_0.1589,iv_-0.1_0.2517,iv_-0.0714_0.2517,iv_-0.0429_0.2517,iv_-0.0143_0.2517,iv_0.0143_0.2517,iv_0.0429_0.2517,iv_0.0714_0.2517,iv_0.1_0.2517,iv_-0.1_0.3986,iv_-0.0714_0.3986,iv_-0.0429_0.3986,iv_-0.0143_0.3986,iv_0.0143_0.3986,iv_0.0429_0.3986,iv_0.0714_0.3986,iv_0.1_0.3986,iv_-0.1_0.6314,iv_-0.0714_0.6314,iv_-0.0429_0.6314,iv_-0.0143_0.6314,iv_0.0143_0.6314,iv_0.0429_0.6314,iv_0.0714_0.6314,iv_0.1_0.6314,iv_-0.1_1.0,iv_-0.0714_1.0,iv_-0.0429_1.0,iv_-0.0143_1.0,iv_0.0143_1.0,iv_0.0429_1.0,iv_0.0714_1.0,iv_0.1_1.0
2018-01-02,2696.4684,0.20280401910935103,0.1567121936858783,0.10789374703676118,0.07694016161158364,0.06491802096315981,0.06017885906995626,0.06564485381484474,0.10425915463733486,0.18294072250274207,0.14578132313412787,0.10770618425494313,0.07987142648647089,0.06715161931254014,0.0612577258555487,0.0631314670090486,0.0912543256832053,0.16977180965247207,0.14024028590237397,0.11025364726490311,0.08466107403141844,0.07152565376988061,0.06468682170178187,0.06471117925288904,0.07806884977943593,0.1631563296804242,0.13986318135972522,0.1154600675217281,0.0920406126822402,0.07875372236887809,0.07078809796721214,0.0686083101009136,0.07748356271958312,0.16221848812432094,0.14206812755170145,0.12170624755599767,0.10078095620698369,0.08720655731364257,0.07778193537638027,0.07451612005673149,0.07841119927280508,0.16456542271330615,0.14684235723276792,0.12869095141892875,0.1105544863504806,0.09835188594485156,0.08649679500306807,0.08110719175506363,0.08271442575367619,0.16639390527331258,0.152834555553178,0.13878706033840063,0.12452131773833924,0.11631142455859778,0.1042284715871988,0.09595083150276665,0.09233061981745581,0.16775949909780927,0.15786224607680735,0.14671338458833588,0.1351146175662807,0.12861365886216145,0.11709921958175284,0.10581369209094545,0.09879105565990573
2018-01-03,2714.094,0.1902942295317817,0.1473682241909443,0.10107093945686388,0.07244241075333241,0.06301892004146921,0.06118700037436561,0.06989578906504473,0.10087346052449617,0.17264655100728568,0.13854835562469991,0.101855702114384,0.07579824904116692,0.06555879944516396,0.062401352173237494,0.06782662731461228,0.08504711202470167,0.1641553978923775,0.13581956743262263,0.1058346732887219,0.08149722254781999,0.07048387224822317,0.06611178334827733,0.06917143670407301,0.07937958503454433,0.1598382286118371,0.13677501185533034,0.11184952839836448,0.08916890793502916,0.07749344662539662,0.07139137541169883,0.07103135111972582,0.07715976525654268,0.15933889624260061,0.14052685926065384,0.11854714748544391,0.09694645682901086,0.08438238912143338,0.07664953627132558,0.0739488010968668,0.07733856194294687,0.16073728984571833,0.14540602805489913,0.1268451023648053,0.10776101380656027,0.09431042737329871,0.08430446092998406,0.08057464933153334,0.08137265894003137,0.16447849444048543,0.15045771724680787,0.13612824543683413,0.12429110404976641,0.11465717375334855,0.10142898540506895,0.09517994320070382,0.09246444421334557,0.1670333172569729,0.1549323163432105,0.14205785230886822,0.1326308552416726,0.12540081441102793,0.1123002473148796,0.10225147427735777,0.09788516616562677
2018-01-04,2725.2652,0.18816468536356784,0.14375659747772557,0.09920100058787802,0.07314906618888019,0.06582578213527358,0.06581502695633798,0.07544891933034191,0.10272137049749246,0.17041709619758846,0.13587384234756383,0.10044920124412371,0.07699716684458169,0.06869836875647432,0.06693362516604086,0.07198404714238323,0.08986792488783688,0.16252637298457184,0.13468204589867347,0.10502744441932106,0.08291166961360218,0.07332318287639457,0.06975555124352424,0.07202365685048906,0.08279050853930324,0.15821077577215284,0.1360232637936501,0.11113447527868231,0.09036497426994693,0.07946098514677616,0.07371132960071942,0.07321140420528889,0.08049342301469352,0.1577132556532556,0.13922886758539121,0.11760771022451606,0.09792460441070523,0.08657657645169169,0.07911464623175388,0.07628521618371477,0.07922253038851718,0.16000183760963643,0.14477559317627609,0.12586065141454744,0.10787780407281977,0.09685325019446839,0.08772293681659614,0.08248707637555394,0.0824714788153627,0.16231026084721736,0.1505502135122676,0.1366296438220145,0.12217442019633559,0.112053114757611,0.10245287799988013,0.09497826712269593,0.091681567854758,0.16491056729083933,0.15485529137846465,0.14205918468047057,0.1319585572583556,0.12397007285822584,0.11411791579897912,0.10488704801451998,0.09854042704119209
2018-01-05,2743.6188,0.17967852688975355,0.1424932733795201,0.09947153875383571,0.07444586499959788,0.06749426752229942,0.06691903791910368,0.07508792862975941,0.11332373483362813,0.1661545193044617,0.13426888463704068,0.1003829655882799,0.07828036798581679,0.07044165105203107,0.06842031267943487,0.07246404173261628,0.08965873362534128,0.15935925582043747,0.13241626389259206,0.10477134531043815,0.08409721642752793,0.07518059456346321,0.071709205547676,0.07370487473535124,0.08307962928373264,0.15575084786708943,0.13414633309923746,0.11068845303125564,0.09070963766757537,0.08097676284517742,0.07581418962446275,0.0751439050952807,0.08053610515585985,0.15598656662297833,0.13742519987621296,0.1171907400064478,0.09790801625722227,0.08767702504446288,0.08089530706102241,0.0780473106024291,0.08038298624019079,0.158809516512674,0.14279591675715553,0.12469555163084552,0.10779879609116008,0.09787660116621869,0.08912918744829368,0.08406082083661302,0.08408456099557836,0.16223658739429794,0.14898267822765401,0.13582265969485174,0.12266184946940854,0.11462781137018685,0.10504032482984114,0.09791957894420761,0.09416603968211097,0.16537182301996425,0.15325479168576195,0.14269516356153783,0.13257619291700165,0.12625271958959788,0.11577516588372483,0.10686581443066508,0.10189718233602313
2018-01-08,2748.918,0.17973504239422589,0.14217538978413616,0.09911700163557928,0.07434040435764357,0.0679309891824645,0.06817691753826588,0.07877983564531893,0.10817294326612248,0.16728158823712308,0.13578318622290872,0.10094726330733653,0.07855392729768723,0.07083745364797597,0.06898448557983108,0.07374004349213717,0.09082598262426769,0.16075055985086506,0.134062966299832,0.10534053226288365,0.0841594925119425,0.07524333419412996,0.07179250773042328,0.07437100730182095,0.08602939484706763,0.15668278062458565,0.13474019351919891,0.11075613888387582,0.09086647100060602,0.08100196383897114,0.07591305310414297,0.07572384319081839,0.08222512261460525,0.15603034054196208,0.1378539272580923,0.11709141011362859,0.09810074974468046,0.08767561182029109,0.08081674164786432,0.07819470979996823,0.08048003485033595,0.15782842376514453,0.14226272814641638,0.12456963944891154,0.10781605697598381,0.09788360430485865,0.08894565269128549,0.08368161466035445,0.08340717456566717,0.16174909258027653,0.149583294667946,0.1348587410165031,0.1220965084807809,0.11438309959835825,0.10567258080178102,0.0970808172519513,0.09335577679097032,0.16389944488241787,0.15337962324316587,0.14203028651352453,0.13226230208359954,0.1254406059406729,0.11634073742916522,0.10593009245291775,0.10089955263532523
2018-01-09,2753.6707,0.18127306801103002,0.1438024151944576,0.10342924195788733,0.08037415643866525,0.07407637616862518,0.07384526897803227,0.08080205214699154,0.10301435782666042,0.1710835387971883,0.13865463639373588,0.10554082701321536,0.0841683900339845,0.07651244049626657,0.07426192672665666,0.07810521300573338,0.09786100260529654,0.1651258723196086,0.13734231122557197,0.10867394612148619,0.08785720379818643,0.07911574894615525,0.07540716295272079,0.07687569621625431,0.08946411316120208,0.16127129453818015,0.13826901445998568,0.11350150494731276,0.0929593058586087,0.08330371474763594,0.07809938237159272,0.07739530214111559,0.08367695824623737,0.1613241745504274,0.14154844130644553,0.11910655281577902,0.09948753552011645,0.08949661300423549,0.08243936853228792,0.07951914290771536,0.08206595420598765,0.1613560785479168,0.14465555269510436,0.12582521818354203,0.10819444226969016,0.09810630154072811,0.08904259447536278,0.08378340008873696,0.08388735439098842,0.1633866356057011,0.14889467663030756,0.13480403199378785,0.12223665632934984,0.11414265960630447,0.10413877256932937,0.09775066774784837,0.09398457329372413,0.16519334870822497,0.15341275118090011,0.14227662649470432,0.1323292606882175,0.12572842094379902,0.11474585204944787,0.10582678586216676,0.10050842167372713
2018-01-10,2749.68,0.18066973597183,0.14019465684610508,0.10071601669344057,0.07896227089637299,0.07189681145650985,0.06963673311544566,0.07361483509871564,0.09668668057324736,0.17219151650759149,0.13754827428489488,0.10432645017379594,0.08357543756140988,0.0751604136384695,0.07149965029778484,0.0734455435270091,0.08958547155615267,0.16632953740347764,0.13693712906961797,0.10817409231147578,0.08784222552195471,0.07838312777926242,0.07338241943836628,0.07355635359485381,0.0833089882319302,0.16161840613128145,0.13795368280863404,0.11362574173782722,0.0934348125231387,0.0831511129455606,0.07669761584377816,0.07539147044503995,0.08013854126375987,0.15973903959976135,0.1404555215331065,0.12033002687407458,0.10052933707197313,0.0895145891093682,0.08124177005212964,0.07812562065187638,0.08067649598691401,0.1598899990666218,0.14389972828207637,0.12693361762125296,0.1094330575149864,0.09887978977330071,0.08939517558531211,0.08381351999823378,0.08366417021976809,0.16117350284409954,0.1494187349329842,0.1360631871335535,0.12141573611329572,0.11225855160316627,0.10339457802503497,0.09716999311806672,0.09425616889299614,0.16258839667015734,0.15329639310753207,0.14314214124750324,0.13246480333222543,0.12399271968437282,0.11380921405458375,0.1054685837450695,0.1003137845740775
2018-01-11,2768.1643,0.17703137768240584,0.14104942102767007,0.10063661344924708,0.07840772572793846,0.07215149790649461,0.07186914596564639,0.08107950763904374,0.106919864125487,0.16870413670112022,0.13731735207648854,0.10448682495321658,0.08349260529413881,0.0756745006779376,0.07323122522088689,0.07794054415965453,0.0976135030843474,0.16258762347891928,0.13558421846832402,0.10753039592839322,0.08732934386810633,0.07859219706231764,0.07459744282092438,0.07635862295213497,0.08870167991671588,0.15844033834735952,0.13541509426059584,0.11095937368511913,0.09190791003833707,0.08272801002972745,0.07728536022560183,0.07724645505539184,0.08478866733817075,0.15676652195436777,0.1374468974766494,0.11687072582074806,0.09821638716585988,0.08849083703819616,0.08141121041927914,0.07967742955055308,0.08397356866879213,0.1567271198779096,0.14120417562586807,0.12473837234123857,0.10783736841959839,0.09805728289047433,0.08906568972633681,0.08347621198875038,0.08479355523255666,0.1586053704628133,0.1467356445192754,0.1343083022275652,0.12120059878006714,0.11336738949826818,0.1039284607182973,0.09550129019056292,0.09435891030991359,0.1609661195019879,0.1509220031747472,0.1400836087239559,0.12963021359113394,0.12342058990084588,0.11504440890155987,0.10529537484726575,0.10124052588098201
2018-01-12,2786.4776,0.1810379631053701,0.14366905775728028,0.10448484468941091,0.08303077873167525,0.07675959821100796,0.07629187140601233,0.08592349001940511,0.12180502798648608,0.1719000636683275,0.1396857865984456,0.10718681393593778,0.08657898284894089,0.0789103856189973,0.07633937800849194,0.08132244736807277,0.10353631148892012,0.16480002711393119,0.1368582711762287,0.10942613573500794,0.0894092370202766,0.08083978823194637,0.0771032395060788,0.07989760422246293,0.09544019457691809,0.1589500615833831,0.13568176201100537,0.1129703258638863,0.09371853223825297,0.08452013563863575,0.07953817822125069,0.08000443663617784,0.089512761319011,0.15630220106748546,0.1375626414188512,0.11832904794716147,0.09965252335901187,0.09033806845821303,0.08371121285127235,0.08199770383110763,0.08614342098566227,0.15731637492415243,0.14054536600298348,0.1243377523566484,0.10810650208187947,0.09891205054984849,0.09062350819070662,0.08597866807515642,0.08704927875227778,0.160383749444079,0.1461510228780998,0.13214171471125555,0.12120921357053388,0.11374742889805446,0.10546682260824171,0.09899694492018794,0.09585392651860701,0.16110801560162502,0.15140470081479288,0.13797012390504998,0.13023631536754246,0.12357831434127663,0.11456070787199893,0.1065323020324553,0.10162271004692829
2018-01-16,2778.3912,0.20498256474856305,0.166554714482435,0.12593017057077752,0.10043125525515552,0.09074486006240474,0.08658905037976954,0.09140677395046827,0.11034168630549382,0.18804127218167133,0.15647940096719284,0.1239692384938714,0.10083138103879478,0.0903495880671608,0.08464505856498315,0.08531297489391983,0.09874784234355491,0.1766159245766676,0.15061027926536286,0.1233378976855384,0.10180851817538854,0.09120653500139865,0.08476006306115588,0.08358988872390032,0.09355616149183767,0.1694222453292667,0.14856882047241862,0.12531643828149286,0.10472816120752285,0.0941202071174836,0.08688129494862568,0.08429184785064193,0.08951055915743092,0.16569466054560913,0.1486388732697772,0.12900962714965766,0.10909706004213107,0.09857193192633755,0.09000539371232902,0.08596660648869762,0.08862569113798503,0.16437835417564958,0.14960707424697683,0.13339372980887257,0.11603408176848333,0.1061441320886812,0.09652368725845233,0.09079626940517857,0.0913484352997347,0.16531639622266073,0.15411304613277507,0.14001082382695068,0.1269183243123111,0.119939457619896,0.11087640196287069,0.10183520303563089,0.09794282471335282,0.16663766803331598,0.15778199032576157,0.14590185148626397,0.13395135599631783,0.1276081906036333,0.11953476858967471,0.11041666877673263,0.10384003213735458
2018-01-17,2803.4969,0.20207684702554932,0.16224910405584858,0.12321695200584758,0.09932159851888703,0.09066226666125662,0.08767288752035471,0.09240857385554418,0.11685360855507651,0.18546719935462994,0.15340933100502183,0.12103405137597989,0.09915919106865312,0.08988620818557548,0.08583319495215429,0.09071861223051128,0.11144007089213256,0.17392113227028552,0.14711966405697607,0.12018267391071337,0.09985095183610927,0.09043844800330363,0.08571097220317071,0.08819521042525591,0.10318675553019588,0.1676192600911375,0.1452511198304,0.12206460041050386,0.10288548882992549,0.0933726641228164,0.08753851026341115,0.08654865634577558,0.0918925559039531,0.16469749030325626,0.14658908985836705,0.12572822121543828,0.10715678287892008,0.09747987519796758,0.09021666796676733,0.08739017980585176,0.09029867438367686,0.16262061159667118,0.14744392175562085,0.1307885672239228,0.1142877714717693,0.10483058565185514,0.09636592014467209,0.09146154254549116,0.09203766661712108,0.16362193164748354,0.15205692022017142,0.13751505154582214,0.12655580519682927,0.11831187169039888,0.10874767298745228,0.10274211232353227,0.09780236100656334,0.16494796539325182,0.15644734791331028,0.1418904801340507,0.13359112826725647,0.1272515682188527,0.11719626029973355,0.10944448132981303,0.10159893718010304
2018-01-18,2800.3458,0.20778023494370723,0.16726695529670446,0.12851518423201053,0.10322698135696678,0.09345853585133702,0.08974298563746558,0.09278434976062888,0.11349766306866278,0.18669654704376398,0.15704076896034996,0.1255540393888562,0.10219547461992026,0.09206079651700977,0.08752023704195173,0.08904362049416753,0.10190566774419282,0.17628381635102283,0.15084049796080357,0.12403585646522791,0.10268220112551192,0.09268267280920205,0.0874016328571145,0.0869848118881558,0.09398629303023073,0.17145361296736447,0.14904386082183133,0.12512983362297642,0.10571679519164781,0.09580379770553375,0.08946875391889558,0.08718011570626147,0.08973688745236501,0.16850194188576068,0.14908785608840955,0.12840093732503657,0.1102864455342877,0.09967967875131326,0.09205272356977033,0.08828406373213096,0.08889990873759282,0.16563200652075855,0.15025267373740933,0.13301765736680668,0.11704597830304515,0.10686278628798143,0.0980733656171957,0.09286544305588924,0.09225236329719862,0.1660740805265054,0.1551500746255213,0.13965415310397714,0.12710382374594034,0.11915571695487723,0.10972668814830232,0.10279336389638107,0.09991713250338606,0.16747129977643765,0.15882451739812786,0.14470115573895012,0.13397935659835383,0.12767518157535965,0.11765632096471798,0.10875985760022215,0.10325792414008231
2018-01-19,2811.7684,0.20024450747856362,0.15892427881201904,0.11823451651859918,0.09363089680992073,0.08473060766297857,0.0812897194129679,0.08481215683987904,0.11554024018470639,0.1859430187489555,0.1519329474224332,0.11845718453086801,0.09487329311532604,0.08508271188923738,0.08075069765680506,0.08321043579485782,0.10392269778142044,0.17446263558870395,0.14658419373616485,0.11861645885300828,0.09663182625467652,0.08679871923834957,0.08175080855076712,0.08197733229032544,0.09318808778299707,0.16805825243783323,0.1453239733016988,0.1214118411668563,0.10064020051496947,0.09056995233565895,0.08447341976726495,0.0824675313256534,0.0869376982004446,0.16398144866776143,0.14593736099164833,0.12541433215080344,0.1055964470507026,0.09484626479168379,0.08721604374698387,0.08414831365610215,0.08618654631163625,0.16312733960691392,0.1482302370100284,0.130708894699313,0.11390065274588232,0.10287951165869005,0.09360279820712325,0.08931402715709201,0.08962854463690592,0.16495138924259833,0.1539961239197779,0.14000462534531816,0.12688359274299027,0.117621957008593,0.10627722020096185,0.10086280679643123,0.10003296904503942,0.16606077899535576,0.15676799681838754,0.14563149500901174,0.13520716684772865,0.12800410515800026,0.11637688587724497,0.10806235536220665,0.1037134420260551
2018-01-22,2833.6422,0.19925465207063642,0.16127830748010452,0.12333111053744654,0.09774481526175804,0.08805523057100402,0.0848820188382367,0.09214104483784041,0.11791734652278582,0.18449161585623536,0.15273988637539554,0.1211310548663207,0.09726564641787229,0.08716530111323882,0.08307975913300668,0.0883826871303232,0.11117130930740476,0.17371261953130646,0.1473799585431872,0.1205597418510399,0.09865038909528794,0.08856192637337791,0.08334218036149742,0.08406075420705517,0.09569805237041781,0.1682209552430198,0.14601429307276678,0.12276180077425561,0.10285114133224163,0.09237859221798511,0.08547496562599532,0.08310619422067086,0.08826735474946282,0.16335079126748953,0.1451584987129821,0.1252789192225501,0.1077186976836434,0.09719318701652245,0.0886194210189411,0.08435493178605381,0.08607644213590948,0.1619879188545838,0.14659736269541823,0.12912154161584022,0.11378771074685395,0.10429873945842812,0.09473318313520145,0.08901572845355776,0.08898552752556399,0.16485747912581825,0.15138784541080386,0.1384930217565048,0.12660933792161483,0.11904097860159457,0.1097046135710465,0.10092544340467466,0.09698259390245197,0.1676323138537096,0.15698220033368449,0.14556098765254288,0.13545899742204487,0.12810000028962482,0.11830839240215989,0.1087933345384642,0.10256126018718462
2018-01-23,2841.5752,0.19512902801120627,0.15891706018453156,0.12025179674604367,0.0966507806450061,0.08844148951422824,0.08694980079144166,0.09551731636492954,0.11710519789245016,0.18025321344440826,0.1494519523900087,0.11821542083801757,0.09681350068809678,0.08812939152816283,0.08559454373828636,0.0921880210037482,0.10887316578334576,0.17061356261024696,0.14527914361062816,0.11866788085605925,0.09878369569546196,0.08985517538406555,0.08597248659876176,0.08884489591447446,0.09983174917096255,0.16660928613883125,0.14551891092595828,0.12251146987593334,0.10325558663586992,0.09367885769341694,0.08768484051843413,0.0871535192911932,0.0927430168311172,0.16352761255350337,0.14519499997221302,0.12644292566441667,0.10802644214995172,0.09785886423364377,0.08962840380711809,0.08651933347139124,0.08915483296167263,0.16286808257629837,0.14721513453754892,0.1309619766309192,0.114161529480371,0.10454989015440098,0.09554629977374848,0.09020435454868589,0.09069113484932999,0.16491684817715707,0.15345224900483295,0.13954400167455105,0.12603386415805254,0.11855873235734572,0.11030454733934739,0.10214284518040517,0.09673443489037435,0.1667907245216051,0.15847896376721482,0.14596854646345117,0.13409576006734283,0.12742650837755312,0.11966553747340171,0.11035111300950808,0.10204314767285017
2018-01-24,2840.0778,0.19408826892249476,0.15932877467186024,0.12517004490719139,0.10379231702724274,0.09593009069706909,0.09369555773845173,0.09863289990691336,0.11472640629745016,0.18073038059340346,0.15143398600596752,0.12324448672872418,0.10333599920728113,0.09501503619330584,0.09198314843053226,0.09566546279891935,0.10834658909617109,0.1722198146745891,0.14768781437194733,0.12346461350595267,0.10465317108332003,0.09619061547572341,0.09243864399610924,0.09457218004706594,0.10226389937309567,0.16895476891248423,0.14814637365713668,0.1267440627341686,0.10839428765811267,0.0991929755795457,0.09361932798215242,0.09302749902694758,0.09642548364819904,0.16665272368262052,0.14855728617270123,0.1297689173803778,0.11196615940839608,0.1022043162372495,0.09412544603501827,0.09112398816381875,0.0927880311891324,0.1664513779076209,0.15034707353415644,0.1335724672683959,0.11753091832964443,0.10831013992772323,0.09866035181448736,0.09413345231230887,0.09459820844727843,0.16848307922179184,0.15445185599143987,0.14107155118550388,0.12869012543998684,0.12175584251211345,0.1122732884899219,0.10436616706424436,0.10044250770569775,0.16993618965311724,0.15855266290647957,0.1460280731357217,0.13600346356451265,0.12963446319285302,0.12021861298320179,0.11262867139119315,0.10746978145730741
2018-01-25,2840.0923,0.19830680518304528,0.16015200974954963,0.1260124840476637,0.1047675519235545,0.0959938208003522,0.09212640020559813,0.09385847170436272,0.1056696835757251,0.18265109236276705,0.15193996613323354,0.12426597984838082,0.10430639358778707,0.0950959406879269,0.09085670632253617,0.09242624042488021,0.10403010159456047,0.17279459731702046,0.1478504372547041,0.1247959934953523,0.10581037138970834,0.09666983737250305,0.09229377030713282,0.09353790501261487,0.10211771217129624,0.16987603538290283,0.1489237154368442,0.1284330799386412,0.10973513172791736,0.09982348685678887,0.09390729489787261,0.09315607177389802,0.09727726180145933,0.167752151874107,0.1495032408846876,0.13146101939633792,0.11345695336031657,0.10326024424069433,0.09504333251306861,0.09196374642463775,0.09329923723165859,0.16779631614120388,0.15129227371460696,0.13505871914931714,0.1191215498397486,0.10980392524557525,0.10036401518570794,0.09498251589112393,0.09476048785609013,0.16798578646882603,0.15598432442192436,0.14169838929259898,0.12948579861304862,0.12214024946999154,0.11212802404609301,0.10486165440743282,0.1012715924675513,0.1701853049078372,0.15972925653833522,0.14685450722851023,0.13813484455061456,0.1319890121047648,0.12157830184604049,0.11227078392837037,0.10668198173565767
2018-01-26,2871.6062,0.1930138810860001,0.15761221271239403,0.12186035834427397,0.10101394065674718,0.09340755129588892,0.0908668945763075,0.0961681974787509,0.12464922899936609,0.17896151454481046,0.14860561423981414,0.12058906339373107,0.10185940870638949,0.09384407842437378,0.09035671678092806,0.09310001042675528,0.11102853035280988,0.1702016727871398,0.14524100622661087,0.12208390006788519,0.10479829964631864,0.09668456984736017,0.09268135493753854,0.09365480071051431,0.10155871204820913,0.1674621350790305,0.1465728373576357,0.12596280348743613,0.10932104032644321,0.10033034392165181,0.09462420297303016,0.09342439324098009,0.09698179371729104,0.16551111700844198,0.14721430597309632,0.12921731303091477,0.11330500867436538,0.10370311307751992,0.09581114831323521,0.09292600321307093,0.09495045131621542,0.1655505235554345,0.14903055150204222,0.1329940154263706,0.11874049360977056,0.10954512666245064,0.10061691782354673,0.0957915469619184,0.09612839981940773,0.1668569749703095,0.15429943867023269,0.14166186134722722,0.12986362654738426,0.12205603352462055,0.11281767017233586,0.105024510894019,0.10202782087345397,0.16907176016810938,0.157819869665025,0.1473856470486881,0.137685398246193,0.13102107994272189,0.12219374125695107,0.11178642987792205,0.10771361582940345
2018-01-29,2855.8035,0.2206805317874139,0.18519571833554166,0.15025009480834503,0.1271164558866335,0.11623252635246244,0.11019704748743145,0.11137755138131353,0.1303296870560177,0.20112884287785424,0.17188870960940522,0.14442847582760365,0.12355409548027732,0.11263516089644317,0.10604431974397661,0.1056600590133704,0.11793823595850862,0.18995612312893712,0.16645933366815693,0.14284636626441205,0.12289930803037798,0.1123849241286474,0.10564463186811232,0.10422941249814606,0.11114660797462825,0.1843690027013487,0.16467759816170363,0.14322702604238355,0.12397092156464466,0.11314227009358596,0.10513140814817397,0.10185268418378424,0.1046109131210191,0.17859193280471247,0.16150719505779845,0.14263060801611652,0.1251796342377941,0.11399563478378885,0.10392997082599903,0.09965692352200725,0.10119525332314695,0.17584116875571443,0.16066436770071887,0.14405682555210056,0.12823565411539709,0.11789461986367385,0.10700231652537494,0.10169833373492276,0.10147798800972943,0.1734256616125583,0.16169189321513586,0.1498093623684333,0.13718299028074143,0.1293454777140513,0.11819555289366282,0.1105871400581263,0.10708726534903948,0.17360621073049204,0.16322927873689075,0.1533104803515208,0.1429311038611769,0.1361992923883909,0.125810778227067,0.11701138673032706,0.11148905325362529
2018-01-30,2825.841,0.24360668290352655,0.19999788925951933,0.1612896521526554,0.13501140684039262,0.12202332539244495,0.11410509157612825,0.11555252610198699,0.13095604444983455,0.21657910098224234,0.18327176630727074,0.15348845610980955,0.13047480071333192,0.11743181279943785,0.1082686345551259,0.106604334479033,0.11529180924660268,0.2002355211110617,0.17550953263409963,0.15078899373616697,0.12928689997616288,0.11623957076578102,0.10635230560259083,0.10365929910862301,0.11087023378611689,0.1925804682086048,0.17189724941951712,0.1498796595102099,0.1293815602966271,0.11651880936139127,0.1058222888376808,0.1015608645543242,0.10485845487337624,0.18587322524053573,0.16857063762909424,0.14939525769869458,0.12990469182755304,0.11748201921763732,0.10616474040689663,0.10026409531421647,0.10133819694084821,0.18247266751568542,0.16759712269825663,0.15089285479634934,0.13298153067583862,0.12121577230129456,0.10965282049696212,0.10289672291032771,0.1019625059267702,0.1796148949275039,0.16740671583829736,0.15522941081642316,0.14162855016135967,0.1324080473709469,0.12096159153161283,0.11225899047932482,0.10839443748138548,0.17885709196153346,0.16834220004397366,0.1587346373090634,0.1473857336096945,0.13929414953209993,0.1290394760159378,0.11884768524400785,0.11229234907185896
2018-01-31,2825.831,0.22683897838749514,0.1880706237589569,0.151117634916536,0.1257205956371553,0.11373002525277809,0.10628142765260827,0.10836381549694575,0.12616799662836017,0.20506371080829874,0.17375285684534028,0.14571650174537876,0.12292824254194658,0.11101305116826295,0.10236042447698593,0.1009095559820057,0.1124854980432355,0.19317765795245823,0.16881252013227946,0.1451113670916486,0.1240264534518408,0.11165668000690274,0.10206975515677628,0.09963471234153033,0.10765820560402281,0.18723607075269363,0.16677595646940663,0.14542199900076933,0.12573713048403687,0.11296163369776863,0.10227070314904488,0.09845905239352833,0.10235645596647107,0.18311525536826137,0.16473080739684715,0.14571566908305783,0.12655229468083481,0.11431351170555085,0.10315512577021328,0.09772950549694454,0.09824324986301311,0.17997694930655306,0.16470994295163716,0.14767609283671507,0.13000351961511308,0.11888221645365775,0.10722687369720711,0.10087906162104329,0.09975706382601976,0.17738755355383087,0.1654177599712189,0.152366896496639,0.13912366445953672,0.13104434810582652,0.1207783237360716,0.11152644426900593,0.10619661251632657,0.1774022624723686,0.16642201867273093,0.15554178603977736,0.14467662054931785,0.13704631201451972,0.12854056404690253,0.11947491809734613,0.1114091733407404
2018-02-01,2821.9423,0.21924878359889333,0.1806185456774001,0.14635339645347006,0.12375412950408084,0.11225755668518105,0.10522319654884085,0.10611167398463993,0.12884783076677023,0.19623719930245306,0.167292615524083,0.1407079878164055,0.12050659597482977,0.10927989655857295,0.10134798166684206,0.09949869982285077,0.10903984279808186,0.18598380226239125,0.16354186201535462,0.141098312413075,0.12139480639858617,0.1097584733258335,0.10100807929333964,0.09856637802644014,0.10403216323758428,0.18188010021932832,0.16198657954258452,0.1419375803658402,0.1231954328569998,0.11085551440749486,0.10071006610706189,0.0970305682964335,0.10013302693472677,0.17789628643513278,0.16009715162104696,0.14188875836232828,0.12402129368114174,0.11248030127072514,0.1017808047934981,0.09642740800922903,0.09685028279682803,0.17600828213615774,0.1608572499675471,0.1440247626985756,0.1270142996003546,0.11674508243468658,0.10514948264733773,0.09950415021678119,0.09832168666282069,0.17585166077847206,0.1636289276967621,0.14966303033290562,0.13564624179290635,0.12832080854853192,0.1165610599091942,0.10880830940833328,0.10517367633685717,0.17691417153064848,0.16646853051686364,0.15392777628648688,0.14259038229789964,0.13620057548617984,0.12545628146633886,0.11609684161594747,0.10934281194426167
2018-02-02,2761.0595,0.2782144053716089,0.23527507450474477,0.1939443624387496,0.15927597536309318,0.13955307222360983,0.12536991094515665,0.12403072953041305,0.1444142202141419,0.24132631869774307,0.2119724600341285,0.1807347545913787,0.1522723443991312,0.13391880949004278,0.11855703858762072,0.11260847671953365,0.12023515851052834,0.22319446161901516,0.19959280380722272,0.1736861102743096,0.14917561102162283,0.13206923025168268,0.11630343679290726,0.10887449883145542,0.11246191409408435,0.21151597742634817,0.19091591020785328,0.1687524417416062,0.14700654750797662,0.13126084286524697,0.1153357746510746,0.10651466066527662,0.10659395683385355,0.20196995612364751,0.18448959533335996,0.16495053094145082,0.14514521109030312,0.13075229923521076,0.11589912809346659,0.10635529694387254,0.10404116323235528,0.19472976358628064,0.1803281938758755,0.16376261100801884,0.1458246826739931,0.13206259729613845,0.11841521355668759,0.10924556914349642,0.10561348256583879,0.18868785492282575,0.17696320755272554,0.16454327714559464,0.1511145545880914,0.13994526764158316,0.12754244940236154,0.11795153524075472,0.11188302477651758,0.18657882174169318,0.17685728664061365,0.16570340812165296,0.15405426218607862,0.14650376765098372,0.13494939785856747,0.1240982800427616,0.11695085584059117
2018-02-05,2651.845,0.5310011108519246,0.47354745306788804,0.41694024421805004,0.36352885445989513,0.3176449487134673,0.2653769516964244,0.23436011252928457,0.24412437413631352,0.4321080329952177,0.3944638442289294,0.35271623306708005,0.3098633115166261,0.2760515244348137,0.23321781815623072,0.20336611645830668,0.19620519480510648,0.3755230542773357,0.34939348894616007,0.31533868074765103,0.2786824409450505,0.2520028986028414,0.21457926164046257,0.18697293218686237,0.17580611693894097,0.32560781580520143,0.3042638897895917,0.2752519930037156,0.24784868436228638,0.22669160940073566,0.19315759303763558,0.1659673042459112,0.15211060959318407,0.2891165981851891,0.2694695647348245,0.2450722673710989,0.22417255994004776,0.20441404546004424,0.1738720838350192,0.15059759004901851,0.13885640945194733,0.265072031371836,0.246804162942381,0.2284972882762811,0.211039917699657,0.19316718709500413,0.16826394606764014,0.14907180896055255,0.1372479371551221,0.23498611255881988,0.22417722645252947,0.21028182817048072,0.19469145026078483,0.18165094301288182,0.1653880103703649,0.15021652179424683,0.13889139710116094,0.22447590024263622,0.21560266943738055,0.20270502451788527,0.18928961681348944,0.17821393540283156,0.16581394261322907,0.1525045937222282,0.14144583721934634
2018-02-06,2688.0652,0.417677816065078,0.3655687383425671,0.31523707998629813,0.27370117371867986,0.25013627579438535,0.23686671667344655,0.23951707246546694,0.24941941979221807,0.35430369439286075,0.31589147148130453,0.27677134844543916,0.24269252901859317,0.22318470833629941,0.21346862348523604,0.21640552077656744,0.22446506711241287,0.31373644069475803,0.28033729248554523,0.24565314418936493,0.21676616547254915,0.20034653608276792,0.19195388419006998,0.19368227143270395,0.20119545351808846,0.27861877858020057,0.2479504243017891,0.21945726386818842,0.19675807279433025,0.18190222857386862,0.17162387796712691,0.171171890858034,0.1772914883616659,0.24894500825911142,0.22518195053536566,0.20403280714976557,0.18495702433229277,0.16924932563606393,0.1564164550107568,0.15327087168229211,0.15491402644472435,0.231333963833706,0.21295245391185705,0.1956415495711183,0.17934194001531478,0.16511462140215252,0.1521686468745045,0.14509429124971257,0.14238514726308377,0.21364623668754118,0.20114609870196345,0.18792026467330425,0.17590952224078318,0.16534874582241574,0.1537088620677932,0.14494496940283258,0.13879516007657414,0.20643795600377568,0.1963303386370334,0.18467516969262696,0.17554960923713703,0.16709235072669235,0.15555735683508273,0.14673491895655555,0.14041465250187657
2018-02-07,2684.282,0.35090968195693784,0.2991911488496715,0.24728256514439304,0.20187855440517016,0.17517007115847555,0.15985545858785966,0.1610310927547957,0.1758133565160606,0.3077640532656494,0.26752085417184507,0.22689404367018823,0.18830482000115645,0.16540459638636176,0.15118966824117108,0.1491472448760296,0.15780209952601282,0.28041933443165995,0.24633263154222693,0.21099592122384386,0.17833369686354036,0.15884342770719084,0.14483041619217532,0.14147467855859253,0.14831525698290668,0.2564611272545648,0.22713202625575782,0.19827328554518353,0.17095049184999977,0.1535541267397135,0.13894014122971157,0.13354317268883245,0.13675210023685275,0.23730954497339984,0.2149395573127627,0.19195825968684857,0.16831130160322216,0.15239903486270054,0.13682882565213167,0.12872243712557654,0.12890477137238074,0.2248789324327283,0.20769892857081385,0.18914840429903362,0.16944964620863678,0.15533436132789233,0.13919176736622896,0.1294027568573214,0.12611379838755188,0.21168694170083086,0.198093149588829,0.18418168617229505,0.17087564381761441,0.16119978216517908,0.14551379269273695,0.13552148557500054,0.12925799443642985,0.20484487571966703,0.19262384812099942,0.18165374600247575,0.17104156915269297,0.16377762260702494,0.15031994897627396,0.1395921415308905,0.13212745983582455
2018-02-08,2584.4102,0.4566794308148391,0.40898496842887366,0.3610042054697333,0.31973689714114245,0.2891755035690461,0.2568763668675392,0.232588957893091,0.2242740299985286,0.39634696918824125,0.3605664124354828,0.32423443316193434,0.2905710742234053,0.26315995601900016,0.2331455015644026,0.21199571153512506,0.20227474630415912,0.3599296749664652,0.3306508773305819,0.2992439094155019,0.269033450254402,0.2440816808560358,0.21706985091106293,0.19787338640372554,0.18756793541631192,0.3256430654450593,0.3014719604957704,0.2744197700457924,0.2487562360265413,0.22726199499491817,0.20289099329734406,0.18502545320778732,0.1750418774704355,0.29901515788609545,0.27950304725289277,0.25726730209722337,0.23558953935714497,0.2173432721543525,0.19514813173302648,0.1780642138349698,0.16739702855950195,0.2763505399767817,0.2610042391171057,0.24272072485848084,0.22539443477171525,0.21065887936008304,0.1903013639283839,0.17379150018295914,0.162096577788804,0.25117994506586583,0.2386394935934079,0.22441158760587887,0.21143721589411832,0.20040817573642716,0.18505720830996955,0.17110427834673192,0.15982907199885235,0.2362700526623172,0.2250657863726982,0.21407922298250304,0.20359109666607597,0.19525243088287708,0.1840547907963617,0.1720338140661562,0.16053759493392844
2018-02-09,2615.13,0.38446256008425517,0.34328112820079115,0.29810792385863166,0.258723896499265,0.23223433327122078,0.20752944862407202,0.19496815102182408,0.20040089533894426,0.34684860888204844,0.3140832766803998,0.2770480771425115,0.24366595522607523,0.21868171264177264,0.19297265771758093,0.1783653709553874,0.17666861627533978,0.3193087373906505,0.29155604074614905,0.259820482009942,0.23058603448477466,0.2081167958661709,0.1831735118717636,0.1682237687365519,0.16337913454760963,0.2933728861990506,0.2700911171073985,0.24322193766029498,0.21942644952850188,0.20016021862517844,0.17536205976396668,0.15979725747018983,0.15318599907244468,0.2755309537833026,0.2562338949527696,0.23318250160056686,0.21281472576886815,0.19502336007696738,0.17167202197688372,0.15581849071094545,0.14741739753698713,0.2580236191253414,0.24243754143712215,0.2237392517023097,0.20606872327174675,0.1902566734846197,0.17070850258213663,0.1554303556583597,0.14567215584214105,0.23455057560787493,0.22332558371416594,0.2095565825248205,0.19685458203839742,0.1860233728097128,0.17034692829953071,0.15785343172325925,0.14867736292454548,0.22425084517679017,0.2145150009515545,0.2031190026883871,0.1930591405782451,0.18456413460568105,0.16964112853913346,0.15965488237616474,0.15122021936384988
2018-02-12,2653.952,0.333259878106129,0.2947319832251693,0.25161140361179657,0.21219893765884615,0.18899137408829733,0.17219696078309968,0.16973240168297912,0.18324951833272854,0.3058998935958198,0.2727075558356685,0.23529785562243857,0.1999051353567475,0.17767813681816583,0.16041450038452057,0.15517459281511542,0.16179048952950587,0.28624165809393376,0.25655831119046935,0.22259879061984997,0.1910174725253925,0.17109386175925323,0.15393343276864982,0.14702906080807468,0.15011977285197742,0.26369840396986566,0.23915467055447232,0.21085010355033273,0.18452560386397487,0.166967911874426,0.14874137744710747,0.13922556846625087,0.13790325982617643,0.24975087335456111,0.22931049023369052,0.20555052093913223,0.18284717838791412,0.16671164982420106,0.147573198792251,0.1365572110654246,0.13241319811939706,0.237111194814372,0.22065211934594434,0.20004448427011884,0.18186083489226743,0.16866471390459242,0.1499759218375993,0.13767145812965906,0.13076493805084075,0.2208029224146202,0.2070554448064462,0.1927200275458421,0.18060216715387095,0.1707368133450361,0.1545933534374275,0.1415087635025188,0.13339685236960636,0.21238443443595278,0.2010513589068478,0.1895111998142295,0.1796162427902991,0.17254230779328794,0.15832746338283035,0.14469739018768715,0.13692988508167192
2018-02-13,2662.7982,0.321347423000938,0.27765348736852963,0.23557962596822782,0.19839227107511398,0.17706887938581442,0.1621032233710096,0.1588095650877524,0.16873382851837435,0.29732962458653966,0.26130686238659545,0.22395988953810275,0.1899869285570141,0.1694176120628824,0.1541341464855891,0.1498491374887412,0.15645869819477862,0.28197719195507365,0.2495846333770718,0.2150705308752569,0.18406800293249856,0.16467365161927128,0.1488310864921156,0.1434913682660442,0.14700561080988392,0.2603510040716253,0.23235490800912853,0.2040185079765466,0.17913692493978517,0.16244987341389347,0.14334941205956758,0.1349828015146166,0.1340319503535057,0.24508048499320487,0.22304764028662924,0.2000229423892831,0.17850673736184844,0.16328804005577635,0.14274366542713335,0.13184396499788006,0.12845037114416044,0.23333118491797114,0.2157739997456606,0.19640034944442586,0.1786216765398799,0.16504022911472013,0.14522666524876748,0.13232447929238864,0.12661146712356625,0.2194766507664397,0.20508419129685826,0.18866787787794242,0.17706788714524266,0.168146969635952,0.15065986073748103,0.13788612936124703,0.13106488116367124,0.20982733287941338,0.19775928535785672,0.18546527866156184,0.17669890233080132,0.16979629888149125,0.1555102137203939,0.14232074589666577,0.13621539446979594
2018-02-14,2698.6841,0.26352734858942045,0.2294807232047928,0.19287139093384598,0.16239958487141615,0.14682274290747116,0.13836726157276474,0.14126359138664735,0.15416651301003045,0.2519375518268244,0.22127902864433438,0.1879007736564729,0.15922640903353777,0.14353509036199633,0.13423017928316064,0.13517622334255827,0.14636260122152608,0.24095776033920957,0.21325208933932824,0.1830954868763347,0.15688746452266347,0.1414300135730517,0.13094641585474026,0.1296291863834503,0.13675182042506134,0.22629981275546623,0.20236846319133697,0.17774055354186005,0.1557851530961488,0.14062234473152593,0.1268303952461429,0.12215109587831893,0.12436488510810323,0.21812265950118834,0.1983924673177437,0.17704458951947766,0.1569863428945396,0.14273510172230766,0.12752758728092428,0.12004717159712355,0.11889028931263441,0.21129464984653512,0.19611819712108924,0.17769343876457333,0.15941156480606514,0.14636190794617177,0.1316871330036503,0.1227123163698775,0.11948792400829311,0.20250328234037046,0.18993772229136918,0.17622210620982734,0.1645757977787854,0.15375576313922748,0.13861517426977735,0.12990224472631298,0.12520376886275814,0.19747788382241274,0.1857887929967634,0.17564888192366898,0.16727411750286647,0.1594218278941941,0.1425007957511547,0.13328007462064664,0.127707511392837
2018-02-15,2729.5865,0.26490548130286734,0.226459351556651,0.18690273350749503,0.15563413609092608,0.14099982318341098,0.13537558517571513,0.14249222220772081,0.1607187829739951,0.24874397257587869,0.21634176339271557,0.18294675435548763,0.15460799302455966,0.1405927537531876,0.13425088233601581,0.1383371631343263,0.15403159870220942,0.2363498481432666,0.2076729554963926,0.17895056862879907,0.15314018491003248,0.13958291246870683,0.13161331062611162,0.13178409744547023,0.14134046893922608,0.22281882043585532,0.19937060079067592,0.17443793431624188,0.15170045304465535,0.13846964522846844,0.127358499949298,0.12340492612435126,0.12656085196417405,0.21528823020049973,0.19543686725052148,0.17417642856238397,0.15362330142176253,0.14036348938463916,0.12717425704371396,0.12134837952120424,0.12082096709941473,0.20742555555755982,0.19139781054574087,0.17419407257152977,0.15744706280984175,0.1454394544154201,0.1303924860248589,0.12303742793907758,0.11949476167548836,0.19946352634430034,0.18775429249958986,0.17372329350554622,0.16107117008314362,0.15166112841423104,0.1379235858533552,0.1286193283740742,0.1240186759066449,0.1964646180839729,0.18501750028074335,0.17280372551497405,0.16357648273705744,0.15551150773637457,0.1430905619932788,0.1333440436225499,0.12811767521405998
2018-02-16,2735.3705,0.2789795976392377,0.2360090320828211,0.18987022896366096,0.15514426927379252,0.13854968816914331,0.1285199233606614,0.12752830933760617,0.14369562203018846,0.25760035921391355,0.22114503253198295,0.18294146926501428,0.15234117288286572,0.13675020074667474,0.12689243360936564,0.125650172601661,0.13815448418922954,0.24195092373781638,0.21028401228226243,0.1788335493819325,0.1512158129227829,0.1361180125578127,0.12582083596447266,0.12254972817114355,0.1288506331780166,0.22570056898916357,0.19942884701530025,0.17463436074577754,0.15121051145004633,0.13618405876140946,0.12429089610184224,0.11899914049670045,0.11930652566109057,0.21602790080639905,0.19406819074422232,0.17287479832347982,0.1529461426891227,0.1388181410461509,0.12522885206757423,0.11848706396173533,0.11658823789350718,0.20741243849217317,0.19060564706192884,0.17226585910159686,0.15612229152590618,0.14465123545004807,0.12943492249389482,0.12103019329893837,0.11714925097333001,0.19917922164527724,0.18603933440408554,0.1727328731926685,0.15980649607911793,0.15233992900055685,0.13917089220839834,0.12850500364304887,0.12276049671807766,0.1948543525490267,0.18413598217873892,0.17381058587995327,0.16226931891269541,0.15603879329484102,0.14491226208409447,0.13421167563548003,0.12700872165870622
2018-02-20,2716.8673,0.2876645235309923,0.2486315183248166,0.20504154066137925,0.1686048246354124,0.14899303818746643,0.1354784934621325,0.13161222055003757,0.14175895721302634,0.2698615273963566,0.2359633028723022,0.19849284158675046,0.16411060567965338,0.14588404830512813,0.132996932925817,0.12812573927526769,0.13512694972434763,0.25045132736030834,0.22282108825316396,0.19096461329674425,0.1599892747846715,0.14350097796346975,0.13023989936419608,0.12317976969918193,0.12404365885545332,0.23406405210329337,0.2113248873001689,0.18421139833068675,0.15863447430297498,0.14264728027089077,0.12761539430301222,0.11979252516409049,0.11810506577010499,0.22404403381270357,0.20493756228435892,0.18135642581264919,0.15974507159531903,0.14499140261079355,0.1280929898708825,0.11924449088270925,0.11633522087183532,0.21444280847013397,0.19856299937361446,0.17869688375415219,0.1613119372881021,0.14951092300003702,0.13187371456528993,0.12168387549430207,0.1173133817105456,0.20338406981906404,0.19135492667642678,0.17551991684968032,0.16313838275590747,0.155274593686386,0.14028696698843698,0.12987874371370786,0.12425844510512199,0.1980679492390839,0.1886638818821121,0.1753502897010669,0.16407118192857303,0.15850949980418835,0.14508701480097916,0.13418961196391133,0.12978325718171566
2018-02-21,2704.697,0.2731020980254655,0.2379125711604011,0.19970518292850864,0.16712839397672594,0.14998123301223348,0.1379580219084134,0.1326606446236172,0.14061736773628403,0.2596971686500061,0.22802439150650736,0.1931243860117566,0.1623473452184137,0.14569781644024057,0.1335617330224366,0.12742215231179954,0.13393406176230166,0.2455190231354031,0.21681652191286646,0.18611866035826188,0.15856826855230932,0.14276233066803876,0.12978626760446346,0.12200428011222693,0.12348329679410579,0.23280183913163566,0.20746635789591492,0.18171277254974452,0.1572811435210344,0.14178828669826504,0.12731765643365486,0.11800902063103645,0.11565815365510324,0.22236823177451875,0.20201446360132738,0.18018188785349692,0.158722064426989,0.14386843016810483,0.12864087830070536,0.11745793828832994,0.11408321363320593,0.21147423278495836,0.19711728978166446,0.17817331146482,0.16032614202395365,0.1479560741648332,0.13388371546663003,0.12079026927721337,0.11577031858324176,0.20385224901492863,0.1901516547473421,0.17608417936743773,0.16216731634990567,0.15284743689430402,0.14079758994357333,0.12857945446962085,0.12138777475718673,0.2004917544280728,0.18618415089917403,0.17566874740132551,0.1639724051836626,0.15655261714854485,0.14482969196265214,0.1324964679314403,0.1250737701184882
2018-02-22,2704.4773,0.27073509178678873,0.23792420050715776,0.2001959876109508,0.16531174247178418,0.14475307934222106,0.13077575935600802,0.1274010670571027,0.13796026904474826,0.258285098596522,0.22690091765845546,0.1923262512042689,0.15994461887798428,0.1410069436183589,0.1276732889819237,0.12318852241245291,0.13062319580795081,0.242536782796065,0.2137974501913264,0.18456422081547522,0.15572829918967404,0.1383667416888977,0.12490252421802474,0.11837424423238808,0.11945874330897627,0.22961394575079605,0.20414138632402806,0.17936214803213515,0.1547502079135115,0.13843719409292568,0.12398290397126581,0.1159028984293412,0.115040207813446,0.22015736016402715,0.19908831629477441,0.17730660417340358,0.15535248029177864,0.14095715339575307,0.126394613362659,0.11606242975794875,0.11347115382678497,0.2112152316182842,0.19375347886501407,0.17629285110561183,0.15742165494201701,0.14512103030481416,0.1305776903852382,0.11913842285943385,0.11482982339519335,0.201015044879904,0.1864347804145916,0.17416250729528465,0.15987921537248834,0.15180532005190897,0.13845541365614233,0.12682256220593316,0.12048285396518248,0.1951112454584635,0.18455033256512543,0.17328828174099375,0.1611229758402479,0.15512875484645788,0.14198739518145684,0.13044110240896487,0.12381715393697021
2018-02-23,2747.6372,0.24290128184299759,0.20372923105070723,0.1628150700669905,0.13192259199898806,0.1175488607464918,0.1107867769967868,0.11535837990569225,0.1371762798901574,0.2302328554613045,0.19580582589153855,0.160021605267362,0.1315220753067015,0.11739594516419584,0.10992268512960804,0.11162744828257481,0.12719751941593554,0.21782975836847038,0.187452619702834,0.15669505268101358,0.13182401390572132,0.1180834722493826,0.10902979126722806,0.10725900344229888,0.11609475539088675,0.20900883134697898,0.18273881446857626,0.15613618221151723,0.13451400032708163,0.12049375305950356,0.10925294135878114,0.10527369976361363,0.10954102515683195,0.20214766732692938,0.18086757178360094,0.1574256294731352,0.13865301887141365,0.12478239261075706,0.11135540894528982,0.10554455287079373,0.10614539536685284,0.1952149337091042,0.17965369975261508,0.1590110875186618,0.14271759318174992,0.13083677283505574,0.11649048469515308,0.10883719201745211,0.10594224539127807,0.18807878458948477,0.17560537749566554,0.1610393906349305,0.14802985201753616,0.1391447835052129,0.12570581756514895,0.11757080313991226,0.11167603485626539,0.18496645224103256,0.17354207987230308,0.16166446989185257,0.15186767340263382,0.14424829053375327,0.1306199319796546,0.12196018516286558,0.11532176972972129
2018-02-26,2779.52,0.2414914605839538,0.19860610169884096,0.15987882436880538,0.13165363675631192,0.1198569184933144,0.1161480668580313,0.12313102048410471,0.14448227477753844,0.2240690992537055,0.1886014645111421,0.15544853223410657,0.13014258437922033,0.11883190149365377,0.11390128369924013,0.11691518791236674,0.1299625991107018,0.20917264703845365,0.18181612071427705,0.15343134928657248,0.13039076037085326,0.11897047506535154,0.1120330830074966,0.11132646189280557,0.11854580182753922,0.20199160115088438,0.17934997625779883,0.15450117994165105,0.13278096424386007,0.12055167123782351,0.1114842182701602,0.10850636528832729,0.11219381580188358,0.19631990382164372,0.17729743724773409,0.15527582239714574,0.13582629443583905,0.12387155291771502,0.11235048007936527,0.10701283271233224,0.10732952331369125,0.18866696534610758,0.17468580774520376,0.15622290408548337,0.13940841670568166,0.1289506696551448,0.11649749385285675,0.10886806308172517,0.10606011604598677,0.18309484348515018,0.17204483201597837,0.15854331416271025,0.14532295862111888,0.13521538385466375,0.12409956001707642,0.11655141676518778,0.11038997967441244,0.1810571653591024,0.17078158283573708,0.15958503737622529,0.14860395536590032,0.1390171998000625,0.12756074291571873,0.12076355923057666,0.11436982260134367
2018-02-27,2748.0,0.26895352663394617,0.23049613581867323,0.1896092439159445,0.15673395328651613,0.14039489264451988,0.13166784647888838,0.1327902299001482,0.15000134746525934,0.25238360878050087,0.2183276973696451,0.18206632708551654,0.1521693109160676,0.1365831558750567,0.12766267510244264,0.12602903423484066,0.13518781261965584,0.23594173368439558,0.20681758292222413,0.17612192964137272,0.1490085082324655,0.13433323351553067,0.12446089041577099,0.1201323464568514,0.1235807130333365,0.22607932523943047,0.2014584789504443,0.1748961589408009,0.14985469206698732,0.13495899757904545,0.12353900778644761,0.11765393432053665,0.11815586711550047,0.21534815339352342,0.19624361824091788,0.17462012524034448,0.15119394210591372,0.13644467190487874,0.12409751032032461,0.11666397250570903,0.11465359497895998,0.20444076471407113,0.19083944796326935,0.17280502373639695,0.15239918123171955,0.13944667221286777,0.12719055209537034,0.1174210475603463,0.11308290385313277,0.19545858682071407,0.18362872604765285,0.16939449599558618,0.15517263125616412,0.1458381444776727,0.13339755346110962,0.12126850022653923,0.11502310357139513,0.19152019750687047,0.18029571898841731,0.1693467240981917,0.1577310624830983,0.1506281672132517,0.1396071746918566,0.12610081422293076,0.11770640927181143
2018-02-28,2717.3743,0.2784801181764661,0.23982702971727346,0.19925554696268266,0.16460994249139285,0.14545114893920869,0.1340633066612776,0.13381430880316847,0.1476579350181594,0.2619456761685186,0.22696989288680908,0.19144126777484727,0.16019538900411415,0.14155038488312607,0.1302041333098416,0.12731351095567503,0.13420259025440553,0.24437958960620354,0.21532711631653495,0.18533538848437445,0.15686821844347704,0.13988558107828591,0.1278569136726815,0.12206868232486603,0.12368060100122691,0.2344271299782807,0.20947895365895164,0.1830032109044054,0.15707996742481375,0.14168804977163804,0.12811460624090132,0.12023192509575578,0.120023661611563,0.2235215277294901,0.20249174843965168,0.18089483034601175,0.15813128429685158,0.14380634991401287,0.1288993096781851,0.11942138048188222,0.11701905645486281,0.21262351713204708,0.19570428796244854,0.17847757162653835,0.1596085132183549,0.14726415028528808,0.13249227692935198,0.1223681612070942,0.11696704558559551,0.2036747128827142,0.18850595972882403,0.17429939620033846,0.1602606148961841,0.15057547466283785,0.13844861856683233,0.12831230115798342,0.12133460246601789,0.19761492690265706,0.1843195622925268,0.1713225247010419,0.16035226407433814,0.15274338812759003,0.14197611043522068,0.13100655977382003,0.12427212395373255
2018-03-01,2678.1095,0.30281623915569794,0.2640177361662312,0.22446714131440024,0.18707485969397522,0.16444823334105838,0.14765584046040134,0.14510011012426327,0.1591559681378546,0.2821397283878614,0.24788152198774288,0.21184275800494215,0.17888667183188406,0.1573460042285345,0.14062513148012049,0.13539511600276227,0.1418642536594239,0.2625169252175156,0.23250924716496282,0.2014283938524044,0.17329245492368153,0.1542053886657908,0.1376467700251032,0.1297634848035217,0.13045800675617564,0.24954724368453282,0.22432234076523483,0.19723008796065236,0.17217092656502184,0.15588980079333403,0.13882114458473288,0.1280907992436745,0.12582957210773257,0.2381337639151321,0.21733507228207116,0.19440744474382818,0.17247400450277847,0.15746507947826663,0.14028758660867713,0.12772743444091453,0.12343992858506922,0.22555087333849602,0.20866969562239387,0.1903711556220864,0.17235717577666515,0.15844726389732453,0.14298558432653277,0.13034129959871174,0.12416773386756226,0.21099438178874094,0.1989770934943471,0.18369453569520308,0.170026000684374,0.16079568112387166,0.1472127721561813,0.13465788635637305,0.12789538791482827,0.20470430159145603,0.19387353294504284,0.1812296588602753,0.16974935147787568,0.16219745037692493,0.15007882685432297,0.13795440862249256,0.13028318876638556
2018-03-02,2692.8047,0.27100878565231423,0.23498051121796468,0.19971464799320923,0.16778983679008963,0.14765570163167127,0.13426825621779334,0.13516897647392193,0.15258099967818076,0.2568259231248086,0.22483370565471547,0.1925632018604277,0.16241554240929063,0.14286674949802355,0.128904386192025,0.12561677589514875,0.13397069365112155,0.24319307618029062,0.21613563742243538,0.18695874506703344,0.15993404148263463,0.1421245010103189,0.12749905842204742,0.12109732136939386,0.12363466885517664,0.23392372280175336,0.21163718950385432,0.18560932065787775,0.16200844500275985,0.1451090939638108,0.12873827334464766,0.12022254683604276,0.11920999108396789,0.22540648829719084,0.20607210793220934,0.18417349548583456,0.16494456851224246,0.1479783194939735,0.13061902725174468,0.1204970835393503,0.11723932830646638,0.21517397740747554,0.19923891301432248,0.18175280348404024,0.16645932713809156,0.15164995725911343,0.134774559738371,0.12364223683864704,0.11859540560473023,0.2050694192789157,0.1924903422466638,0.17781013804122847,0.1658481700674871,0.1550288391624333,0.14120199003008377,0.12855549939014618,0.12217712284374235,0.20035406279345502,0.18912445339690695,0.17496586065253797,0.16579725466185452,0.15652182656353486,0.14446214588362244,0.13158923723660837,0.12495068382354987
2018-03-05,2724.3179,0.26384188092583716,0.22615118404876497,0.18835583736520578,0.15667021491527305,0.14003123890346103,0.131516136864915,0.1325800974350795,0.14386123185188815,0.2455139083665363,0.21337399605173474,0.1803890290613946,0.1512297665373444,0.13496843616192733,0.12478972046344065,0.12207377096652378,0.12710597322128667,0.23310865166271125,0.2061985712779027,0.17670647424409133,0.150642335022866,0.13485632549157547,0.12276868254134779,0.1174817850279235,0.11849720972057498,0.22565956312865534,0.2021801648559702,0.17614919977987833,0.15386234566465604,0.1379621524846306,0.12354771423745059,0.11651872628731434,0.11508391729987152,0.21644038406922056,0.19627618918952472,0.1751501106623027,0.15661852805670323,0.1412432181042312,0.12590455315624044,0.11676313070762499,0.11356390871323693,0.20722124084292792,0.1918433021008316,0.1731822764608021,0.1585246546227649,0.14512676521144266,0.12975272389605055,0.11960672032061577,0.11509550754175893,0.2001046108590546,0.18681966202712158,0.17136725000457037,0.160565656466991,0.150555131779184,0.1352915753782727,0.12517460696436467,0.12013893343362002,0.19387913612064755,0.18366892218044753,0.17101211126789703,0.16160413179872454,0.1545776145196199,0.14004614320624315,0.12791919076183952,0.12264290381731824
2018-03-06,2727.7384,0.2610581271193161,0.22164948464034198,0.18410720739245212,0.15292052763838668,0.13674509269808138,0.12836099447637134,0.1288877588238666,0.1389307825283824,0.24312109914884694,0.21184465802398808,0.17789413453807504,0.14883657632496364,0.13361335048495412,0.12379411683950084,0.12080981515670655,0.12467382573614101,0.2314811648940132,0.20520493783174473,0.17508806823678041,0.1480166729545275,0.13363335824679456,0.12252806412555657,0.11762868731298216,0.11914795683924026,0.22407931877105053,0.20215077938869871,0.17632088410287128,0.15215873621073464,0.13740489580002904,0.12397562869815074,0.11729231182371078,0.11673851943201179,0.21618079250571035,0.19648176784894342,0.1765018769212582,0.15696788246361332,0.14253963836792508,0.12700826818724678,0.11863948761894569,0.11561241194882078,0.20750941452271968,0.1903311829450705,0.17475157018137313,0.15884479936793683,0.14688675402473866,0.13173602398837886,0.12294805936512748,0.11685118887937566,0.20150165701694847,0.18698960748565766,0.17398349925359177,0.161055408990918,0.1513273871619995,0.1371590191711638,0.12780215915860002,0.12001924064143636,0.19767090759436517,0.18559207674181089,0.17492407060973303,0.16436357322459927,0.15614964473673867,0.14334579777804302,0.13382289143419293,0.12498173584229195
2018-03-07,2728.4155,0.2574456635175509,0.21919543680634512,0.18089968973638837,0.14943042835979198,0.1327739183413014,0.12288212288655206,0.12271331920050976,0.13813417730062286,0.24083062031385605,0.2077865885111819,0.17469410048478606,0.1453000660754607,0.1300793040611785,0.11954932107217313,0.11638670463357957,0.12288916650520237,0.22825801189148312,0.20152243923211138,0.17264095966961973,0.14607613934969618,0.1311865611756719,0.11910459826335669,0.11424096629445357,0.11757096627553966,0.22170356209444794,0.19908677712773537,0.17379631621283081,0.15051801879482044,0.13540585669426208,0.12118371638230944,0.11412442322917823,0.11358705764546725,0.21547296716793338,0.19571555603496277,0.17453705639768877,0.1541581360695158,0.14015153997630805,0.12537667188895715,0.115761895575516,0.11212437420196959,0.20694312773603196,0.19140509506717956,0.17415824217100362,0.15762207534874076,0.14396104466359502,0.13064186627772856,0.12092159144667125,0.11532703599878277,0.20068543061964408,0.18759016719758576,0.1732101427856651,0.16231351764723415,0.1513244428665794,0.13678969310714123,0.12595241973814517,0.12039693623605534,0.19825289232015977,0.18433128932708823,0.17320988329793033,0.16496340464167758,0.15684569757917938,0.14380099321710585,0.13069850073674896,0.12324905769553392
2018-03-08,2738.0141,0.24804251584282774,0.21048350655764864,0.17242081143655474,0.14202603078106874,0.1270523405312809,0.11956351994307653,0.12073777977672767,0.13865027310686884,0.23011298427478413,0.19923327550272243,0.16604100069575856,0.13797410758817855,0.12414195771125633,0.11569869934506019,0.11395294637377709,0.12121744502418323,0.22028378372378218,0.1942572993748235,0.16520348804442508,0.13929848319121732,0.12576991976747315,0.11558988851353548,0.11168081231592399,0.11528772320948057,0.21478780116280238,0.19314737122395204,0.16758048172765172,0.1441874106030856,0.1309877170057466,0.11839106274745681,0.11166275417082401,0.11201262049739673,0.20889797351476813,0.19200790614216662,0.1702318837133806,0.1482986918571836,0.13551655642796281,0.12179914800213983,0.11362347051901785,0.11065024886738156,0.20202287815786837,0.1893475154983768,0.1717815459930258,0.15248379308051388,0.13985807420967766,0.1261383165989154,0.1191285545890761,0.11444292706421295,0.1991366711666961,0.18545561246988615,0.17171214824465428,0.1580260082961848,0.14774238550399144,0.13545147562356064,0.12565236217340306,0.11929699841283777,0.19634455097279618,0.18223637684599672,0.17184278517574403,0.16047537572491077,0.15159043930098143,0.14219588772902986,0.13008243721265292,0.12166689889346047
2018-03-09,2787.577,0.2263224081331552,0.18392523080310774,0.1437299657269949,0.11922182641355138,0.1109485931273366,0.11022601211821048,0.11904773014905597,0.14416909159707433,0.20909779851016158,0.17354889808997584,0.14159665445021935,0.11883695419761378,0.10929739114926637,0.10590260351149157,0.11037158977652653,0.1258896745676678,0.19983541561217347,0.17149113213455122,0.14438315395504708,0.12209254841511771,0.11106181704318004,0.10480195304512092,0.10563889929247473,0.11580561533034214,0.19586404869326463,0.17316842266244015,0.14933552150905763,0.1282581810221498,0.11627121591720001,0.10699280612559496,0.10407916093729569,0.1075497506505413,0.19368653216773704,0.17453358497643182,0.1534849597334957,0.1342963027123802,0.12223074865663765,0.11002435569945672,0.10446008561306544,0.10366461344230038,0.190508652954468,0.17466681297030293,0.15731833270163814,0.1402593516698882,0.12981118074627773,0.11698646018774579,0.1099143644771415,0.1058971093471442,0.187931329188469,0.17456853415509813,0.1610032018550585,0.1469753649763462,0.13818846510615948,0.12643559892420558,0.11840157058731257,0.11178638954336476,0.18688323490305897,0.17369985971695603,0.16282786974797497,0.15194378300211148,0.1434018464524579,0.13299799852274138,0.1241094154331569,0.11644356933935332
2018-03-12,2787.753,0.22723711103845842,0.18586456714682634,0.14812155793170317,0.12674950073659313,0.12045978372970761,0.12008730080679222,0.12549749506633007,0.14243083669231676,0.2137952907022468,0.1792323833134926,0.14710932992722253,0.12505677307652588,0.11646585292118898,0.11278268460095536,0.11357384627525183,0.1227445980743314,0.20783308981418627,0.17968663391794792,0.15121591543507984,0.1284406579923184,0.11780193460769994,0.11078699679486934,0.10886826281630937,0.11522345158777435,0.20399847423972753,0.18050919612582084,0.1564423591501324,0.1347176922703163,0.12273039300290298,0.11182872718908393,0.10695431226671734,0.1082845465614414,0.20095989630760344,0.18073136532840345,0.16106962101414884,0.14133902761126801,0.1283994536534461,0.11433387273181203,0.10693921046920717,0.10564349818193178,0.19712184893146117,0.18096355784656615,0.1633707808220277,0.14677464945713825,0.13398165353486685,0.12122835804598493,0.11184624398853779,0.10715041167168371,0.19491957192794185,0.18023364680209653,0.16417805724119436,0.15137482378162184,0.13993883739462196,0.12813123726786907,0.11973177856050973,0.11382025357509618,0.19326493263841568,0.1775366651063242,0.16387151427665622,0.1556926336617235,0.1472793634542466,0.13510435054888667,0.12594579683172843,0.1190974624453057
2018-03-13,2767.9354,0.24049826045198106,0.1985080304575607,0.1584003435004469,0.13207998878635133,0.12119219841093995,0.1167505715201377,0.11972713286087684,0.14008902408159565,0.22352203573880847,0.19035115027995375,0.15666749258140453,0.13138220540109072,0.119405242106982,0.11312395197664005,0.11313967752027555,0.12174522786314398,0.21636191372700708,0.18926905044015974,0.16022189670395598,0.13525542603413818,0.12223709793571469,0.11368676764351085,0.11088304195356466,0.11568361020034428,0.21068726911321628,0.1888684371977694,0.16433064673119493,0.14089555368370674,0.12749730979124363,0.11585458569815162,0.1097267977475646,0.10969235574432759,0.2082101641241767,0.18787574933591997,0.16687602595605044,0.1459061361488994,0.13264373489999243,0.11880021167861206,0.11045430858399757,0.10754739449285924,0.2027561196815548,0.18623006575877157,0.16878386070087467,0.1495775849926273,0.13754877730774864,0.12389354433217792,0.11500745890155004,0.10986861795248126,0.19769810915902988,0.18446897262991388,0.16978483617739037,0.1540345681264,0.14361186021341554,0.13075349727264696,0.12210189757776599,0.11551988683717915,0.19435350458014977,0.1814564928936301,0.16891949283160101,0.15757891428984247,0.14901186325519847,0.1351327134497566,0.12650579495349257,0.11886280215891823
2018-03-14,2751.2083,0.24992355268633906,0.2059014916198233,0.16564330279710834,0.13478555094336883,0.12069247632053584,0.11455224523321339,0.11742650463579109,0.13283566444559167,0.22997765328316183,0.1958167451156074,0.1625056962568646,0.13481423503142675,0.12027049832810952,0.11227032639251011,0.11179597177534331,0.11969829602462918,0.22174826664578515,0.19425735973316818,0.1657461483176451,0.13984859498215374,0.12499087323685226,0.11473755167664132,0.11144105322914313,0.11491070570489563,0.2159005255312125,0.19403970838393955,0.16940911673451234,0.14588671176287432,0.13159536432106753,0.11868996385617497,0.1122492684314407,0.1113477491203516,0.2133910563326557,0.19502759074820056,0.17284021858539053,0.15009968765017345,0.13710840867553403,0.122705935414123,0.11348791258352368,0.110327750828554,0.2091203218407471,0.19448163583809694,0.17506307484327466,0.15416279942087588,0.14249220930361875,0.1273684681681326,0.11670320455810759,0.11187941390996525,0.20193702569101143,0.18981406662494363,0.17329033901822052,0.1606826668109058,0.15092078738444265,0.13707380294911353,0.12455229581940451,0.11748928964552784,0.19873445950955762,0.1873513754784293,0.17194651096791244,0.16297457808964896,0.15436267261558198,0.14322196074271573,0.13098269237140098,0.12277938221307425
2018-03-15,2751.6904,0.24631373537853046,0.19668920161045758,0.15357388433321728,0.12386772844590895,0.11070341709266925,0.10562146115924274,0.1073029410175395,0.12004264817040744,0.222332856182249,0.1874007927697382,0.15280480961956228,0.12584791610339455,0.11239611858639664,0.10524503662819233,0.1044895694752194,0.11152689437318536,0.21475983958284048,0.18749076373121015,0.1580937454064734,0.13202964503597456,0.11789444618338482,0.10877208754196717,0.106276924971969,0.11007634248255842,0.21003150182155886,0.18775625733086482,0.16342119330196206,0.13979849372719821,0.12528118077820202,0.11378786934567771,0.10910601488284563,0.1091186476043937,0.2086668195753983,0.18908696952067017,0.16814489726271056,0.14723903611055658,0.13237615279507753,0.1178657043239724,0.11096596399163959,0.10900307935441697,0.20573214811511029,0.19025125180908464,0.1707465790686506,0.15394091427637402,0.1399660473655924,0.12343745361204843,0.11507712615612584,0.11196743096323422,0.19930167371719335,0.18899127862399742,0.17163842747822092,0.15996913555072284,0.1509173038638472,0.13442104520548553,0.12521284398704963,0.11910288078981156,0.19744777559982954,0.18848179292173742,0.17230645113629622,0.16203343111981516,0.15590727928609344,0.1408348048394931,0.1316799292849576,0.12426977692530458
2018-03-16,2756.9449,0.2409711894423871,0.18867189446434435,0.14368707312474585,0.11401529396299832,0.10159478955372168,0.0970744459097612,0.09951637734675907,0.11712570107196568,0.21833051554316843,0.18098547403555013,0.14505821278911615,0.11799662039725586,0.10473864363192292,0.09851582134481393,0.09939015001536033,0.10949449130367934,0.20940453828669195,0.1799065133918147,0.15043950723898972,0.12491184160117517,0.11128364984921252,0.10278189907729118,0.10175489902924363,0.10786721140172424,0.20324451970384802,0.18016883250089438,0.15647102949693034,0.1330488965391451,0.11957846213480766,0.10816713482155776,0.1044347283745913,0.10613384988031233,0.20117398532655278,0.1817622750543482,0.16226258844468947,0.1408303111862298,0.12753574337567392,0.11339691864282055,0.10670422403323407,0.10574476821082655,0.19866929811333234,0.18474538845387442,0.16612309324142963,0.14797412530831444,0.13644040312773892,0.12139541326451095,0.11226011805093034,0.10842147937372086,0.19564484005311492,0.18506852724249945,0.1689348804378224,0.15523623866724706,0.14637328048432582,0.13283274745421708,0.12131225940650983,0.11489724388044137,0.1943820726308387,0.18362766687396798,0.17002956458702442,0.15945810152376108,0.15144243852890907,0.13745656343674792,0.1251199256820318,0.11856577921364345
2018-03-19,2717.2206,0.2845360829907381,0.23855389435234745,0.19485326961968746,0.15722784869228332,0.1360141565770618,0.12156753982835108,0.11687394118268914,0.1267698494698159,0.25412728151727804,0.21879136497438237,0.18408785814285064,0.1518478015482255,0.13215265179230495,0.1181031724210137,0.11346723496354917,0.12005598926382867,0.23810332002379014,0.2088474579249638,0.17885859777642527,0.15093415440226118,0.13329290084361844,0.11905844230964181,0.1139294270529788,0.11743014500357417,0.22534338339807944,0.20293624645663036,0.1773160191791801,0.15347455380651467,0.13812654553441117,0.12311792829004746,0.11603132225111011,0.11595963606691412,0.21833834060640975,0.2006488389676828,0.17808246477060047,0.15736683025985404,0.14340357655362745,0.12752472888967933,0.11793975500404046,0.11513909640976654,0.2123689407081376,0.197298330977158,0.1787339872326787,0.16075358125911077,0.1486191610637685,0.13303835255913582,0.12158112347970262,0.11579841413476749,0.20354970115694698,0.19162918449919658,0.17888319854248078,0.1644607304613211,0.1547113954432883,0.1417147029035543,0.13127895655955746,0.12279633212599929,0.1980026400464133,0.1898947094960052,0.1790490209691657,0.16671054812439973,0.15837087985103415,0.14613761432944805,0.13652979367086493,0.1280398907968727
2018-03-20,2720.046,0.2739208458463036,0.22792952595358038,0.18672876303221045,0.1510502391959119,0.13121553035081937,0.11868797591809743,0.11542175066018322,0.12326774741916269,0.2509247517508388,0.2141131590071398,0.17986661874941512,0.14876919064514782,0.13022925382289824,0.11730538794240171,0.11395369657142213,0.12085162782056072,0.23651897585827236,0.2055364306387465,0.17640273244098642,0.14913430023718158,0.13186068384635996,0.11822203189856659,0.11411049306567715,0.11814609064421576,0.22379708311536134,0.19958163142510452,0.17540922177075466,0.15174130489560292,0.13636674060465317,0.12124265968494934,0.11518257687721183,0.11578184371963031,0.21504143806905773,0.19746703657936412,0.1766716472153555,0.1563262606222056,0.14202475622713717,0.12522540574793167,0.11679622202845807,0.11427742277840316,0.20869979470628228,0.19594054565784855,0.17861782415985683,0.15891563706932377,0.14586533946612745,0.13106137192546366,0.12028212379266949,0.11501271790025203,0.20264132083386266,0.1904281500264639,0.1789935738327997,0.16223599902018215,0.1517473393004183,0.1376837631572959,0.12632904323140162,0.12048626657396404,0.1979684933786892,0.18716572098851672,0.1791483944851468,0.16405266510080407,0.15691216186430398,0.14465781000079722,0.13193687998998826,0.1257325758353314
2018-03-21,2716.1372,0.26157544133412575,0.21784798471562825,0.1798371901320667,0.14671770657864083,0.1276351206725354,0.11584920842652947,0.11331899701720387,0.1274002211848934,0.24173694395552428,0.20878698615672298,0.17656591673410085,0.1462957729153726,0.1275515186183546,0.11490875799124757,0.11235677453674307,0.12642380098512956,0.2309226570906009,0.20237605636316713,0.17419506034996884,0.14659217312177775,0.1295214689038675,0.1156726378659093,0.11153181452867565,0.11956304620503654,0.22077498017427977,0.19799971347395043,0.1728109875199497,0.1489618024199116,0.13410382494351436,0.11847585510778236,0.11175361253011418,0.11276525609440616,0.21452819001703688,0.19675037327742134,0.17332710119080214,0.15216058542129976,0.1398168459705771,0.12282122896057321,0.11262113664458191,0.11095557727554918,0.2078436196978045,0.19303581450927787,0.17426647581513838,0.15614059786058432,0.14598709539136728,0.13035149986599118,0.1152115473384579,0.11193680877465421,0.2009638090997982,0.1881272176209547,0.17400647206911504,0.15973691935914788,0.15248168531349435,0.14075553278887368,0.12525894549328154,0.1176991579837161,0.19683035524772685,0.18683802763073512,0.17409545924309813,0.16193421408268663,0.15630609805434995,0.14351378048176547,0.13140445235657533,0.12200282438211799
2018-03-22,2646.5628,0.3161209345122268,0.2800934126505289,0.24072440076397647,0.2026338437007519,0.17726411865093097,0.1544645968125301,0.1437430701165049,0.15087234139808292,0.2947738221993957,0.26260928072301165,0.2278780034740741,0.19428077928972556,0.17097915750452622,0.1493090480968214,0.13807173435822165,0.14171327487056945,0.27430830423579894,0.24657582835615027,0.2171218422731374,0.18729619306473774,0.16647112262346384,0.14603804084341748,0.13429457333163594,0.13454551792257918,0.25555802920130416,0.23268095619467905,0.20769784439822372,0.1825023955111875,0.16495649143552618,0.14447439986136074,0.1314756243096436,0.1290343774391317,0.24097278343995424,0.22213072018343585,0.2018514554774607,0.18040020813711372,0.16577846151163728,0.14530416011917283,0.1301594372603965,0.12526248188194689,0.22736139775864436,0.2139789732787786,0.19887188274501874,0.178587165491019,0.16525523637789244,0.14803734964884643,0.1324202368617464,0.12412995338805408,0.21661816208850027,0.20552304121261897,0.19198336079371997,0.17533364480680633,0.16547752144661915,0.15223493210144887,0.13909378335745476,0.1279461392601274,0.21059771723807919,0.1991220684336635,0.18791291469442042,0.17517948780507397,0.16728607709768892,0.154579026121126,0.14326966096656427,0.13092944365630432
2018-03-23,2591.1228,0.3396055584451509,0.30424343886761146,0.2684556234826302,0.23327228051791424,0.20732725657275566,0.1815830258217035,0.16507197241701257,0.16915182191245073,0.3113735850360025,0.28204337492437287,0.2508905638983,0.22027358937611216,0.1964170775507127,0.17254149230825477,0.15725554742327288,0.15748187274981473,0.29044867986483847,0.26499364664124964,0.23692782971343912,0.20984373387503105,0.18887552984727915,0.16697500363172263,0.15236416660148178,0.1495873179065217,0.2701500782166255,0.24909401028955938,0.22563239004613966,0.20223541296329173,0.1841831802791286,0.16349994182156885,0.14896912930675238,0.1436596091706175,0.2539141804984341,0.23676132018533366,0.21885558871806465,0.19807113439923077,0.1817275789050688,0.16190773768580186,0.1471286996079304,0.13972586705652332,0.24023495868178532,0.22678392658509264,0.21235394741654862,0.1949919711685842,0.1803644192793135,0.16110015997479377,0.14732400778733806,0.13805740745610967,0.22580421293547898,0.21550092429965653,0.20385386438179362,0.18948394079485772,0.17778402320221245,0.1630078681459056,0.15008236100742828,0.1404546969473807,0.21852752820186272,0.20981745486262393,0.19941066830010076,0.18606478526719827,0.17679783339830332,0.16581732486633394,0.15277371968312736,0.14310814925440526
2018-03-26,2660.2287,0.2809042713259285,0.24914865502967712,0.21531079179773852,0.18596663428345678,0.16757956291043485,0.15268369674497623,0.14717666489940592,0.15412315736832596,0.26478131815894496,0.237188786159218,0.20722865293822024,0.18027379057702003,0.16266524194303605,0.14745281177278893,0.14157618796206603,0.14801089580788232,0.25227905669036077,0.227924777128979,0.20106209881256512,0.17623447068513406,0.15925575763029642,0.1436752665646734,0.1362649317301719,0.1382865870479219,0.24177223090816347,0.2203032920256378,0.19649781581447717,0.17490768668859913,0.15895086585654922,0.14257587889450815,0.1330763126916698,0.1313162381913401,0.2324899970096705,0.2152262155801567,0.19418708424789663,0.17492306477773523,0.16009653377072156,0.1427796373874455,0.13156671262417272,0.12750336881219215,0.2240072662047285,0.2091771763404155,0.19226822350563466,0.17546772881840464,0.16214034780537745,0.14452747619623388,0.13297201342296736,0.12729965404675186,0.21387068816121527,0.20076362773529155,0.1884205806125881,0.17673105188212745,0.1658674125581209,0.1508480967097507,0.13812528324789533,0.13094970219578053,0.20735771688415472,0.1973199930088342,0.18673129707605357,0.17714715482787544,0.1679024733801214,0.1555997415010253,0.14166772043290018,0.13319402055611912
2018-03-27,2608.0535,0.29397074646280147,0.2676937716280113,0.24063059589601252,0.213803136899171,0.19353565894898156,0.17401868883048363,0.1635075837099093,0.16608152853161554,0.2813815563069543,0.2574537499019714,0.23218727516185006,0.20699885672552326,0.187140146030961,0.16836370776205298,0.15774988730759557,0.15827861638930807,0.26934897427382465,0.24797715212158883,0.22417191398663072,0.20037682855480488,0.18156724682992242,0.16287279201054253,0.15104221261267958,0.14824798403245049,0.2606232229235476,0.2401161123405931,0.21781253281862836,0.19609884323078497,0.1788222800879734,0.15980295831537217,0.14669091594587627,0.1415119135835747,0.25087314133517863,0.23181972612876894,0.21309031121179697,0.19417464649351382,0.17734674301301456,0.158581889343833,0.14498734370594918,0.13708597032982392,0.2393063142366032,0.2243924893917778,0.20747489182029596,0.19147883584909603,0.1771879985126482,0.1592230994608259,0.14592005432318617,0.1359169648367653,0.2280412093159851,0.21400950474565675,0.20070829728079956,0.18797243675875047,0.17720050651667174,0.16428905132271926,0.15063418654326446,0.13969404469097543,0.21962624168329828,0.20926648578859572,0.19730138556529903,0.18667314068685503,0.1775081598788172,0.16733467944610975,0.155125002658951,0.1433880008170133
2018-03-28,2607.3368,0.29239866778753815,0.26592561658906166,0.23851627373778475,0.21262832684424116,0.1958240771500644,0.17991075257844272,0.1714929441528665,0.1754328600981416,0.27697556676469504,0.2530063440965223,0.2272431223573681,0.20404268294195727,0.1879268857172509,0.1713561398450983,0.1623525280083178,0.16388109954490065,0.26457767492161177,0.24240931028343846,0.21919240706660711,0.19789249094137526,0.18192417407946393,0.16431309157650942,0.15435956295853415,0.15216369837335134,0.25607925592923475,0.2357989320076909,0.21538339196237144,0.19491758741409235,0.17938564127623896,0.16164137558920952,0.1503533270108265,0.1459396213422043,0.24703824866484772,0.22947032903132886,0.21182135093472715,0.19307170388932274,0.1787728619326074,0.16217204353343448,0.1484158687216983,0.14058423611209023,0.23576936983184424,0.22200100842652837,0.20720148908352498,0.19120797700157355,0.17949332716902797,0.16441314378403588,0.14894596468684776,0.13864503315691357,0.22407554721144715,0.21420276455257173,0.2017640132698396,0.1881541917261036,0.18000485246323825,0.16675914125028032,0.15439005996744362,0.14416453449878888,0.21879306295049653,0.2108408170801965,0.19895604239325212,0.1873912106877544,0.18002885481186992,0.16803046565314653,0.15828143752759058,0.14924462278060546
2018-03-29,2644.4648,0.25987456779825807,0.2311534697705402,0.20534018961301306,0.1849310478126724,0.17287937481969487,0.16227390135587186,0.1573861619800317,0.1636984106053718,0.24767653905192627,0.223534737483337,0.20017932683262318,0.18038123398094916,0.16795979494666627,0.1565591285161444,0.15087607979151083,0.15442142169861522,0.2372666531362965,0.21685482255558497,0.19572053380852214,0.17655220420782436,0.16367120433353047,0.15068911925187697,0.14374739513420734,0.1433079492216972,0.23210730225095313,0.2145947377815115,0.19470032558922287,0.17659106229011512,0.16361644275796403,0.1488773858973699,0.14058219725252014,0.13802014974949797,0.2266168819933676,0.21208429712970567,0.19428360212547785,0.17736450702361706,0.16439347975985977,0.1491335173298195,0.13882627411442053,0.1329792610735459,0.2214957499243499,0.2096854483420854,0.19362952004346323,0.17818394818179573,0.1656567680792306,0.15085893180892793,0.13915493206639315,0.131296321809131,0.21475036699528416,0.20347270349590457,0.18996008689389965,0.17886720396500264,0.16956787236065818,0.15714153370922324,0.14444449476143142,0.13549614783370767,0.20961106321059667,0.1998541181305141,0.18967979362654389,0.17966388220002946,0.17165105708576056,0.16115225919412574,0.1502663985805696,0.14112876657944318
2018-04-02,2581.2907,0.2942323190522002,0.2704086823530324,0.2471840045872454,0.22648764761757456,0.2121777117439181,0.1959907063794186,0.18403342242645027,0.18208181455016723,0.27693248975039436,0.2556292418397807,0.23362077602479994,0.2144674211909049,0.20030098329944498,0.18396202361907305,0.1725704346486988,0.16960009126599632,0.2644067659751687,0.2449187065406226,0.22409740067061545,0.20503153190095835,0.1906049089404139,0.17422404738559652,0.16283582201409755,0.15925081750277134,0.2567743438244607,0.2393957578109726,0.21963335748505747,0.20081828733005913,0.18689997417232787,0.17021466407640876,0.15694243274969635,0.15166633971920523,0.24729328870753617,0.23309560874156574,0.21514680538047695,0.19825339305057935,0.18486951189603334,0.16842001608764326,0.15320769342854518,0.14502046001146957,0.23670800606295678,0.22535015137992354,0.2102470345053804,0.19562009343744385,0.18306970506777287,0.16839593574742537,0.15340722093696002,0.14338660266437667,0.22747882739477635,0.21731948149059915,0.20386149249628646,0.19177610466110775,0.18367683048193567,0.1713398086537843,0.15780895297458036,0.14703533087586007,0.2200401248407354,0.2116397900801406,0.19965028882948613,0.1906395517375344,0.18425921180547525,0.1733309285433361,0.16140125341724063,0.1512093545633389
2018-04-03,2614.7342,0.2766135956055409,0.25246604307572185,0.22883518015786192,0.20819774725437876,0.19322768701337362,0.17586412942907495,0.16280410699931852,0.16115472561447322,0.2588227269816461,0.23814205888767334,0.21732396062522086,0.19757421984856677,0.1831499018692729,0.16665513405103263,0.15520823058541572,0.15201858104466587,0.24858630191136458,0.229598946442759,0.20931910937102916,0.18944601874483208,0.17537842344437707,0.15965528239766966,0.14909054088098078,0.14590178738906492,0.24312781526257266,0.22557782269511978,0.20553670071469876,0.1868804114633671,0.17280598620542645,0.15653038457622045,0.14491757522022947,0.1400594585267558,0.23692533920627834,0.22127064115920966,0.2014567116684913,0.18612975868761494,0.17286976177880298,0.1558799823157601,0.14207438215276305,0.1353404632839981,0.22894513863225693,0.21457579329715074,0.19805415996801137,0.1857937848600535,0.17309082042637627,0.15782768831322264,0.14378011863075238,0.13502338369187708,0.2180947871875694,0.20791059571581272,0.19470608038692147,0.18437882131414943,0.17419385968788184,0.16126068173696137,0.15025366071973123,0.14036744910364504,0.212233477602325,0.204211874854549,0.19208731542661148,0.18326890041849,0.17531821298627895,0.16379537975718617,0.15356981368715733,0.14373230888729124
2018-04-04,2648.6839,0.2700715078957684,0.24202564081387062,0.2160884572716334,0.19507788337378013,0.181049504054704,0.1658425097219143,0.15585852978106496,0.1618361271397732,0.25326443242946745,0.22972955615296592,0.2060902032870564,0.18549064967904288,0.17132625125033016,0.15716761797411635,0.14792988567860035,0.14809813213874765,0.24366636842156278,0.22237424366284006,0.20024315147428462,0.17967145412503227,0.16496553775285777,0.15075713490238318,0.1422369001748896,0.14135028950136477,0.2360374571742135,0.2170204823031677,0.19730069693029845,0.17832654969466805,0.16371635554252656,0.1477173519432566,0.13784797495652576,0.13520973603601902,0.2291993491159962,0.2128889583829821,0.19483463956447736,0.17827717570581353,0.16398361035037265,0.146621623511057,0.13593962664543977,0.13004366848944893,0.22277548628317242,0.20824859982974567,0.19219662119953418,0.17824899362283486,0.16516665509502512,0.14792263929088395,0.13710701212161955,0.12976565211691818,0.21428980350916638,0.20104990662843794,0.18890346967385413,0.177997292315154,0.16759098919539406,0.15323829003265066,0.1423209963347047,0.13399882122889223,0.20620212498228338,0.19683001153658358,0.187407334607899,0.17867384840156916,0.16992224743524265,0.1568117309169709,0.1447524592013801,0.13658686587221391
2018-04-05,2665.1872,0.25389823201808803,0.22821989313501784,0.20227294882664942,0.1787145667377849,0.16309433304223261,0.14794438877112562,0.13982569329755098,0.14926097706850888,0.24042646221570302,0.2179007006326259,0.19442164381578497,0.17170566558718933,0.15705657072031876,0.14281706998976676,0.13428030498451013,0.13603316417803715,0.23370868237192088,0.212768008357236,0.19038543089609217,0.16891840943629835,0.1545625609617139,0.13988614852730036,0.13107402440410834,0.12980109476855062,0.22805854404923248,0.2092633299941576,0.1888364304886888,0.1691558247907797,0.1540867620708677,0.1384258444608327,0.1288405872038562,0.12491224809092766,0.22176220571552,0.20589900415774048,0.1877485649271766,0.1695482064969815,0.15483676719800554,0.13854417824474974,0.12852206419240694,0.12232432441013162,0.21627606240716807,0.2030327658693352,0.18659481567560054,0.16972037091592176,0.15785525254179678,0.1415206192919491,0.13085279683718654,0.12389989441160668,0.21013308009757586,0.1977769874618089,0.18467675569907235,0.17079466279463393,0.1623274848783309,0.1492302806202562,0.1375392557040476,0.12922257464796247,0.20596535648258388,0.19439365814477863,0.18371662978148087,0.17205129036472713,0.16391652992387654,0.1535337133388273,0.14255217298602815,0.13275143690278285
2018-04-06,2606.1221,0.28292627076642257,0.25359874273125244,0.22685081807403928,0.2018859316999259,0.18406272681469454,0.1671022820307068,0.16126463255534515,0.17398051027448094,0.25991873278197114,0.2374471985728301,0.21516258876983343,0.19284024736444483,0.17614902577353334,0.1601014784132212,0.15228124074765426,0.15558289332672504,0.2505429378079777,0.23056471917362734,0.20933971280505917,0.1885789299171757,0.172849094798339,0.15716737593083102,0.14801113685622383,0.14813543416134323,0.24415189343891683,0.22591956236499966,0.20612640076643057,0.1868870639322969,0.17227931169311406,0.15586702017898937,0.14448038947095015,0.14185173891988007,0.23713223193222285,0.22101359405143728,0.20404687383471237,0.1856553324190211,0.1715485001753032,0.15502194345287498,0.14314617301582366,0.13655769093638892,0.22943518228937257,0.21500065904992888,0.20077706758330394,0.18420275716513848,0.16998787433908522,0.1567605753773436,0.14554492262944385,0.13398263788241907,0.2191460243563444,0.20694726407315264,0.1952360440926289,0.182708468643143,0.17236678371903622,0.16025219573934338,0.1490132550806757,0.13734801844577854,0.2133584998931126,0.20305453534380088,0.1922239238292911,0.18194895574918574,0.1751014390972431,0.16414977746947187,0.15124552369276795,0.1408429088689976
2018-04-09,2613.9792,0.2834009724442758,0.25939190393166645,0.23511695815393094,0.21171862020044305,0.19526623864983667,0.1784078069207892,0.16670510929405696,0.1667362086620725,0.26331689126414554,0.24269860123499026,0.22097216843641482,0.19912601940200525,0.18433220921791446,0.1691543531739891,0.15848579508882463,0.1553567487543409,0.25336573612117586,0.23476359461740248,0.21440449015835342,0.19336097249860704,0.17860228810835377,0.1630540198204883,0.15233577940289697,0.14909230758939693,0.24629240189898174,0.2283521148742754,0.2098894484872206,0.18978082866007373,0.1749339032654071,0.1589785562009377,0.14744215149292256,0.14272554789631922,0.23840035395391213,0.22282442447683265,0.2064182911500507,0.18777938850386758,0.17255882238331557,0.15756880192132897,0.14495826555277874,0.13705877608932876,0.23023418825208214,0.2172790179601575,0.2016370838995587,0.18474945165199858,0.17090717485739215,0.15851623215326982,0.14455231951693856,0.13503127908879212,0.21996032335937468,0.20870958724418245,0.19400531617406658,0.18172656561322723,0.17340903888419135,0.1619982296487329,0.14874722090721876,0.13768365372016309,0.21149364666078926,0.20333897927677186,0.19242674039438648,0.18189507717406422,0.17538545713230153,0.16494216099248288,0.15365810654020295,0.14194649424922176
2018-04-10,2656.4648,0.2635577843904223,0.2373974751731597,0.21203437698127864,0.190029808795209,0.17635942745312697,0.16329783751766933,0.15714839351274265,0.16329822151781928,0.24812990422364012,0.22656498401049083,0.20353105879179303,0.18365250733501706,0.17108424572159894,0.157633602676902,0.1499177602065158,0.14988014252183368,0.240378740704355,0.22041711232366704,0.1994768176590136,0.18053177625267797,0.16765263102770858,0.15321178145578188,0.14521672933674995,0.1440461095273014,0.2337589702662048,0.21598542032450474,0.1970463072550286,0.17851419146610822,0.1658178736986734,0.15057726477820077,0.14138667652833656,0.1383251766624531,0.2276175004237853,0.21318253147063151,0.1958788675886948,0.17720741568573703,0.1652742943455217,0.14987436648279198,0.13933093369804186,0.1338019747326887,0.221083990288564,0.20833062004314193,0.19352898304019456,0.17721766325855823,0.16618063187060708,0.15147675717056494,0.13942667670199932,0.1321092099133596,0.21369515076776882,0.20291267420341458,0.1903426158119622,0.1780185855295658,0.16916404139158903,0.15774717566842636,0.14493778102905647,0.13584678115040397,0.21027091108039114,0.2003946852305563,0.18871645059541595,0.17794739679060448,0.17004306968419378,0.16090496160179285,0.15116129861638225,0.13954288035763804
2018-04-11,2642.9268,0.26414614949673604,0.23494136912428937,0.20765760384211068,0.18423518322894553,0.16901571466642737,0.15673394092069887,0.1521934532091501,0.15886947439463198,0.24808009356332822,0.2241656533983701,0.2015329377286832,0.17979785469968312,0.16575101042455428,0.1526933004025834,0.14592125273097306,0.1477861096932271,0.23992188904769005,0.218211551979968,0.198540359866171,0.17859205825433871,0.1646336902314477,0.15014206846073982,0.1424336153116645,0.14206936472321735,0.2330810001280021,0.21408385936349086,0.19627859976563197,0.17824716427795415,0.16505164598957142,0.1491025433710876,0.13903926362536395,0.13552346973970839,0.2274242573823012,0.21218259891526037,0.19539797402322562,0.17770780038076664,0.16615492178400315,0.14915750435834266,0.13685119980507746,0.13154071016392269,0.22078868053954617,0.2096181579524722,0.19431065966420993,0.17712176366334462,0.16793944937883498,0.15182826837174304,0.13763592068593342,0.13028852940110988,0.214255351289978,0.20409920669342294,0.1898251795206151,0.1776169812642836,0.17025337129287368,0.1583720728407152,0.14722184512094735,0.1338474151530483,0.2092506528567401,0.1990800973111323,0.18829700907172212,0.17779338459422267,0.17158180691452862,0.1614167878365764,0.15360076866586736,0.13997326618906078
2018-04-12,2665.1191,0.24695039609343575,0.2171483762439562,0.1895142845334631,0.16578686978288015,0.1522587209543416,0.14149081446810838,0.1384923322144548,0.15096711045670586,0.23331712800769072,0.20976415445004573,0.18605801299873834,0.16408610170022225,0.15157323862669964,0.14012249397672338,0.13458326863247058,0.13885666087011173,0.2262457796743069,0.20578540722999475,0.1845978493867103,0.16407263206780462,0.15202334445649077,0.13918891083428775,0.13199112291701623,0.13224852636122297,0.2220758557580414,0.20331921975762096,0.18437941163688604,0.16550994224288287,0.153585467120125,0.13898182390468683,0.12972108158221132,0.12670768025013437,0.21877205872245598,0.2018009523668311,0.18471173689586393,0.16752414627282455,0.1551608279616896,0.13959579648969603,0.12896124323533945,0.123835038570293,0.2141680865470896,0.2003355504927618,0.18466051674231843,0.16985223727501061,0.15851388531905627,0.141803662838903,0.13082006474973468,0.12469361443493247,0.2089583380070106,0.19697187844542657,0.1844587784070668,0.17199607387218285,0.16414605523301934,0.15004446247430683,0.13696008599857817,0.13029111448465683,0.20378275495304662,0.19482273055854082,0.18441521853926177,0.1737351975809321,0.1676726224385408,0.15706402102565478,0.14264180431855827,0.13547307219269455
2018-04-13,2657.3197,0.23509588422824676,0.20510158701151834,0.17755231323160856,0.15509456198132454,0.14184881307823438,0.13118903013561162,0.12980067809646384,0.14740182530398235,0.222864489473805,0.19882017117172887,0.17600569005838768,0.15481463147415675,0.1415144691631637,0.129997224211487,0.12577775127528637,0.1335039627246401,0.21686626277940776,0.19599181060389978,0.17563452008357414,0.15543215346010536,0.14218895026023792,0.13004404255085797,0.12422975824949485,0.12646456268809067,0.21419819567940657,0.19533209746090874,0.17578447124801663,0.1574479864456317,0.14447776989215969,0.13130460155566295,0.12320808884908861,0.12110584636577744,0.21231634320252382,0.19565474004064726,0.17558557249403398,0.15959325931210713,0.147893053410824,0.13396158909009812,0.12320747014382918,0.11795266946202632,0.20838500996298426,0.19456643468621992,0.17551179880099624,0.16061187962406512,0.15239028840967386,0.13940719540681312,0.12659890877352828,0.11858837005417662,0.20301111913181477,0.19244410054415903,0.1774455362084994,0.1626479011026682,0.1562043851473326,0.14545663633935832,0.13332785513606266,0.12398042034497438,0.20061122826249075,0.19305800695670658,0.17945870283565607,0.16720077097833214,0.16160589937903513,0.1515726416055798,0.14066275274266302,0.13007500989458293
2018-04-16,2679.7587,0.24815516112624497,0.20537594784405883,0.16846338446707793,0.14001602254800902,0.12613350303264365,0.1194836200252694,0.1253006107939298,0.14692179930967278,0.22229554705624321,0.19296322287920142,0.16452752676660068,0.1398023220544483,0.1264316087410434,0.11831780594415257,0.11947583676886915,0.1309841618309025,0.21146848888599223,0.1880995090585223,0.1631137864896935,0.14079617035771697,0.12785945013767033,0.11835884219822525,0.1167122724732121,0.12276302408073846,0.20607419168220817,0.18589366266454865,0.16398127015178843,0.14348632200211964,0.13117676729375474,0.11970838734877393,0.11496539254170363,0.11638890110883086,0.2034196784539531,0.1859079410277127,0.16638756199477533,0.14721643550601515,0.1365513359511192,0.12229995416541099,0.11447722423151226,0.11269563866755837,0.20065779782529758,0.18621658863112986,0.168783737526289,0.15168561516568002,0.14183964571654079,0.12633164747458314,0.11770528701397687,0.1137807367652375,0.19704918780803896,0.18410676396210657,0.17043806337083622,0.15929914902322043,0.1497445716425664,0.13494941175577665,0.12706514029450142,0.12055566390931179,0.19647254954272605,0.18251321201218795,0.17051447935496125,0.16356937803536664,0.15686662210282018,0.14121249560212612,0.13332394360093494,0.12605830775239033
2018-04-17,2707.8568,0.2369977285319091,0.19843479127804112,0.16030844594438143,0.1315365181054451,0.11915259518339891,0.11409663263149693,0.11989666782918285,0.14297261086403257,0.21652961533245887,0.18564124285335143,0.1544829315443549,0.12997729639875277,0.11823693522597084,0.11172645265778267,0.11356096425657627,0.1278564294381666,0.20472762920362284,0.17867377216074706,0.15220395301804748,0.1301900451275191,0.11838629674831173,0.11045144928113797,0.1095839251245312,0.11853041182330615,0.19766214588492215,0.17653256639270015,0.15374774320056575,0.13325436113162975,0.1209539831870181,0.11112066651963419,0.10695642788522591,0.10890784617343231,0.1947799794241989,0.17642002830397926,0.15716613746077818,0.13870149767559456,0.12653822752003233,0.11376176163809887,0.10651615934401201,0.10499007875014796,0.19241579108326162,0.17668090267111275,0.15959610398125304,0.1435305790245048,0.13265562677846657,0.11904801642633414,0.10997305041979345,0.10684735337459468,0.189512745622679,0.17751361599916254,0.16313404174182697,0.15020996051747532,0.14116431178256847,0.12894850996655655,0.11847617319670614,0.11246892229050291,0.18859587303548256,0.1783548539161767,0.1650316274200315,0.15429537754419576,0.14703827745333364,0.13695640606309897,0.12577656451941582,0.11733263883785523
2018-04-18,2710.0635,0.2265609931451428,0.19173844071449142,0.1563013269395415,0.12910479430271238,0.1160984123582981,0.1102440054799835,0.11593336947637034,0.13772214465739033,0.2109118829493654,0.18338266084192445,0.15281452116432082,0.12856833294053052,0.1157364128256714,0.10906543332090908,0.11276056335408287,0.1334239044030962,0.20336040142939282,0.17844806120692305,0.15144029682346344,0.1289467916829089,0.11622305012787293,0.10822387081955766,0.10843653920959857,0.12256801892431836,0.1979684829975142,0.17625285098440796,0.1535215656226193,0.13259620010302164,0.11943919934464739,0.10925626562375727,0.10531905289698226,0.10847488602557115,0.19511316815761479,0.17662926438327728,0.15590784164343693,0.1373292825440499,0.12475706918577543,0.11234998068165776,0.10477745370754221,0.10306645981861669,0.19197393922523612,0.17748693299127713,0.1578371378972433,0.140859723164606,0.13084950138438253,0.11795663687497647,0.10702307439651065,0.10347104054004916,0.18884886601429332,0.1760819909443049,0.16227197059540496,0.14787147485831376,0.13908860280405153,0.12672821786449606,0.11333392861615238,0.10788914692898498,0.18768615516092405,0.17579583087166187,0.16575420655643908,0.15493644096725775,0.1462734480723878,0.13466909982265005,0.12266493298334248,0.11515905156471443
2018-04-19,2692.9525,0.23272080446906046,0.1995215003674451,0.1661852011581432,0.13836583850798279,0.12361750198433029,0.11429733814841377,0.11471916091057799,0.13418435868316742,0.21647627211453782,0.18978643565371514,0.16219714827870488,0.13637854933025223,0.12217504476378539,0.11284483068643354,0.11174295293713511,0.12297732131434372,0.20838789211906086,0.18449390267627244,0.1604194185232387,0.13613755422574667,0.12178406497660108,0.1116699111563763,0.10874763766610737,0.11489034071320653,0.20402639321861,0.18301477615498632,0.16076526769380117,0.13879617491929552,0.12459264318526296,0.11261676335993827,0.1075647461373594,0.10993872521918491,0.20128162168443406,0.18253961292075543,0.16210312659753318,0.14214710938481248,0.12886506905326237,0.1149540991506068,0.10732838776416838,0.10578925196996741,0.19658499298968427,0.1810181916261871,0.16446957868549322,0.14601961425988877,0.1332738931939704,0.11991622179128957,0.11070822846242846,0.10645557329468203,0.19244347426001437,0.17874198610603378,0.16641971906314476,0.15359165388403026,0.14176207853742678,0.13003216847317853,0.11996347304005112,0.1121299231922877,0.19115878149840163,0.17772507675081614,0.1673729324679426,0.15811467229691084,0.14787290843557663,0.1347496180125302,0.12463274718261433,0.11601253448071656
2018-04-20,2669.3791,0.23862008302846135,0.20678402495966675,0.17708178446785003,0.15040498459746107,0.13409385899151635,0.12156913861971222,0.11835326111389391,0.13575127819290078,0.22530470961064164,0.19895641939311517,0.17257956394264462,0.14736441165344522,0.13174574378716458,0.11953838449125433,0.11600304311934569,0.13048445967904904,0.21716322477014124,0.19352438984272552,0.1698323176593644,0.14586381536086143,0.13086004122828315,0.11833328662366771,0.11324020819731132,0.12075846564662909,0.21172381674154991,0.1907613085094969,0.1689544964352092,0.14725538587093087,0.1329066446418565,0.11929818955133205,0.1121550236841868,0.1139615484152557,0.2066996137436844,0.18904127145767216,0.1688776627076156,0.14930593887168875,0.1364728963491845,0.12196619796072528,0.11200631790848749,0.10941478893351253,0.20147196397764994,0.1867614113837026,0.16931821671264086,0.15204302548344048,0.140881112311034,0.12583230025579573,0.11570958243411908,0.11007405468579205,0.1956411851680942,0.18447094855134163,0.16983497456626886,0.1564345802056695,0.1485251630049004,0.13380752787667186,0.12247952206795293,0.11471240417647979,0.19325685823107447,0.1849261628314314,0.16848922002592928,0.15900417855939872,0.15365443800998305,0.14082569849177348,0.12774498253544458,0.11871064325411863
2018-04-23,2669.8232,0.2312312705863334,0.20115250910774285,0.17284081439254945,0.1488521855006612,0.13391153110909187,0.12153273729798782,0.117356944302363,0.13150652864784337,0.21985392778208637,0.1945478504889427,0.16951556580063248,0.14586963283825896,0.1310928333572931,0.11892403057740529,0.11502167748970397,0.12688765175280972,0.2121642583031035,0.18971402961366893,0.1669966772573494,0.1442197160595966,0.1300657943938907,0.11739410019633659,0.11200372201184812,0.11731828716249894,0.20802839167282408,0.1879033519786477,0.16718652333201645,0.1458882415280066,0.13170003210331324,0.11819896779060332,0.11099019127518071,0.11189115432869355,0.20352829282203555,0.18666002527736905,0.1682616606745205,0.14829877384565443,0.1344927974247756,0.12037816040664767,0.11031168271800351,0.10723185199907212,0.19898166730982453,0.18559687019009316,0.16921912103303124,0.1504683080341958,0.13867355864343564,0.12444106671587381,0.11328129247879147,0.10858943371316834,0.1943926605518754,0.18351686204202045,0.16983872716518203,0.15580519725005812,0.1461813071309908,0.13165728906086918,0.12084851287654866,0.11502569826245787,0.19294261848706906,0.18193146637718113,0.1706476541272048,0.1599204703085939,0.14919723460667575,0.13508818971169834,0.12551042456916936,0.11898713337076008
2018-04-24,2632.0496,0.2454258179671478,0.2166882336459558,0.19141344546223768,0.16893210468722894,0.1532124798795813,0.13828976226116746,0.13153886910575474,0.13972531132355706,0.2323537771906068,0.2078161805590722,0.1849450497400711,0.16328059823003907,0.14754612088395522,0.13322540761632634,0.12673944523038677,0.13210438726515686,0.2228959748676956,0.20153004224545068,0.180362563581506,0.15921542273741285,0.14370993011745484,0.12947267875375407,0.12198266677106231,0.12332899023703546,0.2174782508883288,0.1982258190168846,0.1783834139552467,0.15830217158808196,0.1433010129507488,0.12879599979941547,0.11954854631161249,0.1176584429665136,0.2112513938813078,0.19437927909436706,0.1773021608821316,0.15907902637767862,0.1442434196904057,0.1301216252748594,0.11854649903991875,0.11299467018694889,0.20568505270076134,0.192345356921339,0.17725660046499414,0.15967054708126072,0.14636346405225337,0.13246206017826206,0.12097984104602787,0.11399324667245019,0.2002750091363952,0.18955264397254568,0.17673032456970103,0.16207185446980762,0.15157813427303574,0.13596111244098572,0.12661487933636975,0.11922308533413639,0.19618186119709247,0.18828269654834134,0.1762858507238702,0.16614129873564878,0.15750047694084707,0.13906618960263675,0.12997181078632966,0.1231599486118614
2018-04-25,2636.4729,0.24404366627065538,0.21660095139228483,0.19232646935208852,0.17030944406346693,0.15488492193027562,0.13910197029058627,0.12859194417145178,0.13059939831231732,0.23139338814565338,0.2074095864082298,0.18555108101726195,0.16438044017931158,0.14964302395877238,0.1345917060413674,0.12489308699837103,0.1260006082620668,0.22230672224290762,0.20162238690193715,0.18090779747311858,0.16019186449637474,0.1457684081032562,0.13096207880164668,0.12165027594637694,0.12026442462586039,0.21755505017056986,0.19892557075702216,0.17916136465282717,0.15953205966380357,0.14549917248037317,0.12991623699917304,0.12049488489907412,0.11727587798263805,0.2110623359957224,0.1955612365565668,0.17769246664489538,0.1601997511829941,0.14746942836715113,0.13062138336011403,0.11960482164267543,0.11422213054181261,0.20541806456782827,0.1934246341584212,0.17735246320571746,0.16104569270796157,0.14921644052098496,0.1341783240818339,0.1217164551836444,0.11586919637848156,0.1987712360460481,0.1891760480284825,0.17793019760932083,0.16358110971334217,0.1515686296382334,0.14065774838675862,0.12955703925153864,0.12088250564810339,0.1950547199890659,0.18735129027195643,0.17839118779635954,0.16577005556133775,0.15495312827684982,0.14501571740003952,0.13350137329491768,0.12427573151999949
2018-04-26,2666.9596,0.2294087246226849,0.20040132034798358,0.17280560779405144,0.14872157912291983,0.13414445997693372,0.12265840266699757,0.11830220567912648,0.1292982811412966,0.21744419704681267,0.19321861442542695,0.1692650312010476,0.1466194808431805,0.1325285018062761,0.12083831853653187,0.11586353586684314,0.12318482098592021,0.20922099051168863,0.18858169066190514,0.16668719781494917,0.14525378361927313,0.13172960962656735,0.11982717286502426,0.11395959796365428,0.11550083152657525,0.20603639284375969,0.18741747693526117,0.16679089454291265,0.1474135757117332,0.13385959467296502,0.12047059671995894,0.11301828894690154,0.11079605868335307,0.20125791233289947,0.18552290549027964,0.16703095148218414,0.14975242785769302,0.13769154507173392,0.12112642954542698,0.11147865092099586,0.10778733070128127,0.197216078357074,0.1841896566686346,0.1678819666082838,0.1520162678798234,0.14193376039782965,0.12465311560477417,0.11381015449305013,0.10992544142275716,0.19212196485524222,0.18279556822144297,0.16863551869377902,0.15572532610261539,0.14793591291800312,0.13263394406700202,0.1205178493793311,0.11456079353203662,0.18964652533883303,0.18257045721099582,0.16812683669279854,0.15865677638837355,0.15157869575708988,0.1404499203302241,0.12574347434071872,0.11718383677779522
2018-04-27,2671.7984,0.22313245484215402,0.18867873006844937,0.1583148530884717,0.1351187223718203,0.12207079503304141,0.1123668408176922,0.11047001277707609,0.12951326284189432,0.208761243586572,0.18278791206561804,0.15771631607477285,0.13614512360993536,0.12316713438707302,0.11255304414505805,0.10848813952903215,0.11727333327009866,0.2005406497213757,0.17983780394319968,0.15800701599073189,0.1376668783360168,0.12472017231819814,0.11339294633147598,0.10816121277421423,0.11047421069388615,0.19986469286941316,0.180979890231928,0.16106860819562455,0.14171801536690884,0.12890844514469185,0.11610533101173738,0.10901760573113328,0.10756265068820849,0.19820818995271583,0.18069444868088566,0.16330401624565785,0.14533256146234774,0.13360372854109848,0.11914249648010004,0.10915979320287389,0.10508672370655181,0.19510490463882788,0.1804394385344292,0.164720957273164,0.1484949637158701,0.1374354166700249,0.12394259264123951,0.11255858446449499,0.10651110462705018,0.19264129132202135,0.1806110908433533,0.16531476172731638,0.1532391542140137,0.14311328476534735,0.1329063818361535,0.12383975397167715,0.11442308903897902,0.19160275352513317,0.18234474749168125,0.16585837106857607,0.15579294635338256,0.14788836391466811,0.137795074886543,0.13093203586873123,0.12324188427840178
2018-04-30,2649.1694,0.23225560553863042,0.1964094769040839,0.1683464007768925,0.14602684844775654,0.13212978111296336,0.12102716509017224,0.11847684374196936,0.1318265401547124,0.21251163984779406,0.1863261074659583,0.1636381474214822,0.14249961810626643,0.1287399310354752,0.11730759392688692,0.11285317755545864,0.11988909822351661,0.20485103708287236,0.18309925560282928,0.16262985315558837,0.1424068831384721,0.12910548449088216,0.11724729135620178,0.11151328929582847,0.11344369271011427,0.20320839306360503,0.1846816824200047,0.16515073806950095,0.14650288649948015,0.13368298329997363,0.12008534416893452,0.11215672740710764,0.11044478581087154,0.19977438276247778,0.18512497633434719,0.16697909491374505,0.1494367521062879,0.13796449072562078,0.12326020414169664,0.11220585013207925,0.10833414386501143,0.19714430360172508,0.18448119305496952,0.16847319422592677,0.1519080121723168,0.14222558769705132,0.12774716119216792,0.11616967673649792,0.11107401161511266,0.19380408366919216,0.1837080318379367,0.16891132487876995,0.15551838544049457,0.14869093319540874,0.13525898736742809,0.12493310588927134,0.11756816276375705,0.1925170943432585,0.18391369727572593,0.17017609607655396,0.15864856163312765,0.15166401838429336,0.1397408303687019,0.12995174816729851,0.12035891164775087
2018-05-01,2653.2865,0.22349232194700994,0.19228363982146587,0.16436263106959176,0.1416346472055422,0.12791679631114033,0.11710513751611216,0.11452148301690149,0.129578294523023,0.20708559237637159,0.18223744787055515,0.15967217980302037,0.13881468149626858,0.12531166524801882,0.11363586144354917,0.10894581191742553,0.11525537557490136,0.2008107642840791,0.17978972516158928,0.15922312961634033,0.13917064187730807,0.12608861220701023,0.1137642276749101,0.10798290831811094,0.10965238175455495,0.1993482736457285,0.18068370213767784,0.16125008130551435,0.14301722639388093,0.1304203463643065,0.11679704211669435,0.10884575512955177,0.10736957359760872,0.1960318736678243,0.18008000071890262,0.16295251853536027,0.1466113722137439,0.13426915659237204,0.11995906444271429,0.10986964331562393,0.10576652724210443,0.19377244675084035,0.17990021469197365,0.16592963689929155,0.15082674357583037,0.1387930055432797,0.12479023803272406,0.11427629422553696,0.10905035409385035,0.1921109457451383,0.1796244503200127,0.16648171276407728,0.15425392670022017,0.14617329073234261,0.13299595265582678,0.12048677712320814,0.11427579168133895,0.19119977361872265,0.18057910445554123,0.16593093579244916,0.1571870816527246,0.15040638703007295,0.13892923847706581,0.12471494462391881,0.1171677511645397
2018-05-02,2633.1232,0.2246533526701017,0.1949976167580508,0.16750465003200252,0.14583973133223205,0.13258885627299694,0.12179397127327747,0.11942326424887299,0.13184511809888913,0.20918155660444324,0.1858415908379748,0.16236321861281358,0.1418016124452873,0.12890888779030193,0.11774750204267324,0.11317687875633264,0.11851897340188527,0.20441797411714296,0.18345829603156744,0.16205105706759892,0.1419079651162684,0.12900336570203924,0.11742431433738726,0.11179959700676403,0.11354076753295933,0.20209533442201308,0.18309333695746804,0.16439223334327752,0.1457094613510105,0.13254250253145658,0.11940212973917204,0.11182433836293852,0.11035975935450071,0.19702600446543556,0.18208047887145704,0.1664204503390827,0.14841155903976594,0.13599045683768776,0.12213682984059511,0.1118822175647985,0.10796951358605023,0.19449282982323335,0.1830462615705114,0.1688184619150432,0.15168600268123408,0.14051407083185258,0.1261181906837428,0.1146925324485745,0.10970818901637296,0.1926716111179668,0.18227549634073753,0.1685085785085273,0.15670576486518267,0.14889083298785383,0.13576301285151587,0.12257682925745379,0.11498094590819076,0.19064835011514647,0.18009933275474826,0.16838108818610048,0.1601475458320079,0.1533991960199154,0.14306886426776433,0.13032681940965096,0.11957437079604633
2018-05-03,2626.2977,0.23462741523570851,0.20284710774659948,0.17367152711227307,0.15019226999583782,0.13551864278257816,0.12284443345289119,0.11873580220957297,0.13092700755663994,0.21531644749661422,0.19153916640620772,0.16742594071822348,0.14597634406222784,0.1323276060224912,0.1196953210809185,0.11365734065297715,0.11845094059619087,0.20842118069500334,0.18811309342419866,0.1665648443780596,0.14616388345298345,0.13291323847588643,0.12032468376466525,0.11371528120242647,0.11497739142612505,0.20389312801623194,0.18633710387119828,0.16788769224817882,0.149431153912108,0.13609232464169477,0.12237056754485579,0.1140169371413477,0.11167930771562996,0.199495970025461,0.18449029548342316,0.1684165787521403,0.15167651564493265,0.1388299177512644,0.12392918103323154,0.11437322010113152,0.1100483814989316,0.19663653990890015,0.18358347885537166,0.16984581562166515,0.1545050332604687,0.14262663861643315,0.1282217215634833,0.11802995990260494,0.11228348068764163,0.19385607873361338,0.182726128982404,0.1703687888488399,0.1574772400406574,0.14751050269948854,0.1356854013731215,0.12506937077718797,0.11743372177723378,0.19337317401926207,0.18331523888085927,0.16984599837544678,0.15961601572331205,0.1511272320201627,0.14063486988852567,0.13034581078675078,0.12113051659355621
2018-05-04,2661.2716,0.22522603347986075,0.1891680116002466,0.15553669790997104,0.13050360411111045,0.11717719434779286,0.1093066530423482,0.11147650534484205,0.12992039838759872,0.20526701980478396,0.17931803724781747,0.15229556233905117,0.13026487489925725,0.11734330114645344,0.10824450707287746,0.10664561627068343,0.1176566458421087,0.1990225594371963,0.17816552299916197,0.15477926509289205,0.1336222632729265,0.1205672838667988,0.11064892497702493,0.10751719679896714,0.1127474307911669,0.19634591691245368,0.1784288635859995,0.15840217943962967,0.13950184510851982,0.12621906556642226,0.11426882656897659,0.10826925621769097,0.1084115284586837,0.1938520189800644,0.1774888737675076,0.1601456898002798,0.14355186512215604,0.13109425896497498,0.11750291168613371,0.1090306393704756,0.10576107717029136,0.1918079394902273,0.17821633622974112,0.16273834589623562,0.1470180997223323,0.1357627448135691,0.12184491751639637,0.11253654276999803,0.10785048313242508,0.19016091127737422,0.1782317147665318,0.1652939938400099,0.15200313519764805,0.1415986451027975,0.1289089237565339,0.11940498394671294,0.1123186922025803,0.1895786381365123,0.1776329358362759,0.1659011447889715,0.15587076372199168,0.14707071635683122,0.13519872726634302,0.12599081509079924,0.11557519636574118
2018-05-07,2671.4908,0.21618836780375636,0.18477486082515526,0.15524911684939124,0.13245727664401055,0.11968928855137817,0.11157105960856421,0.11348162396313101,0.132976389638425,0.2026998169005658,0.17730606434875767,0.15173852230331358,0.1312396851665075,0.1189257575888207,0.10962868152802219,0.10785059816072526,0.1168024596885177,0.1997950478952252,0.17723916802962283,0.15418865482312064,0.1340896081731136,0.12201506221700603,0.1119746303353388,0.10816119070445449,0.11289847366735678,0.19608693890849485,0.1768245768670671,0.15775246157933864,0.13896636053772443,0.12637179198827814,0.11439848817951755,0.10767976753375638,0.10735860970996651,0.1936035842829554,0.17694938800037657,0.16022694629667214,0.142642519599138,0.1307217100512806,0.1167702370355248,0.10820139300073413,0.10534966684394781,0.19157392976499965,0.17792499224098127,0.16321500264323258,0.14704891133686968,0.13592275085041616,0.12124977846572378,0.11194311912478953,0.10740562186102814,0.18891969741513043,0.17802691822162478,0.16523422898459977,0.15212603928499735,0.1430640502836206,0.1297143291211609,0.11991160398094805,0.11265257349943078,0.1883282301096906,0.17857275097365202,0.16546957626628853,0.15488881953180764,0.1476114584815414,0.13649961930549057,0.1257511977033326,0.11793119187862514
2018-05-08,2669.1006,0.21640795011916963,0.183048442965634,0.15391750186489842,0.13082739019421313,0.11763389937482398,0.10879602473989329,0.10865453851641181,0.13106290340215157,0.20185000963460076,0.17673654120778853,0.15170193944807453,0.13033839476587822,0.11743408828787275,0.10787029724351456,0.1047650429933574,0.11199828205399305,0.19918207905678031,0.17765435194108584,0.15444971773847727,0.13340813838212187,0.12086401457693814,0.11045188323367254,0.1060156502837335,0.10976918786102813,0.19589620289213544,0.17764837725116037,0.15739260706004327,0.13826563530362834,0.12482687759950722,0.112781150922152,0.10624670340608458,0.10520146142083232,0.19236131824338323,0.17743940099149358,0.1598216932800394,0.14178335164943257,0.12838593709138457,0.11515333841906701,0.10721330473431794,0.10374803775491209,0.1897507281649781,0.17822886127428564,0.16255957015743278,0.14585452461786455,0.13401994081280405,0.11932671112706976,0.11008838947415656,0.10554053252020883,0.18761112347630612,0.17796871259416044,0.16339769463619824,0.15006905792682004,0.1427763460479656,0.1297538196426329,0.11694490751976432,0.11139260762041228,0.186146260598688,0.1766103469241726,0.1656696853081504,0.15252075495268613,0.1473623655743766,0.13866623816217183,0.12357504632482157,0.11709328290032965
2018-05-09,2696.6044,0.20409619855054023,0.1693478577409271,0.13759608807376678,0.11580727618064197,0.10537042203184625,0.09981102838748089,0.10371064978946903,0.1237653883496175,0.1929915315831283,0.16502377701674628,0.13840841002253082,0.11803105854271462,0.10741526931909649,0.10078460963498277,0.10111846374593593,0.11596441352717181,0.18935545950963292,0.1660679127864033,0.1424671342032497,0.12289320625533255,0.11231956525809692,0.10450493454081218,0.1019908204132964,0.11021112030628824,0.18640004600821578,0.16731206568154963,0.14764789227011577,0.12929263464865026,0.11732044135827548,0.1070674637607182,0.10155793461385053,0.10199978603665673,0.18499273509921046,0.16911322210392443,0.15150125141844065,0.13525724434156472,0.12266187540049792,0.11004304478320974,0.10296098802632861,0.09990067957908261,0.18455558206374797,0.1708606339017496,0.15549009699488334,0.13993392424775777,0.1278042176263075,0.11573173402400753,0.10812756696181543,0.10369288718122109,0.1840096333312138,0.1713300777243893,0.15940506884382932,0.14617270559586482,0.1361366569789073,0.12485012670874296,0.1164124430601501,0.10964188876302676,0.18457967689611143,0.17278393391945254,0.16024309094119038,0.150015801732782,0.14117025688438956,0.12932176368032758,0.11984800733082152,0.11311881745795759
2018-05-10,2721.8393,0.20429432086373683,0.16812088518302623,0.13264693177084963,0.109761974274116,0.10054393135573741,0.09807155454759965,0.10607934355341608,0.1350997876099128,0.19123880684484806,0.16161777524809112,0.13240042896238746,0.11149454779231038,0.10188328907242344,0.09783453020962962,0.10302040075845185,0.12130195316367831,0.18584035835569235,0.16124980734635633,0.13630955716618112,0.11654567649367555,0.10647164985137156,0.10053419809284125,0.10236075068258438,0.1149869434616284,0.18067334816560293,0.16104815327286762,0.14024796615015017,0.1221621525681221,0.11103169992381079,0.1022514354156254,0.09879885926417757,0.1022249636839533,0.1786930960045836,0.1619449291105418,0.143612963586343,0.12734780897704365,0.11537442636250908,0.10439351500586574,0.09865516411240982,0.09793747052326399,0.17913573212998896,0.16411357792925044,0.14875716817103865,0.133878632341831,0.1219702020802377,0.11000206343961007,0.10303004387726028,0.10082705224198221,0.1787712538341954,0.16671849050951498,0.1544293013640677,0.141810547929819,0.13129210769553185,0.11990382577266159,0.11089975482213406,0.106133704441809,0.17772153094809448,0.1683216407004756,0.15738006447449052,0.14728121460096832,0.13802379717690738,0.12653317777735587,0.11502437577771739,0.1110817250791343
2018-05-11,2727.1971,0.20703870812014405,0.16710601926277777,0.12845422869333042,0.10515960020480127,0.09579967575404158,0.09275746656928484,0.09909466979274352,0.12925707951654472,0.19349327266640579,0.16001546222199042,0.1292674901890881,0.10780139935155642,0.09796388083535275,0.09351645236428116,0.09694243378629704,0.1148664503680079,0.18445734224028323,0.15869512965332006,0.13358312823561858,0.11302167242823068,0.10231118237380625,0.09609663835145774,0.09663843020826982,0.1071807077502412,0.17954776066871334,0.1591089493786505,0.1376982199752832,0.11859999902912698,0.10681465027898135,0.09815540976713596,0.09517431883669336,0.09857735007831403,0.17823858776665424,0.16028207693002172,0.1419680126156608,0.12377914780215826,0.11112964736007286,0.1001146183424345,0.09547150406865385,0.0960401163153596,0.17735243436679413,0.16209120130834356,0.1482028482602183,0.13191177499754614,0.11934436933732041,0.10619559458795146,0.10089232048389134,0.10003916205487881,0.17646984831068774,0.16499521580931487,0.15309416926220307,0.14106498207204463,0.1326993427460549,0.11796239758923899,0.1087016179178013,0.10473926035456087,0.17791597616948845,0.16767455218187363,0.15382697342422946,0.14519428271037407,0.14002635041664746,0.12716830107397634,0.11188982707767546,0.1077020058360697
2018-05-14,2730.1096,0.20614251103905115,0.16665476130778345,0.12952994826097444,0.10565076208894396,0.09555640489960825,0.0917275881208543,0.09597153642896766,0.11974535527963842,0.19373276333007852,0.16108763020736347,0.13003803240440484,0.10780714101203749,0.09734305330820402,0.09288542206736891,0.0962095213706486,0.11192723076104308,0.1851475532807774,0.15891117732762128,0.1329835252357923,0.11177566329094153,0.10074080841694386,0.0947412737051158,0.09567255695059235,0.10526640731031939,0.1778799188275051,0.1564045475461267,0.1343123525268859,0.11493712002560713,0.10369243919521008,0.09546911701711037,0.09334537201654926,0.09727780170623812,0.1761941599359788,0.15644534514731442,0.13647843034823517,0.1189241956137989,0.10759324587233593,0.09769784781358319,0.09332312566381434,0.09412575553821535,0.17476220662825076,0.15940168503501187,0.14227501198458578,0.12599052920931653,0.11497888692406087,0.10491591568712065,0.09959352947612703,0.09787406218938172,0.1745078428883454,0.16393619466323733,0.14947615561157923,0.1360614980981677,0.12672059595483093,0.11474682350846814,0.10690296790728436,0.10312575493296024,0.17551889377541152,0.16616610409958046,0.15262414082765102,0.1413866683243422,0.13437718283478023,0.12190991268054381,0.11188079831276687,0.10829200603777235
2018-05-15,2711.0846,0.2222757038988073,0.18212313662831547,0.1466548161843689,0.12001965891195532,0.10658551527353265,0.0984578700245589,0.09778239186003568,0.11919488420351619,0.20633750941750387,0.17656284519441712,0.14698307670834293,0.12134930004483739,0.10759220333938703,0.09871184456550865,0.09699597824217626,0.1106940154685333,0.19835838010088097,0.17306894886811422,0.1475625365167419,0.12338742883125245,0.10935773255963967,0.09935215991656932,0.0958602476238269,0.10389560106583719,0.19001016718204425,0.16875590798658854,0.1469074549452578,0.12484152877359826,0.11111113590563669,0.09962663022783923,0.09402185264218792,0.09726664113367742,0.18698401795901956,0.16822161911407987,0.1478990822506954,0.12824713314541558,0.11506252522836674,0.10180618584929806,0.09513557919603338,0.09495312534611228,0.1837534931859534,0.16925327513407695,0.15104508667395425,0.13376397244611313,0.12318729916640579,0.1086800209866847,0.10197345732493276,0.09920387362848562,0.1793095389703634,0.1691039580208352,0.1569362363736614,0.14005813440724885,0.1307275708752755,0.11858520481589464,0.1096287877983417,0.10509051973918702,0.17876872651311096,0.16904591323316015,0.1604473204433018,0.14578958683911522,0.1370590422947893,0.12492800560120418,0.11291013443293259,0.10852542132932143
2018-05-16,2722.4865,0.21712707807028603,0.1726799655409828,0.1338748647732245,0.10838329462277407,0.09652714044792442,0.09055566390662784,0.09278988544108445,0.11623573408456743,0.20137076514353588,0.16826442877292397,0.1368969763522456,0.11237877773111345,0.09938973709633088,0.09216790715170231,0.09359106216256183,0.11038588794529806,0.19129917283697756,0.16575417727248296,0.1396510556992902,0.11608958066437401,0.10230401097538709,0.09353398948841384,0.0922421602164354,0.10288481967236263,0.1841696605057251,0.16313884915833474,0.14061221501677332,0.11912838049109174,0.10506902118563925,0.09475523266992836,0.09052494126601907,0.09385380208978567,0.18293885132136437,0.16386941717609363,0.14339101957332784,0.12344139905357032,0.10895683406726855,0.09780902372945453,0.09198826826789382,0.0916957768261405,0.18046259373620754,0.16530215101136886,0.1483225754328931,0.13121060951246707,0.11778284035624888,0.10617727438127328,0.0993939120661761,0.09619233696406973,0.1776364461183397,0.1655905167013907,0.15156913499615815,0.13903557680644943,0.12888858872351644,0.11712486982430906,0.10755016360886366,0.10231749672363244,0.17798821472101334,0.16667969017723397,0.15291486826540587,0.1430781242076687,0.1342672925425304,0.12383438310249913,0.11387085828970092,0.10606912301318516
2018-05-17,2721.5596,0.20935557809612926,0.16809837737622,0.13091635908876909,0.10532359072901915,0.09413962940692984,0.08891728754699553,0.09271230798189958,0.11616921435704462,0.1962635316952835,0.16596336939222042,0.13521977775017519,0.1099498570121687,0.09756542518623126,0.09053442442187513,0.0913874329639054,0.10615644828656738,0.1883234367192133,0.16361192972265465,0.13776791678244169,0.11371208788830398,0.10036403109057276,0.09162846403774033,0.08986266410008747,0.09763244491849632,0.18184862619973974,0.1604046447260517,0.13896967998815735,0.11775170804730205,0.10322047638591404,0.09279221317556599,0.08924571235812398,0.09265313756047727,0.17931564645620665,0.16048785538441515,0.14176227297326757,0.12303326982601107,0.10833574745125599,0.0960454894666313,0.09107324262363538,0.09163479317149846,0.17782270362372127,0.16311031089779146,0.14575359399536186,0.12924659833461713,0.1167529388598383,0.10353733436728824,0.09737698218748916,0.0949654245265029,0.1764715539189115,0.16634704128597658,0.15022477650391972,0.13771638466131408,0.1276477251923351,0.11463887321171427,0.10795275983371751,0.10231131587984482,0.1751907539370591,0.16705918089234112,0.1554425695871206,0.14431934112485126,0.13700028513543822,0.12334096309978032,0.11558256775673385,0.10917268216758468
2018-05-18,2715.2982,0.21169297046491056,0.16936734389249206,0.13056477635592595,0.10507709608704603,0.09376425611483012,0.08854775107385542,0.09177624652126992,0.11048304577443675,0.19948293653800084,0.1670577435099826,0.1363237583389899,0.11128802264365403,0.09788944567169922,0.09020214638358805,0.09084111447078495,0.10722727128647416,0.19157062011518675,0.16410299073485038,0.13911368469468255,0.11569112035190215,0.10103694657197591,0.09149328250095815,0.08995862118038299,0.10117966515446064,0.18403709490084413,0.16265551426567934,0.1410148377700596,0.1195636795109518,0.10470194169844382,0.09337190485263365,0.08965305428722763,0.09455726194871418,0.18095664335951406,0.16364411213443425,0.14357128392864338,0.12379913141855657,0.10969433287082833,0.09652981759695062,0.09127071917932453,0.09140390506630097,0.17932930061791966,0.1656687294250581,0.1483768656935197,0.13097609250856818,0.11877279138118048,0.10274494958998973,0.09557077075812477,0.09481212627728283,0.17820093210227356,0.1670005074688232,0.1536812256445658,0.13898914708781654,0.13181390663363118,0.11784942980049669,0.10570339835727599,0.10254591584457762,0.17936352631686495,0.1677303959600487,0.15728684427446837,0.14408407704901285,0.13870493187230917,0.12861517337270695,0.11574902717406023,0.10939029707926697
2018-05-21,2734.1268,0.20948074478163042,0.1680281364028414,0.12927754106679487,0.1039481597869978,0.09318658697651157,0.08896637106849055,0.09299869986959583,0.11384489204538323,0.19950439913587611,0.16518478650630308,0.1332241778202288,0.1087774280802484,0.0967865686175978,0.09039056024696149,0.09169365717104486,0.10626947149385554,0.1889737519918862,0.16183219801413903,0.13438223601180307,0.11123094171495103,0.09863762248408395,0.09039870312580921,0.08892159603708845,0.09870462442958203,0.18135572517777357,0.15843191928049513,0.1356336098215305,0.11468707805433105,0.10144787772897412,0.09135190161571918,0.0880133592887016,0.09362659381656359,0.1782336075213533,0.15761889699601095,0.13881817742453179,0.11963065418435448,0.10629950846825263,0.09473227004459352,0.08898814141920597,0.08995051073504315,0.17516009594921886,0.1600130292836473,0.1436076974373621,0.12609120325508852,0.11320338849307049,0.10075697371642449,0.09355637589660239,0.09254685999826018,0.17323780241569914,0.16344770509429332,0.14947493182201246,0.1359486870540108,0.12641724986669386,0.11224060367726588,0.1015868030356119,0.09871130755583661,0.17467539013292335,0.16486818192456698,0.15205396905847476,0.14100202235954767,0.13433466232278604,0.12124229820724723,0.10541923038207422,0.10334297061552906
2018-05-22,2726.479,0.20708234277528634,0.16348920888899227,0.12752703666369936,0.10396476156258236,0.0936235563865989,0.08896464691004105,0.09223177184712365,0.11407876055975416,0.19849228873225783,0.1647128822972729,0.13349695264481162,0.10988669552244633,0.0978042708533043,0.09089126374675921,0.09130790009347249,0.10831220323838729,0.18749825573480422,0.16173074923240166,0.13509792162500653,0.11236030100972944,0.09944681758232046,0.09062317399679447,0.0882727946367277,0.09828940065200366,0.18144268721886903,0.1598056058743974,0.1369110215423491,0.1152564271007176,0.10224702931500931,0.09184373095371047,0.08770584515083488,0.09303491278668448,0.17873319078211267,0.1609747335501043,0.14066128653272922,0.12056352211502673,0.10721328368220828,0.09604312328934303,0.08983925377470975,0.09016942268309133,0.17753280919449374,0.16306173569762897,0.145783851859472,0.12923964674764152,0.1141985667144494,0.10152072891602124,0.09461401757290269,0.09297899200670423,0.17771577086344134,0.16514928864379047,0.15060948662776794,0.13952628742709894,0.12828956400638,0.11314299299405448,0.10349766150169858,0.09870026992854855,0.1791683338691152,0.16829565227114934,0.15371797967038073,0.14489068666744168,0.13712544001464946,0.12294590168372524,0.11245364454721545,0.1050813589999919
2018-05-23,2733.7726,0.20465646462000953,0.1643180635050264,0.12562505317334988,0.09853214283842798,0.08738448268466847,0.08269556937845825,0.08639050220193208,0.10486173888927387,0.19601702645819583,0.1622474333583172,0.13011629148814832,0.10385916603388197,0.0915324921657947,0.08486580180731321,0.08652273845754009,0.10215719270931833,0.18586213057629283,0.15903096421079577,0.13125373186669476,0.10629722289952073,0.09355507625501819,0.0853542510533609,0.08412575209584582,0.09268080989717135,0.1797553856469058,0.156860473477829,0.13286390880214138,0.11079386892895854,0.0973829496114983,0.08714601547358092,0.083815786279922,0.08772009744293861,0.17692980789419158,0.15749666461803985,0.1370622072604249,0.11785629238591455,0.10317238249212309,0.09076763162981473,0.08598814758140703,0.08715936312996685,0.17523303870953263,0.15957347729837357,0.1429132184950168,0.12771094491167445,0.11251921745587273,0.09835247891362175,0.09201384125138488,0.09117611570632504,0.17488842396570292,0.16235998888646047,0.1498861625691062,0.13787860487697193,0.12657484703940006,0.11244124619558533,0.10289582507471537,0.09640894834908209,0.1741907984713564,0.16450497361554073,0.15492144186596318,0.14398281494078652,0.1340648811886782,0.12098648435901938,0.11071165043591558,0.09917263783268833
2018-05-24,2728.253,0.2064429198349623,0.16431643538777138,0.12580138788810014,0.09840975718216512,0.0866183833627394,0.08109351433829658,0.08536900614201068,0.11523052796343582,0.19724882391883058,0.1631639839796138,0.1306784071443523,0.10349840842737418,0.09010481639840258,0.0826705006187609,0.08483708077880799,0.1078179686545181,0.1863471865353273,0.1597343026311971,0.13222597664842567,0.1067753328102653,0.09260234528539794,0.08350858339736052,0.08176739284555706,0.09057747102544646,0.18050276364651127,0.15762842764380597,0.13385032962116142,0.11131180610544328,0.09670030357873287,0.08625971335236014,0.08244318800521334,0.08572464974369454,0.17814965460741666,0.15856847344796188,0.13737309665369782,0.11724887104852122,0.10265714397249039,0.09179820963498853,0.0863744067971429,0.08661787269806634,0.17622831354271334,0.1611020322579213,0.14341619246245815,0.12429441981027964,0.1109164736598591,0.0994325443804381,0.09231573877686293,0.09072527188317474,0.1761317593714457,0.16324431890993357,0.1504126575477823,0.13532022691061887,0.12476089909051362,0.11095701207878084,0.1018658722858256,0.09915154994898151,0.1771895068226874,0.16564336566157523,0.1539213629894601,0.14291872538110623,0.13537137567135257,0.12054185062669824,0.10656073042484186,0.10510245304068996
2018-05-25,2722.2791,0.2178403858033976,0.1724120217243089,0.1321509380785758,0.10517340781024824,0.09176888925733387,0.08426895044939604,0.08719881076659418,0.12086361177005586,0.20254327756417106,0.16795441732629163,0.13455904942945976,0.10823838484281813,0.09352854339545821,0.0844427423621658,0.08429187760216807,0.10698873168625701,0.1891635367490343,0.1624597970235566,0.13461902037170995,0.10971567642851611,0.09463589102171932,0.08436355984203125,0.08180272444732001,0.09174592336047704,0.1833128494599809,0.1609362901922158,0.1354129456241456,0.11263922546716318,0.09850699809620546,0.0870365449648522,0.08256752167074213,0.08708178215612855,0.18075165385381378,0.16074282400955142,0.13855319230248272,0.11872015636802774,0.10517277495263386,0.09262496144963236,0.08620270213488444,0.08850571982144917,0.17791074540770405,0.16254706131388597,0.1448873832600039,0.12647822303898176,0.11445399758183619,0.1010905834360017,0.09257715691586879,0.09200137108201535,0.17653565216494052,0.1658771871821708,0.15154703843474157,0.13754783293123993,0.12832111526139714,0.11204171794385803,0.09983778538662781,0.09545856105967564,0.17764057778860834,0.1682857903913213,0.15281307012498177,0.14454848327762895,0.13914582110401322,0.12531365806220462,0.10522557920796734,0.09651618194245318
2018-05-29,2691.7242,0.2570576733117569,0.21549222662053613,0.17553302479419125,0.14374522012597724,0.12602069530390556,0.11296771636865105,0.10918886419853167,0.1301799867890506,0.23427947547024333,0.20140037166932764,0.1688571867573476,0.1399273621711565,0.12164750182073544,0.10761560830447449,0.10139260939268041,0.1114484847805396,0.21638106688709322,0.19048712260917064,0.16313344792281342,0.1364270611453553,0.11879348807445136,0.10414751757594615,0.09659106669206682,0.10034403441696839,0.20772976744366198,0.1839810976562468,0.159398580470975,0.13615965837701885,0.12015376695883366,0.10507369954991055,0.09635020265236882,0.09789377921814647,0.20047315844419672,0.17995372183277208,0.15883687548381475,0.13877946498458063,0.1232767674624414,0.10817857363530381,0.09864232522159337,0.09718750389840546,0.19374536194648034,0.17787104892972944,0.16059122083959507,0.14364045562013647,0.12851145307770936,0.11374538258419746,0.1041260819675788,0.10047083032342669,0.1884744094548046,0.17653678723034488,0.16302892386655757,0.14895757458647793,0.13790964574018577,0.1234641805722905,0.11242111560653359,0.10502949316956611,0.1872805695387473,0.17711951842831547,0.16571268257355154,0.15266247253888743,0.14372227209229346,0.13107534671847762,0.11883486169326198,0.10877452421360576
2018-05-30,2726.7564,0.23597271540044476,0.19094227417320198,0.1482793023760707,0.11777903463327341,0.1033907073456053,0.09557926021763259,0.09835159208541538,0.12431932354082427,0.2132926256301849,0.17969257894019575,0.14530669502313143,0.11746116747712204,0.10268534346803422,0.09309838545478978,0.09163943050092226,0.10811234122308677,0.19957708802465532,0.17280994424455245,0.14412281837747887,0.11821985009645261,0.10323397918023439,0.09249945123314625,0.08954667322042326,0.10121340288622373,0.19357025793643043,0.16967241157991234,0.14515242224458108,0.12210988461313095,0.1067677574190024,0.09484365154271865,0.09057336380328677,0.09758718464559551,0.18824169915750136,0.16856300815529182,0.14789177290189498,0.1272519277510608,0.11197108331283365,0.09956470810935583,0.09390589209194405,0.09522664101003049,0.185179031010675,0.1698423038727867,0.15222766138100483,0.13347947860666237,0.11952612759871312,0.10678980640599291,0.09962057961987372,0.09834925631683507,0.18393926284433565,0.17180030771570504,0.15597911964252598,0.14148280330068974,0.1306718634289437,0.11815374965425202,0.10664158189933944,0.10233864411481619,0.18572931766380132,0.16994427213631028,0.15813476563777681,0.14922187298892553,0.1393877344442577,0.12641630035816445,0.11422636850719982,0.10749041749151517
2018-05-31,2708.3331,0.2374022323271741,0.19684787058937317,0.15577368106191058,0.12466619915811035,0.10857223847340534,0.09892409122240607,0.09845433341742743,0.11770307810783637,0.21688509197009695,0.18522654526415996,0.15182412454257688,0.12361042047390398,0.10667367630256303,0.09598473605648745,0.092828868809803,0.10330142109722937,0.2030825722279744,0.17759153868638633,0.1499249557003125,0.1239885120774926,0.10728823560946028,0.09579111778510058,0.09134547849266686,0.097112170688883,0.19657655238344582,0.17412387832081075,0.14981378618305874,0.12656075378983916,0.11100893782290289,0.0985100704421842,0.09317405604211428,0.09602172397334188,0.19143606674060396,0.17254861547242972,0.15198020086554928,0.13170175110127594,0.1169175628185715,0.10290502832840281,0.0964764897413997,0.09632277305754311,0.187980702343128,0.17371329839447863,0.15532071066889225,0.13766724953913023,0.12505856086059955,0.10872248781567598,0.10179865209609963,0.10003528399054859,0.18612260932286936,0.17472827112250444,0.1601183723948056,0.1450047735563562,0.13650356794634788,0.11913132932668684,0.10938075864208963,0.10362549847366552,0.1846018025760039,0.17417582424713662,0.16381815300001001,0.1518980987208843,0.14443977424570428,0.13283266306479297,0.11445141798237747,0.10480754541277912
2018-06-01,2735.4326,0.22188172070368678,0.18033094785840384,0.13907280127821461,0.10942159615384874,0.09584995320077315,0.08937043912834874,0.09687065354282856,0.12919025044983867,0.20459674668996938,0.17057897917408066,0.13721241236377302,0.11002277895403204,0.09522762906996952,0.08687397721127187,0.08707353447139048,0.1071735861294426,0.19147789888486771,0.16480523856349252,0.13716797782464973,0.11247769631508087,0.09750277421577762,0.08803674942567845,0.08651601349377301,0.09815672929934587,0.18533691710956762,0.16353210623915265,0.1389288660268949,0.11713738798860363,0.10331407015758062,0.09172896993936351,0.08849478353711049,0.09572955200074712,0.1818278547109784,0.16349276793759943,0.14200853249135229,0.1239345088996026,0.11042930949426459,0.0973140680456345,0.09224766419719839,0.09385295464896927,0.1802914886311077,0.16486251574924127,0.1464090897816955,0.13127705591191474,0.11842227181665342,0.10463108445019065,0.09787741991878837,0.09629531277942112,0.18040831820146994,0.16656261442152573,0.15167111357851232,0.1391331227487228,0.13004910452390953,0.11658587750191876,0.10668888391064983,0.10033905713682643,0.18252930150301994,0.1668735548943593,0.154417865622828,0.14430881072685828,0.13633744476362333,0.12404509279247614,0.11554883744601671,0.10707770672892769
2018-06-04,2748.9436,0.2208625559733119,0.1770927144182475,0.13640977674742438,0.1072798818157481,0.09406568135977922,0.0883270738749196,0.09122834742714431,0.11193066373644703,0.20080482622661308,0.16658436578758534,0.13302974456221475,0.105442887498929,0.09162708711348444,0.08458381599082394,0.08477408748231494,0.09993566504373423,0.18887794569974978,0.16132939626558737,0.13248156417998364,0.10746814004282139,0.09418919738626369,0.08613982810947067,0.0853907409825225,0.09631698026662763,0.18324191942271817,0.15906872664043584,0.13445075930677064,0.11252349383660563,0.09974671349926183,0.09002772933873139,0.08747106994124694,0.09398955780886634,0.17826274751094887,0.159130041655522,0.1389863276601175,0.11905231088063595,0.10661504215207404,0.0949566665691209,0.09059845261878892,0.09291826737448027,0.17567010102662065,0.160964872729629,0.14577007522068086,0.12829257438450892,0.11620103361682706,0.10210742955986245,0.09661565160805731,0.09589536377399549,0.17616912327079975,0.1625906180840316,0.1504125314006329,0.13754989542274462,0.1275070818195585,0.11265583527067707,0.10349762895263681,0.09939153221195089,0.17856618712935252,0.16494055394540272,0.15343039266269695,0.14424071389663431,0.13520610740733444,0.11933618837331311,0.10855884103739165,0.10439130529166668
2018-06-05,2751.0854,0.21981973155573253,0.17561238150961217,0.13534702440487067,0.10562042710469999,0.09240411486172447,0.08592618070834863,0.08897566383775965,0.11500003629314602,0.19974088375030208,0.16527588491260753,0.1329048883311864,0.10523286824916703,0.09080905068196206,0.08327044786116286,0.0850548028069214,0.10084261441510202,0.18767836112329303,0.1605224234771138,0.13243796831237448,0.10781185054466712,0.09360271805975817,0.08503888798645955,0.08457736870001491,0.09485674646964519,0.18164137933973254,0.15910324554547303,0.13443782605144577,0.1122434414266587,0.09910869963741818,0.08898853944288444,0.08626576333617762,0.09257959606637141,0.1772204073563634,0.160162017087563,0.1394261921820241,0.11920830361308635,0.10674573464066957,0.09434406678661028,0.08991443955336091,0.09245157522319003,0.17577979012882006,0.16227346914419932,0.1450167020918186,0.12797065265194404,0.11735057359891793,0.1031472036096212,0.09658674566668106,0.0953657373092176,0.17555637552793074,0.1645726939718209,0.15001501882546794,0.13561578162847934,0.12744913324628063,0.1122253318561538,0.10246944484111878,0.09778370671812396,0.17446422213295545,0.1672317492764523,0.15467408126427276,0.14103531639745728,0.13591153862771876,0.1187338083861966,0.10737658558915979,0.10373028189587732
2018-06-06,2773.422,0.21791701714615888,0.17262443555997847,0.12845418437068773,0.09795365936091313,0.08562395829694036,0.08044178495475814,0.08468851079192213,0.11721168564279281,0.19528399120710901,0.15922826722376218,0.1243426605683853,0.09730306809798855,0.08459646785871588,0.07855420691271794,0.08028599367919526,0.09736590904841184,0.1822264738650398,0.1538722031785463,0.12499263881680983,0.10042300514343684,0.08737316390116336,0.08054495648455971,0.08120668052115489,0.0949410818090949,0.17617514141989127,0.15206272838566218,0.12805202284141648,0.10643525942170988,0.09337020682096181,0.0851167611829604,0.08403689933367849,0.09398058250675369,0.1716819426156186,0.1526483699279095,0.13244540738982172,0.11313180004232097,0.10106320363750652,0.09190833668122682,0.08882468465574392,0.09267939143722922,0.1708160597334053,0.1562078432987849,0.13914947915676437,0.1220156312274736,0.11058470687850457,0.100927081720024,0.09585696804689164,0.09454362713104146,0.17165000718782358,0.1597542967191042,0.14494256311204679,0.13278534940946618,0.12205099606270754,0.11057423360104895,0.10132574019054047,0.09717813572322917,0.1728744213412122,0.16239759570171955,0.14929537989520938,0.13809742338367603,0.1299488876018512,0.12014240408627556,0.10783576407205007,0.10125043084893441
2018-06-07,2771.8562,0.2274440108621815,0.18060363647539823,0.1365217023994757,0.10471314289345941,0.09086483490293217,0.08454754589715986,0.08718170247346617,0.12243717468642391,0.20054000087208884,0.1660097974464413,0.13151945853690303,0.10351818772921001,0.08913163671487147,0.08175518155694937,0.08171789501488738,0.0996618914680362,0.1861716306543634,0.15879284226393447,0.13056046599492685,0.10512540537297209,0.09106503452286645,0.0833263353103984,0.08267903566205995,0.09346138583064825,0.1791301732155398,0.15657664603648744,0.13217551399879182,0.10919811282938065,0.09581316078023797,0.08707161748297335,0.08496768240130213,0.09281218336571144,0.17541397836798012,0.1563374648601949,0.13534123495504707,0.11512647879121597,0.1028608553937163,0.09259198270085495,0.088704148505048,0.0930303904283167,0.17383537711520333,0.15874802699017693,0.14161953602011892,0.12394059573553486,0.11233785380471427,0.10114728414421387,0.09590048240986838,0.09573253530701664,0.17388248588220606,0.16177638755080312,0.14815582934031313,0.1350110777981475,0.12575849700214506,0.11303691381978428,0.10351115141356529,0.09858928693364358,0.17368874535198245,0.1630063706486846,0.1525055831846576,0.1410792009861936,0.13389030004167266,0.12196394036872517,0.11129644414871198,0.10409080373996457
2018-06-08,2780.6585,0.220780384300137,0.17613256385104892,0.1310228768016145,0.10153595382148786,0.08874692601551734,0.08322029292487974,0.08707692663759271,0.13200183301860202,0.19765946826093084,0.16287411673212424,0.12761093136260476,0.10089083043497615,0.08749891402018875,0.08087264085214543,0.08201911970727312,0.11175781510439427,0.18498227918726667,0.15777829446391486,0.12843001398900347,0.10345463510666753,0.08957065009799008,0.0821597075446788,0.0821012405464031,0.09851078092001125,0.17918197569371275,0.1554952708038561,0.13113197348047673,0.10854987878318136,0.09531520774772237,0.08597549229992629,0.08368307855259212,0.09388894036883161,0.17478691223358186,0.15477623076022226,0.13471336328229802,0.11520302281562368,0.10366647200677484,0.09282724559350618,0.08812043612475853,0.09222197523376104,0.17302331301514612,0.1584712301002603,0.14019962023436516,0.12305744668743217,0.11312558165426317,0.102668663072162,0.09631419049129931,0.09529634936446338,0.17357293314371303,0.1627322903295795,0.14647958654965473,0.13332295443922604,0.12417531192598413,0.11320657671139073,0.10439803982744612,0.09952579905628832,0.1754047185519185,0.1629423554981681,0.15014701347965742,0.13995478713999523,0.1322222143586944,0.12041484786362089,0.10861248457921868,0.1018839350802126
2018-06-11,2786.1651,0.21919954463459193,0.1760952400631522,0.13404730032063852,0.10441504686230371,0.0917042054519387,0.08648715861208796,0.09289394093531282,0.12462563188909373,0.19587316279860606,0.16272840135021358,0.12863244130276869,0.10193966729029233,0.0889919712333513,0.08286531684065673,0.08370206963120674,0.10436661936061488,0.184150046558047,0.15764318865522162,0.12873157476835623,0.10373981991436323,0.09065300571616002,0.08372049433768677,0.08340323997455099,0.09719773672908817,0.177981315454698,0.1553461108766007,0.13126535366183598,0.10828574627732485,0.0953028322133571,0.08673837734488818,0.08469887977466158,0.09083081667640612,0.17459859327015,0.15574444896027845,0.13541886549779858,0.1147799217785412,0.10263319708641115,0.09247461105457487,0.08867519585642658,0.09128794409647206,0.17364196718559083,0.1588340647601292,0.14171498144273292,0.12457832377307378,0.11320569018677659,0.1017552766013319,0.09592192159876602,0.09415296406166357,0.17373254229369317,0.16157117737905693,0.14637563745754284,0.13439598413721304,0.1252147876764295,0.11203059244129607,0.1023883231354993,0.09710116986076929,0.17566773488901533,0.16310411270782227,0.15040802178582052,0.14019349174885398,0.1328690897829773,0.12112526352459757,0.1099486041052863,0.10519157493408142
2018-06-12,2789.96,0.22053425661829634,0.17461972661201655,0.1304111279753694,0.10049035193610639,0.08871839004634813,0.08519256971099598,0.09407909159005556,0.1353114603678016,0.19419091475674993,0.16012809834501823,0.12509982593756033,0.09912153157848087,0.08712188025795808,0.08233989763570634,0.08555173149031697,0.10760239014830908,0.1823349134493762,0.15495376766752209,0.1260313021608143,0.10211546946925203,0.08948859860074006,0.08366930665991315,0.08514750102206205,0.09581283426252571,0.17584928418248966,0.15356686001644454,0.12973029997806468,0.10730676431585953,0.09454027475442245,0.08666835361677336,0.08590788418945629,0.09241201598164142,0.17287765587553502,0.154960398562767,0.13424472949644492,0.11464726485265903,0.10291010218475978,0.09244633324360761,0.08958667521908065,0.09252323693035072,0.17273587251702585,0.15940804356569346,0.14011313896690683,0.1240920943757342,0.11436713076612788,0.10207923562360217,0.09629327767161724,0.09501148962250215,0.17308407573618032,0.16278422019110605,0.1477400287242076,0.1332853991347844,0.12547286482395,0.11172854502023125,0.10103544893576503,0.09747737585110974,0.1739318116351101,0.1637360471070218,0.15437417901704262,0.1405642816664708,0.13341500381582516,0.1192004835331601,0.10703155529829304,0.10233658557552837
2018-06-13,2778.7921,0.2272648254096597,0.1800795356868129,0.1344372354683156,0.10454316414754855,0.0926421472254687,0.08874521557972098,0.09406608127057069,0.1286545365225518,0.20008660045947832,0.16522278422617426,0.12949021807416064,0.10380171002227205,0.09151217742051723,0.0865024678479542,0.08891984689768676,0.1064220324142747,0.18799989658158148,0.1599378107836918,0.13115452953280302,0.1065763305081286,0.09379333473356594,0.08751657202273393,0.0881936266639977,0.10026507701080146,0.1791035549638475,0.15759596735128867,0.13468078732288108,0.1109147204544948,0.09831898839479876,0.09043774138965567,0.08898324839623087,0.0933496732188865,0.1750251214661117,0.15775592948819567,0.13947685430904486,0.11798115902485411,0.10581698834802361,0.09636611123572866,0.09247318091192863,0.09363656014675448,0.17459941098178142,0.15993297655203964,0.1455042508042045,0.1271852231644473,0.11577915022853615,0.10559160970086502,0.09905113850073854,0.0970379480612935,0.1755316648507926,0.16196285771224547,0.15008366925569708,0.13487867288363534,0.12559807965929554,0.11521434411783592,0.1059127121284488,0.10048996700505672,0.17739745730684375,0.1638048364694107,0.15434686603225206,0.13911098360243224,0.1322174102696526,0.12263340194743733,0.11493615378319288,0.10514139787507923
2018-06-14,2786.6205,0.2228123736290507,0.17229628799173113,0.12365241140586859,0.09519633258736838,0.08511474428289877,0.08270042363384372,0.09227079107929381,0.1363671377933398,0.19553538416647948,0.15802120747658818,0.12121097273344252,0.09685068798710374,0.08595921743111305,0.08198849176895238,0.08681252363909585,0.11449203979109708,0.18336350478109092,0.15455999657266095,0.12475681411458113,0.10107798624045537,0.08928595023587692,0.08384254692080882,0.08637263561418955,0.10612718940973906,0.17617422987296472,0.153431479111113,0.1287838399755044,0.1065316466600477,0.09435955591671501,0.08715324003050909,0.08649850006866948,0.09494528550893347,0.17448603640403698,0.15448948291428183,0.1331369301869134,0.11446916825601225,0.10235795958365841,0.09282070507438822,0.09023846115836155,0.09330526725267198,0.17380719657392046,0.1585652269058849,0.14071434817695944,0.12481264799839113,0.11369046285832042,0.1008287601943247,0.09627002473540688,0.09568194849322101,0.17375364228805354,0.16173853899599944,0.14685075751910204,0.1340912622603576,0.1262295663510164,0.1124003857650677,0.10252076343078335,0.0991979899791453,0.17703059201687119,0.16470629817245883,0.15112570250724638,0.14072667189766677,0.13278822755079392,0.12112933762329786,0.10875078906785593,0.10444681935113276
2018-06-15,2782.0104,0.21809255463934177,0.1701694195884452,0.12426122181325887,0.09536201910244504,0.08360332066929993,0.07926069472650633,0.08865520454277952,0.13930515754098685,0.19290103558472452,0.15742026533424294,0.12300797570745023,0.09684582620111591,0.08429092568853626,0.07883554935021861,0.08344524234202988,0.10961674401492909,0.1829169875566998,0.15450043664674534,0.12559477417330134,0.10090268274840104,0.08798661837254156,0.08161612119465074,0.08370001712789722,0.09859977350612664,0.17613715057580442,0.1533457525504339,0.12905366999774848,0.1068748996790869,0.09432085533113586,0.08649140771755136,0.08569821124305228,0.09337087685807098,0.17468029520750353,0.15432292209844675,0.13410436841269385,0.11566074292123261,0.1030145099227575,0.09315065004277527,0.08976460586451246,0.09210211963726103,0.17538998565110472,0.15910676218444594,0.1417112512712521,0.12592296517594886,0.11372805688730366,0.10125738213115071,0.09655027639928303,0.0954284859390572,0.17639047025215993,0.16361855924323226,0.1496566256649394,0.13617708591557212,0.12757789625743293,0.11422848683832382,0.10379939372677836,0.0989586461632733,0.17911396935508425,0.16615244139075852,0.15519483663584321,0.14452571884309362,0.13689552295658716,0.1283264918751253,0.11726628935502,0.10504698825558438
2018-06-18,2777.0627,0.2130183670866238,0.16982911446520702,0.12884998877222054,0.09983658775767403,0.08725320630337942,0.08197322517979459,0.08747448113076321,0.11869359966391507,0.19419980208130752,0.16017580369948736,0.12707723544175387,0.1002039526990879,0.08701458688435516,0.08062006345769694,0.08296241596647408,0.1066831944658853,0.1844791650745369,0.15683346469347448,0.12883572643338828,0.103409902916185,0.08989140204388292,0.08248861281656174,0.08331539964892277,0.09768264896978236,0.17678700286989274,0.15481106913685735,0.13090124346622437,0.10778445658868391,0.09485387136983922,0.08594000476537435,0.08499915757638839,0.09116187020574543,0.17419717707450602,0.15708107913775143,0.135947146007899,0.1155561815269258,0.10382283201596504,0.09237087182130829,0.08895747752403178,0.0907732928462289,0.17393884490544517,0.16146591351459805,0.14386294416036596,0.12420926088058834,0.11386285119211735,0.10212383463775407,0.09572328619475264,0.09443343237852726,0.17531599691886438,0.1643292112265563,0.15207975271324511,0.13648875555260134,0.12441336943204755,0.11298215811636587,0.10296140946085483,0.09762402037258312,0.17875407986114017,0.16715704740464063,0.15671599168901565,0.14798269301960787,0.1360324658476872,0.12671813046228414,0.11825941518520398,0.10810093431679037
2018-06-19,2765.4558,0.22157273722673537,0.17708667480316503,0.13678424989175272,0.10805376914374987,0.09382293609677239,0.08589617393171053,0.08584099696417971,0.11435219079073249,0.20454959117670027,0.16957012683330905,0.1367974650743243,0.10885189412303589,0.09377009268990519,0.08481311939745675,0.08539919115916575,0.10725919667117732,0.19417360549032348,0.1660954282394358,0.13759274864089674,0.1113021445388758,0.09612941129612262,0.08611523814973344,0.08491332477238793,0.09878859527285504,0.18556168489959726,0.16350469933549144,0.13798335267602937,0.11462475783549289,0.10091907012515183,0.09000252476208877,0.08671851745163887,0.09264930322271187,0.18142427414213058,0.16363823642825917,0.141769838484976,0.1209885253595062,0.1089229401647946,0.09697286703058404,0.0913389457393433,0.09254355079023606,0.18086299700041314,0.1667785022741106,0.14780267703603278,0.12985591628259857,0.11848687934276086,0.10615790041126082,0.09952342928303096,0.0971790097285716,0.18176571620701587,0.16872303943297834,0.1541078707966648,0.14106659122140267,0.13148498266312578,0.1170023118115963,0.106516631351534,0.10081341509836922,0.1828625193396707,0.17114474983906983,0.1609606104898599,0.14850189276465414,0.14143943340099685,0.12846892573417626,0.11492409254121196,0.10814636409159933
2018-06-20,2770.4116,0.2225735157772665,0.1770452237151815,0.13064649135931108,0.1020888730207071,0.08865335219924071,0.08165384067370737,0.08454337358586712,0.12084558749973372,0.20208036587503053,0.16675175007908039,0.13100603106279252,0.10426065768156013,0.08961602855465839,0.08132662582728759,0.08368074214954628,0.10838119212754606,0.19151489228544014,0.16197810014611366,0.13247593770740126,0.1075854261788567,0.09233535458002459,0.08275072987102966,0.0826848481894898,0.09823737178612917,0.18313088408004555,0.15900020682502225,0.13393325778683393,0.11184312417329549,0.09755371873655957,0.08666674628029686,0.08427010403552757,0.09048998318007812,0.1786359868175384,0.15995979772375815,0.13875561938470551,0.11942733463940947,0.10628611838079881,0.09432792821407338,0.08876399426261619,0.09072062489627274,0.17764352161319213,0.16292024574821495,0.14462737677903004,0.12840342275927966,0.117680453640612,0.10570673418852343,0.09729404724168693,0.09468951453011096,0.17913482231568803,0.16579183713113066,0.15169540430969766,0.13707409994291983,0.1285265964728235,0.1163976211083804,0.10492716601966248,0.09922425067665512,0.18102545212310692,0.16911784379513145,0.15966841191175704,0.14580742637567126,0.13797904446216142,0.12867670701692427,0.11737779810969684,0.10917892910102328
2018-06-21,2751.9159,0.23716836157353616,0.19362895863507107,0.15384246196000634,0.1208568897297589,0.10391295641257368,0.0938685682681304,0.0921671744992263,0.10930513926855094,0.2179249436445927,0.18409968815131794,0.14959713748513115,0.12014870969183244,0.10343945611575112,0.09203822766819225,0.08869124154254762,0.1019612411297004,0.20616760174695617,0.17815405884389504,0.1482996328014746,0.12105796701254544,0.10425965516436596,0.09189803567815744,0.08812247237667634,0.09596599017517203,0.194983215130644,0.17295948154392746,0.1466255724067399,0.12258349652409048,0.10723456253911984,0.0944141667804096,0.08988465579838598,0.09492085303129909,0.1887355128579827,0.17096218670701324,0.14784732593702765,0.1274844436735184,0.11426308351937965,0.10061312801206992,0.09308238269319617,0.0945587860106789,0.18535353128630197,0.17127227594713287,0.15319575115560102,0.13457204481714705,0.12256619939096203,0.10890780541959245,0.09978673996277697,0.09747121360210095,0.18318153201606974,0.17119925851968765,0.1586117429632529,0.14349032364585454,0.13314028308977652,0.11794313930626203,0.10741444542455618,0.10049578510452024,0.18427674391471974,0.1731674754518279,0.1633731453063078,0.15260267240162143,0.14563327476724292,0.13129257517022785,0.12170060794991042,0.11175134291652378
2018-06-22,2757.5586,0.2260387529691903,0.18233685698166696,0.14081172306251888,0.10939512828646676,0.0939962000356861,0.0856455885054835,0.08610089187002974,0.11269876993830791,0.20999966722384092,0.17543043323410062,0.14269330529575977,0.11284849054453798,0.0958028665193602,0.0859137742432217,0.08518293198605366,0.10348154695546585,0.19841702761073612,0.17114621666701418,0.14360874799164383,0.11572273976590257,0.09813902006330802,0.08710610568525415,0.08496230904125769,0.09514133758603335,0.19048073622236128,0.1676078780564107,0.1429538057839803,0.1186370483198647,0.10282110908232803,0.09066350514589072,0.08716220383889067,0.09257860983171391,0.18578270182732642,0.16700692314675478,0.14545138770037938,0.12501873908243136,0.1124511266999495,0.09881293419317938,0.09227593950432784,0.09332517540062964,0.18398444074372597,0.1692465918104833,0.15119472946739057,0.13273174607363347,0.12165492532709295,0.10751156698176675,0.09963397056405904,0.09716865391974366,0.18339470878382783,0.17147464955639383,0.15558736307702858,0.14187666312187155,0.13365373336215322,0.11789503520150259,0.10692911999645945,0.10302860882577262,0.1845848120262657,0.174315152033796,0.16060862322902583,0.14898516872612128,0.14448050076846283,0.1318594504016867,0.1194630229775948,0.11645833734918402
2018-06-25,2720.0699,0.2610394260200371,0.22234029968949157,0.18021615418519352,0.1458133700674946,0.12629686561852915,0.1109886215270482,0.10399807726044837,0.11863194203517254,0.2428099440297039,0.21035385771027815,0.1751303949168069,0.14405020848124547,0.12477741382324446,0.10819704060416042,0.100031239548205,0.11059559049014464,0.22689104401120183,0.200205472856046,0.1707274802765264,0.1423173813872198,0.12390677524402839,0.10697968402416885,0.098098269211496,0.10151593310941001,0.2135660929745863,0.19181276704904365,0.16710917557197347,0.1424085998588571,0.1253234339580454,0.10850391882430799,0.09914958170931983,0.0986787900247104,0.2041660514816036,0.18655393493518185,0.1658436482359057,0.14561201552116362,0.12982520687094476,0.11247993961386928,0.10181278616118028,0.09894890298369721,0.19836317078373564,0.18440040682610134,0.16790355136292776,0.1499891774863165,0.13576723490229128,0.1198944215200592,0.10871860688178803,0.10373576325290453,0.1947906485814967,0.18345179551307303,0.16964299853978704,0.15407640054435665,0.1429816333548333,0.1274385209597548,0.11534915491384629,0.10939970367124531,0.19177694736362763,0.18315507101306133,0.17084155263866657,0.1591728702799411,0.15247780015799767,0.13571748070612968,0.1218664890625962,0.1168241332599771
2018-06-26,2724.5761,0.23942657797256842,0.2025723391119596,0.16755562155326562,0.13657835785289607,0.11813657714478436,0.1047701311381838,0.10016373109169245,0.11731831174869072,0.22886684159087337,0.1971910096608099,0.16601632759738508,0.13689662817648918,0.11817958475673465,0.10309516852442824,0.09733905735820406,0.11025371773936854,0.2183201203710656,0.1910480899621105,0.16330545286233294,0.13642187955809237,0.11796914565511919,0.10241067958321455,0.09530655311616577,0.10073608063802367,0.2091222010015658,0.18634750129659555,0.16127660486012654,0.1371711828968746,0.12032604591893682,0.10470012119903743,0.09614610674255461,0.09599379698109599,0.20042855358229444,0.1828895361256673,0.16099133226667905,0.14005067740147212,0.1259411538320785,0.10927061531555729,0.09912450179115713,0.09631353609666647,0.19470814819886542,0.18198663037462795,0.1639120395136088,0.14427045103793604,0.1337547860154851,0.11736992139228421,0.10535761255508504,0.10018819125251907,0.19193161822331498,0.18080813605030996,0.1659409380808353,0.15046222991015196,0.14181588119160157,0.1277246664296997,0.11221530573172907,0.10475552485230973,0.18883648094640237,0.17843609519342227,0.16711850347393684,0.15746660486064495,0.1507860359271049,0.13950581340166354,0.12796735006412768,0.12050054840207583
2018-06-27,2703.8572,0.2572671297954976,0.22053200470021792,0.18649263154124343,0.15757721880175826,0.1386841861343655,0.1222942612617461,0.11249331480171042,0.12299686826490036,0.24278097537047005,0.2126625620210663,0.18259241478693147,0.15420659528696118,0.13473263306271877,0.11748049162630232,0.10749982084779386,0.1155348910665362,0.2312808953714786,0.20467907222335638,0.1776912690322081,0.15098138636999534,0.13172549026547764,0.1140642626921281,0.10366303891649459,0.10530913065412018,0.21962532578640268,0.19725283559001264,0.1733151457583482,0.1494632403214729,0.13207541099655504,0.11430661584869786,0.10305116076959062,0.10034693414880456,0.20972772234931433,0.19235714374942545,0.17188937003366836,0.15086636979221518,0.13586725297500188,0.11812099381526246,0.10532331798071251,0.10088262257329253,0.20372341080797807,0.1891505205567104,0.17370588593645378,0.1543805821632155,0.14093379247707147,0.12437644825619835,0.1111926176767187,0.1048146252872398,0.19978583874746053,0.18656144747764863,0.17412797819300377,0.15712815897382593,0.14727749713771376,0.13160992919450795,0.11610938747944012,0.10851918907262594,0.1952596507557507,0.18405506720352618,0.17278826370322772,0.1612134396626121,0.15437424832658603,0.1441067212803767,0.12531728734869008,0.1216272013463981
2018-06-28,2717.0899,0.2434295949436761,0.20865360891061324,0.17266911085694692,0.14312158123459293,0.12540799843756548,0.11104069084216582,0.10397988374435707,0.11789149646906825,0.2316693718780798,0.20261662799926297,0.17136897849534086,0.14244508628926328,0.1242915288388559,0.10857246831091176,0.10072684228564875,0.1095602282500897,0.22134014423700635,0.19622803265622324,0.16844019059921497,0.14097414898412672,0.1231021441928708,0.10647680198678525,0.09728228923917759,0.09787929413728257,0.21226048166137254,0.19087925568770325,0.16592295207691696,0.14201409414433797,0.12575492808527466,0.1080829865378062,0.09783927903486997,0.09595426286330319,0.2040543829003731,0.187156587456149,0.16677898620722245,0.14620673168838785,0.13098438838824275,0.11256199557186444,0.1012584837841856,0.09740320867213825,0.20089867763453018,0.18561774119760244,0.1687165237003566,0.150540087742334,0.13543874408754392,0.11788972989283776,0.10657852232767578,0.10090315506001028,0.1969399831544467,0.18347286846315317,0.16847278741433566,0.15519520248421595,0.14344749963238432,0.127075486208804,0.1141702194232196,0.10625731641089867,0.19183451351264585,0.18140987895279487,0.1703206574150703,0.1607461032745185,0.1505536143483567,0.13600178238210883,0.12436120905822465,0.11872125011494368
2018-06-29,2723.1421,0.23755009293241025,0.19873702846047098,0.16230124629472178,0.134045781638744,0.11763691522300328,0.10466310858689218,0.09900956077691718,0.1263452114689341,0.2222163556233095,0.19236131390013284,0.16098846990727647,0.13384137512391997,0.11614845535773688,0.10197650472660603,0.09554440027614555,0.11082948535029863,0.21161564413567951,0.18688032927684486,0.1587355401971331,0.13328645269483855,0.11539586138104997,0.10040719675663637,0.09293264670695482,0.09715902889310389,0.20462173592571517,0.18386857303792337,0.15848114459553536,0.13504845772402457,0.11856057355321861,0.10277746500155538,0.09385467584802634,0.09345809880196913,0.19998230985851656,0.1831050502623576,0.16060472262945885,0.138937670624996,0.12475489263731589,0.10883384787754351,0.09795506422888406,0.09525087820833095,0.1970406946343666,0.18242400105466036,0.16456870426688766,0.14462256659502598,0.1325374999312927,0.11756110155726004,0.1063957804920974,0.10032793224112088,0.19405765741096384,0.18144552198283975,0.16785844188504867,0.1512212461114934,0.141697343945965,0.12648523878194723,0.1128802767943997,0.10513977998173368,0.19162244991637775,0.18001940581292664,0.1684467421993186,0.15694161084655242,0.1506040604631988,0.1376710436479586,0.12293439793064738,0.11598162331085099
2018-07-02,2727.375,0.23134645849038937,0.19364440569553898,0.15887775523234982,0.13007091768678605,0.11349247218551618,0.1014316109599492,0.10073075354976745,0.12615283760414753,0.21746246196780772,0.1870234940722303,0.15800678089187847,0.12999263579172174,0.11189408441164395,0.09862039923274346,0.09467085644249426,0.11118564388233032,0.20938418860642058,0.18368199738306273,0.15674464895874707,0.13043310176494,0.11237998087318427,0.09809291707167263,0.0919208577885383,0.09775920793225688,0.20389025040283013,0.18190300996654263,0.15766319623331068,0.13384792091258188,0.11666635428907193,0.10131020728105208,0.09371968611618761,0.09519446458197318,0.19874846984378566,0.18080239844244406,0.1602754738989478,0.13860288424968562,0.12275686045343383,0.10670444219003043,0.09758998048238328,0.0961985518822563,0.19590430159594713,0.18098883027107862,0.16409776444355129,0.14435672007979747,0.13060871081031086,0.11495055204226357,0.10420122505672484,0.10029798494274506,0.19218935911084847,0.17940636263491538,0.16599271496086063,0.15173648035567186,0.14215646210066188,0.1271194657356987,0.11200328283767116,0.105528507316642,0.18931026291464795,0.17951986353271016,0.16851275448892988,0.15720538942016596,0.14978379696141353,0.13866851270405334,0.12737759530383472,0.11920362226586709
2018-07-03,2714.3121,0.2341336162419877,0.20114877281806623,0.16819883780111505,0.1391559319347782,0.12137894130012164,0.10810542086521333,0.10294497618503794,0.12204112990801996,0.2228347840445934,0.1957707911707915,0.16655522800061343,0.1378240930072868,0.11887699694378957,0.10419380373338219,0.09789807711518887,0.11024065602292339,0.2153102039048584,0.1917148339747189,0.16451189974730174,0.13732884713142876,0.11849011635183257,0.10221958437227979,0.09452293276587638,0.10015983441744314,0.20831233502211088,0.1881852518280848,0.164554563396367,0.13921461527780138,0.12198316764540403,0.10435588039181304,0.09483709134470364,0.09566361359477006,0.203298739546745,0.1855953349619148,0.1665541611045992,0.14352419434477784,0.12774325456208724,0.10922861888833449,0.09785047464456009,0.09639826367563807,0.19966323017374352,0.18433043702081028,0.1695313088728539,0.1500492976990166,0.13519973926568699,0.11603764254881635,0.10367956173664945,0.10005738878374856,0.1967467224769297,0.1830194144468304,0.17000178172689434,0.15431227236990547,0.1460365055562713,0.12841039332685994,0.10922695923510085,0.10261219897958489,0.19390390724486212,0.17930039518465066,0.16918640833872658,0.15757613584676494,0.15289635377346014,0.1451938103163539,0.12133579953049604,0.11258739833744662
2018-07-05,2738.2329,0.23497141804734722,0.19400101830011762,0.15734300049415179,0.1273924818155142,0.11118082396986514,0.10113183633071147,0.10134348996187591,0.1343350401741117,0.21644945310722927,0.1837632595526929,0.15323535241133177,0.12495501887223501,0.10792713877491453,0.09656681753882225,0.09374091850125825,0.11174767126428499,0.20714671345878216,0.17957410779594085,0.15232626768532495,0.1255610442467694,0.10823332067653407,0.09509733021576812,0.08998059534872842,0.10140276910730808,0.2005834098668749,0.17817241277671494,0.1537699083205787,0.1299659618672317,0.1128560106714219,0.0973157404384389,0.09031979222594498,0.09395700720065654,0.19649329940981353,0.17807697895585792,0.15587799676097452,0.13547719910632133,0.12013792496081009,0.10259743241250145,0.09401262561424674,0.09264525737132798,0.19406810044893896,0.17866878154948193,0.15847773201230553,0.1410480301779535,0.1293227941174643,0.11191975407545368,0.10044165746730871,0.09521196432839192,0.19071886437581456,0.1788375430010983,0.16302429074331928,0.1464881120964276,0.13729185618046222,0.12394446819438222,0.10881125933209135,0.10008928646301112,0.18708354916457212,0.17655770809517923,0.16887569853251602,0.15494478260335845,0.1435970478332982,0.1339818439488716,0.12526156269631034,0.11409560272841401
2018-07-06,2762.7149,0.21313528302792087,0.1739165862737631,0.13579792030795215,0.10787516733712697,0.09482884502860818,0.08902095815374628,0.09830337013593046,0.1314004493500009,0.19842577027773164,0.1674182218517276,0.1358957328068518,0.10956250989921561,0.09541399781989951,0.08766448646051428,0.09132681905340147,0.11235484816544541,0.19187172646195563,0.16555150751171263,0.13803780268109125,0.1130097905204457,0.09793301855908204,0.08809300564614989,0.08718439297799055,0.10035455983203041,0.18744445031890708,0.16649815018522118,0.14238577593390458,0.11959361648481567,0.10404617987749198,0.09131114164941187,0.08671833696732315,0.09188211380396875,0.18598010393002856,0.1683937216387939,0.1475603310950239,0.12781534491998822,0.11264811990559265,0.09700216830677623,0.09029427938296725,0.09040470761528945,0.1858213582451382,0.17068418158660548,0.1530059899738886,0.1363668409426832,0.12229595410252594,0.10644280576428708,0.09855431517855925,0.0935962238845712,0.18522852580765164,0.17287618345735953,0.15625786594942512,0.14354081247194084,0.1320987748736669,0.11605329154717561,0.10718422970733472,0.0992815962490194,0.18617796712208953,0.17459335838800782,0.15781972834240773,0.15053684183946708,0.1421727164370695,0.1303865188984505,0.12254958319864324,0.11588753614612084
2018-07-09,2786.4698,0.21265060411585052,0.17167322286157413,0.13014951869886687,0.10068156096407829,0.08826659774852953,0.0835069003649272,0.09313467800032395,0.12671709432940528,0.19639560099940243,0.1637453886857241,0.12891970936599684,0.10236045895057119,0.08912836826155603,0.08252422245385795,0.0855914200062427,0.10817504294715335,0.18794760645533878,0.16034978391248356,0.13062943156367854,0.10586549327846283,0.0918750333562162,0.08341637220101142,0.0839737952163036,0.10129342854214228,0.18159180504341008,0.15945235063661178,0.13456856203129727,0.11216770313064474,0.09762378049184661,0.08644085642266366,0.08394524115441018,0.09269735117826888,0.18009102513373976,0.16109417893150413,0.14015717806966493,0.11951373394545854,0.10542628223150784,0.09202239460127021,0.08722103154023418,0.08964948164790777,0.18003763013696958,0.16388515776592094,0.14673806663814792,0.1293588579844329,0.11677572737309304,0.1029173324182111,0.09444926956282965,0.0910688368025893,0.17920101937780358,0.1661264768870834,0.1515004018983221,0.1382489618478991,0.12670070764862063,0.11422584292927519,0.10334922351142836,0.09812848145237282,0.178625308303529,0.16881198150688193,0.15618450930697456,0.14612613351886186,0.13604933849995793,0.12638665062690926,0.11772100482804734,0.1103442269141488
2018-07-10,2796.6918,0.21358471411038105,0.1725613802137549,0.1291703602551312,0.09906781821913062,0.08609034034028269,0.08113474825347636,0.08911889437564592,0.11746560141089554,0.19793613666642473,0.1641656948221251,0.1281951224976587,0.10133484667821199,0.08777957897738334,0.08115520274493128,0.08387501070395686,0.10357853366305428,0.18767302871592795,0.15950297534975966,0.1296077781395094,0.1047030378086648,0.09073551460338221,0.08259029440303105,0.08306707901258885,0.09531051836702352,0.18052561736025766,0.1576302031176141,0.1333085400981508,0.11012707686802378,0.09597486385994206,0.08586126742392364,0.08337537376794767,0.08954294845193238,0.17820754783826104,0.15919531478888518,0.13801946284154662,0.11710396967428027,0.10306247344550515,0.09117116152511866,0.08622583622679539,0.08766976522296162,0.1773072828125944,0.16259326216450742,0.14448615866578168,0.12702367953807028,0.11291162042941999,0.09989153614612171,0.09270792121737174,0.0896899134859214,0.17695555729832305,0.16444817061929434,0.15035780810315139,0.1374819284873994,0.12664838368752102,0.11180680275391705,0.10233503947841167,0.09857562423465195,0.1777182124736528,0.1664226812644907,0.1554602656856052,0.1444217073042878,0.13716397306259526,0.12610377624276323,0.11652776405746774,0.11082299892555375
2018-07-11,2776.7485,0.221943664797947,0.17970180566342484,0.13901230237592122,0.1088227709102289,0.09449767198312393,0.08737637449747145,0.09122489490950042,0.11536481266601224,0.20333992488270944,0.17089771488104497,0.13850353461230414,0.10993025093773914,0.09478948923596507,0.0864440409541729,0.08682951181954571,0.10290257809136971,0.19263578280468815,0.1669633825740635,0.1395308962614561,0.112372761065119,0.09665281356861379,0.08687898236459961,0.08540372443149052,0.09664264001915834,0.1854900175131445,0.16500996932026304,0.1420098776769008,0.11730342730034368,0.10174247247560723,0.0895581299556199,0.08530239880951278,0.0906448332213908,0.18416491741637522,0.16551306056300782,0.14508467484358828,0.1229575962953242,0.10852418896140836,0.09484497364425862,0.08838679297227295,0.08906144534247519,0.18298630345706818,0.167557018877614,0.14933871060889947,0.1301830273472829,0.11666768046230036,0.10333365471279646,0.09582845345210163,0.09090931049538871,0.18155747220990054,0.16819051403845697,0.15270512310806167,0.13866865647725837,0.12590046745374267,0.11097325840777118,0.10461554705861092,0.09740742005135973,0.18128484860125735,0.16943491825223955,0.15642667397494828,0.14661433690616282,0.13937247063819158,0.1270251884368197,0.11928980207423051,0.1168600772617404
2018-07-12,2800.1171,0.20914839715810624,0.16824754645347853,0.127491019172143,0.09866233079895484,0.08626089329295639,0.08131224192300131,0.08585548743752835,0.10889627785084773,0.19629081934646023,0.162893181941162,0.12715226332501353,0.10017461706883243,0.08757282257966224,0.08148409969061918,0.08231612286942454,0.09530246295492954,0.18683527890679388,0.159087404278345,0.12952905900772463,0.10360484107577982,0.0902914033878747,0.08269434550761699,0.08186783396708858,0.09004311538642397,0.18052394512736175,0.1578994107069351,0.13351249053559266,0.11026881028264424,0.09642215763497768,0.08607061007124889,0.08321829144789976,0.08827550098679245,0.17939379362104999,0.15964956190160154,0.13708466566758334,0.11649908524681604,0.10339560604652809,0.0908654968508547,0.08633580109302325,0.08822967252704071,0.17939075336872184,0.16297318013137957,0.14351561746140365,0.1257196890580441,0.11350909610846169,0.10008330898071803,0.09431402663658914,0.09259702294717086,0.17896000230389933,0.16528725315500783,0.15071975582502434,0.13688067404654736,0.1269734269043058,0.11284765311408218,0.10475079264367161,0.10065055700559233,0.17792151244232515,0.16650453193898573,0.15581485159623124,0.14373123370493912,0.1363666191112052,0.12441796233664952,0.11543552481144018,0.11068335389917035
2018-07-13,2803.4641,0.2076904951675971,0.16640429955674096,0.12274315507661977,0.09462801095859473,0.08340551620757464,0.07933261352675776,0.08418566476491812,0.12059911097066693,0.19363479423357557,0.1603036044512452,0.12450610636461247,0.09785196749311388,0.08509790842802128,0.07951946240427166,0.08177102479803001,0.1057877578949231,0.18445167827438014,0.15751314752336912,0.12779087208518788,0.1023083325654973,0.08822887210093959,0.08100682618951585,0.08145621669996021,0.0951646549359602,0.1789899020550663,0.15726265865865482,0.1321856602029048,0.10837074400905876,0.09431522661812355,0.08466338212498165,0.08250325825055724,0.08944395488854387,0.1776457274224931,0.15905224283758376,0.13682991655673316,0.11531889619438673,0.10169520832707678,0.08918657936104663,0.08514580232541785,0.08800261461716646,0.1771194606101762,0.16255912488039514,0.14188391699603306,0.12414908901705309,0.11257476247110988,0.09803407254331475,0.09130361990238578,0.0897543041079217,0.17713614644303086,0.16538042820640733,0.14761051002184383,0.13387661044356,0.12429866540730847,0.10995900157705199,0.09865871990204451,0.09524563539066835,0.17756085663259924,0.16698884204804024,0.1525775771325911,0.14263402863783128,0.13520225444670053,0.12530814267724397,0.11520888240815338,0.10812363651858897
2018-07-16,2799.8433,0.22020293447972705,0.17455564732268128,0.12896903844186164,0.0989792874139874,0.08645122332626155,0.08193093310573765,0.08778627544309063,0.11052462299750215,0.19921490963293442,0.16412797720827502,0.12827759531739585,0.10090064868341825,0.08723840574389495,0.08112555451202784,0.08344657787787034,0.10049922678986879,0.18797657024097178,0.15932984891845295,0.12983657168186624,0.10378496679362216,0.08941925349643318,0.08179698013253267,0.08212916853514993,0.09379289369738505,0.18017123969349316,0.1583310545171602,0.1336305335577564,0.10949903730646454,0.09520826948410614,0.08494280217038369,0.08314301370122178,0.0902532108633005,0.1789077106474985,0.16037536773614708,0.13822019596664661,0.1162974545171206,0.10292442003406065,0.09014106583567597,0.08640777039847639,0.08905661487452814,0.17837706245341398,0.1630998911573275,0.14288901791452766,0.1254142834284275,0.1139088857696218,0.09815976070362302,0.0916707986028978,0.09009314007152752,0.17816745507453566,0.1654698137861668,0.1459258076408976,0.1347055056784326,0.12652515350685029,0.10793996065161955,0.09930776853680681,0.0961409924010787,0.17822099605501912,0.16869948199211152,0.15132445037646988,0.14247886561899983,0.13721613357634585,0.1222502657773118,0.1122827836415862,0.10973615826771346
2018-07-17,2811.9348,0.2104750670996695,0.16651853211181392,0.12140480256414095,0.09336912622584759,0.08345989694149764,0.08113500991002584,0.08730297615699856,0.10956865538425756,0.19203457906141902,0.15758918425009388,0.12146948493198116,0.09470898279997407,0.08359548291059399,0.07973954176303592,0.0838194668579819,0.09718992459984054,0.18140581454669633,0.15345438501030384,0.12259239761749094,0.09752165594849001,0.08546949731572277,0.08024840994255777,0.08325636796097513,0.0949592568831995,0.17599594344736672,0.15310990113052367,0.1259739426944787,0.1034405522438017,0.09097386407639106,0.0832751827532411,0.08356093300091207,0.09207359007689014,0.17580045962275537,0.15527331199861194,0.13192367605967065,0.1109607043344332,0.09818371846429004,0.08805897061143356,0.0857909742729765,0.08994154870811408,0.17534090726706866,0.15763366526298125,0.14008264356282232,0.12305274330371845,0.11094651000976083,0.0972861627240611,0.0916186569426688,0.09076009296696787,0.17465241261266343,0.15935316318556422,0.14536212243526936,0.13247781531648503,0.12442930856682247,0.11009558249198761,0.09907151201175768,0.09559507265490348,0.173720512954076,0.16211828640246465,0.1525316415272405,0.14179460668324195,0.13533883524329765,0.12467227310072013,0.1115172908815939,0.10696343958764974
2018-07-18,2817.91,0.20773306806755326,0.16342415692068918,0.1185171975904655,0.0906673840909237,0.08068989948760937,0.0783044692836978,0.08567635209646836,0.11497420540158712,0.1926984881107134,0.15562624863481728,0.11868309029172013,0.09304440948739338,0.08198976270159393,0.07829561814959345,0.08557309891277291,0.1087146553613291,0.18168479894231776,0.15246476587891186,0.12138042272347156,0.09665305027992847,0.08448768033705852,0.07955735308343742,0.0836522557038703,0.09924973325269384,0.17412337112219547,0.1519755723020572,0.12573703473273795,0.10317825067215237,0.09026886748080228,0.08292523689457416,0.08307486420328662,0.0912143663964423,0.1742234224220616,0.15493087944793868,0.13140570014931047,0.11047342576402162,0.09729640915804584,0.08758685791529204,0.08538126439558691,0.08896946323200217,0.17497045367447372,0.15890430990200854,0.13987656709786078,0.12188395742335391,0.1095657441192162,0.0968021226105483,0.09143560308145707,0.09033810142730297,0.17547947310818002,0.16185471842623878,0.14462875285039203,0.13011121415589277,0.12171206932134293,0.1069958474178351,0.09813190163979027,0.09545003085108837,0.1760088408779241,0.1658724354467878,0.15187764341053683,0.13889527544900232,0.13202216615241594,0.12253816780801507,0.1114457636657774,0.10469348388838146
2018-07-19,2805.5365,0.21843610434562685,0.17238111089382271,0.1284079651582316,0.09935715371969425,0.08700517965994324,0.0823074260782557,0.08792815418715146,0.11995695522318421,0.2008320738098544,0.16407061288594307,0.1289166584687494,0.10177521251428436,0.08821008873951881,0.08259425847888759,0.08907073491646374,0.11267561517160454,0.1894166182234575,0.16041865986620923,0.13169794639054175,0.10511653651436664,0.09019333699097568,0.0833480604865195,0.08660349690247002,0.1044801192188502,0.18217867813188543,0.1594578004132924,0.1351150550173703,0.11073851683031484,0.09527689397375877,0.08596308930441805,0.08499993451517857,0.09279422151291855,0.1808259654137993,0.16092098196490515,0.13881434782609042,0.11670979737994708,0.10203083980612518,0.09063034553157914,0.08757801006054042,0.09078354291974214,0.17803664881593087,0.16358476723232623,0.14563792309771864,0.1257254790032881,0.1129422586927163,0.09973016252412438,0.09430054494613245,0.0927706023309841,0.17708121535866153,0.16503723119774563,0.15112192811486833,0.1360539812977545,0.12479469587102134,0.1082880132132787,0.1012896046619849,0.09850098146597074,0.17873979164099027,0.16675354238419865,0.1560195488185612,0.14508069241805438,0.1365972248537657,0.12499464486524983,0.11362748007563793,0.10590950404732753
2018-07-20,2803.6275,0.22279849081264458,0.1738345830124458,0.12817567674123437,0.0977522715511784,0.0844343902339051,0.07876453857647465,0.08588376640707385,0.11432964950443676,0.20431129022724118,0.16556552261170732,0.12888409066645404,0.10066646761337517,0.08594137888494369,0.0791419655936105,0.08360477185882803,0.1063131830222177,0.19053752817686517,0.16071563330227495,0.13003649670504414,0.10385594687399549,0.08907600139028839,0.08082526861036812,0.08206050539886771,0.09503079940612703,0.18244204618422155,0.15975765532358913,0.13386576265356895,0.10899184061655551,0.09549862148307517,0.08531550695786318,0.08436068161545315,0.09153135317855257,0.18121772775353953,0.16190620801847938,0.1385833271192356,0.11488607469602324,0.1022021873723609,0.09088356796030121,0.08699454554033366,0.09021100583842771,0.17976482168462515,0.16377099307285714,0.14532771661342853,0.12440622395128685,0.11230567757726798,0.10008880411746998,0.0936008280784111,0.09195903896794823,0.17894041403416575,0.1651251456055263,0.15164552802771603,0.1339897353008667,0.12277875472920086,0.1105174546796997,0.10345422167073694,0.09835638045649564,0.1795350001724314,0.16973490223795423,0.15795612054619648,0.14611636787083598,0.13779983277463698,0.12567798881594835,0.11805964945689439,0.1118893207993902
2018-07-23,2808.0981,0.2180502522075264,0.17482074027240804,0.12941483648799243,0.09916220141770814,0.08567795322304886,0.07965343326779621,0.08321852811537517,0.10913067811409936,0.20183439709617473,0.1657052443818271,0.12932831719476331,0.10061323175522599,0.08605319679518572,0.07913023300500713,0.08209072332247225,0.10556647164689904,0.18855908174937422,0.1599614017317756,0.1317918401280622,0.10400023136707744,0.08844280070432121,0.08057015915340277,0.08154357653025184,0.09390075492306921,0.1811997028920758,0.15900678759984735,0.1348777490471603,0.10980710231756896,0.09471818633542683,0.08460769589775784,0.0835338978155922,0.09098710265072293,0.17984929985490317,0.16135482746594967,0.13945920655260366,0.11665207880376331,0.10249913165594107,0.09005176378274543,0.08664911093426832,0.0893045696407808,0.17894187723854887,0.16262987730024964,0.14431807832881727,0.12707088227373908,0.11348882714230786,0.0986568770136612,0.0920172742227601,0.09138704814177168,0.1786516146365048,0.16510145583212205,0.14827946274769366,0.13631990330440405,0.12526481274908258,0.11126375322216656,0.10410880714025385,0.09946315779373609,0.1780950040187428,0.1671766701716365,0.154505976676008,0.14414089289821888,0.13453825309760173,0.12319206268614033,0.11567041212900488,0.10737008623033824
2018-07-24,2821.4265,0.21424137838005083,0.1729341468160072,0.12900139980964784,0.0985954112733952,0.08560080048365129,0.0801710780311037,0.08625626504064998,0.1153123985371411,0.19952365737765765,0.16565444156585946,0.12854767295696853,0.10001100465180278,0.08631316691547276,0.08006892756582859,0.0846518613267612,0.10802024433826901,0.18452225404766165,0.15922217174065406,0.12851311074551403,0.10245742621501129,0.08853962650261513,0.0811202917428219,0.08196915794753062,0.09335425841022127,0.1790051699788045,0.1571337965334297,0.13116676540441197,0.10716653143690431,0.09364687611138403,0.08453968709736902,0.08314034808345015,0.08913675033874978,0.1773221900662758,0.15801587748997054,0.1351259176252202,0.11373909135008675,0.10140347383332492,0.09014883461080797,0.0862115418969009,0.08843193118578145,0.1763361083086235,0.15968444035321394,0.14092189804171176,0.12207901399814537,0.11035088894344956,0.09808411787662835,0.09098918607656313,0.08985051659058678,0.17533819770924813,0.16192253685846916,0.14678623951079176,0.13233471775021116,0.12081995571731702,0.10771947016621253,0.1011565879185799,0.09700219197268445,0.17498918216873424,0.166831952635402,0.1530055258383388,0.14138198509027813,0.1347204761889685,0.12269445224555067,0.11567778525620635,0.11181706768665099
2018-07-25,2846.3945,0.21155546376369988,0.16942547885648448,0.12578563630616518,0.09582447465780221,0.08378626415544571,0.07918621460125674,0.08255553002837684,0.10960982202387239,0.19723196692217596,0.1601386417198036,0.12449155797800916,0.0967611603595021,0.08387086547439132,0.07844835881239734,0.08224135294783816,0.1027316392537228,0.18415505175648592,0.15506033410600556,0.12480584345080267,0.09889956769957678,0.08583185726725982,0.07968889471088808,0.08202129746311927,0.09664110991187973,0.17810738225839928,0.15360641935511454,0.12732871355241776,0.10385500560970977,0.09077356116136867,0.08305109298090381,0.08264384058800649,0.09192264725382467,0.17456182364983305,0.15417639032693273,0.13104614398657033,0.11122268016451943,0.09865669295564547,0.08887742492081342,0.08553738905387356,0.08811871657930832,0.1716524591655097,0.156003223534757,0.1372812483062649,0.11887045521505046,0.10702594112071243,0.09615757465723142,0.09034782528691275,0.08875444726743907,0.17178285523862602,0.1585107294226577,0.14349283624371073,0.12929816855628795,0.11656589640931132,0.10330952918048535,0.09678319966025892,0.094661554031072,0.17313758249430172,0.1618600379566831,0.14992173152760838,0.14045967269600312,0.13204820973382364,0.11993935039507382,0.11094366046916972,0.10760004218043893
2018-07-26,2839.3317,0.21381844828060065,0.1714198506715567,0.1275004248563812,0.09730734035436914,0.08570822155696463,0.08184544810737772,0.08899550930343303,0.12927499525178401,0.19922172032812926,0.16132149765810402,0.12579674424880066,0.09811740406503294,0.08573301103054438,0.08077835535398313,0.08515467093111703,0.1172960495819168,0.1827965247343019,0.15458740770836646,0.1262965986178298,0.10090377649585713,0.08760238819121023,0.08149723547867348,0.08267133123207189,0.0972597333293153,0.17727904623003876,0.15350831505150558,0.12859344545353613,0.10540370718300425,0.09243313517665833,0.0846601722001937,0.08359378676306412,0.0898969647541192,0.17453177469856115,0.1555016499564821,0.1342365720359162,0.11185968664840513,0.09908390606676096,0.08919328215754235,0.085879606056227,0.0881965713494904,0.17300725758155883,0.15822751752544456,0.14053423280612742,0.12199233819035614,0.10987929562169323,0.09762029424892263,0.09192341296750815,0.09008258710303332,0.17377006166480338,0.16091483567840653,0.1444654881385213,0.12961457426450623,0.12184939579065693,0.1106469445839687,0.10226544069412259,0.09894571167777734,0.17517878756472213,0.16501544523251663,0.1506256404220349,0.13958788715454437,0.1316957347667208,0.12273348272153259,0.11448140100728597,0.11016455103077993
2018-07-27,2819.3733,0.22736086394642155,0.18031867933731577,0.13570606331430698,0.1035205315094866,0.08890629895894699,0.08201785504091483,0.08386800019344329,0.10526829237910738,0.20709552028526884,0.17040801627975322,0.13418223163069765,0.10476932019957803,0.08942191696159978,0.08171645820115236,0.08321083638018884,0.09880073101167358,0.19037921999319413,0.16239368646934413,0.1334310228249731,0.10682658836888527,0.09125588703420245,0.08295781590826354,0.0835392051187959,0.0934975316051337,0.18246422654141514,0.15956377939661173,0.1351435387575123,0.1110273112116351,0.09567225755583705,0.08599142704354887,0.0844115335312601,0.09026031250362343,0.17908895508020053,0.15962796616209454,0.13833759541123583,0.11760097939230241,0.1031878428287049,0.09157419349821896,0.0872736642653586,0.08886204180277661,0.17743309458093479,0.16109853356734924,0.14353846148240287,0.1255108269947313,0.11211958570767441,0.09909653164978545,0.0931072453737085,0.09126494014809998,0.17685911491989417,0.16338567138610935,0.14814424517015476,0.13290967521934766,0.1222253997290174,0.10852617306167961,0.10157995885487504,0.09810572136773836,0.1760768365901737,0.1667092985751889,0.15402968096568959,0.14212181660284778,0.1348967777129151,0.12304149436886172,0.11539530987302778,0.10983299027037077
2018-07-30,2803.9141,0.22881172949657197,0.1886714996859478,0.1489745113598283,0.11598159268353815,0.09925213976576645,0.09075310687612553,0.09288692868514811,0.11297878734257463,0.21112966619295082,0.1777791047940465,0.1444752813994053,0.11453027804300732,0.09741270171212534,0.08833341324400053,0.08769872551518464,0.10129079204667794,0.19586228992681223,0.16985595196930994,0.14127303226001248,0.11390592020754173,0.0977066055187874,0.08839214361519131,0.08726793376800251,0.09497230705582921,0.18974425540294926,0.1672538575961009,0.14164376951907673,0.1164127423338615,0.10132686548411846,0.09097066169454528,0.08844371291832359,0.09343606797712808,0.18543303289037727,0.165395880236925,0.14427202363661454,0.12239718250798291,0.10860575637193982,0.09668287691591841,0.09047286757271927,0.0918433862853224,0.1818175204172255,0.16503904265505726,0.14854553817563534,0.12892955196900965,0.11630397685059644,0.10378949581235958,0.0957136579325653,0.09404849817715787,0.18053062007544232,0.16569009803391768,0.151956504771103,0.13778479852269623,0.12673081922184876,0.11183623175634932,0.10373174248781186,0.10019903875786407,0.17978201189240123,0.16750583571181746,0.15644731171786583,0.14558177221349394,0.13836222427209585,0.12589971945619868,0.1161743156118832,0.114041342522102
2018-07-31,2818.8937,0.22297177103769586,0.1790655556244202,0.13464022150102453,0.10397039658696061,0.09008431737579066,0.08446055878851819,0.09145040133875593,0.12473264265843624,0.20411490711217928,0.16719520570033167,0.13172392920916148,0.10376943234821336,0.08952783561353687,0.08313401290581204,0.08574429329531176,0.10609755080233466,0.18836532744116835,0.15884953448800113,0.13056655634417336,0.10519072099692313,0.0908545915625879,0.08376941739025369,0.08458737428385049,0.09299520300467824,0.18286766507811705,0.15793619761289254,0.13191438198761055,0.10877464071589546,0.09519259540450353,0.08665965946402676,0.0854539167124705,0.09093435383464196,0.18103442005594067,0.15904722311338781,0.13617021620512373,0.11528838292115537,0.10335130166239952,0.09261962780596802,0.08814696284304728,0.08997487869815897,0.1788245203542917,0.1606492799804973,0.14291797549587232,0.12295146701708502,0.11136870736340478,0.09979816034221388,0.0927202162644684,0.09117459657460904,0.17602392351096885,0.16370878072095038,0.15024236760166523,0.13584693847040805,0.12398402169828057,0.11072668258913966,0.10354324426389741,0.0984186133752752,0.17462595712737486,0.16619335908442745,0.15557647366455615,0.14416069281885976,0.13665450624607303,0.12512289957392078,0.11703521021877453,0.11096738956516919
2018-08-01,2813.8085,0.22409190385403727,0.17999553242369268,0.1383790010380573,0.1056607483471976,0.09075930949499586,0.0844295196073902,0.08830249034998244,0.10915859625084103,0.2019352044320658,0.16772104046862196,0.13361710569378063,0.10498195914146236,0.0901830677871808,0.0832178859482172,0.08637751656137709,0.10223520078558977,0.18869647854237845,0.16192509452367065,0.13282689268946596,0.106470172170858,0.09205698494097028,0.08423942387100991,0.08568581339550413,0.09614899386501327,0.18320713625674329,0.16075493408906102,0.13487762759764632,0.10998941850233988,0.09630156879239442,0.08713167068344653,0.08571375967585936,0.09125051045244585,0.18088439781520632,0.1606157816558553,0.13858201427055666,0.11627845250796523,0.10321632316007133,0.09283159940775494,0.08822903502215788,0.08947714668376791,0.17879477671207836,0.16168549994208103,0.1443883828516604,0.12490931637774566,0.1119514315185746,0.09984770411929925,0.0935173960097824,0.09211299304609667,0.17702566871136027,0.1633706580477955,0.14988391305586357,0.13489677274396603,0.12342050524122762,0.11017366136792583,0.10098484950667383,0.09636846168310736,0.17860828459167205,0.16693885652036095,0.15462211530957282,0.1434050559038628,0.13530141657662104,0.12463808897800586,0.11458396979618189,0.10492870340794022
2018-08-02,2828.0548,0.2158520485086569,0.1690932008492094,0.12570858505432572,0.09585478437784195,0.08325154256192564,0.07844989423686652,0.08576061042687841,0.11505735676323955,0.19517279457090864,0.15879897352567243,0.12482411236394957,0.09740327984579464,0.08438673565924126,0.07868616031276714,0.08217433337310869,0.10238315585926558,0.18140273868767495,0.15541764108867348,0.12682405029702637,0.10143204398465057,0.08784395192007663,0.08107651614472432,0.08221611536228762,0.09146312394368102,0.17911737467789493,0.1562678434378773,0.12973967815531892,0.10685974861162117,0.09352362813061126,0.08473009965203064,0.08326500352167122,0.08853871928944554,0.17750628025577453,0.15719432217402107,0.13451443687371795,0.11363687616733972,0.10021283001370554,0.08954277428708117,0.08587655890584234,0.08814116029112642,0.17580994172387046,0.15917688394344814,0.14223986689801704,0.12287798941192482,0.10790280772294601,0.09601198247966711,0.09090768089656766,0.08983717023895689,0.1763347286674959,0.16308111599686712,0.14711908859675832,0.13202743789498694,0.1212772528330468,0.10552652510573504,0.09971946511356719,0.09798047729588072,0.17698226628402694,0.16856870036253682,0.1566328779937719,0.1435605439232182,0.13613282690221648,0.12216887701493874,0.11301093155310049,0.11030751554459611
2018-08-03,2840.7759,0.21235685417291486,0.16780355628047885,0.12083561211688747,0.08846820373935473,0.07607668522920344,0.07195877149277222,0.07755389936703577,0.11115849960248242,0.19078613989405568,0.15590132177731467,0.11933284497138809,0.09123499673153032,0.0785164411131802,0.07366569882876668,0.07725271250662652,0.09721631411402103,0.17993516991564457,0.15155684117938814,0.12159984422172752,0.09587194761528531,0.0829263022139356,0.07751291599917959,0.07956700742141917,0.08914737148917241,0.17642627261332133,0.15188286725901068,0.1260240822193471,0.10258799497864396,0.08957772176501598,0.08227913652553356,0.0814272326030785,0.08572254694507234,0.17504418629018595,0.15347865118508502,0.13136166998899024,0.1103556477437273,0.09740881938450247,0.08789692615292898,0.08462743985455155,0.08672910441889578,0.17361529599854275,0.15730236736343448,0.13879145709700716,0.11880084719983612,0.10703642393217459,0.09644739929826752,0.09054097441679002,0.08932112354617351,0.17260508416075007,0.1605903876347895,0.14658185931079687,0.12975901526568098,0.11718058589376514,0.10694007573110079,0.10094805803515401,0.09640315863359024,0.17391365408880324,0.16282411555734996,0.15354088419586323,0.1419497167472995,0.12874417950336903,0.11846349969490814,0.11290957848823586,0.11010171369611471
2018-08-06,2851.0053,0.2091639582824599,0.16378244497438157,0.11839195511196436,0.08865038170550568,0.07771541661564504,0.07530753743220713,0.08194153899898347,0.10806980509111198,0.18443127693722144,0.15158024982954474,0.11668094040604385,0.09062960405903438,0.07930932602903643,0.07574666495046213,0.07975439515342844,0.09504567173281864,0.17546437829939068,0.14857529821957866,0.1194202743776813,0.09506636401154146,0.08328835094916401,0.07883327406987295,0.0814748278839659,0.09046324374563051,0.1723372588473782,0.1483619635596008,0.12448206014334391,0.10238068536361812,0.0896077384391642,0.08267297453288647,0.08251060644547199,0.08871490392018318,0.17144932729683748,0.15039352768050865,0.1295057907014241,0.11003708818515356,0.09683556019204369,0.08744890483967524,0.08464568668951984,0.08741355335905326,0.17162801617798176,0.1544727714504977,0.13673921757459617,0.11857795654787219,0.10478294684024989,0.09366275086238152,0.08896704214975745,0.0889024011654055,0.171640420325536,0.15845655605221148,0.1432848523840168,0.12808591529864086,0.11611423684685909,0.10423765212225128,0.0975048872940306,0.09361597907187556,0.17256407874205384,0.16196499806884074,0.15161814090971767,0.1420835476728835,0.13252237546374002,0.120111859130561,0.11298873630705662,0.10662128547591627
2018-08-07,2860.0547,0.19664848754965733,0.15418014660607024,0.11162068787918025,0.08476168472447465,0.07618492318037304,0.0759592804207859,0.08730391256030186,0.12409658669532805,0.1777484092757579,0.14535802872912457,0.11176356681782679,0.08760801252761073,0.07805760287035424,0.07629120353401173,0.08259823672595737,0.10059108308998238,0.172144165117266,0.14495585240740463,0.1162358102816722,0.0924933642318609,0.08176569757262608,0.07879872620249798,0.0831209251887934,0.0947447584920274,0.16947914437024286,0.14608959823927864,0.12188096710992785,0.09993191908931102,0.08782415952363781,0.08195091618914278,0.0826949552770671,0.09071661307783288,0.1685953294340273,0.14807328549878024,0.1276106103569985,0.10747542577645142,0.09492609231654932,0.08685018148684114,0.08434808623579892,0.08737229613129616,0.16851894000375592,0.15227561705426895,0.1346255922603644,0.11599352632863745,0.10339829132174362,0.0937308690472221,0.08898020652400279,0.08866716529949459,0.16814727774834118,0.15643264068854748,0.1417704055258642,0.12635567259199962,0.11479857558310019,0.10317726896511381,0.09718497685204115,0.09476770834813643,0.16927628553078583,0.15900466711148956,0.14889934545062353,0.1388400843736527,0.13164543843339696,0.12078182246094207,0.11155098061379214,0.10512075500906279
2018-08-08,2859.6823,0.1982058120024725,0.1514267285858496,0.10782792638005817,0.08173342583563119,0.07370727016400694,0.07382885658178436,0.0852277058351055,0.1215405209822209,0.1792040368816392,0.14299414813276184,0.10905555119761116,0.08566524726110573,0.07668999549021634,0.0753679146184978,0.08244549765315425,0.10327221156885164,0.1720580418528942,0.1427747613622487,0.11387050276769799,0.09142426516568394,0.08131328690708627,0.07834487892990107,0.08218974561952667,0.0945389514631089,0.16907687749057793,0.14466552697627386,0.1202624785519315,0.09892186002575964,0.08752099520400965,0.0818410101696698,0.0819978239728796,0.08833718135415158,0.16786654053771383,0.14775892266706456,0.12700563445111715,0.10675519777287469,0.09395579187980248,0.08566296259702345,0.08386093406244223,0.08654372478696767,0.1675420180209524,0.15137348710770854,0.13449234261786183,0.1172495955634149,0.10355071578234967,0.09217971172386766,0.08796635024780697,0.08741837793221159,0.1679136090270548,0.1557574215612375,0.13991773983675182,0.12685451637738188,0.11606360374040187,0.10484180955938938,0.10013996512272877,0.09765220331455203,0.17136562131696687,0.16007120226847452,0.14954893010200304,0.14087387929811973,0.13135278209253176,0.12286671528716364,0.11616141104322919,0.11106928995845673
2018-08-09,2854.9755,0.20216341068011984,0.15872608404161248,0.11480336535283543,0.08743694932385211,0.07718507717795242,0.07504609894438653,0.08345120073697332,0.11355443745350885,0.18219133397780304,0.14946212379912968,0.1150619474201081,0.09082813194692466,0.07997815179808217,0.07671504242202237,0.0809900056849953,0.1005933671720851,0.1745199947298257,0.14738310624146142,0.11886793868572994,0.0955842200320748,0.08420903515471272,0.08010403503540242,0.08260705232584567,0.09220098704426295,0.17119139307499864,0.14799646782681428,0.12428427927898252,0.10269830937320228,0.09079760957606627,0.08403293259429102,0.08334164713231806,0.08882363352697033,0.17005465325287508,0.15003488557676922,0.129342304807537,0.11040368084643322,0.09868120397386511,0.08958489300489086,0.08594765603664059,0.08893102322883854,0.1698950144240348,0.154286736335923,0.1368844701951066,0.11861834742614762,0.10713698514031482,0.09773560779931108,0.09156706943542336,0.09051248077844541,0.17055675389545186,0.15805111925466978,0.1425287414939637,0.12634872284196716,0.11647964963554759,0.10800732874990815,0.10067231647336798,0.09593804901717307,0.1734898722128136,0.1643333938547157,0.15177482003332393,0.13925051140808853,0.1308989374326779,0.12435799790294862,0.1170801983031839,0.10748556024650015
2018-08-10,2835.1254,0.23794673321642895,0.1849751753202965,0.1381566839141047,0.10441969493877634,0.08844355141810295,0.08076489580466605,0.0814082269166883,0.10161116285799986,0.20603982606317225,0.1684132675227271,0.13270972575110848,0.10383150385418377,0.0880262923027789,0.08029144489845244,0.08065049134016457,0.09307622090976088,0.19160120331699934,0.1628066643291703,0.13303766709124412,0.10603317370205424,0.09040503349415038,0.08241759521418685,0.08270355540634915,0.09124405167611903,0.18413469084188305,0.16175284625452518,0.13589430411139483,0.11123150470956601,0.09622019560921236,0.08660272522458945,0.08423021441072404,0.08881229057695958,0.1809024186977795,0.1624727218566094,0.14003666094663045,0.11775906432459847,0.10306095848104191,0.09201566964045171,0.08725450396458101,0.08908146364338068,0.17866090486835037,0.1635755331210296,0.14617292636461596,0.12576789099642227,0.11156228503280743,0.09902367061229661,0.09191713906657341,0.09103558185146886,0.17632741400378682,0.16365716378602393,0.1508849158719134,0.13515482432762155,0.12404682355083377,0.11066544007147097,0.10153062711453292,0.09879099885560359,0.17524477091173812,0.16491521303197304,0.15457241136501915,0.14275208964247046,0.13405316970447645,0.12468631640403958,0.11467196116444417,0.10995960036678817
2018-08-13,2823.1697,0.24056319569265147,0.19621464578126296,0.15497671523319068,0.1201781108781025,0.1023112887875505,0.0925207932044107,0.09173892396121404,0.10644310424298503,0.2147550367449157,0.18236132378877457,0.14773459551435322,0.11629273306151287,0.09906052527549529,0.08983225698846063,0.08950371877840452,0.09925789800419298,0.20441047681810692,0.17569037242302998,0.145545801604762,0.1165884426075342,0.1000308313221502,0.0903812342186603,0.08972175139105025,0.09711933152541219,0.19597508566930882,0.1708456298888793,0.1453500263149132,0.12051045120065206,0.1044563679214812,0.09256118245993661,0.0894862057920133,0.09446997272722432,0.19022989884941677,0.16904980090075528,0.14713343834524728,0.12585525028550115,0.11126684599015653,0.09731967471399434,0.09156545061115244,0.09365435214177367,0.186550711505976,0.16980731190672224,0.1511219182575948,0.1316981852984923,0.11943901125164888,0.10486256254614636,0.09615144622678004,0.09421261418175057,0.18381087522413392,0.170939516874037,0.155216304634615,0.13790715438133955,0.12848922105110436,0.11324607253637295,0.10319389685906638,0.10089502675949104,0.18312396143987686,0.17165213624489442,0.15834948568213014,0.14651641651442446,0.1411877281358397,0.13213963769804038,0.1198106051093881,0.11285868194212628
2018-08-14,2841.5394,0.23169095221601055,0.1799131614714973,0.13424375157737148,0.10393765739208607,0.0899324460578381,0.08403704890008791,0.08701255094637993,0.11074291867023489,0.20331255917854285,0.1648715177891513,0.1302730623324633,0.1030583740869331,0.08948963768172757,0.08319648336648902,0.08518857866252702,0.10078982700661229,0.1912694895116988,0.1621823762468724,0.13237064810785673,0.10545489489957761,0.09156109489866658,0.0844676004884152,0.0856309967492968,0.09660586029798511,0.1842534361609983,0.16110573542485981,0.13639186848760618,0.11065083546663995,0.09596618060211899,0.08680569594038712,0.0852895219660595,0.09105857320569266,0.18158807581381975,0.16153714187306847,0.14063118096166063,0.1171562553639754,0.10262859150745204,0.09145730468227771,0.08744676584377228,0.08926783651586187,0.1788294851081741,0.1627661584545218,0.1460252890732353,0.12568179974223403,0.11072875305606507,0.09842089046496535,0.0918352412287045,0.09081984034773821,0.1768593010603652,0.1649022547546433,0.1509045071183597,0.13672721704832466,0.12359089732519732,0.10953348944656152,0.10271073933675008,0.09875595433992518,0.1776075884613381,0.16729632130452776,0.1551254174605982,0.14537141302999934,0.1373817347970065,0.12483003732572509,0.11626869271814166,0.1089747238315159
2018-08-15,2819.3151,0.24267736344716384,0.1972141746784135,0.15637554132307271,0.12220811312583907,0.10431669156321344,0.09372220778666075,0.09269396227118162,0.11107536057974529,0.21827302508871357,0.182972202974252,0.14945726066198087,0.11910588638925361,0.10224266807852364,0.0919999550361717,0.09189886615707712,0.10490850427109591,0.2066482307503127,0.17730079282862424,0.1477287308223631,0.11976245075261491,0.10332555344274932,0.09247900885889623,0.09159113298065058,0.1011336808897241,0.19631431027059681,0.17318822713779397,0.1474108649467425,0.1222272185308935,0.10636487455301954,0.09424065261193515,0.09054877655758067,0.09550150899854816,0.19249382871522047,0.17220928755534792,0.1491519605957711,0.12722164635514355,0.1115681147773368,0.09820425711571613,0.09218431248083711,0.09315649829218135,0.18915069536834653,0.17118932340562026,0.15127023490162594,0.13453481074402943,0.11977963452288559,0.10445839212861881,0.09662304426461338,0.0950477337904113,0.18437231624372302,0.17037536817080137,0.15383814369375073,0.14017852728477784,0.1295235570170897,0.11501923176384861,0.10777873457160561,0.10397320248625706,0.18112247980299467,0.17037964361347416,0.1582513314184851,0.1476103211537,0.13828803233262965,0.12368179164133716,0.11669656402486916,0.11266520073173426
2018-08-16,2841.7321,0.2309479221703877,0.18343305245066996,0.13982054227696294,0.10769806738853428,0.09231939421954286,0.08585096731600643,0.09016010770243733,0.12466137978992708,0.20582085895680152,0.1704511967714394,0.13525795883372715,0.10718919195911039,0.0924277556635903,0.0854622934992115,0.08881661404768477,0.11029247277370273,0.1973963111428667,0.1672452150496688,0.1364880615938079,0.10948663530930482,0.09481598800468452,0.08734737060010488,0.08931637474170451,0.09891107598403019,0.18974894814059126,0.1652987573520296,0.13908112280901386,0.11524807554733692,0.0997342725469404,0.08979309316882897,0.08851039685508841,0.09338246927861814,0.18607156369737876,0.1662025200493014,0.14250063969449506,0.12214125092909749,0.10726665067729961,0.09393794821644535,0.0894240614316219,0.09094270547690522,0.18283381166739246,0.16600514239041975,0.14729329504090352,0.12852073272122358,0.11507134475787886,0.10104956775133257,0.09307086394559645,0.09173478248315564,0.179749164934358,0.16672816342561156,0.1513231299259255,0.1360357270239428,0.12354118845307671,0.11088686045616193,0.10245702857993268,0.09864941914384724,0.17777833005988344,0.1685506321807682,0.15600246217002928,0.14588288888649723,0.13582597097443622,0.12293881187371312,0.11483687195148928,0.11032935880687392
2018-08-17,2852.7151,0.22478031003936655,0.1725337351898394,0.12740666538348352,0.0974997691790867,0.08477953547634798,0.08078628465553123,0.09304773721343025,0.12249621466003215,0.19913375682068307,0.16238200172287853,0.1257545348404699,0.09841469095757785,0.08568518266540766,0.08090310394023659,0.08773946826515715,0.1090165455387209,0.19076547488587933,0.160265957306117,0.12938688287376315,0.10247086636416039,0.08896042759101143,0.08338432913595296,0.0872419963202373,0.10299628386430561,0.18312479417310115,0.15927399515583032,0.13394688604136984,0.10879877277380971,0.0946128213325588,0.08691455588645892,0.08629054396360458,0.09359552085180912,0.18062847842087137,0.16142729602580055,0.13835209431814657,0.1154583485252773,0.1006489246186419,0.09059577401830798,0.08737480060741797,0.0902388626608747,0.17889364791274864,0.16352759945964754,0.1438545243591317,0.1239482461787649,0.11004659112277755,0.09687600922110269,0.09079878347688713,0.09088450197460765,0.17688150608976383,0.16413693861269824,0.14868162748963548,0.1327453407758637,0.12218971920773011,0.11225972881653737,0.10401096990842225,0.09872815280575825,0.1771819102731471,0.16496203494214545,0.15365809354083979,0.14145720486727686,0.1318013777038714,0.12263038919109831,0.11659563485053145,0.10916443760352344
2018-08-20,2858.8112,0.21636076747985897,0.17032561466247936,0.12588387524306982,0.09546678237217822,0.0831553427665564,0.08012855759966474,0.08918137893997254,0.11965221941088323,0.1975764625914326,0.16182490916165262,0.1260352395111358,0.09843921234670361,0.0854519492387133,0.08185922514115093,0.08840319756930481,0.10505914672656474,0.18917559778915616,0.15970554055797806,0.1292311309663455,0.10294976859496005,0.08982723044728363,0.08464118230596693,0.08802643380905,0.09877424322662162,0.18238336082000522,0.15839035483467717,0.1331715823951161,0.1088162926639328,0.09606034949772031,0.08750502311865281,0.08680630479527664,0.09184807978960288,0.1798532252211551,0.15961793012081138,0.13766045219478823,0.11562840967989545,0.10414260299622824,0.0926564913777926,0.08810244475811782,0.08963064052414978,0.1764369537461941,0.16207739372042682,0.14347685366279628,0.12262012591079237,0.11113978039171551,0.0988635988180387,0.0916466117321444,0.09090918537839773,0.17581969065838793,0.16316171759197307,0.14929008306523775,0.1317169774594452,0.12052045651472092,0.10842540313414924,0.10166648143494894,0.0980851676713541,0.17533918196851736,0.16446944771487673,0.15422171005740748,0.1404923120430977,0.13284859239803812,0.1211103979308833,0.11396060669322634,0.10972284767806834
2018-08-21,2866.3909,0.2140081369794096,0.17070085456618922,0.12579907751598937,0.09514124447261234,0.08303323108067438,0.07994690889538561,0.08943265271055503,0.12244871238115806,0.19877288990984932,0.16490445642439464,0.12646057256555443,0.09800897588667189,0.08582497193208355,0.08240962682674749,0.08836827918955531,0.10829130561665304,0.19018163262159726,0.16081799176108805,0.12893876252832964,0.10247353504950524,0.08981996789090858,0.0849251360705924,0.08772243214820952,0.10201307637645893,0.18254112737462203,0.15869438502986793,0.1332110140167904,0.10845791866991356,0.09527034692800106,0.08765452077108798,0.08687758761286543,0.09389975447962688,0.17842934739433464,0.15889066573118527,0.1379743502970681,0.11603572488266754,0.10240615189953164,0.0919063953812259,0.08814769897298967,0.08994353011244366,0.17569016671971116,0.15956305782425978,0.14151560885484826,0.12301122284996868,0.10980743542888234,0.09702181911470284,0.09055917892434716,0.09009904244456544,0.1763770299685085,0.162691146516957,0.1461310488557005,0.13141328297971872,0.12093697343359898,0.10884667203422208,0.1002023478293698,0.09691229226113808,0.17534293746111124,0.16483815558688555,0.15322271872484253,0.14134492593276227,0.1329729968959091,0.1239504872125338,0.1165578663743482,0.10585313174117161
2018-08-22,2864.8409,0.20925161487346408,0.16406279463574108,0.11882069011752044,0.09053820877753668,0.07880087268672896,0.07477133140818762,0.08543877417846968,0.1249628066285286,0.19598717642077684,0.15984487531254993,0.12179369986509618,0.09493975890018226,0.0827150578924167,0.0785223827225076,0.0851930435919966,0.104154162370171,0.18686803802060875,0.1571800759623568,0.1266184927015244,0.10073712473283447,0.0875573400904371,0.08225271122142568,0.08491092818886159,0.09700341284772358,0.18056246793019626,0.15592149989568352,0.13156639801148914,0.10796535768974992,0.09409010580707058,0.0864764211725059,0.08514784608597772,0.09025810885260153,0.1806102013714218,0.15889255900028468,0.13719867347591086,0.11571015470968642,0.10144044166859051,0.0913491894757677,0.08820421062348896,0.09074669372333265,0.17852492013733792,0.16002832850713328,0.14224699706577215,0.12378561724616155,0.11094838109436657,0.0981898133972358,0.09192241980040063,0.0918785155756084,0.17632817589890015,0.1628600720439529,0.1465644673523389,0.132811459338103,0.12258986469038298,0.10990252760645958,0.10126680509351058,0.09857617680764688,0.17475431342226738,0.16492204789701428,0.15220517408883136,0.14185827474662296,0.13420133011889857,0.12257554086649862,0.11446880188495452,0.10862704289774958
2018-08-23,2858.4592,0.21672426487286997,0.16823425746961923,0.12333532112894335,0.09453602944640957,0.08210471933266894,0.07760663069663533,0.0860553287749864,0.12145769206501453,0.19714698502933511,0.16154654414253222,0.1259113581157599,0.09895024958997783,0.08582058985724564,0.08089579880891663,0.08531563936800227,0.10546749240206084,0.18822715471265222,0.15895092026297925,0.1294382701949595,0.10428556965972823,0.09037773309269215,0.08423684845470454,0.08575690707241711,0.09627960631666564,0.18235066395478497,0.1587772491922717,0.13464155372290662,0.11118609913339804,0.09660696084275926,0.08784204561837636,0.0868119933951224,0.09244128455244564,0.1802597327753372,0.16128203512101125,0.14059303245263172,0.11855848521154798,0.1043020791041352,0.09314283238516632,0.0896940165539495,0.09226949470800903,0.17786763314935927,0.16361390730198974,0.14512311537791125,0.1259318137227711,0.1125285612374444,0.10070760934529827,0.09391056043903513,0.09290768720077806,0.17673463482603383,0.1652842738519074,0.15008661698575923,0.13444673470828408,0.12306389773878389,0.11064893795150456,0.10144673663465724,0.09782383350388364,0.17581858642648884,0.16549619056127704,0.15396486167741497,0.1423360246901374,0.13468068030388936,0.12382220252833269,0.11350316363291076,0.10649598034537196
2018-08-24,2876.6519,0.208296492538238,0.16205291581490233,0.11831303815741766,0.08906118163868797,0.07857857775281045,0.07684128245739107,0.08906972286213229,0.12479091456633176,0.19388996037853573,0.15683382754629346,0.1203437076999328,0.09399593890584383,0.08307901132026471,0.080084755778117,0.08606223041925647,0.10382803417570138,0.18466763777334835,0.15446884007056302,0.12472005066543841,0.10016520632106901,0.0882653161999985,0.08353965435665343,0.08572084123695005,0.09567654960938898,0.17896079494783215,0.1536387431643842,0.13019083535194637,0.10840112034164143,0.09493991538023933,0.08715348205517688,0.08613950345080845,0.09226274225575401,0.1777516593030644,0.15605438727228246,0.1353153370057523,0.1161503668018302,0.102606135524902,0.09207534039805117,0.08873618134174258,0.09184231186576318,0.1762598891147051,0.16020861625704255,0.1406325992507538,0.12235776205724455,0.1100490509106381,0.09844212297542963,0.09198275033610137,0.092232556113763,0.1763032462842877,0.16128454020749794,0.1471975621922226,0.13084441453406037,0.11889682776318218,0.11078093676440298,0.10261324880230321,0.0991002989633495,0.17584978012270508,0.16335593898103878,0.15285425732636643,0.13999697856234644,0.13018204218167687,0.122421277445703,0.1138825790683598,0.10830775765721827
2018-08-27,2898.8392,0.20553029762874495,0.16162276247030835,0.11685437898089081,0.08829336280099949,0.07919547590520266,0.07994368550608799,0.09285952662816935,0.12736868404327562,0.192488481162235,0.1555545878927876,0.11872968350066929,0.09278047308865289,0.08283895245140716,0.08194181055871139,0.09081860577294606,0.11383813115722714,0.18180086042741542,0.15300222852489714,0.12273422534685993,0.09851610666742304,0.08774062349573727,0.08438372137254037,0.08846761215419043,0.10330716524296034,0.17634877316767286,0.15233902951825357,0.1276959655046083,0.10561672165285572,0.0940507563453366,0.087643695206055,0.08816566131281378,0.09566069524495704,0.17495777795707404,0.15486153544408987,0.13365870992844983,0.11316415504068555,0.10173856105978701,0.09285721091696438,0.09046715350748401,0.09373510077726054,0.1734675111441734,0.1574341937317287,0.13876968523117195,0.11989111019770222,0.1082779266949099,0.09834777184796117,0.09355831065600607,0.09409765601955307,0.17315044550150835,0.1600383706122006,0.14279995084521016,0.12883850379819212,0.11779350999810725,0.10680891500012318,0.10125515073111761,0.09807064947624548,0.1738148830679762,0.16278377244107528,0.14833767631901082,0.13922471031512929,0.13147330499456072,0.11926934687984536,0.11307458670099087,0.10611992038528678
2018-08-28,2899.0372,0.20195307946101387,0.16282647203408374,0.11868489207187362,0.09057350292568662,0.08056061552496849,0.08023795649881983,0.09422737844546235,0.13614804963979654,0.1934089003134079,0.1577657725256119,0.12135519067181211,0.09547737987980673,0.0845363533526047,0.08319358075704057,0.09263174252031672,0.1220289756492252,0.1835706218659927,0.15513028086622002,0.12589555739178007,0.10088211970820771,0.08906505089325781,0.08581764073806765,0.09065203961289925,0.10779999367157755,0.1792526756176183,0.15555192811839585,0.13100702216393947,0.10717421915099287,0.09496542042178802,0.08946556845466212,0.0910090683921519,0.09867043080892467,0.1784007100008956,0.15830525637876575,0.13663045468031437,0.11595464323920808,0.10341490727385048,0.0950684707946965,0.0935436332337063,0.0972006575497608,0.17667727569139327,0.15990423991225183,0.1402063018968668,0.12335372115381861,0.11082359995489893,0.100598921124808,0.0963560543284928,0.09761969097325175,0.1748982451731453,0.16198987364925757,0.14494487071757672,0.13236729679651663,0.12164761460466617,0.11167246634050416,0.10494884760058151,0.10118261071580796,0.17522525438196113,0.16346010194410693,0.15010634202983608,0.14076582121236506,0.13185673414663807,0.1225328590386713,0.11596856794990275,0.11185003235339805
2018-08-29,2916.709,0.20923995051415592,0.16311254531424954,0.11588794664856066,0.08883310439951901,0.08028209918239579,0.0811795580869419,0.09587078248050966,0.13544062288621056,0.1961978009168003,0.15638083944824185,0.11767759770608507,0.093240992975086,0.08390775941243432,0.08307861109781785,0.0931593605079151,0.1222531830791113,0.1812329903207523,0.1527388792260233,0.12175050403127044,0.09877857765305159,0.08850937268129111,0.08512425196944617,0.08920049555256898,0.10606005496335504,0.17528319004648457,0.15287658381643773,0.12757659415687322,0.10612772835490847,0.09499205914335641,0.0890627420872767,0.08985465526841248,0.0981848994297208,0.174902194629455,0.15567564325291083,0.13442059169437062,0.1151317501795056,0.10397907281488625,0.0959183467711411,0.09389287679960814,0.09747541710173702,0.174522563824872,0.15760461079405805,0.13943010991238328,0.1215302186110994,0.11020690484043544,0.1007471372426826,0.09674414784765868,0.09797752459645075,0.17510268520370048,0.15954359713507502,0.14495409949814944,0.1309020984697809,0.12056515158124761,0.11007136477468735,0.10293184445753222,0.09999562894394327,0.17501939494836646,0.16266713755223602,0.15134212017670992,0.14146378783879382,0.13252464241260328,0.12308553457260185,0.115310190234487,0.10730988555390128
2018-08-30,2903.4209,0.22975130518999928,0.17950325945273407,0.13025738556990119,0.09950919318023,0.08800727260516933,0.08552588315312161,0.09705652927585912,0.13437004783980946,0.20834423289992907,0.16886578395038007,0.13027946568285512,0.10321154778761471,0.09100843608220462,0.08654774937007394,0.09280704984863213,0.11880190044692443,0.1916720730868764,0.16196730847406565,0.13223637216588907,0.1075133931229272,0.09459813404310018,0.08814688471303436,0.08901574953486042,0.10182915073386266,0.18356675046783824,0.15944869851486554,0.13588096515326537,0.1135689883574818,0.10067985734581213,0.0922928742803446,0.09065045552826997,0.09693122935078838,0.18243198808190644,0.1610334836622884,0.1411366133196057,0.12149817988203925,0.10944683593587946,0.09968181842365802,0.0952226168719159,0.09723476415139146,0.1806775134590467,0.16302083490472466,0.14543093631140977,0.12731317663460404,0.115604650004837,0.10493735629847815,0.0986793914941123,0.09863902752449566,0.17887497821678974,0.16615305416194612,0.1516129634381727,0.1353016512576394,0.12530165336630686,0.11384081552440367,0.10600501133543534,0.10260719474155738,0.17769363078805767,0.167425174387533,0.15620594910350735,0.14433270184554892,0.13705542704346424,0.1261959965461038,0.11636202532165739,0.11203576269683317
2018-08-31,2903.749,0.2296227990050884,0.1744436670941596,0.12558189671771347,0.09523943952672989,0.08340849012563559,0.08051554113850785,0.08963814049434798,0.12041339939888714,0.20749336090536025,0.16511076850641582,0.1264965731132549,0.0988184587920577,0.0863348961388542,0.08173153631928447,0.08577875158368076,0.10944166576766616,0.1905223257025727,0.15852789624004487,0.12897635774909005,0.10356138895073679,0.09039151187836002,0.08418926514265862,0.0848743737193747,0.0976093779929199,0.18224608674340304,0.15700476350035325,0.13289741023011437,0.10990228466653348,0.09684956371169148,0.08879849533412518,0.08818500235910728,0.0955666029457798,0.1792672624973699,0.15894735408595267,0.13897530787796442,0.11878521889472399,0.10695393497349007,0.09692271576675669,0.09389065903540184,0.09703244009345514,0.17791619857856356,0.1610213823106169,0.14398161305015894,0.1258472530996537,0.11469183638920112,0.1032715046629959,0.09829414073607941,0.098387871464563,0.1771954629697396,0.16395776272753576,0.14963467648685796,0.13467548579839508,0.12408996906892412,0.11088933384417995,0.10361760359524827,0.10032713212808451,0.17597861640044105,0.1657604540057066,0.15474328227513162,0.14222397260021866,0.1351943060820903,0.12365745129412173,0.11256033968986906,0.11003763208682106
2018-09-04,2898.7156,0.2294151517579541,0.1812306188171157,0.13425948104653096,0.10282241907044574,0.09023144553484118,0.08629350599288096,0.0953021761746969,0.1216193662696468,0.20958077635494965,0.1698254485558631,0.13326304617209678,0.10445087814282449,0.0911835525647379,0.08569001357900395,0.08989711333775842,0.10833279798295553,0.19167033239486075,0.16200131952369637,0.1338294874463271,0.1082843696340403,0.09464121532006045,0.08779636620528679,0.08904137973313671,0.09886918428037769,0.18611373765747619,0.16174609025875425,0.13659274810794264,0.11380142567232279,0.10068490504363913,0.09220419925701426,0.09089423834715184,0.09681881170577335,0.18415103028971638,0.16377752698550935,0.14179595476763324,0.12139059876436221,0.10914733550903086,0.09941229586988708,0.09506380540601216,0.09698745912824774,0.1815481762865529,0.16546766653269507,0.14697535207199372,0.12681272247962116,0.11467495235258586,0.10517908931114255,0.10000220434120496,0.09900872956780718,0.18009979022901287,0.1684713200440239,0.15250578814104573,0.13702395157850777,0.12398509248920375,0.11173854149175186,0.1051974825778348,0.10215244437529235,0.1796881719905729,0.16835471001805158,0.15481349261756944,0.14462585118446097,0.137937794756753,0.12451420750957415,0.11727348775433971,0.11218499049724132
2018-09-05,2891.813,0.2266802920749401,0.18297943956316523,0.1385934080397637,0.10579433272708097,0.09162213115674105,0.0859326843825802,0.0928727740071875,0.12247448243042548,0.20867308856138625,0.17225981800483095,0.13656973094208952,0.10721110163949997,0.09254560293284164,0.08571029009699488,0.08858538317449946,0.10670404101060085,0.19535147977246162,0.1665566381387607,0.13738310396983627,0.11077847591571438,0.09609147781621523,0.08826297539610214,0.08882075744769385,0.09905501313509972,0.18874974188126528,0.16527713939881544,0.14019233599825495,0.11686441595818407,0.10265123246300079,0.09299355802453338,0.09080254325052771,0.09587548048023023,0.18652645021029818,0.16715403409938476,0.1444223074289446,0.12421892882906614,0.11135149747400602,0.09987974542712678,0.09513881918530694,0.09631406079184754,0.18435208915644619,0.16857096120816592,0.14833792079713012,0.1294680596105374,0.11757730310294305,0.10590340206184728,0.09985936757894921,0.09896404638568512,0.18125722509264341,0.16965082461200612,0.1543294250458811,0.13776757650140917,0.12571968682842963,0.11542355701895615,0.1067965766577819,0.10341878949343501,0.1785942369456489,0.16974363089612482,0.15761712767215522,0.14744097372815093,0.13634609369654777,0.12619614367634294,0.11414353982524744,0.10821207403646231
2018-09-06,2881.8845,0.2404072024417305,0.1944969614875752,0.15027986123990983,0.11555410001455708,0.09954557510030411,0.09293377155698969,0.09733931188602588,0.12328877826013891,0.21747466325639775,0.18109211040381482,0.14528506434942176,0.11563861443208835,0.0994859113698133,0.0911331629909761,0.09274655185295604,0.10931919470514266,0.20045153137557598,0.1716854742021183,0.14311927057448845,0.11718483062208704,0.10175699279069658,0.09248606884575658,0.09236318644560214,0.10298679469015777,0.19354440864709016,0.1690433813425591,0.14517317206440888,0.12157953771593687,0.10712344577387578,0.09628250045263478,0.0932715724653533,0.09863247430776552,0.1897767827441281,0.16984874741094372,0.14964733228096697,0.12839837914189675,0.11385342477025415,0.10110338977317497,0.09607565528707683,0.09770289847253542,0.18666637067908678,0.170571311026088,0.1536421644060186,0.1345688820896616,0.12047712663496221,0.10626747658771306,0.09987059754294235,0.09947381694586602,0.18380148052224166,0.17162149079734001,0.1578914794333531,0.14190827522085953,0.13089455038029832,0.11769273317123528,0.11061303393508483,0.10533068379193426,0.18201889348067568,0.17249347385471084,0.1598591900206242,0.14830208792299499,0.13947698572998918,0.12556981946234777,0.11793149696372933,0.11175685222362154
2018-09-07,2876.5058,0.24730532928257706,0.1978430392450313,0.14858167631688432,0.1145780519262699,0.0986658098919742,0.09112492675043969,0.09762385016557777,0.12826244517820198,0.22176361599581015,0.1826238996805958,0.14440321754380223,0.11478853169873776,0.0990151326166303,0.08968601853430043,0.09009258434946239,0.10499048395890842,0.2027707506943494,0.17327959993183947,0.143641180229342,0.11694429087892683,0.10155093658344719,0.09114816899172405,0.08962660342945551,0.09863995548023184,0.19551652908739606,0.1711929836474828,0.14663024535523708,0.12220161105323336,0.10750120456222274,0.0954201900392712,0.09190598551098315,0.09661027380604566,0.19149374138402747,0.1711028728400789,0.1509522915580069,0.1301219338682876,0.11582774422836757,0.10265676690401283,0.09643752725740051,0.09704305560633204,0.187744660618094,0.1710114578259402,0.15409803899119562,0.13637792861333187,0.12147854956222208,0.10813659767660964,0.10034389645226544,0.09847851516232246,0.1852150566513926,0.17328819271866835,0.1583168433306463,0.14338285541266513,0.13080354332858207,0.11870049942477126,0.11205104389868105,0.10879308328546865,0.18345279177106336,0.17335523143402923,0.16142739073660314,0.15058557387476845,0.14159376900078394,0.12908414938538276,0.11918100749778852,0.11483214749649001
2018-09-10,2880.6757,0.23878778751402413,0.19188792206696326,0.14303022219312622,0.10942815739706062,0.09414781074165215,0.08805640883534283,0.09628644702410662,0.1317983505309462,0.21117632615560797,0.17450811051679915,0.1394762518054577,0.11107435391328319,0.09507935250876755,0.08705470924171892,0.08971415007575516,0.11419304780946596,0.19857581323822363,0.1681606505796176,0.13991635596209118,0.11438331667582048,0.09855150204227561,0.08907327087054562,0.08935790992121492,0.10392367319779873,0.1918839373015237,0.1678989527250586,0.14309526139448026,0.12079528108281154,0.10587362203825189,0.09353492421177106,0.09083337726322335,0.09748893304408847,0.18871044945496032,0.1689989412879951,0.1476742225385152,0.12881935494799104,0.11543255127090199,0.10121428663404446,0.09487564325934013,0.09679444380188736,0.18677240570736448,0.16979257008039841,0.15182086872091458,0.13464192258575294,0.12182998518553526,0.10810174541120902,0.09994651212285677,0.09838860802969834,0.18391189576636452,0.17196288515433755,0.15665496104896096,0.1413281373970235,0.13127286484937253,0.1189652471062671,0.10934946527479711,0.10573695870948643,0.18319517447073735,0.17327701282536045,0.15906557777544542,0.14786809476841511,0.14005487765429078,0.1293892565571296,0.11895846065827864,0.11250865488505808
2018-09-11,2891.4104,0.22665669860760337,0.17886207094412276,0.13163509560734274,0.10032485279700812,0.0873285679550154,0.08285556783961176,0.09208571496311786,0.11872446375983904,0.20422890427527693,0.16580865978019224,0.13044881320238572,0.10248776575349486,0.08888011344810183,0.08308398967964724,0.086792025939676,0.10447810650620533,0.1924291722416423,0.16209458939806573,0.1326027532571166,0.10677474533470631,0.09299645283600695,0.08589014603103727,0.08739975031267683,0.1003650390181777,0.1861062617876979,0.16181214945950706,0.13682274687099377,0.11400940866258963,0.1001810903376401,0.09051028594655489,0.08924899152570223,0.09617649163883697,0.18366850911456248,0.16299170269224883,0.14217545878758597,0.122366735996151,0.10988422406086135,0.09798277407619352,0.09358181021574667,0.09592461950484413,0.18264527124817148,0.16512080805741705,0.1462481436387115,0.12867404172124172,0.11728584347263853,0.10449547962258648,0.0981622494675791,0.09744092703679624,0.18091447515798026,0.16794948210306912,0.15163228242789578,0.1385638228490116,0.12961030369721893,0.11608354399024116,0.10697469060353242,0.10366494376208357,0.17936667168404352,0.168603866181985,0.15556120151141284,0.14603708564862639,0.13812836744238052,0.12787092487541415,0.11701456644745155,0.11137092506106062
2018-09-12,2891.9829,0.2235933038073556,0.1783196644085311,0.13102519981215577,0.09801607849723735,0.08409900535446559,0.07928878628812626,0.08668625922448435,0.12359595349384568,0.20046850959547124,0.164911435395519,0.12789916813442914,0.10031063446997483,0.08645255777223126,0.08030600354881474,0.08405681304276943,0.10350057064967295,0.18939731642952617,0.16013793068317309,0.12966254276677797,0.10433999378464089,0.09069357289511545,0.0833844815888405,0.08473064660085952,0.09592748068200611,0.18288368593906842,0.15945785267583779,0.1350335836406012,0.11049426026247774,0.09657688073192089,0.08734226298755264,0.0859736145988256,0.09237788982694259,0.18153159785594497,0.16175037047403426,0.14096787956333456,0.11937016293075979,0.10482619588798203,0.09313651677655378,0.08961352715547853,0.09217133020117026,0.1806146123620829,0.16419306628083316,0.14545604527095884,0.127470357367355,0.1146902365170968,0.10029642056962579,0.09386048418383287,0.09366183312671941,0.17851564952718585,0.1670386895377454,0.15263065251142074,0.13673161898417902,0.12725795841694998,0.11731086755287028,0.10870828129018943,0.10290721979610179,0.17687455846120548,0.16825561785634624,0.1578237929249338,0.14382938872260156,0.13377213309187808,0.12480766220027963,0.1165357775797042,0.11010848983791453
2018-09-13,2907.1308,0.2132422003957875,0.1646400888306011,0.1199198674070072,0.09062500418105081,0.07962194662012682,0.07896663626284886,0.09227704426925813,0.1296318400593169,0.19176752717961318,0.1540322201774417,0.11995211108967004,0.09393172282340814,0.0821261717454711,0.07911543330077224,0.08739786793755787,0.11524070177908335,0.18220672751604153,0.15223843471111104,0.1231990600572373,0.09855360259685249,0.08636175981441296,0.08188585348424454,0.08684284378564039,0.10421091669041792,0.17650099343697728,0.15234275534696204,0.1287835389392462,0.10604964999110252,0.09302168568757228,0.08595738535560832,0.08648963490345775,0.09486143433066864,0.17477186778902595,0.1545889866038084,0.13493207044333785,0.11488840873611118,0.1016747503382429,0.09175017128644676,0.08876286902115874,0.09129104262648567,0.17413774853747335,0.1581638075858585,0.13980033521709195,0.12218666120989996,0.11004594918139377,0.09867723127398642,0.09251064533652549,0.09237750976983161,0.17366882342327636,0.16232691506798153,0.14588005875028226,0.13301556810700582,0.12327716623060292,0.11240722880198328,0.10435519414310299,0.09915581490827934,0.17371451756786652,0.16527945176043665,0.15059176449040804,0.140028666617749,0.13379335065605502,0.12204807392139698,0.11382000131988944,0.1073104398136886
2018-09-14,2909.3803,0.21356883656005976,0.164561303656193,0.11697534802102726,0.08812905641173549,0.07709903626452622,0.0760317529172844,0.08882658461999876,0.12165223639570559,0.19335437738045705,0.155038132755023,0.11678424320500208,0.09081311861510252,0.07933934973399481,0.07705234110634722,0.08643927506317767,0.11352653997013594,0.18151616034096116,0.15106687430476165,0.12016613682720186,0.09535298213115725,0.08354850542968743,0.07994887013862098,0.08586917708542291,0.10694297418815712,0.17357555905664238,0.1498871096870258,0.1258586425737724,0.1033938435972274,0.09074561710223496,0.08413756202461511,0.08552096519620882,0.09606882691067418,0.17199968934060741,0.1520853432360256,0.13095874434306076,0.11237370305653437,0.10032056942933364,0.09009232806613697,0.0878258810081883,0.09289813669814023,0.17190702422049398,0.15579646913684564,0.1368704173364414,0.11923378022226903,0.10809241504863773,0.09659753011066712,0.0913002498721669,0.09322919134578897,0.17190867752353994,0.15907690288592452,0.14527889894889448,0.13037549215631483,0.11923360122004224,0.10886695741150244,0.10385767879688701,0.09848363892312076,0.17248176583517233,0.1608042368992888,0.15146016920609934,0.1395966954592612,0.12861548112418664,0.11921019573654162,0.11569252098742012,0.10940996032878399
2018-09-17,2891.4858,0.23653225883578963,0.18546680840559351,0.13940244333451712,0.10839050513703577,0.09306932243575688,0.08606004672239335,0.09311035192443756,0.12353521403286756,0.20947831397835676,0.16929691045532796,0.13394568429816453,0.10670605204722211,0.09166418026674548,0.08458403174153996,0.08954846367184524,0.10976851495785019,0.1934011424970914,0.16239390174201754,0.13344222917359522,0.10786644711853162,0.09316566070310676,0.08561223813839959,0.08783551141256803,0.10141207660332925,0.1835736045522876,0.15997835809740457,0.13593471609859453,0.11234645171604099,0.09782305831741293,0.08848720483088474,0.08707826586453704,0.09379729460579626,0.1798835502187458,0.15961274360294464,0.1399382060567488,0.11885257572828554,0.10457397125785779,0.09353251267247832,0.08924627789502602,0.09173383695265541,0.17688444432364514,0.15944664222065888,0.14431275576796312,0.12558587446188763,0.11158123354193107,0.10041331051460037,0.09390229405102662,0.09336966082932979,0.17553810280631213,0.16044467353247163,0.14839019345883792,0.13400203073866712,0.12152859678669131,0.11125668040704007,0.1064814477831613,0.10123145735827917,0.17595581525153392,0.1646775576881502,0.15255283822845675,0.141292188508541,0.13218612168310803,0.12053826527325023,0.1139643113104549,0.10887245783839915
2018-09-18,2909.7248,0.22310036870274916,0.17298387789649422,0.12742368550452823,0.09923514083136799,0.08651493106560683,0.08193545891268876,0.0908160429991354,0.13390233783402755,0.1996910950121701,0.16242164165393488,0.12567056279806788,0.09949230887858236,0.08658067218914771,0.08150237349624728,0.08734663696590765,0.11608566936665451,0.1875739762988625,0.15824642632218192,0.12799552529557062,0.10258960749984639,0.08941062181300527,0.08328433857037569,0.08631425746952757,0.10560443145355468,0.18001589966194997,0.15623490396785863,0.13179642840831185,0.10920366389503185,0.09589738191027707,0.08715091108401563,0.08628653831797478,0.09577944277875819,0.17674237649448588,0.15679999713917392,0.1355850666998325,0.11611550119797405,0.10356285712500615,0.09261300321764243,0.08863380675223657,0.09203608901488117,0.17498322199880983,0.15853090969479583,0.14041285123685113,0.1216096137330235,0.10946974299372803,0.0986718903589199,0.09284010600664001,0.09270245057597072,0.17383380160339937,0.1605319920854723,0.14731003226292327,0.13144219078357522,0.1207252402980219,0.10963663607164413,0.10194885315544337,0.09822457427634405,0.1739635647517318,0.16320707621568747,0.15318194252473175,0.1404812487614606,0.13275981348771349,0.12208101814013624,0.11098405553125289,0.10679461068237861
2018-09-19,2912.76,0.22460025221719304,0.1725641352637267,0.1237758626541026,0.09310172836496955,0.08021961765534812,0.07550903625533456,0.08171482609227597,0.1170980636452207,0.1992252376106422,0.1586063114696467,0.12034187590077314,0.09321424943987999,0.08074161621680678,0.07632104134816094,0.08438740088006313,0.10874520154276952,0.18559262663288006,0.15366350973155768,0.12290209998767873,0.09767091578633989,0.0844914983952709,0.07904941619742474,0.083771584450112,0.09951944770053948,0.17702703954594584,0.15253790420133825,0.12816154297342,0.10567468990634293,0.0923042613362478,0.08381436122588508,0.08356611863061716,0.09088873573243149,0.173587472821496,0.15399560667404158,0.13324203248792368,0.11311305231344665,0.10063826875692237,0.08937381134030052,0.08612558404856856,0.090175496443515,0.1718081777325619,0.15676104560262907,0.13864624521735044,0.11947930200575975,0.1077727276357172,0.09549879423340872,0.08996727788142683,0.09154662897280247,0.17076273112405135,0.1590796933233606,0.14574794242764577,0.13104526147189108,0.12137174622603052,0.10776816315176428,0.09966627446844174,0.09644357387725855,0.17193401893558594,0.16160763202022818,0.15049468192046858,0.14044517845422244,0.1340000087162673,0.12042488863486718,0.10914820626290277,0.10334090658447677
2018-09-20,2934.5203,0.21364270703195173,0.170567511977846,0.125692936770179,0.09396687842532685,0.08183228160809349,0.07962069119566881,0.0911492796628272,0.1260711768691048,0.194100864413667,0.1594982437486634,0.1225811710950467,0.09469522378446478,0.08272809034313006,0.07972583291971708,0.08781164713721382,0.11331484831245016,0.18337997363399164,0.15422894426087308,0.12312287469114018,0.09809018844186411,0.0860968236507188,0.08193821847137463,0.0859999979020328,0.10173819804601739,0.17517656367780085,0.1513232326470285,0.1268345602897601,0.10441858513440148,0.09254059689210954,0.08617898584039878,0.08679718165973775,0.09573946491930284,0.17158721189595177,0.15159143879759224,0.13134948603009344,0.11139154633651474,0.0998373070577379,0.09127088682724306,0.08876416669179589,0.09360511470503802,0.16994488400303331,0.15447178884193039,0.1350828304797864,0.11743814346325664,0.10694340909110833,0.0972691191840114,0.09260648182075053,0.09381650383833934,0.16982391106004852,0.15838149990845707,0.14258223543071108,0.12756277479337694,0.11751590469408323,0.10788552671706708,0.10213690719947999,0.09763909877092032,0.1707122014719118,0.15958776304141986,0.14783064704417703,0.13838057843301457,0.12869965125346386,0.1161477007191778,0.10899978072234649,0.10290914370967652
2018-09-21,2932.0219,0.212886256723952,0.1681922311051249,0.12261141307576758,0.09257503899482275,0.08032418685834505,0.07586596267101312,0.08178359109932448,0.10624131251645552,0.19469694546333993,0.15818114120721224,0.12073188590801384,0.0936604425262537,0.08130044122618828,0.07689274015679708,0.08262678032101903,0.10142877387260589,0.18350115906302997,0.15308542477324089,0.123260093726885,0.09791990776365797,0.08503281226052078,0.07997012192520293,0.0833355885054935,0.09495086472208816,0.1758695156086047,0.15209910695674447,0.12822281916133535,0.10507257235036901,0.09211210245530897,0.08524573188780651,0.08558128304322671,0.09254871263416199,0.17215294774586268,0.15359687065341612,0.1324935783676928,0.11223440126633813,0.09994417159058411,0.09066012656495534,0.08788485384151955,0.09197979001879632,0.1714707651302684,0.1564788057508022,0.1363480989703707,0.11846614419404254,0.10776394920183405,0.0968491948281281,0.09179820990319343,0.09293719075771446,0.17175298546278603,0.16001626483150028,0.14463179008153504,0.12953831866135412,0.1208119277561944,0.1101975911100938,0.10246563275374578,0.0981777677419884,0.17267816282974224,0.1618263827154569,0.15023737321040165,0.13818237541326536,0.12900424408772915,0.11830669199318401,0.1114982133564683,0.10673586354747668
2018-09-24,2924.0489,0.21197065115049255,0.1735259928750558,0.13223077261385113,0.10131017005664576,0.08703314459423425,0.08149128922344112,0.0874469063424524,0.11035486979747357,0.19849485128947517,0.16455666642191596,0.12904249637486312,0.10066692727744536,0.08651769750271608,0.08102549445098448,0.08631709857611311,0.1062849600999237,0.18692652489759895,0.1592798384516728,0.12990073175848746,0.10363508323830382,0.08904926585215739,0.08264923624422715,0.08497807250214329,0.09674280293103994,0.1811968755426966,0.1578042043895277,0.1329866810011403,0.10971328117308855,0.09483315784404842,0.08659385228953279,0.08616896198364905,0.09270283459896381,0.17739950828222953,0.15665803055888203,0.13605369932975028,0.11588905205405768,0.10212339138527185,0.09197354487911187,0.08845366406153644,0.0922099962149789,0.17392290928421691,0.15808119789010575,0.14102862574152772,0.12143303012245517,0.1095103196819332,0.09832571153744646,0.09186100613695652,0.09351778372650608,0.17275225728460458,0.16062025194467058,0.14797689229453162,0.13193279234481892,0.12216103135463947,0.11387113983928618,0.10399194638590563,0.09924707308236774,0.17216725131827995,0.16323464179144312,0.15166866351231392,0.13970108610766663,0.13047767063289414,0.12203017072570309,0.11304998431809378,0.1072794071179775
2018-09-25,2918.2507,0.21243826595414517,0.1743407888400198,0.133622395575857,0.10334663268750348,0.08937668890214795,0.08405210693034157,0.08953054265470324,0.1150767355204261,0.20120656167171763,0.16627147492903294,0.13044179259309047,0.10282269022699346,0.08896298994719586,0.0835077730118369,0.0882937669643005,0.10742224466016469,0.18910436895846547,0.16004054154892566,0.13202940623096926,0.10634210312531842,0.09176712563675736,0.0852572726857812,0.08803387802573474,0.09968655311338039,0.18213562439832218,0.15851774402688332,0.1362261568699495,0.1130181330337856,0.09847852660196636,0.0893772466306266,0.08886432095830579,0.09574076418683626,0.17836424281120325,0.15878123834482646,0.1391578167515733,0.11903069644292535,0.10637483156620782,0.09464874749258084,0.09067332937950841,0.09420934006118027,0.1757093043469687,0.15946083791942806,0.14246227617543375,0.12384894157114998,0.11359860338828154,0.10075287205912128,0.09391330701943157,0.09486551172587035,0.1754648396652827,0.1618737806544536,0.14772440197944164,0.1329990431961923,0.12377164644331763,0.11152303578135188,0.1036471171180995,0.10145814943390402,0.17501704485915084,0.1648285230628076,0.1522159831404541,0.14192738686262943,0.13375232854267777,0.12111601470113127,0.11391003783448922,0.1087569893727243
2018-09-26,2909.2997,0.22503811259545425,0.181759039241795,0.13725516938590546,0.10655378799346504,0.09236836119150343,0.08686355087151108,0.09316924790207812,0.12286278148601408,0.20728067285081042,0.16976741108465598,0.13326538588500886,0.10544818431532783,0.09149007727860166,0.08583432432377444,0.09012101047095261,0.1091568180207794,0.19253013203320787,0.16348206699889586,0.13425016494780337,0.10832120943591372,0.0940244167820688,0.08742781276416614,0.08954797442673611,0.10054836529859935,0.18305036926303161,0.16172449112417572,0.1382447844725821,0.11423136399252193,0.10019778230220883,0.0915736583565033,0.09065845979643414,0.09658147107141064,0.1779690555272202,0.16144285492414498,0.1417302184397486,0.11941053721741349,0.10689319087649847,0.09669498025193186,0.09232645094215718,0.09473937031530141,0.1755627016008683,0.16156027591711408,0.1445369051274174,0.12443889805572356,0.112543771697535,0.10228970271431757,0.09622878429445994,0.09567568917029225,0.17471408056683518,0.16269404376349536,0.14940031753510824,0.1346301255580823,0.12379571870419201,0.11129614056309603,0.1038216518338283,0.10051906759771127,0.1742148008693014,0.1647672900346006,0.15335782694540254,0.14314820458613586,0.13399339352839162,0.12238421807261042,0.11370639563236833,0.10684500767025891
2018-09-27,2919.3218,0.22522429710544145,0.1786974308100431,0.12868880257808776,0.0973743391386205,0.08476376015871757,0.08060554809375307,0.08804086637324644,0.11631039137687203,0.20372266319806795,0.16546200916528073,0.12552392371462748,0.09773639280135371,0.08509450725173502,0.08046490840654005,0.08537025715869327,0.10439708425897079,0.18831636704059368,0.15823990147976802,0.12802660464077792,0.10245599829436655,0.08882095279536023,0.08253855342535772,0.08412276926163469,0.09438859629099582,0.18091393791108307,0.15734655614983425,0.13243188920374754,0.10915228405266277,0.0956888073027182,0.08685900890239971,0.08579623368826922,0.09177416778284408,0.17718985630746223,0.15798736083048626,0.13537620752332644,0.11442468564464424,0.10273579451758301,0.09143883091281312,0.08742055639922386,0.08987327681462316,0.17470806375087,0.15935182551838872,0.1394393767513321,0.1202371383425032,0.10953890361482817,0.09732949010257279,0.09105051269166198,0.0917970902464519,0.17330325331339097,0.1614649488803865,0.1470403541020324,0.13257319009036717,0.12300428124045744,0.10992124957401718,0.10127361532933449,0.09807767207751708,0.17282757734769308,0.16177729631119928,0.1513430967680778,0.14098513270380567,0.1339048076568377,0.12181655930543685,0.11080685972965786,0.10582873266671222
2018-09-28,2916.9323,0.23097218603090378,0.18201777230484484,0.13077872867938906,0.09769888977440896,0.08336932434051166,0.07898659694294888,0.08651648420816735,0.1133087743673835,0.2063693998412916,0.16751719198511772,0.12782082625917296,0.09882802932112272,0.08469663175883382,0.07956696646974695,0.08466184863821762,0.1036418943124978,0.19102181151213482,0.16084063295280893,0.12919204876667165,0.10306115853139068,0.08887084061207565,0.08212868469178743,0.08393616463384761,0.09500941583844727,0.18198870081912993,0.15873197223153346,0.13329551840847145,0.1093660754317464,0.09609570770424826,0.08738242644456443,0.08571255970247593,0.09240587889348584,0.175250168839601,0.15798514665808672,0.13746341893534933,0.11474391060436809,0.10329560197423092,0.09367541733570818,0.08814225974374344,0.09060378769250825,0.17319329342576553,0.15884938653067474,0.1427068374116449,0.12074680552109236,0.10850144650723403,0.09898729952724204,0.09245403609320255,0.09319831687563825,0.17355142816689542,0.16067539251117596,0.14853855382834827,0.13447349537736034,0.12103238684794326,0.1090790327831444,0.10422518781772595,0.09930158805006169,0.17402615352399076,0.16389580173496582,0.15116753621364631,0.1429392054549198,0.13611799926929366,0.12002895430678263,0.1115916513321402,0.1041696168621541
2018-10-01,2928.4447,0.21916162801074002,0.17578428244192526,0.1273650494070612,0.0949295742873664,0.08206488869315577,0.07978442710711107,0.09217551408785425,0.11949284442856645,0.19912119840031078,0.1640289150248362,0.12456050246245302,0.09612757943212635,0.08323800790418659,0.0792352563425893,0.08634154271404199,0.10581872536088442,0.18640678539391814,0.15936603334562352,0.12830694313743868,0.10168742360485909,0.0883382556265711,0.08240059230460076,0.08499787732734958,0.0976150739114181,0.18039568313943796,0.1578544950032079,0.13181615301606087,0.10881416420084122,0.09594593827205766,0.08751669402084909,0.08661099314588619,0.09440747386642627,0.1761177249955398,0.15698446363196436,0.13391671030556596,0.1142436605459285,0.10311035807164771,0.09318343617949322,0.08891867276215387,0.09205660109215617,0.17345852486295102,0.1582440513503474,0.13995857065783626,0.11860870589073318,0.10785269177429785,0.09892693533302699,0.09355906475337612,0.0937704648874588,0.1736349332407,0.16078643257370867,0.1479235467302619,0.1312153320033582,0.11986089297060232,0.11137518963703727,0.10608504938783811,0.10283927338037312,0.17369090981467128,0.16326771800927073,0.15113704233541042,0.14014214166104205,0.1316650235441897,0.12196231936266028,0.11421415749496606,0.1071753448709278
2018-10-02,2927.2475,0.2191471344735741,0.17590170648728787,0.1281358549066443,0.09571540753425306,0.08297233579760528,0.07980819967231668,0.08816325064492525,0.12621891753675038,0.20061771423432762,0.16370577154014238,0.12541506909735597,0.09763915844676593,0.08476667275699547,0.08024655002949342,0.08517571601072152,0.10721826033190708,0.18928809977864777,0.1595900911117702,0.1292791260959153,0.10424221016428128,0.09066341654032838,0.08415195711863581,0.08605177603810675,0.09680914694167789,0.18220713968764551,0.15990770249463693,0.1344658788852433,0.11115227841998465,0.09783378624598035,0.08874397297366897,0.08731533340396125,0.09359924130268817,0.17614415067429157,0.15874377774020407,0.13799044906065702,0.11721509094769667,0.10478309941466292,0.09323162027279462,0.08899080800902114,0.09206271352642845,0.1734192122388825,0.1589792469665175,0.14158076989475904,0.12272667721814125,0.1111954078630724,0.0983134790762258,0.0928087030525617,0.09348186064488026,0.17411509472525158,0.16095845726310565,0.14846349887855717,0.13241144743910405,0.12272340839062629,0.11062542327236154,0.10283835111667522,0.09999248990197454,0.17527571903211062,0.16152030558904923,0.152779133587399,0.14160288120675596,0.13221644691459516,0.12200840368819812,0.11256246565046313,0.10576093168524117
2018-10-03,2928.2484,0.21577070879220456,0.17168849950114884,0.12527593478328466,0.0950806373019193,0.08312396659263073,0.08008819249596057,0.08943728225481187,0.11657556912465875,0.19614953094065266,0.16129648738285174,0.12381087142654668,0.0971401113466325,0.08506192912783006,0.08028317615836904,0.08574779092136427,0.10396836439691089,0.18815954131053866,0.159794337143215,0.12929056173999562,0.10431849002647761,0.09129768114626718,0.084329628441657,0.08616770914782945,0.09805646113841551,0.18116801637133587,0.15842424650409936,0.13439272926405235,0.11167865308534293,0.09869188857847866,0.08923494525049554,0.08727683842576794,0.09268653588675763,0.17554737876669965,0.15685586158692358,0.13812874893578753,0.11682462591784006,0.10472237865282205,0.09363743919132858,0.08871191781751463,0.09155027221161893,0.17394872027370675,0.15684691917012034,0.14132104835193238,0.12173751876910224,0.11076193020886746,0.0995864125529286,0.09336744203015654,0.09372219739229554,0.1751012255259026,0.16103469544123722,0.14386292529009814,0.13240224627450703,0.1228939093873025,0.11119665408852482,0.10488242656441138,0.10149230669543012,0.1737492651862041,0.16541868981235996,0.14889700346009094,0.14091068172320895,0.133328845497638,0.11843322903824292,0.11209506302897039,0.1088457282248919
2018-10-04,2904.2708,0.24302944517036704,0.20042356754466534,0.15742855529174796,0.12282934041202248,0.1046808568858868,0.09444562539776319,0.09734991997677715,0.12506732942021984,0.21782337050272646,0.1843315167747604,0.14957076590081805,0.11902968085211565,0.10142705059400411,0.09033410532090036,0.08940004181999303,0.10456232057889711,0.2037967169879424,0.1778922276362984,0.14923406898967856,0.12145926775917483,0.10397231319802931,0.09186578038541554,0.08902766989147565,0.09678948747360057,0.19415480708956448,0.17313782788624602,0.14933281891945616,0.12507536565478672,0.10857738876101523,0.09511076349715702,0.09040533471370367,0.0940733822912742,0.1870376019927534,0.16929306930567925,0.14873814663263496,0.12751730935819872,0.11310639878436952,0.09906872856673472,0.09267649169515318,0.09387042075364464,0.1819838077837808,0.16703516496487658,0.15022870216526543,0.1304623259408934,0.11719775955574883,0.10338191765277166,0.09695593428174434,0.09585531839281793,0.17973095209965015,0.16720504293985322,0.1538494653868066,0.13729725125666362,0.12763056618999202,0.11550893786569683,0.10773736650818383,0.10206366296677827,0.17953732755204807,0.16995604630492905,0.15454764624369596,0.14463208522946766,0.1360009317676606,0.12692170136198494,0.11790035727870445,0.11130244384604612
2018-10-05,2887.9902,0.24785394810820338,0.20708542503350674,0.16690780236037248,0.13286721767337378,0.11262001648975717,0.09929108686238634,0.10006469125949036,0.11504414508360887,0.22354774161865976,0.1920977306126675,0.16010781023839668,0.12940493041621917,0.10970965238954142,0.09552353795511094,0.09213025603368034,0.10135352057121996,0.21269639869468313,0.18651974782201547,0.15933412382444978,0.13121238919735498,0.11172829456604841,0.0969682783922072,0.09225371862244316,0.09841351788362952,0.20264669557275808,0.18077228013742982,0.15742668525562095,0.13274803002277477,0.11482024156456552,0.09982845740463177,0.09383877845674263,0.09603774326474805,0.1939190829156365,0.17525419716603477,0.15589362047935273,0.13489053400211581,0.11832689229887768,0.10297918291905432,0.09577950344423777,0.09558317419543637,0.18790337115868444,0.17249661564292032,0.1564673853255168,0.13835506182834706,0.12292037130630848,0.10827828523222363,0.10039021143289538,0.09771461194625591,0.18422395119458146,0.17232509363598777,0.1587290191189874,0.1430868192396164,0.1310596953907909,0.1204282962385723,0.1117806617113024,0.10502480655754377,0.1818989564271533,0.17243504963285117,0.16088009165262918,0.14836440239777365,0.13775494568251362,0.128199827843312,0.11938598902701802,0.11238881110671224
2018-10-08,2888.658,0.24302417259496834,0.20606375062406346,0.1679381469637699,0.13413186199579571,0.11395885818131786,0.10012492184724106,0.10030202056808286,0.11975642249344493,0.22457309995593452,0.1954476427255076,0.16332944791660153,0.13179883944740164,0.11200370777609467,0.09725812068286661,0.09238921720972056,0.09991146858399506,0.21542848676071885,0.1898172623590664,0.16200621475083188,0.1332646912553958,0.11402544709212932,0.09872530711959604,0.09320669618060706,0.09726101184222874,0.20458119921532852,0.1824322616606936,0.15847595303057038,0.13393214843023693,0.11637421223970966,0.10099040917880872,0.09491802530749613,0.0969020524813231,0.19627145199833115,0.17728415202728404,0.1564795748146523,0.1353845916077566,0.11978192561791823,0.10393129449912965,0.09687409749089547,0.09708949440949158,0.19014568422140293,0.17537160206726918,0.15740653011538888,0.1387876868119304,0.12436906549922756,0.10822072531586303,0.10078436090222542,0.09869026367884612,0.18703626166848625,0.174563772282014,0.15973394007807992,0.14566541060107424,0.1333011825904721,0.11960076118930225,0.10913231713291599,0.10401986706094819,0.18356445129913346,0.17362978430717563,0.16063254293702192,0.14976142746794074,0.14119835597158872,0.13010186728880496,0.11776890495035908,0.11151976554690421
2018-10-09,2884.6316,0.23228238053512698,0.20019230212591016,0.16424883069177407,0.13299472727454956,0.11456958106480988,0.10118873310700975,0.09942461639815524,0.12075023113184644,0.22092277666408863,0.1935365110585797,0.162305733245622,0.13272673219516853,0.11356802341051642,0.0993535718203276,0.09454784095716148,0.10410009378615238,0.21502442032650673,0.1898223837455332,0.16172169668148023,0.13537115119781903,0.11621187645688268,0.10067137893300664,0.09480687189940923,0.0998103102240001,0.20534150327439885,0.18346107306405343,0.15907210962835028,0.13551644652808484,0.11886881381205214,0.10282275270611523,0.09593476534468724,0.0973468800894375,0.197846015881159,0.17868679209094332,0.15704221986067696,0.1361557188050308,0.12172815768821199,0.1059981515275377,0.0981015613082401,0.09746405438437221,0.19129528740565338,0.17664518058699594,0.15740847304788766,0.13890459134219288,0.1258628496298649,0.10988280740256658,0.10219835246353608,0.09925780722336727,0.1864254877609631,0.17435867323937643,0.16171077984412996,0.14598606965044336,0.13436324295450194,0.11942882194711948,0.11117165723102247,0.10685167737537463,0.18269962794681616,0.17212197549213618,0.1633414074519735,0.15314483794380246,0.14414435330235492,0.13027279194919958,0.11969605523607726,0.1153278409079742
2018-10-10,2790.3127,0.3074085174990166,0.272054469154421,0.23796082610832575,0.20625130555237942,0.1830494714786073,0.1583784191230153,0.14172731955776838,0.14511670683502487,0.27957792247119667,0.2508889391040923,0.2206756668742322,0.1931309350108268,0.17092920022548652,0.14671128647828038,0.13140227708381608,0.13133208538983568,0.2614209461278431,0.236064955033428,0.21039075442827346,0.18534892084628746,0.16397634033183878,0.14101644815388625,0.12674900934564748,0.12568105903122476,0.24019168577026787,0.219200986206875,0.19808297806760322,0.17604462380770772,0.15759960050832217,0.13604132146360562,0.12244139920716657,0.12013620121965286,0.22704580854979725,0.20866595188200532,0.1898653010442739,0.17039141862420248,0.15519461800582043,0.13469624246604656,0.1209480509741783,0.11748879173880948,0.2162979366655215,0.20089427393346432,0.1848074988709175,0.16800347738258412,0.15490511025121312,0.13567496863080444,0.12137697587755164,0.11601359432499131,0.20871685712598467,0.19551363559193552,0.18107331810503458,0.16618870919555837,0.15639337236681158,0.14213173717900845,0.1287947143318307,0.1201106275114142,0.20083211633728296,0.18836767070003152,0.17658881137550875,0.16539721226537307,0.15803359140552237,0.1469044425040466,0.13667489113918174,0.12636378426092384
2018-10-11,2732.1642,0.3435989703179344,0.31280743763424507,0.28050597065467847,0.24937443663331743,0.22680927905425347,0.20030265405253786,0.1805884227914496,0.17874110881526303,0.3075915380311847,0.2828640428898322,0.25547237729668376,0.22815650712996094,0.2072161696272924,0.1832643606286852,0.16494284609158477,0.16021192913526022,0.28201737104720853,0.2595001432719931,0.2357446673664801,0.2124355239090724,0.1932276788896278,0.17146651500671137,0.1544385695374362,0.14869763870081007,0.25631788174769193,0.23767770886944448,0.2173232534168509,0.1970239717970078,0.17976824301149158,0.16015356986675028,0.14415891148550194,0.13802963245101574,0.24301674319989122,0.22624073871533465,0.207639140257833,0.1892730359148885,0.17407394087040057,0.1554079472393796,0.13967266589596616,0.13307347184551865,0.23069945949869808,0.21559178385259917,0.2001760987586089,0.1841679157876686,0.17037015111405468,0.15322515083829336,0.13764059141932916,0.1298756777327223,0.2176900046235529,0.20562105764927835,0.19346731113534796,0.17956929721148618,0.16696037317606774,0.1540674146906592,0.13951975749601916,0.13148604744849723,0.2087352974180749,0.198833145001829,0.18746042630632945,0.175698742944115,0.16660348787849885,0.15598451305611893,0.14404931090706166,0.13569985207088808
2018-10-12,2772.0158,0.29161104711281843,0.259715694501546,0.22412293797559948,0.19398635613769552,0.17369071239783518,0.15072810259458966,0.13635435312728342,0.1408700342489496,0.2681561272811489,0.24161231018958185,0.21145199149928104,0.1849707557193849,0.1660130519861196,0.1438634049869223,0.12936183752304883,0.1288251600212661,0.24941513724798872,0.22662437213932032,0.20075186392245506,0.1771832211575514,0.15924160360418643,0.13786601393293021,0.12399814946310268,0.12217755317622565,0.2325492102607942,0.2127619207867892,0.1904480223218793,0.16997866444159698,0.15372404012932295,0.1328677324756067,0.12090478266699098,0.11810267751147728,0.22240805890866736,0.20502237776858517,0.185204013358905,0.16699659787934884,0.1518938873146456,0.13153497576092066,0.1207888910245981,0.1165589054368386,0.2129431425583841,0.1987161534258064,0.1815111354629082,0.16550877384311785,0.15133769810841058,0.1324908262642896,0.1224769991044522,0.11728399214118182,0.20419405172876628,0.19253771722832982,0.17876796437907905,0.1646668089912807,0.15367463177815763,0.1362070347083176,0.12728895946364838,0.12265629672643856,0.19669441640088894,0.18672780504744801,0.17536818315959213,0.16497488404513738,0.15727412389346623,0.14155326461373552,0.13205365308412376,0.12689016210563966
2018-10-15,2755.6696,0.291935942942094,0.2610114459379728,0.2264982417921801,0.1942249499686313,0.17276879857683966,0.15110551891262616,0.1371520375615762,0.1446273430339757,0.26997179220376866,0.24233654477274227,0.21412940918338322,0.18589195957435867,0.16517887296260456,0.1436422676933509,0.12965871071573448,0.12999464145298692,0.24971074033376844,0.22663600121340904,0.20320443583010117,0.17798756509766833,0.15817358156171915,0.1368719207565026,0.12426116163581757,0.12257766168834529,0.23294133918506496,0.21339445254624592,0.19296280835337074,0.17164557913146317,0.1540429081236618,0.13420020565760046,0.12271185341987007,0.11943243916050808,0.22557428958926148,0.20748281606635258,0.18865913610067708,0.16971422799590732,0.15459231140605903,0.13584435340923506,0.12298387206553674,0.11834411289029396,0.21552521560618124,0.20079882802056517,0.1853462278284693,0.16866456688548276,0.1546019769850607,0.13899136028081482,0.1254252191080852,0.11823188958753682,0.20447531711123168,0.1941312257343151,0.182275938030505,0.16704892335621294,0.1553954427159752,0.14416837149041026,0.1323835581257394,0.12325128212532836,0.19803968435556257,0.18820720685167125,0.17899069262509318,0.16719383221064277,0.15819719862233902,0.14837571472014532,0.1365701166457453,0.1276040569302635
2018-10-16,2811.1337,0.2617003828953199,0.22931997641137952,0.1910003609879281,0.15820507795212066,0.139200171274561,0.12443831745476988,0.11934938069803985,0.1294766488367141,0.24495918561737684,0.21594579228456662,0.18388278672117764,0.155342909685674,0.13740430411093954,0.12173412826777683,0.11384689376398709,0.1175358525637558,0.22766567760638126,0.20332993832568194,0.1767211999299325,0.15191965655443707,0.13482457727582461,0.11891066987313334,0.11047685767656056,0.11068065171276137,0.21512796526796385,0.19434838797183598,0.17218407838878644,0.15073739841369946,0.1347289525196553,0.11908300739835141,0.11033427516595191,0.10795964448325619,0.20864829581550856,0.19070449673743797,0.17055069965224676,0.15182387771356504,0.13764996025259316,0.12131003380231596,0.11177309576184022,0.10817401477013595,0.20223682617124755,0.18740193486272372,0.16980933749548197,0.1540629118430908,0.1408673321696543,0.12571430566356895,0.11506730814643105,0.10996751757093408,0.19717776113235047,0.18510541165307265,0.16968017611599504,0.15633768410948728,0.1442396198711172,0.1331591295778635,0.122339059339713,0.11517134096498872,0.19124104484491689,0.1819992837400469,0.16866325885294609,0.1581403348979832,0.14893173167826754,0.13898968412841275,0.13021326257804564,0.12288368845618518
2018-10-17,2810.2366,0.26198441868702277,0.22607885216666646,0.1887119612332506,0.15667955845369239,0.13757052985615056,0.12279903131207676,0.11827170663097297,0.13054797625363343,0.24107644729672786,0.21261875099888686,0.18338676692507908,0.15450589848591592,0.13627564040205656,0.12069246343036358,0.11391021062057984,0.1206798772797543,0.22655162783401442,0.20282689571091075,0.17712056154623487,0.15099761190495442,0.13389489409032126,0.11835751092640774,0.1110866829188221,0.11372725070272192,0.21540247155248646,0.1948518522412089,0.17158373898858176,0.15040397327256907,0.13516784407408083,0.11965092392332727,0.1112800744443268,0.10985322952367187,0.20913936733386645,0.19067483544573002,0.17059355760198924,0.15203540194930254,0.13761490353326886,0.12235488300853095,0.11278522375819804,0.10960408838027995,0.20056308664980027,0.18702098634148656,0.17149335432483495,0.15488292870639095,0.13986575982278207,0.126018905139092,0.11555053694115881,0.1104842066340781,0.19467606059806866,0.1852521146939512,0.17200528923952543,0.1571956213668045,0.14612669701544023,0.13474956192278145,0.12301877999331721,0.11622013441432107,0.19028825703451044,0.18327102635209802,0.17034440745195564,0.15772055724664535,0.14928893245510064,0.14156810065684972,0.1311593531132907,0.12281521353211425
2018-10-18,2767.6746,0.29069413172133246,0.25964077189249135,0.22282040442919954,0.18895608460848076,0.16579783258343286,0.14531046317104618,0.13427532035604306,0.1429544963485646,0.26773879652320454,0.24103131670206615,0.21157438769702375,0.1812881474692716,0.1600413491298323,0.14089985622816711,0.12951697925327227,0.13015192905554707,0.24899263978134228,0.22536444985650625,0.20163752875505034,0.1737327769093513,0.15498269154163594,0.1371957800900473,0.1256530579983251,0.1233675272131721,0.23440431951340496,0.21450334425968917,0.19381708900969283,0.1697363845682244,0.1531663025581012,0.13604513995951886,0.12477356416657444,0.12121326731184824,0.2259582231096575,0.20863809788911716,0.18969308900055748,0.169471975688028,0.15396997099181192,0.13666797271638864,0.1248477119432465,0.12052612348871482,0.21694499684803728,0.20269611780600752,0.18618142571622187,0.16849087508663355,0.15527453439430686,0.13896781889588072,0.12577514678804874,0.12004381831309253,0.20867448738714428,0.19566953905477294,0.18150692858709003,0.16678544135664197,0.15666032462994903,0.14539499478395335,0.13347414610646868,0.12371411079686631,0.20054038705299562,0.1889643835580693,0.17739947658402688,0.16698307504720586,0.15833441037018103,0.1486361956073561,0.14005800410376593,0.12980635754392508
2018-10-19,2769.8294,0.2805525810001884,0.24828630396865453,0.21482621021359158,0.182797347244315,0.1607891339267638,0.1408774056319381,0.12994407806426264,0.13800802336307927,0.26129412589936934,0.2350170040600016,0.2064095858913564,0.17709020148536234,0.15635835685817404,0.13694495262584114,0.12549414426134675,0.12599034530503317,0.24618664602084414,0.22272284423975436,0.1970704562639514,0.17057978668445245,0.15188562732701905,0.13367170138090545,0.12281788056513734,0.12057334586396751,0.23096688857922015,0.21143616293186804,0.18977513257262021,0.16760082417349545,0.15157478224725957,0.1344120149374431,0.12380426673165075,0.12003091612918008,0.22333428135483102,0.2071038925943489,0.1870608470335752,0.1671667840846579,0.15325608250904127,0.1361293335986216,0.12460325024583668,0.11989730578355134,0.21648707835024353,0.20251362210558047,0.18555135469677594,0.16735797260605875,0.155609782864276,0.1377722926587761,0.1256334085749047,0.12037888869388959,0.20916425916060624,0.19710980014086418,0.18053605809823872,0.16742918092300027,0.15897685037113735,0.14307167942555007,0.13205273151689478,0.1258279470735817,0.20285094932180966,0.1893677082475969,0.17656046665585823,0.16750054019060442,0.16038317141791167,0.1478840554738238,0.1378484612013148,0.13032254199159413
2018-10-22,2758.8206,0.27223586116570336,0.24074215002105515,0.21117429082165673,0.18170097741343677,0.16109989298951008,0.142713554327469,0.1316717260152361,0.13678922406689678,0.25786096299270994,0.23036300532302192,0.20360914865612795,0.17639883939930742,0.1567233741416499,0.13823274498457075,0.12740774705833108,0.13034191378798146,0.24227600187647289,0.21958289363235067,0.19538930783782582,0.17061692982836504,0.15261706487790724,0.13434552620831636,0.12370594453681605,0.12286105605028148,0.2305383631508841,0.21106261072348287,0.1891192088964096,0.16810447191827618,0.1527757831111527,0.13498069685753478,0.12416942739717175,0.12133623051549325,0.2226588462307412,0.20583790295568236,0.18675858491442646,0.16763714447445738,0.15317356514884614,0.13616385478992518,0.12514998120887683,0.1209315955754013,0.21527900724177365,0.20215138138214794,0.1856098477444579,0.168350534093455,0.1535417276873501,0.1388573278726464,0.12747041580611929,0.12107781302206591,0.20726757801783285,0.19720373476609046,0.18057000916831598,0.1667383688303149,0.15584532695831502,0.14468014441044025,0.13386218279921197,0.12472151410626633,0.20155196980149373,0.19138671012255662,0.17632382704039362,0.16675424838506264,0.1589501181021223,0.14916055037452255,0.13871636996651535,0.12801797661023623
2018-10-23,2739.4649,0.29368353370551187,0.2636850231457341,0.23297238426658146,0.2029416911278373,0.1813716084948763,0.15996610465668082,0.14879386854841287,0.15450193777573176,0.27180340925810964,0.24706169996307586,0.21977969614855214,0.19221399077591764,0.172371665981111,0.15258285954406828,0.142338205748787,0.14579620367432589,0.25262410421561876,0.23102838288263164,0.20655770950009503,0.18190386744033,0.1642043643303826,0.14600206876940663,0.13546283046194516,0.13462574195253796,0.23863724329373856,0.21921538869295246,0.197282045600056,0.1763213707296831,0.16101649471847784,0.1441951785424793,0.13343130554658977,0.13050675201160383,0.22927293818435776,0.21172295649114758,0.19242221189671066,0.17461922599881258,0.1608600528760037,0.14493657910570887,0.133641877214846,0.12905232538049047,0.22090347135409522,0.2064598402590069,0.1901345150731486,0.17422620247029363,0.1610120570429312,0.14681098073462412,0.13547962200012847,0.12882997999267612,0.21076403660376627,0.19976615818895163,0.18699953733127958,0.17208788284061816,0.160134034432307,0.15012553542989088,0.1411974904717959,0.1322097780470926,0.20336816176379738,0.194085867745593,0.18348636043369165,0.16990361659350417,0.16064541191794326,0.15202137017998843,0.14480615527940405,0.1369198030309675
2018-10-24,2653.6139,0.35055278403814505,0.3207955186458691,0.29264575482448335,0.26426135377798493,0.2396102190425765,0.21136134851847943,0.19221380580505915,0.18879792641068285,0.31767948212729863,0.29417961866269227,0.2693597571743012,0.244075252901165,0.2225497454538257,0.1966921967392602,0.18030750037937907,0.17690001586681045,0.29074449675759706,0.26933465236605303,0.24733736249999042,0.22501184419442471,0.20621271007898193,0.18305245903248868,0.1683733203999018,0.16315235928320898,0.2686620485235161,0.25040712554377725,0.23064065977507792,0.2106692679260897,0.19496011692508136,0.1757083221724479,0.16146068042841794,0.15538304834113403,0.255154209691505,0.23905077289691032,0.22057204532332864,0.20298908101072521,0.18875123456523366,0.17099907133344305,0.1573654392896241,0.1508205787271905,0.24388146957819992,0.22827946930012688,0.21288753782379827,0.19762046167821687,0.18361227196618157,0.16772904867010402,0.15597795021784627,0.14835075518030946,0.22779649626127618,0.21653938018903834,0.20363967745936704,0.19116255288241843,0.17803503615765465,0.16605656199573846,0.15654914376866866,0.14694561805802084,0.21820589663297105,0.20783659521718206,0.1964245365023055,0.18613402221967526,0.17561209355510843,0.16603906216173653,0.15777081500823864,0.14752035425247234
2018-10-25,2707.5861,0.31818452718388973,0.2880144713254974,0.25697231067795884,0.22947198601022395,0.2086368964791856,0.18615358677399285,0.17178787624933678,0.17446629366528446,0.2894540746881713,0.26485273754130334,0.23892058387520332,0.21448815462038384,0.19600036505940785,0.17549591442463222,0.16219966255369395,0.1623918937185779,0.26269525144684813,0.2436599428384794,0.22109238489461194,0.19886377965730845,0.1827744688379365,0.16395639166722945,0.15147827949075515,0.14788132164221038,0.24860013865611535,0.230538480588396,0.20920609870214693,0.1898499895067639,0.17582528278435272,0.15914945539796796,0.14779377262907759,0.14287923488784504,0.2381136033224399,0.2208339203445786,0.20255825365456004,0.1864082291318641,0.17382455345912445,0.157719613951615,0.14630408425018518,0.14063093465592919,0.227625764356253,0.21385372550295598,0.19833283218151732,0.1841449631687244,0.17196072917657157,0.1572624408241637,0.14661232562737628,0.13901768689094765,0.21699226829204277,0.20668751600213162,0.19231512058246877,0.17963432764080683,0.16991615765287452,0.15862930638426917,0.1493534069691858,0.13866489417998548,0.20838775593509176,0.19920565453531142,0.18737180983118734,0.17741547370527427,0.16926529930675274,0.15973591499779197,0.15083783000863715,0.1415594500199536
2018-10-26,2651.9953,0.3582732585467872,0.3244295850901555,0.2941964884226263,0.26497380584497165,0.24127605944230596,0.21444799285559507,0.1940609570066631,0.18845005555863031,0.32130839107055564,0.2927613676046248,0.26681530995686703,0.24266021367027352,0.22219986996176616,0.19852395705076462,0.1811782420570516,0.17370138820151187,0.28396589866655136,0.2630065847884007,0.24274288961837365,0.22158134544402686,0.20302022451330268,0.18261711295618674,0.1671928338191128,0.15874387025133557,0.26507421566272354,0.24667923702084027,0.22807556494569006,0.20831135994127192,0.1929373859262291,0.1748509812255233,0.161079416442375,0.15365531426307638,0.25248599885037293,0.23548232776231737,0.21961793541944183,0.20229905528460357,0.18789607318382567,0.17093950967791938,0.15779119505104128,0.15077912050725642,0.24207833927525632,0.22764979038011357,0.21430423974836618,0.19849302101301433,0.18370130260089987,0.16893434127030563,0.15610389088073107,0.1484632263256559,0.2275137841621505,0.21714378422530745,0.2050406785659338,0.19112681576646712,0.17880027856300656,0.16842965500124604,0.15734216550215183,0.14634528701769559,0.21774810413851603,0.20926894610589344,0.19725414163637878,0.18581382846037414,0.17623423765516527,0.16783677804391864,0.15875987932504862,0.14715300446062238
2018-10-29,2638.8233,0.34813331854460894,0.3180353351419015,0.28892283559765375,0.2618375289756966,0.239584911520145,0.21443576194192113,0.19705041488721908,0.19241524574813085,0.31231552683389036,0.28828893200425537,0.2632266680223211,0.23951301116003879,0.21947568832534906,0.19581614369764555,0.1807988206144814,0.17471194437407814,0.27981590447568944,0.26177085868636985,0.24134331466425257,0.21958408957029943,0.2015597630560818,0.1812403461283493,0.1682440678286396,0.16144559179097742,0.2651847758097361,0.2477812321884549,0.2288339692712941,0.2092261735004516,0.19457352918249535,0.1766919078658446,0.1639534473898384,0.1570341497919535,0.2508589780148967,0.23650419391309746,0.2204942544721095,0.20274564965664726,0.18943427974669266,0.1732980162680437,0.16027041508480047,0.15294395173477107,0.24201117089653695,0.22921170365729387,0.21449995309857128,0.19814398801328695,0.18482329910556444,0.17059163444105926,0.15807735395401082,0.1493818753397006,0.2300328094154665,0.21849491392584636,0.20531832021129212,0.19048778666505853,0.17890164999157987,0.16718228532978777,0.15721885549980605,0.1463382778776239,0.21710598595219746,0.2068166567142492,0.1961361666656456,0.1854917760057185,0.17633947737232078,0.1673976833133747,0.15733623750212145,0.14647033850186658
2018-10-30,2684.1786,0.32167023366194136,0.29513539403274697,0.2657468804071085,0.23911523788143482,0.2196507674759274,0.19801886784415995,0.18381637422269698,0.18181963242866983,0.29043833166426797,0.26855775193484555,0.24342642808207202,0.22072621356887237,0.20257735383889033,0.1823727062953956,0.1691061340183424,0.16460328418938128,0.265315481223856,0.2473716475207854,0.22548445294846414,0.2056119915600513,0.18986471571240318,0.17174307413352327,0.15969163173621043,0.15348376023776703,0.2534726667999598,0.2362586038725892,0.21616336537252345,0.19926686978572114,0.18582510749126557,0.16845543909176305,0.15652371289146338,0.1501836981851772,0.24254715374570057,0.22666147877461315,0.20866629502328643,0.19403273204289065,0.1816249958094051,0.16544059399284583,0.15387464657046224,0.14721756647889103,0.23451962220329278,0.21960780918187284,0.2032640100796311,0.19037000393582845,0.17964597223679657,0.16474395194410574,0.15248435015187217,0.14427165348033616,0.22258727119204438,0.20903738061624366,0.19687345842569187,0.1862518917131986,0.17712676614668302,0.16344491922287957,0.15249582434407088,0.1429095702308202,0.21020354481916995,0.20055825644145675,0.19156968934561627,0.1829552406581106,0.1736912610456768,0.16333840468062463,0.15543804584133944,0.14601776436917194
2018-10-31,2712.9432,0.3006137276317579,0.271284163284411,0.24175925021856215,0.21472314223403655,0.19483031201644466,0.17468283075273747,0.16346672016334948,0.17275055212700907,0.2709514282588558,0.24820437915657834,0.22465842090092897,0.2005971085643445,0.1825875115697994,0.164080260290532,0.15218149515340823,0.15196583047022622,0.2515179575769356,0.2326299670347778,0.2119176586261092,0.19099286595003667,0.1761268398967218,0.15939070019939777,0.14752064174239554,0.14290839672709127,0.24226892840678732,0.22479857098646042,0.2053023564968164,0.18794181088516332,0.1754116648050193,0.15940302847654653,0.14696108074931397,0.14112540357933157,0.23269523608166304,0.217246736082313,0.20017015071325617,0.18491771407213262,0.17357065384160247,0.15856070687393833,0.14618984939749344,0.13985262546849994,0.22537951666299164,0.21273747487821354,0.19752896620276986,0.18344430956097624,0.17220719611615337,0.15767319181225456,0.14529049468981103,0.1386759381492383,0.21548076715409376,0.20572223779360652,0.19183598886408382,0.18013295140610333,0.1696397828335003,0.15783859381880577,0.14723855122676957,0.13925145517259252,0.20632291159044008,0.1977384352775564,0.18734238627173094,0.17790814471415442,0.16914236863770313,0.15838380671068367,0.14974048813550678,0.1423659434678944
2018-11-01,2737.7094,0.2761250078932105,0.24773847924216988,0.21733135251358446,0.18896987766475787,0.16989738826184253,0.15254826584450087,0.14559315328049652,0.1616476996573963,0.25250293262523066,0.2288421025095678,0.20492075217083092,0.1794212000159248,0.16246947463871433,0.14596443704373263,0.13690861293202922,0.14079093780583138,0.23948052908787615,0.21978158273707102,0.198946321759565,0.17662583584681554,0.16158779680135846,0.14574106969626355,0.1363261382317309,0.13406406551679934,0.2326454374286083,0.21505278053136156,0.19594458244727717,0.17757595699332068,0.1636474649235432,0.1475335193794535,0.1373469142048091,0.13310139306376018,0.22498666913234688,0.2101007305936047,0.19215749498488333,0.17716597227281855,0.16436747157093304,0.14851431906342544,0.1384427221935488,0.13268722584759557,0.21925780317616317,0.20660841626123222,0.19035269939794086,0.1765783495326677,0.16439409559838244,0.1496272828256369,0.13894247178954286,0.13175898077955847,0.21129754182563143,0.2007930465309253,0.1873197082667756,0.17435463070011242,0.16511260114665666,0.15207228731645303,0.14104780247841645,0.13308606502696751,0.20533288655695744,0.1944850626041954,0.18293753192198425,0.1726521106040367,0.16683789509866057,0.15440403371677708,0.14551335855113093,0.13638249999675864
2018-11-02,2719.975,0.27630715928679667,0.250843057066906,0.22288307844645455,0.19488595867048883,0.17471728586368637,0.15496157398723018,0.14577845556869978,0.1610976678706879,0.25422965970705375,0.23140889505387083,0.20836521502496164,0.18459699834962398,0.16670551506914852,0.1488164666017295,0.13862530365184647,0.14092155589403418,0.24183874563816796,0.2227252539643614,0.2024334197048133,0.18199635419705998,0.16701085767988116,0.15064357287832728,0.1398037115474809,0.13671919633824559,0.23570162441749204,0.21877186909740182,0.20033426621183126,0.18264606023641267,0.16975009329418111,0.15348938185902442,0.14111929485389074,0.13604669828221097,0.22866194234180534,0.2142868585267387,0.19733768892942563,0.18196513874568251,0.1701365252192658,0.15486479996022617,0.14187661788865266,0.13555221885642327,0.22317821763366044,0.21175279574959474,0.19528591556954317,0.18140289725013942,0.16906139815060053,0.15494655296490717,0.1427013490802714,0.1350539725623239,0.21382037741863436,0.20469561135220757,0.19124290591404186,0.17829657576277272,0.16835437498726985,0.1569981505088293,0.14504727259111666,0.13691481631273744,0.2046073814630526,0.19949055971970472,0.18818733938520976,0.1751293615330688,0.1673789450815355,0.15952353661496926,0.14828550561024512,0.1399056132226318
2018-11-05,2737.5165,0.27653627842113,0.2499910466291449,0.21989335136692245,0.1920285195062292,0.17134490292593219,0.1526520969206924,0.14432908829716673,0.15822166479260458,0.2526646265118157,0.23046052017300486,0.20478885016055715,0.18147271942849738,0.1638838150245552,0.14696965843059318,0.1373454856579815,0.13768798272588317,0.24228475061004556,0.22397859058287195,0.20161572203708264,0.1812132673106947,0.16567534794758737,0.14886338262532275,0.1388150061195463,0.1350861485958539,0.23616428393719288,0.21919933790007898,0.19907741984635346,0.18158457353955987,0.16757263034309983,0.1499417238419711,0.13883307350467688,0.1339136712830429,0.2284365283954804,0.21280718168450524,0.1944960163295751,0.17943773012743347,0.16720786858046524,0.15011724469352852,0.1387303133890131,0.13263239338497537,0.22096320511379985,0.2080624937066743,0.1915110980610871,0.17693059842428097,0.16467158635078402,0.15047713075490185,0.14005245408653996,0.13167561169624178,0.21094571129601897,0.2011683014377502,0.1871286512439381,0.1735014452663834,0.1640269473123402,0.1533267793204776,0.14445729979724967,0.13311019163226148,0.20334232679488567,0.19629839125637036,0.18273715204509994,0.17284108404202211,0.16438830024118753,0.15647405163825492,0.14829864094365383,0.13658832406108587
2018-11-06,2754.5207,0.2824814083987331,0.2508043989342153,0.21668963182505943,0.1862181764946158,0.1668470842401957,0.1516681807106963,0.14826351020374895,0.17368823877317977,0.2552039487343,0.2313532715506578,0.2040144281045118,0.17755300452113482,0.16097885272289508,0.14642460953809272,0.1387434348131284,0.1432535515189042,0.24147714202784232,0.22237757722497994,0.19977707650164764,0.177139680366697,0.1624179568649021,0.14734504260425962,0.13793356563746864,0.135428552598321,0.23219114453384995,0.21519938444433268,0.1953179655991554,0.17643600018726446,0.16330068111689278,0.14746475453034769,0.1365131334844655,0.132255823646508,0.22455660185708556,0.2084029945261065,0.19008669533668313,0.17461990202877686,0.16273252433922442,0.14664429630992862,0.13506490263119475,0.1292713857820302,0.21727487981670207,0.203363410456198,0.1860974844975296,0.17243228985017142,0.1618943660829696,0.1469806772129026,0.13496648877124637,0.1283097627774884,0.20793381931793956,0.19630359889226356,0.18208291475051927,0.1706176828018569,0.16187450988438312,0.14950098052247757,0.13736399540424177,0.1309658637652231,0.19982608170100322,0.19075072350752853,0.1798045547341841,0.1699068051419444,0.1611804687385772,0.15275974299842288,0.14116707580017746,0.13322218213749995
2018-11-07,2813.9066,0.23610984382648834,0.20271658950716837,0.16894065299201774,0.1411646954028699,0.1274831425297994,0.11967895917249484,0.12389692064687483,0.14394192496850478,0.2221318712872286,0.19509107237616488,0.16741556434243285,0.14283770750872365,0.12930487502372764,0.11956448150406492,0.11697440208571942,0.12518215985895592,0.21464959656327565,0.19281650181140111,0.16980352151519265,0.14830755178835206,0.13449062518448746,0.1223492082263048,0.11588165742072523,0.11830785594541537,0.20795601307130201,0.19025553172863438,0.17005611682283286,0.15145533509407852,0.1379389840918721,0.12431379574628561,0.11604025498735047,0.11480663358278669,0.20301759156245158,0.1877980388204457,0.16995936896999486,0.15372975749214499,0.14067127229991175,0.12668649346375457,0.11719889624529348,0.11334181540374695,0.19957382019070538,0.1864531637844549,0.17079788204645693,0.15537460067402872,0.14294131001893265,0.129158422170804,0.11966414890442358,0.11455055946475128,0.194601010459448,0.18352600222460883,0.17117297961102426,0.15728828871512968,0.14751094562879144,0.1351235666767784,0.12419661481182254,0.118225457711554,0.1903090854199021,0.1795489285537388,0.16921945904122665,0.15963301128887128,0.15166449566890777,0.14201750619140965,0.12930929865744914,0.1224855475576976
2018-11-08,2806.2246,0.23916309438196318,0.2053879694365689,0.16975690724240727,0.14059009469153916,0.1257207508857425,0.11801052951628656,0.12347964395333597,0.1467410325000781,0.22655462793622094,0.19913904171313948,0.16988118437645292,0.14444952283144769,0.12958084862575264,0.11938057309811641,0.11783278081836242,0.12747949780923296,0.21832189811098401,0.19584347108267175,0.17201599950902394,0.14989360762149487,0.13519050598468188,0.12215956438009243,0.1164363380317455,0.11941064117071151,0.21139789319650604,0.1920692452135116,0.1717306031218387,0.15174554174140953,0.1374752664573227,0.12379194376713888,0.11588108102924624,0.11541028136406842,0.20480207638776035,0.18893527715374908,0.17115971802741148,0.1530129670638701,0.13885375409497905,0.1253924064932087,0.1161340514574719,0.11264488426394514,0.20135260622331053,0.18723940776388928,0.17062064612210395,0.15446473467907632,0.14092806625558063,0.12651790111952133,0.11749588806949614,0.112771399610163,0.1950481635866235,0.18230978817044394,0.16824311312152457,0.155857175500525,0.14666210741150357,0.13425836278627679,0.12335572902251832,0.11686148885553212,0.18919668308261792,0.1801948491949676,0.16758031486073746,0.15725798262812823,0.1486904073050236,0.13930290624336952,0.12982649468724292,0.12132258783538019
2018-11-09,2783.601,0.23568786485995033,0.20441518352092053,0.1737920374309582,0.1462077308136825,0.1308174686384212,0.1203105507434074,0.11778095778188397,0.13675937794010765,0.22821259843184297,0.20231613879198124,0.1760180690200635,0.15035385865847148,0.13474138449297463,0.12259333111028556,0.11654095540939637,0.12469005152417356,0.22230078274322107,0.20052428701287336,0.1777667848029787,0.15508265455207718,0.13985101862716742,0.12568954287426257,0.11704801739196577,0.11636386188695068,0.21675796451321075,0.1973303723225544,0.17718071846329525,0.15659192135955163,0.14228010047312112,0.12737643081478062,0.1175439157134181,0.11475208187575645,0.21177205626637519,0.19418561529045944,0.1760091843038978,0.15759331957636288,0.1447334283663644,0.1296111331446974,0.11849553057834131,0.1143710591990551,0.2062299344281582,0.1914736394235358,0.1746691148664959,0.15899018899245695,0.14776795494124478,0.132514460902298,0.12056802546054216,0.1149472947308112,0.19893336988765487,0.18618265537376769,0.17392552609743328,0.16084262235000432,0.1513500492575246,0.13965565401716695,0.12851319534301903,0.11800168646802026,0.19470173395436594,0.1820717227985584,0.17318518887583434,0.16276869783883,0.1533755887991161,0.14328941304982995,0.13563519837409366,0.12406464093047274
2018-11-12,2725.8896,0.27818511666364376,0.24945933485175278,0.21962687857916732,0.19000981679616025,0.16917450032634232,0.15030132498051887,0.13966050739809105,0.14519988579662604,0.26334028438243384,0.23903872207847607,0.2131327204286166,0.18704872905256004,0.16717390245094838,0.1482674308777513,0.1367677097222018,0.13473638489081183,0.2504787551210518,0.23008580534489564,0.20808483055182703,0.1843885470606126,0.16591076654634243,0.14757710764205326,0.13514863743912153,0.1306642879994174,0.2397702084357224,0.22206171675340297,0.20189536407339576,0.17973119019025577,0.16335194983574924,0.14633094005295108,0.13341096068791874,0.12794803372294913,0.23069039709097172,0.21460538770702609,0.19636140131605329,0.1770099230616616,0.16293581585847305,0.1455714255116795,0.1321378212819557,0.12581663758327014,0.22261190170118975,0.2097046832244888,0.1933091747534585,0.1753664376243992,0.16369666485936246,0.1464677176457911,0.13197830471142805,0.12516150498708387,0.2104564145268006,0.20269164597674483,0.18631659195555877,0.1729588774878641,0.16350721600405277,0.14779807717853827,0.13780142797953995,0.1290044855031316,0.2044955548583073,0.19740992330022955,0.18175403069112187,0.17237311794855956,0.16399239503619958,0.14911800595106459,0.14209413817258162,0.1330136501450365
2018-11-13,2722.9567,0.2685173446336948,0.23982880764980072,0.21164875241884593,0.1837321521319209,0.16531565910938942,0.1491976191132681,0.14057663998256553,0.14655807362511597,0.25761827692820094,0.2335968568527921,0.2083674492012133,0.18350740590882983,0.16593970612150585,0.1493567255062518,0.13827871941642905,0.13695379758881732,0.2476591682654629,0.2265498418235697,0.20413532600812323,0.18183381825084055,0.16553190614706637,0.148504996108262,0.1359157665243195,0.13219618335317804,0.23773328651183595,0.21942073573318316,0.19909121487347126,0.17879194477638963,0.16378632702518622,0.14628054138900892,0.1333703979865659,0.1286152120317205,0.23099531360269754,0.21510524111805635,0.19456624703211603,0.1776861673368315,0.16436363895006162,0.14557124240711122,0.13267986182687475,0.12653666265721894,0.22578003839449878,0.2119664656170888,0.19195582640365988,0.17706947174128648,0.16513615014453362,0.1469415862562112,0.1342702131760512,0.12744790802549963,0.21299322582020727,0.2024448901045871,0.18744330150791977,0.17373834536735705,0.16398921369506791,0.1504640353796756,0.13869805286507378,0.1312243554649999,0.20557692662720115,0.19555344721237072,0.18327509396312355,0.17265710914315865,0.16494323491988688,0.15248846269055294,0.14257277519628525,0.1352896408706912
2018-11-14,2702.9866,0.27559007802589575,0.2482830526502299,0.22159352734191795,0.19645677289029576,0.17835292047892512,0.16155465987192857,0.15172032517807577,0.1571622893944911,0.2607943869784337,0.23879250310746325,0.2167384726694698,0.1939204797054394,0.17659536383989086,0.15957493250628058,0.1480345956533874,0.1450129096523205,0.2503658118975786,0.23160298602103568,0.21178877668345356,0.19044847934721088,0.17466610180152797,0.1576205054423849,0.1447843528919401,0.13950568161503105,0.24247209405161269,0.22499889760315714,0.20653545216062455,0.18673784280936478,0.17197207889719332,0.15506439204027037,0.1415558836934985,0.13477031510997506,0.23625142872633353,0.22034434283219467,0.20293522747154755,0.18445604928701725,0.1709325186185485,0.15485262669740305,0.14097631551104392,0.13218002002934698,0.23098282599767928,0.21635162298995864,0.19980495541763096,0.18355550459543138,0.17060848667974488,0.15448422770152098,0.14223541882884944,0.13249295695826402,0.21955061702214126,0.20679745020852897,0.19363493784446414,0.18106622160280952,0.17023567820357755,0.1552111409156611,0.14392429419880198,0.13499307942932784,0.20637212874319863,0.1985498553154551,0.19013310692153224,0.17821942223992546,0.16968644061845056,0.15806504719164954,0.14752719875682488,0.13879660208273956
2018-11-15,2726.3926,0.2700132088686098,0.2392946217999901,0.20984899458571013,0.18355686989781717,0.16626717550894943,0.1516387011959766,0.14543397395521512,0.15815155385250698,0.2537763374946846,0.2307170116778607,0.20726693455442086,0.1848046266214787,0.16811648335974597,0.1520392904695384,0.14259842211991375,0.14169647002963448,0.24459415659164677,0.22522444459266852,0.20363859239670598,0.1832702232535138,0.16789640567407235,0.15101207496956648,0.14021176898270962,0.13640300283218584,0.23696724265688698,0.21970073437412327,0.20029107527902473,0.1813920177447823,0.16738681017489493,0.14994583054350522,0.13800626300272253,0.1326273428909972,0.23203985326732884,0.21677324306036694,0.1986518839944394,0.1815259169749631,0.16865624183758818,0.150952483010005,0.13739880193036696,0.13051458123081275,0.22599418553106015,0.2131524252319646,0.19590504248660973,0.1810907491454132,0.16919062739222937,0.1536895109818099,0.13887564960297719,0.13042061816163225,0.2154921629342137,0.2050143816350488,0.19045454849712942,0.17844770771804314,0.16902947455943462,0.15801256120651397,0.14389760904421003,0.1341084298601056,0.20787789578313448,0.1990193112645613,0.18651121587006286,0.1772016288279536,0.16982523889998882,0.16006312756386626,0.14721368755236663,0.13744784316087155
2018-11-16,2737.6879,0.24689896414690524,0.22021252098725264,0.19085290774969507,0.16595241721421228,0.15046289556534886,0.13758088118689915,0.1313906131257522,0.14464288032613415,0.23804020173667062,0.21583063578648443,0.1922187441052529,0.16973781847384717,0.15380545708290416,0.13918314562604148,0.13036713274698689,0.13019440431374601,0.230697232169251,0.21101539882600184,0.1903476841225744,0.16981365733056322,0.1546198220177043,0.138686167339124,0.12870703003310677,0.12569479499895314,0.22476922105086586,0.20766003730797875,0.18810515828991342,0.16993459851270903,0.1560033866171947,0.13840561599989057,0.1276948324194115,0.12352981549124432,0.22260893069114543,0.20673517548895998,0.18712031667521126,0.17231664166044355,0.159667187811122,0.1402699440455403,0.12838002110147548,0.12330451296625038,0.21826943057522652,0.20375731913084,0.18763281233984894,0.1740049970565565,0.16367413866318134,0.14497319544603549,0.13069445028911034,0.1256513945291054,0.20935663787658834,0.1984912279858635,0.18650195457248028,0.1722627097870363,0.16394235857857908,0.15212196558823587,0.13826973747229904,0.13201747206729558,0.20075816217406206,0.19427579164405603,0.18368669344714358,0.17151371285682684,0.16392386511095766,0.1546165189216364,0.14306692374035604,0.13707313836904372
2018-11-19,2690.2278,0.26745320820592355,0.24381198373650187,0.21977434167563037,0.19695316198639884,0.18004187956116602,0.1645609829337263,0.1558621962746066,0.15892420483289632,0.254739569276771,0.23504687512904354,0.21360120393123375,0.19299334613943664,0.17678815312884602,0.16084201073210844,0.1505383749989205,0.14877433485430908,0.24538317647200983,0.22771007448933897,0.20831078923147311,0.18868647201075922,0.17300542886751555,0.15695890730616827,0.14538370358007505,0.1412705093641894,0.23979576585846185,0.2226988667710205,0.20478701855142317,0.18612324657191087,0.17120030450091245,0.15494434331006893,0.14219175320874033,0.13646700590328056,0.2359545501207991,0.2195244670048896,0.203518036835567,0.18634168999227776,0.17283735050994511,0.1556364850162826,0.141780819292947,0.13444601806776832,0.22836857853953554,0.21592071576861976,0.2028850049950782,0.18643892465371167,0.17338619363655364,0.15788085369167,0.14391847420673212,0.13457219821631328,0.21906299706322044,0.2086379966184349,0.19599175455060572,0.1811662882231484,0.17231196405105875,0.16150686005700746,0.14926375722753182,0.13950566017562063,0.2077804875967127,0.19957956577363173,0.18950293960992212,0.17920134323319675,0.17222310888057302,0.16286961428670027,0.1526855277776311,0.14356353854159856
2018-11-20,2643.7337,0.2864898418460694,0.26292036734126584,0.23895741351414956,0.2164911606500684,0.1995196011278896,0.18206273058691205,0.1711884930138716,0.16962296311736413,0.27100347137760705,0.25162429277223775,0.23013267218665506,0.21000099070199124,0.19453990956186273,0.17694750880868973,0.16493443400618926,0.15969584228183045,0.25959183681868697,0.2418414729966584,0.22264204109999114,0.20421003091836254,0.18949684395484637,0.17154587677354216,0.15900834756624835,0.1525108709627661,0.2514504746478205,0.23567458771521993,0.2184069059492281,0.20104231796412306,0.18640753963482548,0.16835863415659755,0.1555106109887485,0.147910729274111,0.2465071078762569,0.23220209219621724,0.21613984987002335,0.20019450758114898,0.18665270153973496,0.16908924609385986,0.15532407991330321,0.14628172488848942,0.2399310916312721,0.22699253099353453,0.213602622085191,0.19882792436285857,0.18592007870686952,0.1702326221566412,0.15667449532116684,0.14628726071358197,0.2268289516360907,0.21690560151974286,0.2057282518277448,0.19347773822883396,0.18296825757160873,0.17131552301218295,0.159070073823623,0.14867850079709186,0.216945770398204,0.2081895207176516,0.199637799450909,0.18973853599168844,0.18048620214248745,0.17161577547761594,0.16143172133960074,0.15163129681366064
2018-11-21,2654.0736,0.26193815587155195,0.23671753500611206,0.21213163780212504,0.18924420614591547,0.17459651837288445,0.162031803301807,0.15558263214206985,0.1590654490814333,0.2530989221275987,0.23188701257367383,0.21020080948932515,0.18931347483679986,0.1744455726283043,0.1599295330364576,0.1510496012127706,0.14917670938052344,0.24617886144376538,0.2271703475319826,0.2064657939342118,0.1876447188845221,0.17340707974550135,0.1572865408580446,0.14681294756037935,0.14284019844210782,0.24043248978159854,0.22385524492688916,0.20456769810041414,0.18709875866861672,0.17389341917741236,0.15653006493004903,0.14449629448814066,0.13918772909908228,0.23739888336595616,0.2229482015567433,0.20514430273559692,0.18894162580952903,0.17635306870410267,0.15885318745747737,0.1454766874836117,0.13861591137276474,0.23221404497387096,0.2192129229745139,0.20444321428658144,0.19036190285757476,0.17814681246552738,0.16208572487976605,0.14824832926894574,0.1405389241017671,0.22088326976065392,0.2109344067110102,0.19978396362101636,0.18799967647362545,0.1781500336186722,0.1660528164376633,0.15369774312269535,0.1440396348452224,0.21178331074833326,0.2039746914688728,0.19490015215069095,0.1852730456286751,0.17756480052731552,0.1680459658333391,0.15839208256413503,0.148541625557246
2018-11-23,2633.544,0.26624542800162343,0.24613105066558832,0.222870272973111,0.20169739085960395,0.1863548374618725,0.17157049741650432,0.163335436315758,0.16344530233804988,0.2601127316390386,0.23997047729979779,0.21905347537336967,0.19872836029469185,0.18415246778534378,0.16928451869815092,0.16002449074626687,0.1574315927328427,0.25222761627777013,0.23364312109729835,0.21390613734903632,0.19455500565569184,0.18154546934820967,0.1662164226915779,0.15505216811475153,0.15039765290553397,0.24563677345783394,0.2290209679721886,0.2108039071815281,0.19317256782798026,0.18034957582110883,0.1631296588096792,0.15131628724614193,0.1455086465634797,0.24250894152437816,0.2273797694347334,0.21001479030102557,0.1941295257874649,0.18153929053298434,0.1639818627275081,0.15150101964802368,0.14404909184595455,0.23691568656418988,0.22371575008223255,0.20830171859792246,0.1929318703700446,0.18125357772350936,0.16644214451787037,0.15384689129919182,0.14450974662939678,0.2277496422213447,0.21469489308033182,0.20094715694821044,0.18947584833290296,0.18085019534135455,0.16983883501133895,0.1570771757398139,0.14763530869650382,0.2199761975064837,0.20379277129076126,0.1955042453159376,0.18809672619250506,0.17987102593120327,0.1708794322384031,0.1609847517361241,0.1511848145601486
2018-11-26,2674.109,0.24632390870734294,0.2216836282662467,0.19915649046752693,0.1788707423238553,0.16556284118003944,0.1539841028510521,0.1487236036148479,0.15288506810592428,0.2355332082632691,0.21490190303295081,0.1947403003065302,0.17581381584580932,0.16276546373100684,0.15044959143990425,0.14410380715895385,0.1455594760000681,0.22843351564275932,0.2112288153797399,0.1920370621099008,0.17394348639467197,0.16089934641872067,0.14714534415992978,0.13916254874387435,0.13744330318814166,0.2267979373751639,0.21045625489295225,0.1926723390612132,0.1754901321150041,0.16303076822653187,0.14779174411302431,0.1376185297794855,0.13351749373005398,0.22667765894519568,0.21094310326889718,0.19356837628881776,0.17810223095868538,0.16704966380506744,0.15064823987185508,0.13936410548741615,0.13299092783645616,0.22326514441373385,0.21054842271183755,0.19462696582476738,0.18044186092309616,0.16985834855563958,0.15316390455971723,0.14280283248595307,0.13581813479626006,0.2160095780300375,0.20577495939958593,0.19299814911137525,0.18064366770999493,0.17111672898332067,0.15823117079075857,0.1476127165054492,0.14037864958556764,0.2074187939943954,0.19946606241477915,0.18822756025411533,0.1797002381493266,0.17239895916008313,0.16296421656579813,0.15236892444499786,0.14434436554994404
2018-11-27,2682.6694,0.2471476443546973,0.2270115801235481,0.20634859982153547,0.18666144377697516,0.1732014220709656,0.16152487391696357,0.1563003109322025,0.16043160460276512,0.23689721766015698,0.2183190112850718,0.1989329444570123,0.18007217948158305,0.167453645083818,0.15541298146005175,0.14884824856808776,0.1496368923276038,0.229289720816491,0.21252792625663483,0.19367208866295144,0.17605810998296592,0.16386537950250019,0.14992030559486866,0.14177183588411674,0.14013908738666397,0.22647507123786692,0.21109293221156142,0.19277931200923526,0.17691023275986453,0.16456476329364525,0.14847518438527607,0.13866950389631716,0.13430191576056003,0.22430087955647027,0.21010250747176917,0.1937208609651147,0.17892635870625387,0.16668019773137024,0.15024389466961258,0.1389023036709439,0.1325173472011445,0.22105254777236133,0.20814860140473435,0.19440570309721378,0.1801545015183362,0.16761084965801243,0.15309276463011906,0.14206964855109794,0.13494839327318991,0.21629878546676837,0.2024399604576533,0.19189202053972992,0.18127938874059507,0.17018231820280602,0.15852438593823465,0.14926346768205184,0.14115801950773568,0.2075374873099422,0.19761708483009122,0.18871931580765153,0.1806421102270622,0.17298594987187055,0.16196731602151826,0.15279984482759726,0.1463405039396201
2018-11-28,2744.7317,0.24693599466701965,0.22458241616083083,0.20280434528262664,0.1846947542792077,0.1733596919602401,0.1642837893565752,0.16045988890827573,0.16837792412131197,0.23283357845344443,0.21319095665982388,0.19333210503471945,0.17567195404057023,0.1643071755094426,0.15435198052112695,0.14924618902646866,0.1550817499115668,0.2235875400690112,0.20546936213563097,0.1870311457263616,0.16993849862232893,0.1581715259530845,0.14671477861126064,0.13941996052374953,0.13985206372476852,0.21983257188065236,0.20354573438075732,0.18628460107246284,0.16962605730243155,0.1570862673239192,0.14368820569644822,0.13519596096016523,0.1323611959035726,0.21742366379005992,0.2029612061428651,0.18656709764833335,0.17089586655979688,0.1584303023127008,0.14345593791327169,0.13458596961158775,0.12908615872747314,0.21325818166537866,0.2009917776468591,0.18650526871706918,0.17195152399614877,0.16075359110088502,0.14642536449797253,0.1372170838700713,0.1311200049880669,0.20698403580856556,0.1974080089543527,0.1865587758537094,0.17426271148736958,0.16471997190417162,0.1540122171224257,0.14278659854735154,0.13682041133854797,0.20293934524690943,0.19519341875979665,0.1862136055476018,0.1766359742474263,0.16795077414878581,0.15943635023988303,0.14873973067788954,0.14179352197539002
2018-11-29,2739.1607,0.2616431377745871,0.23738830720788212,0.21335794548084117,0.1913504336701232,0.17752447335676153,0.16606164357012673,0.16166378353056346,0.16902481871679734,0.24498057879429755,0.2235683490427321,0.20204348221235752,0.18210931887902995,0.16855497376377215,0.15635026189878704,0.1504734500819886,0.15447750025058612,0.2321160437518599,0.21410103785347168,0.19430542763782577,0.17596306802892456,0.16267300211416832,0.14874134646171847,0.1406430416593337,0.13875039050396282,0.2267505995674908,0.21151465739782813,0.19275324369389127,0.1748838575437785,0.16194169753694615,0.14625379122951732,0.13661233034548378,0.13287348554725284,0.2230930102668361,0.2095904121844436,0.19242111754814173,0.1751473315373801,0.1628890465627249,0.14629307186486,0.1359267007267032,0.13057998085841654,0.2175403163174893,0.20649440394067442,0.19126406440271226,0.17483332496931078,0.16445671339839932,0.14960121487801473,0.1386756811670115,0.13280269016679938,0.21150022454488,0.20114985832332177,0.18751996285874695,0.17586746353386912,0.1676174259472367,0.15634396212989649,0.14528532613821532,0.13923839553798645,0.2058649777972843,0.19701818865449358,0.1858672052892367,0.17674235251991427,0.1701351989350527,0.159480786857069,0.14874689844957542,0.14170397837830676
2018-11-30,2759.6388,0.2595229112300456,0.2367001438978762,0.2133003488999765,0.19213938114053275,0.17698867933693913,0.16255691349188198,0.15468494332642024,0.1579504787643991,0.24233114294057503,0.22200922887386984,0.20106111763220838,0.18092001644386085,0.16636666606569708,0.15248009556573616,0.14462779729199776,0.14623748012940835,0.22887730531771525,0.2106765963983579,0.19182908833193318,0.1725951187211517,0.15854025011461878,0.14476130048355496,0.13587798365361312,0.13364630485828705,0.22407280647741806,0.20751760347817347,0.18934963271123534,0.17096788091312173,0.15783653153306954,0.14332372733443646,0.13265403657654842,0.12820480524671332,0.21996874084396037,0.2055103811935638,0.18822409093834866,0.17089703358760783,0.15852856274376587,0.14369273056708606,0.1326698692484118,0.12638030660877916,0.2146015401316302,0.20318266269117638,0.1870566099378647,0.17202327386594468,0.16060985700113228,0.14575085195755744,0.13610870282383689,0.13013173032932748,0.2079109106300393,0.1993423127035403,0.1850803717912916,0.1739837326104643,0.16475279424478564,0.15152725377035994,0.1418579466663116,0.13506052453798442,0.2041928989747383,0.19581614513153758,0.18344223234179896,0.17429265355578888,0.16730633696316088,0.15601514268670472,0.14833624348894942,0.13993411674082742
2018-12-03,2791.7689,0.24060344912404658,0.2081679424914268,0.17868103138976296,0.15683988512119154,0.1442138084558244,0.13383069153031488,0.13080524763608187,0.1483104058996455,0.22252819273046495,0.19707996602406797,0.17209271030428308,0.15202577820888877,0.13958584320503575,0.12872896003191675,0.12368585254392903,0.13391616825822544,0.21300722203049327,0.1921402514744324,0.17001877319817707,0.15070128741819275,0.1377537381645633,0.12587992560701713,0.11880006023569359,0.11952318317487129,0.21043398945400146,0.19281147389471057,0.17274093957878014,0.15383908277868408,0.14024634619617501,0.12677999042032392,0.11725393277426942,0.11475436223835285,0.20923115657762034,0.19286564576584023,0.17445285199403962,0.15677428613042502,0.14388162990330763,0.12942809245211132,0.11814143388317087,0.11392149410052739,0.20610825318118411,0.191669978596012,0.17491656808577896,0.15909596055030092,0.14801139544128414,0.13401871146980468,0.12366802885693537,0.1186730396766012,0.20057309117720207,0.19005154513944492,0.17629749410392842,0.16318106999855786,0.1540866669116476,0.1436465972291737,0.13242917017875788,0.1257007961162104,0.19736582029857536,0.18750360477686226,0.1752576380939323,0.1658212505151251,0.15902939326027954,0.1493618264961942,0.13918618514095718,0.13158887360102223
2018-12-04,2702.8564,0.29125078542270666,0.2615244210775748,0.23560703238193798,0.21257783685173687,0.1955837025632916,0.17825542082443785,0.16545350622251281,0.16352854397339775,0.2638200320442729,0.2409231174858349,0.2191558969148301,0.19854260478764363,0.18252131164864677,0.16605459539939477,0.15342454577439138,0.14818284020387495,0.24864500359419905,0.2300646386720911,0.20993438863377947,0.18996571264782705,0.17460029598242344,0.15831654167913226,0.14521579109270769,0.13849652284079075,0.24236313405356574,0.22604115697040633,0.20672233886411603,0.1873596958965943,0.17282436199370818,0.15552318754420244,0.14128255683908095,0.13408944111261412,0.2363571020143609,0.22181981962308797,0.20341109803146026,0.18530949929613888,0.17201904503399784,0.15499326438084818,0.13954351620056776,0.1319884603008719,0.22793309084647329,0.21527194104347191,0.20008366337508499,0.18448207986366935,0.17189349573038973,0.15590871051340788,0.14125397534544035,0.1335804072189237,0.21809843061251238,0.20676505345706309,0.19514976730196934,0.18306343902174244,0.17212400467469371,0.1602087482354274,0.14635865838307183,0.1366392348606307,0.21082531136359622,0.20187589483455232,0.19067234426866525,0.18008011779432204,0.17228938293053644,0.1644092379299754,0.15332527053613443,0.14219270360256456
2018-12-06,2695.6724,0.2987404649168509,0.2686625210749663,0.23903685254555973,0.21246713701742911,0.19448030187615228,0.1759173498697754,0.16327200536609832,0.1642697182715706,0.27046789687978295,0.24698940288160204,0.22237022456079988,0.19953722918506728,0.1832093722070299,0.16493086866795192,0.15175508385497943,0.14723482122598383,0.25633213316444503,0.23656752396739184,0.21526391146983417,0.1946456469977547,0.17900075253540026,0.1605504681395863,0.14725226234541675,0.14024365228734179,0.24801948529296697,0.23046308852264022,0.21203821605960935,0.19382250254488984,0.17856842700787073,0.15862827888919687,0.14430359482018604,0.1360876965625289,0.2387329555444454,0.2241838468831134,0.20723939525583876,0.19187135495847968,0.1785867633374482,0.15839102095530586,0.142900776736399,0.1342483648091587,0.22945146138862776,0.21717045421929318,0.20263730689929307,0.18949708890754435,0.17749289896745202,0.16124953537372844,0.1459484522365751,0.1368833368090231,0.21868118243276438,0.20918055563055155,0.19715111396251206,0.18520367648611333,0.17553121057932286,0.16447641329143484,0.15214824150030848,0.14400316025820484,0.21029173977390397,0.20218988106112068,0.19214809734941504,0.18327653236094407,0.17587504030981688,0.16550629681508636,0.15485681628742662,0.14865516366771267
2018-12-07,2636.3959,0.32001729212990915,0.2925181610105171,0.2647781094289258,0.2392167704197261,0.22053241304187357,0.20045179841078356,0.1853973408374926,0.18202797090643896,0.28801443378122027,0.2662864932523692,0.2433986085698363,0.22204746349559262,0.20580981024038564,0.1873802838695886,0.17215046280177196,0.164853271984684,0.27366064912842314,0.255252201419367,0.2351903236469913,0.21560896838176993,0.20033376895107516,0.18263713724658437,0.1675067878645557,0.15875764458979352,0.26416182182120723,0.2484344521071965,0.2301005107383274,0.21185012376123713,0.19731098352109244,0.1800091694209308,0.16435448933630925,0.15435894565243527,0.25388375884328046,0.23947781910051377,0.22234415123970558,0.20622284220442208,0.19436800677670113,0.17750689673891926,0.16143662459605185,0.1508900034368398,0.24222397411172764,0.23055581073845766,0.21606307480316245,0.2024585976453718,0.1908141364921931,0.1759693728591766,0.1614216696316703,0.1512166669447732,0.2303800121916211,0.22171960601719948,0.20857186062804203,0.19574877675692423,0.18565112667569975,0.17518425390988737,0.16336149269736802,0.15341485322908946,0.2211984249115822,0.21356059703730781,0.20054497755218692,0.19088994727900488,0.18505138168643667,0.1764069123760603,0.1648184797672841,0.1552371882467457
2018-12-10,2642.8892,0.29507501250773116,0.2663833038765681,0.24071162185302827,0.21910351475871484,0.20473493435649573,0.18842496994949162,0.17594161707865677,0.17306333136911856,0.2712729947284066,0.2494676708571259,0.22824184345904508,0.20862358276662457,0.19436063124804967,0.17811282248259783,0.16551704753542762,0.15880943477901183,0.2639782991548241,0.245354768647601,0.22517470750895213,0.2067446572786985,0.19265413178167448,0.1759211210521345,0.1624602210387499,0.15440128489692675,0.25769619165377494,0.24069148529743647,0.221865842072147,0.20509690329177824,0.1913844531440442,0.17480842557872533,0.1600537950841795,0.15105613763378414,0.24989001479927994,0.2343050985723991,0.21690327237829762,0.2023461730913,0.18916140998977535,0.17329639421468554,0.1594908126208426,0.14934232273248677,0.23818848399356476,0.2266557832258681,0.21196264174024607,0.19851209850547702,0.18626154461703787,0.17412232657630247,0.16142322218830518,0.15049853603727265,0.22791073316674254,0.21775066567234747,0.20525648704297234,0.1938194160301728,0.18392139780814892,0.17614050812910165,0.16439602516297724,0.1530733324139241,0.21931707023406788,0.20986504652529864,0.20090734626963003,0.1915451535108137,0.18304538570187687,0.17700270222408562,0.1663101627299943,0.1553452982283489
2018-12-11,2640.1264,0.27973319595979396,0.2550598414090596,0.2309940650597437,0.20890621125329342,0.19398412927488626,0.1782204142483669,0.16717629956408037,0.16647472519400905,0.2618559976351192,0.24236596193442284,0.2225171445217569,0.20166835368173358,0.18744756564648138,0.17181555196560336,0.16018826576960105,0.1549996078595465,0.2581174889899357,0.240104088242482,0.22149413059814285,0.20216496836898443,0.18864167714698857,0.17225391298140022,0.15913454513884007,0.1520368915078079,0.25220631120931136,0.23708645853644636,0.22054793855096774,0.20314564519120193,0.19026566629444422,0.17204591945490194,0.15759834992866606,0.14931793639621793,0.24599520475404296,0.2327447368667696,0.21840804059056226,0.201795644545391,0.19012842906821906,0.17262794894017292,0.1576155832474991,0.14787621130110115,0.23698520317103536,0.2263040542343943,0.21347076419196703,0.19921129222531025,0.18850605026187847,0.1730228910661855,0.1597496925779182,0.14887044352720666,0.22617265949865384,0.21811308657709816,0.2057350866844727,0.1943067393893742,0.18683682888594913,0.17547191341930857,0.16398939146843824,0.1521804650258478,0.2192502659670278,0.21180933817208558,0.19950345110891757,0.1912562598831166,0.185818226203937,0.17640535830901338,0.16766298253786094,0.15608379736896494
2018-12-12,2655.7312,0.2637886769955984,0.23958161888285268,0.21732464979094254,0.19788115003508097,0.1854985974695314,0.17244876033632428,0.16194973234167503,0.16134685114782255,0.25372177036755683,0.23311430825470625,0.21266474115206102,0.1929268504865418,0.180165713506643,0.16679917004734604,0.15578323895957602,0.15071012486323884,0.2522170268568861,0.2340733296750766,0.21460062405377214,0.19518985393770752,0.18226404203665536,0.16745735639232448,0.1548794441662713,0.1480331542656495,0.24744713894637346,0.23220823149557449,0.21511147432017033,0.1971650632488028,0.18497169701730365,0.16843815593948064,0.15372139620900688,0.14589275876773364,0.2408812809711634,0.22874763547475718,0.21316293818153612,0.19646682021509093,0.1857004234403731,0.16915208021686687,0.15407865169120857,0.1455119010449614,0.2336910637398969,0.22349355643673646,0.20977845413390794,0.19604054962104495,0.18544235425931826,0.17002091310900103,0.15696937851270695,0.1488541497799246,0.22735530283920005,0.21684652553580605,0.20505770108594118,0.19410903033365884,0.18428361490716894,0.172714660695164,0.16242373504658966,0.15475640849519257,0.2168770583794442,0.20783628395197795,0.20050484177933667,0.19136576847010564,0.18432845775530904,0.174427653654557,0.16518837369646552,0.1584596370465771
2018-12-13,2651.9332,0.25188417460534274,0.2254344270891907,0.20251528284151882,0.18342947796575265,0.17102638943388604,0.16044200282680868,0.1541362340224541,0.1594086773918582,0.24492343290086654,0.2237896395841482,0.2027253295961342,0.18432881237451537,0.17178296130701826,0.16013341741614623,0.15177699573656728,0.14987836589866457,0.2450784020729212,0.2264025243158782,0.20667268995113636,0.18923508390863936,0.17702681401435122,0.16347050803066662,0.15305382891024377,0.14752111078510213,0.24215059981666615,0.2266551682182389,0.2092254244343074,0.19269359634322342,0.18160606970398388,0.16598929734431625,0.15340599823505519,0.1466524015315441,0.23763168842530413,0.22459710611368813,0.20917547937392889,0.19425457457309497,0.18468327400170922,0.16695584939352426,0.15410487449570986,0.14732294234121895,0.23208008291779478,0.22073183480785927,0.2073504712743341,0.19487639365764692,0.1849524530883323,0.16947072893008502,0.1580293336024119,0.15054377549499406,0.22599743852270054,0.21451722236307924,0.20346566082915546,0.19285369162253582,0.1839093983791542,0.17366770766023493,0.16360739712355293,0.1552551134882132,0.21848797854076132,0.20680125869132746,0.19891460817136855,0.19101362058323473,0.183842533913533,0.17535487498856223,0.16635400662317557,0.15979286100414664
2018-12-14,2602.9959,0.26293043584364584,0.23611969304125696,0.2153733035714624,0.19657405506039752,0.18441467627655483,0.17360390272323586,0.16787387024377756,0.1729493266868864,0.25436289058609884,0.23353380360367573,0.21434494079269073,0.1963920150945849,0.183826516643757,0.17203693256320912,0.1636055364180984,0.16130935819326042,0.2522637177906794,0.23546507822719662,0.21759176460836302,0.20016092625063192,0.18777486577308747,0.17473903946334382,0.16405408836942217,0.15859860780246898,0.24796571027057115,0.23425178096426155,0.21859186066938083,0.2024116425796564,0.1909436981143073,0.1772694203125273,0.1651772814754346,0.15756124808764457,0.24425429719321481,0.23244442844506777,0.21734279789237937,0.2027218999504631,0.19208586519944437,0.17859202859525722,0.16652037992128368,0.15793087721466242,0.2391586843330214,0.22860781154478907,0.2146107915765834,0.20207374384423998,0.1925956888799787,0.18049612632676476,0.16830535494651047,0.16009531170722413,0.23109412935870544,0.22147113500506704,0.21003606692623192,0.1995523462633305,0.19147584317843505,0.1816496256739308,0.17241237971185028,0.1633115682173135,0.2226997589241538,0.21425716457595742,0.2047005605034915,0.19715175330631912,0.19021582949836802,0.181341001020642,0.17462994060961856,0.16568243867791832
2018-12-17,2549.2871,0.30979021166221743,0.2794602786678044,0.25267864311316485,0.2309235220466952,0.21678357766261475,0.2025016435535456,0.1944658372836445,0.19563408768224502,0.28721323847554364,0.263660134959495,0.24267020623759245,0.22378530957296164,0.2102603012358646,0.1952765120041987,0.1849843913334908,0.18037019025767292,0.27511847576128784,0.25678894198855523,0.23871538440226778,0.2215566951651079,0.209158199846304,0.19385080208280403,0.1817719628975781,0.17464662388987576,0.26442553958869686,0.2498349733589956,0.2344679794953265,0.2191591993456746,0.20766720471732136,0.19311394712434668,0.18015101040830278,0.17162337394024355,0.25715741793968877,0.24508508236976378,0.23129809040622654,0.21707305295868712,0.20676932020376676,0.19290720577567808,0.18034905413667351,0.17120823541337687,0.24726354467156633,0.23803028736124188,0.22614185491505276,0.21463774252176337,0.20512311451887913,0.1920166835317908,0.18206582811259775,0.1727750924043835,0.23861582974980186,0.2305447035822439,0.22001940301032277,0.21014184942538905,0.2005276142180597,0.19034866877695736,0.183442952328198,0.1745748289412105,0.23162629709137045,0.22308338723788676,0.2142445514802631,0.20481987972235016,0.19731989893663998,0.18981003916456884,0.18370445856407977,0.17478487510672555
2018-12-18,2550.9575,0.307973211214306,0.2804523860218064,0.25577755337771757,0.23737101522163256,0.22610991617422072,0.21464928437488073,0.20681042385738307,0.20561642333036959,0.2898637889410683,0.26779013824202796,0.24680022072996582,0.22891348143307455,0.21707600528240986,0.20349856554052065,0.1930852849736413,0.1875523756492727,0.27916655942504015,0.26100906567713744,0.24200672904963672,0.22516221314307608,0.2139825632153563,0.19948975438964486,0.1872035570971192,0.18036780979253825,0.267096546930644,0.25250069904235173,0.23657422342151885,0.22146520908327819,0.21106897198672686,0.19735780743035103,0.18383161480139082,0.17544612035144408,0.25901104152282534,0.246762710769459,0.2329046287961396,0.21920328176216441,0.20994683370260087,0.19671066849413268,0.18270979706439963,0.17350752985473106,0.2493076294770141,0.2394018591411977,0.22800055635802136,0.21607940431303935,0.20730796987757005,0.19435963772215664,0.18346890199306082,0.17277423688247806,0.23902084513257554,0.23066737909833523,0.21944447832677452,0.20855981607902357,0.2003621728821851,0.1903912041910318,0.18374786475013288,0.17448499510371762,0.2283617791445655,0.22152377083364794,0.2122126016367821,0.20362530928403366,0.1973312242550506,0.188653685528942,0.1827861321992914,0.17495641276630622
2018-12-19,2512.1313,0.2946745051781986,0.26506991148493636,0.24040587151341009,0.2230984624441738,0.21281070352952655,0.2005287319262231,0.19325104610681174,0.19863054510581019,0.2814828047337251,0.25761784947763383,0.23692402347974276,0.21983578105958182,0.20820171457961156,0.19436586274651327,0.1847435373243762,0.1829765358943568,0.27202079559825293,0.2525483248463735,0.23472113735386743,0.21844686883175504,0.20645177146121327,0.19217778102695185,0.18084177077718797,0.17598366284711503,0.2617559676275898,0.2462271249888246,0.23066329164156998,0.21629857362532112,0.20516058223000078,0.19137255346284596,0.17900434636530468,0.17197185751735722,0.25577172902850365,0.24165600566334386,0.2279474070646345,0.21570935345939135,0.20586579686985076,0.1921885669736133,0.18019199570284178,0.17147102029178757,0.24724669047119707,0.23691094431039264,0.22504244982974758,0.21409777060066296,0.20505288252779597,0.19215521410348693,0.18198798557857854,0.17280297775087164,0.239371926123695,0.2313049503599128,0.22004682574546264,0.209188014490369,0.20187223542940588,0.1918345214008782,0.1824433760671383,0.17369892139554893,0.23052175352718116,0.2226979903189761,0.21299884956224155,0.2037497180521984,0.19875359064279197,0.19080222309535627,0.1821608021819838,0.1744895540139193
2018-12-20,2464.4183,0.3439028449366277,0.3126906809056358,0.283108147410178,0.260322353580535,0.24451023635777802,0.22776837147352355,0.21699596262212148,0.21568987281885987,0.32422692126069974,0.2985028018397521,0.27463397344168516,0.254148727638062,0.2391718405368871,0.22188355289411404,0.21006341298385492,0.204701616996039,0.3050443987309802,0.2844744504184624,0.2653608744933422,0.24720566903516183,0.23370160273676724,0.2164428388514202,0.20375874211708964,0.19617074684374589,0.2865825620845148,0.2712748485946411,0.25495593282650025,0.23930056121992013,0.22682132469204405,0.21097117633442775,0.19866958512439428,0.190408095875766,0.2754292636441498,0.26174833310095164,0.24705623019649722,0.23360863964436834,0.2236068132307158,0.2090008051955542,0.19672610006370875,0.18852131428426605,0.2612712435233717,0.2511193752476739,0.23919888999159608,0.22846804221718298,0.2197560395052127,0.20530293124142154,0.19496415446269005,0.18717240268971252,0.24917550714106088,0.23986637744511713,0.22917496557623826,0.21951996940138602,0.2112546622889013,0.2005564643001431,0.19254799364106925,0.18536904585037708,0.23598704104927973,0.22768441259386127,0.21867575168868367,0.20994094775046607,0.20365005482618295,0.19602392335332666,0.18925153610161433,0.1830029974305275
2018-12-21,2420.6655,0.36204697822360227,0.3340537211692441,0.30546050360693344,0.28160564243574565,0.2658332809891324,0.24800970115815313,0.2332404680984413,0.2277097425003065,0.34060658891068396,0.3163202201097841,0.2914221833300202,0.2700511691540038,0.2547584039176688,0.23581666723949804,0.22008230845083784,0.2129807749788296,0.31835647547216567,0.2979714758203628,0.27733258468760413,0.2584183238749498,0.2441591066686486,0.22549827142011084,0.21005853567034408,0.201711925831481,0.2959568694925526,0.27980806365196115,0.26310950093643143,0.24693684195867782,0.2344126787021508,0.2177731498345063,0.2033923895557012,0.19470071783182083,0.2818946188284896,0.26825675176364866,0.25375551014524994,0.24001058245933846,0.22917737284466644,0.21423936827359763,0.20005079688506708,0.19163004606374587,0.26502656319259,0.25532928185239145,0.2442485081783277,0.23260478160397732,0.22226031794763323,0.20826616554065389,0.19659385491436576,0.18784204112641534,0.2502646721886967,0.24025051308587975,0.23091664652036195,0.2201096332884163,0.21094540688599647,0.20058046806138255,0.19167473785533318,0.18364087550731753,0.23583952766081395,0.22804622039000477,0.22061492888138481,0.21016538531486167,0.20385060740457003,0.19581145107422235,0.18761128905087868,0.1809713832260859
2018-12-24,2355.8479,0.43267352812267884,0.40238971663214335,0.3727085397379981,0.3468040238695724,0.33153063374279973,0.3106231842349318,0.28809974280321676,0.27336894626851743,0.40167202692232645,0.37466564790905776,0.34920820572777256,0.3265625688069453,0.31334321875518006,0.2927524424388475,0.2712985660402926,0.2563810480840149,0.3616813048329545,0.342161378142691,0.32219951168841626,0.30344856966785977,0.2919321465828356,0.27238775606531007,0.2525763168860296,0.23820492681930905,0.3287417684726803,0.3136856731368428,0.2970947919055752,0.2810546399616448,0.26984211616962767,0.2530565255120155,0.23571924560012605,0.22330844060330302,0.30555449439015653,0.2922150440738754,0.2766183746869198,0.2635876362841753,0.2544217276414862,0.24056711310731374,0.22416711347704013,0.21395005588803323,0.27902315260571353,0.2683122055951068,0.2579591075143559,0.24843030410325614,0.24085396509247345,0.22815914400807788,0.21299257290098164,0.20588252480865366,0.26265772439167806,0.25347212560382126,0.24445458573525827,0.23445914603197215,0.22729761490921402,0.2168087378031352,0.20500175941825124,0.19755698099081026,0.24425837136232836,0.23550369160772516,0.22762192194144182,0.22091898083073294,0.21638961035769932,0.20694793349530444,0.19637521372835123,0.19071862343149068
2018-12-26,2466.4121,0.3710964763168232,0.3471592972131122,0.32205762172160773,0.2971950681644498,0.27895368817534055,0.2582125965183047,0.24164113392300465,0.2329115368494903,0.3457626127753394,0.3252500713451861,0.30340136884842733,0.28245342332702034,0.26541835608097397,0.2455410511143998,0.22930271234891145,0.21916833388509516,0.3195485152175936,0.30216848407749985,0.2844548327597639,0.2663940746478909,0.25033340864658904,0.2317193004030027,0.21642591235185143,0.20557054842757327,0.29508005864079506,0.27973104189781567,0.2647860941421347,0.24900784291664582,0.2357528192848569,0.21977860811402558,0.20608144807359577,0.19536141047278055,0.274321811790172,0.2614114508452727,0.24953751274669567,0.2370411567417656,0.22649643842082864,0.2119672257958492,0.19906751026994457,0.18946713337215318,0.2580990259223046,0.2481048894470704,0.23790499763962475,0.22787155879619322,0.21781805570532636,0.20392307658344383,0.1930949244613768,0.18456549414030185,0.24347127304324861,0.23386869204430993,0.22559180134172127,0.2156682516292469,0.20633769725083242,0.19662271278226712,0.18742079405618958,0.1795191049259997,0.22853386811254922,0.22082069506893406,0.2130610718881305,0.204759527758967,0.19773969068099867,0.19003374035211315,0.18243019108400854,0.1761541004782634
2018-12-27,2483.0929,0.38227388233313175,0.3584412504306884,0.3326594031121328,0.30670428812996464,0.286783414031537,0.2642824789078562,0.24644484420936633,0.23604410700107423,0.35639392002715226,0.3358940358258537,0.3126888908966794,0.28983064073892045,0.27118983372614236,0.2500658676965607,0.23364443194796494,0.22310368488622906,0.32853018494826697,0.30995222505026826,0.28987048276853566,0.27215332858698094,0.2568865327744143,0.23809028723059808,0.22267852629515314,0.21099084846344596,0.303614864613348,0.288106529503558,0.27182644741699297,0.257034273838161,0.2438817980384511,0.2269253747078803,0.21284144517627718,0.2015764368282956,0.28409838503539664,0.2718427903623111,0.25731070342166545,0.24492348154601676,0.23310975083774493,0.21827210120456425,0.20556363643215403,0.19560080666217508,0.2650195190724456,0.2541130007442117,0.24226777977748168,0.2323498453116476,0.2232118661279179,0.21074516775503538,0.19912167406238432,0.18993938269510946,0.24811450733444174,0.23829847319875772,0.22835366801973453,0.21834770869056502,0.21089645230420176,0.19970222987090006,0.19091756969396995,0.18372955217532688,0.23375118959330407,0.22442518170763803,0.21522112602920937,0.20693626335520615,0.2015596557174847,0.1928429298637131,0.18573109171364688,0.17907257437902732
2018-12-28,2485.8879,0.36024427060677344,0.3372069785413683,0.31224108207565965,0.28410204111466353,0.26566871009196047,0.2438692719208258,0.22587288589407875,0.21810437588837833,0.3368657062498553,0.3175914204151215,0.29439644757691696,0.2692138068882745,0.2520241320636431,0.23104782491893175,0.21446405245558553,0.20532187172395724,0.31365568238893654,0.2965942471109381,0.27643522838072093,0.25547121356576863,0.24102038251651772,0.22279042939733149,0.20696794471410063,0.19703047333099233,0.29332061923773806,0.27836188598013784,0.26263874614395805,0.2451048923726287,0.23283807707149182,0.2165750810628153,0.20193169981895656,0.19253436861122278,0.2750803142689348,0.26377764994941216,0.2506410862461445,0.23494553365559487,0.22495513500777803,0.2113464955158932,0.1984510460896343,0.18936099771734238,0.257879931153428,0.24959842681336197,0.23832176369949523,0.22552934029077823,0.21758818856667847,0.20600515942019434,0.19288979269407133,0.18455318763154221,0.2445741157774517,0.23658904393851332,0.22576486332196377,0.21438402036004015,0.20737019904812032,0.19660403051414885,0.18604624026077232,0.17913391451067598,0.22844793465359503,0.221306477172953,0.21314069277820313,0.20460215876359453,0.19945454935952356,0.18911611393662653,0.18134771009645756,0.17659027603347796
2018-12-31,2495.109,0.3351921377966892,0.31021940657326214,0.28452177478729124,0.25851487605174084,0.23844754732170217,0.21767309100508497,0.20387678307752585,0.2009517700704255,0.3125089299890812,0.29233926319160464,0.27070349707607605,0.24723414504766064,0.22932457164145761,0.20988924079668297,0.19604857343351215,0.1899414861307149,0.2926770455098349,0.27671615041037984,0.25842245932869384,0.23843304271535848,0.2236413533001444,0.20545033382243558,0.1914196891114659,0.18385966379075397,0.27896938618496847,0.26489327861183093,0.24824862213743992,0.23092772070251336,0.2182382820912887,0.20126812340069858,0.18818208354463303,0.18058279872967367,0.26684649040688024,0.2545515930987984,0.2393508933499016,0.22413847165382889,0.21293421521526784,0.19754437318392742,0.18626246978134983,0.1784802030432115,0.2512596313224126,0.24085462507099906,0.22890999784783458,0.21604057982172517,0.20653516287848228,0.19447459366440842,0.18487227067624182,0.17555861565418385,0.23996493854291126,0.2292469906699292,0.21751069427364358,0.2056618109840357,0.19904053694003163,0.1896585882376845,0.17942998855296408,0.17239459481155722,0.2255310642284709,0.2171048306848045,0.20573261870357518,0.19806089343044553,0.19353379213297162,0.18450879711361787,0.17633897700914816,0.17131450293223083
