date,forward_ref,iv_-0.2_0.04,iv_-0.1429_0.04,iv_-0.0857_0.04,iv_-0.0286_0.04,iv_0.0286_0.04,iv_0.0857_0.04,iv_0.1429_0.04,iv_0.2_0.04,iv_-0.2_0.0634,iv_-0.1429_0.0634,iv_-0.0857_0.0634,iv_-0.0286_0.0634,iv_0.0286_0.0634,iv_0.0857_0.0634,iv_0.1429_0.0634,iv_0.2_0.0634,iv_-0.2_0.1003,iv_-0.1429_0.1003,iv_-0.0857_0.1003,iv_-0.0286_0.1003,iv_0.0286_0.1003,iv_0.0857_0.1003,iv_0.1429_0.1003,iv_0.2_0.1003,iv_-0.2_0.1589,iv_-0.1429_0.1589,iv_-0.0857_0.1589,iv_-0.0286_0.1589,iv_0.0286_0.1589,iv_0.0857_0.1589,iv_0.1429_0.1589,iv_0.2_0.1589,iv_-0.2_0.2517,iv_-0.1429_0.2517,iv_-0.0857_0.2517,iv_-0.0286_0.2517,iv_0.0286_0.2517,iv_0.0857_0.2517,iv_0.1429_0.2517,iv_0.2_0.2517,iv_-0.2_0.3986,iv_-0.1429_0.3986,iv_-0.0857_0.3986,iv_-0.0286_0.3986,iv_0.0286_0.3986,iv_0.0857_0.3986,iv_0.1429_0.3986,iv_0.2_0.3986,iv_-0.2_0.6314,iv_-0.1429_0.6314,iv_-0.0857_0.6314,iv_-0.0286_0.6314,iv_0.0286_0.6314,iv_0.0857_0.6314,iv_0.1429_0.6314,iv_0.2_0.6314,iv_-0.2_1.0,iv_-0.1429_1.0,iv_-0.0857_1.0,iv_-0.0286_1.0,iv_0.0286_1.0,iv_0.0857_1.0,iv_0.1429_1.0,iv_0.2_1.0
2018-01-02,2696.4684,0.3373439424255124,0.26013357617706273,0.18549879027965327,0.10263851674131291,0.06904135785530141,0.07927176363009406,0.12510169577146346,0.12510169577146346,0.3016542999682333,0.23356493222614033,0.16833023399883623,0.09938536589275067,0.06874702364484682,0.07543953184629808,0.12879398942266496,0.23988536691480872,0.26955978166683103,0.20997132440778452,0.15585527132608157,0.09976116470620132,0.07081386058830298,0.0702344198766417,0.1150797171299562,0.23988536691480872,0.24521696621123695,0.19715276061139755,0.15017497818865652,0.10405354926980467,0.0766074952988868,0.0713475454066019,0.08909092497024941,0.1221265636090142,0.22587079147143518,0.1902303848396086,0.1490190380631395,0.11075080348659143,0.08509247739856668,0.07621661259425462,0.0852251428642631,0.09215565543619751,0.2164917234595186,0.1871429446116268,0.15376787631244962,0.11862625587581276,0.09389518146055119,0.08136690468770455,0.08648895707600329,0.09156003729846357,0.20913816176429117,0.18560740090878936,0.1578414657035628,0.12951477796703442,0.10979378543967308,0.0916791219028674,0.08981256802952477,0.0931888606557845,0.20134233267319962,0.18481249288442322,0.16150081356401066,0.13969727337743604,0.12359802853303006,0.10134855501824744,0.09383564851060137,0.09538726442479718
2018-01-03,2714.094,0.3289375845886465,0.2535791502222589,0.17388889588274947,0.09833657893021866,0.06923507181880201,0.083346165878653,0.11669759075304485,0.12818693809100826,0.2945796707133705,0.22421978290416766,0.1590133487913387,0.09596076084939638,0.0688427930826315,0.07592675486682052,0.10285065137181058,0.12818693809100826,0.2567242629805566,0.2042825914545146,0.15081092499778606,0.09708370037857292,0.07137644415093461,0.0730897909202225,0.0885695025433027,0.10434441335770867,0.23681362183866086,0.1942069600851402,0.14775134820341077,0.101132317611062,0.07629706952319706,0.07364835895093629,0.08209354770717878,0.08781363502363214,0.22567296441324652,0.1875044828041356,0.14802039706174244,0.10679752298903315,0.08208417227894979,0.075330888982066,0.08206733614315062,0.08953243302462992,0.21390752433894036,0.18470086210587666,0.1518429906996314,0.11582822154304356,0.0898604307527964,0.08004063386960904,0.0859684276200093,0.0909531669614956,0.205341486005164,0.18264410818491775,0.1559923167084318,0.12825872462044974,0.10709672841910271,0.09115743539603101,0.089658424655503,0.09155881227097767,0.19937917193837285,0.1805160946088848,0.1599529148913612,0.13592444560092473,0.11953296232408148,0.10018701074708636,0.09311322171201969,0.09247961938905079
2018-01-04,2725.2652,0.32253776440240406,0.2558350548652588,0.17077397777418082,0.09709981194102342,0.07235330552356153,0.08634949455838957,0.11607235446006572,0.11607235446006572,0.2918586615963232,0.22385870213587247,0.1561526817473719,0.09545680569551493,0.07211199707980515,0.08006561024347154,0.11179931735376399,0.28554095932424073,0.25930572925454903,0.20039972442579385,0.14926283271946109,0.09727274663121475,0.07436016176744079,0.07668115407848176,0.10929921406484129,0.28554095932424073,0.23557771162572833,0.18891742862861374,0.14655314475786171,0.10171508266205827,0.07855487325084996,0.07706707628711887,0.0997127408874866,0.13278937177193234,0.2209540614564827,0.18535224805873105,0.14661703891947042,0.10730545856440123,0.08442920739894834,0.07855988904174405,0.0925678225633429,0.10401828883460756,0.21166746279590554,0.18317063486267485,0.15084331791267888,0.11524844267848773,0.0927241777483097,0.08219726514959642,0.08780005716134848,0.0958539579212499,0.20339928725324485,0.18113491275419474,0.1548844068205662,0.12743395506852964,0.10640700839519504,0.09196102941037389,0.0913069869936052,0.0962894438815636,0.19851984320973712,0.17927231252858122,0.1590274449324134,0.1357063773637914,0.11903951950593601,0.1017803605451147,0.09419020034728909,0.09581188413681817
2018-01-05,2743.6188,0.3314534440003631,0.2498256575538639,0.16630807648813836,0.09845615326187628,0.07313709572958736,0.08832266361220177,0.1286371867590494,0.14374464841322185,0.2870757017936737,0.21636179697461258,0.15185133290562616,0.09595376612260686,0.0732901453798305,0.0802057002979826,0.1062966816706051,0.1181884529412939,0.2559815026573657,0.19511279136043377,0.14524380872330328,0.09738141302704408,0.07604979405277779,0.07775523360086765,0.0908424496881155,0.1002003507917525,0.23497930822904323,0.18495182151925127,0.1436029839142135,0.10175558627121538,0.0801653144864943,0.07788781286390468,0.08922041853737933,0.1002003507917525,0.22202735520131223,0.18202929999567252,0.144549578323607,0.10747485052638096,0.0857989145584831,0.07948063997887657,0.08771383340378736,0.0964934569094315,0.21186686353267342,0.18011543550861778,0.14925202739774424,0.11502782665029868,0.09416871788394417,0.08357157059597192,0.08864102219530369,0.0956479679797207,0.20310144809218086,0.17937338737897948,0.15402020726527316,0.12694234369092228,0.10928213873902329,0.09401335543835612,0.09223519247619523,0.0969574737988403,0.19705674326935163,0.17842805459729694,0.1579267936877061,0.13608220260697623,0.12150086690101072,0.10440154242814338,0.09614096907362889,0.09806149483064604
2018-01-08,2748.918,0.32396995213979407,0.2519175493009001,0.16861555112988283,0.09957992447297483,0.07481207712817187,0.09144163268055132,0.12940684686055126,0.12940684686055126,0.27890833913772606,0.21323531439544788,0.1526507912090287,0.09655074536407712,0.07368894294994598,0.08033480835860128,0.11084100541644373,0.2903709772013681,0.2520605753592518,0.1979246071388211,0.14770668808720774,0.09822238185771813,0.07620464507712699,0.07958802886652891,0.10338790935299179,0.2903709772013681,0.23526515309875107,0.18840220274413605,0.14538053895105557,0.10241555448790791,0.08051289582388836,0.0792239498948593,0.09287516666003286,0.10563365764635918,0.2244365600748097,0.1834823226220812,0.14562824799807247,0.10798379574419842,0.0859396389244795,0.07994944205791889,0.0879385858489497,0.09486105036008308,0.21472695702714856,0.1811951114041374,0.1484962546619861,0.11524896167016109,0.09391744303504665,0.08321272679072006,0.08863930061678849,0.09417425969547158,0.20294691489255143,0.17890242807623294,0.15423477502720334,0.12599134131065073,0.10922773398808994,0.09385189772361179,0.09181348806921696,0.0952029905498415,0.1958933652234127,0.1783560735474267,0.15755974850234133,0.13514321721649578,0.12166664020296132,0.10492026732638197,0.09596940292016412,0.09582347294756695
2018-01-09,2753.6707,0.3324700137711952,0.25756997564102635,0.16681524248323715,0.10214340004307212,0.07923454684134476,0.08858450025571839,0.1322886775083851,0.15753002371683728,0.2870760239989,0.21312253162366873,0.15350957558591827,0.09988555662382537,0.07887885668240094,0.08662091900745539,0.1306375148296357,0.14857219365352858,0.24920470451308227,0.2016218321701278,0.1502562309799348,0.10075104003954798,0.07993505672616384,0.08334291620810748,0.11372458467821484,0.1281948322957693,0.23331643794278306,0.19902259117059076,0.1487226442660997,0.10413362577577062,0.0825957409606668,0.08109544334764852,0.09900943372010791,0.1281948322957693,0.22444704860559453,0.1940194251068842,0.15088770574935706,0.10927449187530121,0.08734956558128844,0.08142773655738511,0.0905814146503651,0.10313339703371498,0.21592387318716538,0.18683460696072318,0.1530443553144815,0.11594226054504897,0.09397012345898355,0.0839594820236731,0.08927210568354939,0.09459414898605661,0.20697096542008542,0.1811077454187543,0.15503076728936058,0.12592514517372724,0.10797011453204117,0.09296856538739025,0.09123097201674259,0.09568629698458779,0.1973833782159336,0.17961379515688017,0.15816820800312684,0.13545516690968273,0.1208599193024858,0.10293248646440849,0.09456139041086607,0.09801634293418615
2018-01-10,2749.68,0.3226557047127054,0.249365746443228,0.1657100761331927,0.09898927894997493,0.07537812560981552,0.08396786562073352,0.1323791056644759,0.1323791056644759,0.2830944870677061,0.217994717188567,0.15527070077589214,0.09840111687115698,0.07641972151171629,0.08121098830751494,0.12320280416990519,0.16646462012180663,0.2660698663421587,0.2054630367737604,0.15207992331018041,0.100262071749797,0.07822513685194347,0.07894584310168742,0.10673677903562573,0.13481690324326212,0.23596207189752388,0.19225900722707495,0.1495671088050912,0.10449455453410628,0.08149590978549012,0.07768524178143561,0.0870568065875987,0.10458726678780737,0.2186764044943822,0.18713455969230394,0.14947369577486297,0.11089715116105761,0.08654767291724863,0.07942350157274058,0.08325134810627655,0.08720734469450002,0.21170286968864838,0.18331668083727337,0.1513832103208222,0.11796835323762749,0.09422041594260575,0.083146011337855,0.0850615258127825,0.09271578413000264,0.20392624098864326,0.1793643480706091,0.1540044434626021,0.1266438236071772,0.10717947899664525,0.0938271593814224,0.09155057218164671,0.09751632229502091,0.19799917248127932,0.17723343863965293,0.15661907376663808,0.13662933895799112,0.11935751432963752,0.10314879057356463,0.09501337179276977,0.09833514132410706
2018-01-11,2768.2304,0.3094693599261971,0.23659139027031476,0.1641362199537356,0.10043091322994606,0.07700377138782813,0.08934329216255087,0.12405293323030692,0.12405293323030692,0.28250848925085825,0.21313228277435536,0.15367160276552877,0.09977809458246695,0.07807312087053261,0.08591538230516786,0.12285942418030539,0.155112783833403,0.2565586534133199,0.19805396993759403,0.1483855520978615,0.10068793861766832,0.0793789872918191,0.08186605668628508,0.10824287417526797,0.12842988140806524,0.23336359357379038,0.19058427455001756,0.14584555784225645,0.10276825387917182,0.08217249658657685,0.0807624847273855,0.0924225672682511,0.10106609650737054,0.22093432768905957,0.18669863328375727,0.14609642475021878,0.1078849111695397,0.08670642002675844,0.08246238707334565,0.09076591061577034,0.09937540691862913,0.20979180883525417,0.18104616641930502,0.14835063550901484,0.11612949591834376,0.09406375068023431,0.08447685571078282,0.0906494450487017,0.09720378905408751,0.19879618069718985,0.17767350216089167,0.15121612075933236,0.1260860091167114,0.1086110303129526,0.09301940987950956,0.09343528493329697,0.09822948445720038,0.19237668700823288,0.17693318947059822,0.15479808333047007,0.1339089393905606,0.1204213056766458,0.10283575344746265,0.09621004226956101,0.09916959999326218
2018-01-12,2786.4776,0.31963558449456564,0.23905407247953916,0.1680422568417709,0.10389447460575581,0.08168323563080161,0.10251640373776261,0.15645088237388644,0.3285190310351958,0.2861304604812837,0.21561523608493804,0.15757073428579266,0.10259598513727777,0.08136145192408689,0.09136379854701761,0.13440436757088656,0.3285190310351958,0.2572438815290701,0.19938442972265194,0.15137834210758586,0.10274382747941976,0.08184620035253279,0.08681216978773937,0.11945978636157341,0.3285190310351958,0.23631800348399568,0.19006431185854541,0.14689875734187535,0.10485676307178171,0.08418677136534598,0.08499681541823736,0.10631209889314693,0.14629247017011546,0.22450765327026015,0.18470877966182192,0.1460937144441865,0.10961125367779118,0.08866660868176976,0.08478985064256826,0.09693704145841388,0.1101743116548677,0.2110924494209525,0.17994572506516102,0.14804995131903484,0.115679839240609,0.09558912465000473,0.08655961686438476,0.0921588064112864,0.1101743116548677,0.20090121930693916,0.17726852195060847,0.15192950539173739,0.12462514053123797,0.1091325017621163,0.09579873543432935,0.09422446988365628,0.09972120162074942,0.1936999366962014,0.17664131086527698,0.15507754062389337,0.13248734302008242,0.12000094118747384,0.1046109010392536,0.09769174468866712,0.10036667587279363
2018-01-16,2778.3912,0.3365181203484411,0.2730080440079747,0.19054598665653827,0.12155305385026459,0.09353009038116065,0.10185975325397006,0.12244931006113903,0.13986673843333744,0.3004225873831492,0.23806635996108186,0.1738689123141919,0.11660613393213604,0.09081273794382706,0.09285289162521206,0.11476650790568063,0.13436011793094818,0.272618201718024,0.21727010144671527,0.164645466209757,0.1149823998904094,0.09049923397173745,0.08935434750229908,0.11186856178459446,0.13027546688609679,0.24814283512029525,0.20235578354345352,0.15924650467736273,0.1163887511900458,0.09245046895859871,0.08828086640260949,0.10826593650920308,0.12383471201555314,0.23240114452273075,0.19460078447569096,0.15738426942537184,0.11997283912932048,0.09573886129012517,0.08825210036367637,0.10031744616045282,0.11051754478613361,0.21964330169009935,0.18815455440076997,0.15692775454224955,0.12455554955523776,0.10169906356570094,0.09124676306990853,0.09846072334995283,0.109020681230642,0.2073254842114172,0.1834445643022984,0.15881017343203227,0.13191147012587556,0.1153048573619413,0.09959151514278018,0.09808557134914422,0.10389258284379346,0.19851491555289097,0.18117685814727774,0.16155406258663338,0.1386708906723757,0.12441114287279137,0.10801358485232698,0.10006533293510714,0.10288547631187384
2018-01-17,2803.4969,0.34825051693326436,0.2678429592541796,0.18708620119033936,0.11971334510498871,0.09386548260607223,0.10144863425464044,0.15458970062375335,0.17234412628740056,0.30684567762312603,0.23896493792204676,0.17178065797326514,0.11487600875086784,0.09175506279157657,0.09804163750960622,0.12964392611032882,0.17234412628740056,0.2821295648805581,0.2193757430313718,0.16203093199936394,0.1128011702908395,0.09128269415949096,0.0959496734212142,0.12147692414135539,0.13961440259107472,0.24985358971566163,0.1992966181003213,0.15702376134192372,0.11369387316842267,0.09264285062025539,0.09040816069386594,0.10743677392956617,0.1281527925145019,0.230957167716401,0.19089916110216412,0.15635161517265156,0.11681360368458386,0.09522176978181915,0.08952685501073585,0.09911956969747174,0.1281527925145019,0.217371796462175,0.1864830169828274,0.15522051933841705,0.12184982954741784,0.10109498260077057,0.0918744880751224,0.09695750988745395,0.11330689801922439,0.2043680504173419,0.18238401511504682,0.15685105201748722,0.13037837581867157,0.11352311691297448,0.0999040690301942,0.09845909608362385,0.10290941803819785,0.19831475605324958,0.17992817386704393,0.1600322324507148,0.13673254707922156,0.12316980255890322,0.10688707186646661,0.10021758045112193,0.10353040154750405
2018-01-18,2800.3458,0.3753399477917775,0.2814615028989251,0.19191838919506643,0.12326091946173126,0.09634425230729661,0.10432371659452053,0.14834954110778828,0.1589530187415101,0.31457379382101186,0.23672622247589664,0.1712539811752741,0.1179412099198444,0.09354670807273188,0.09494077591780076,0.1329466049548189,0.1589530187415101,0.27528857769324433,0.21500003915923174,0.1629772431723259,0.11603387350049064,0.09292517877117659,0.09111233695220672,0.1233524334262831,0.14634618768290178,0.2450840446288646,0.20358750713328852,0.16012811226433363,0.11653234629840378,0.09474287619159912,0.08933421706610456,0.09926400406992729,0.12692912151219346,0.23081871885453473,0.19900644018051375,0.15944947025627576,0.1193238725789817,0.09737679121296362,0.08934041575866476,0.09076615208330288,0.10111969129264868,0.22102799440478202,0.1917383363154936,0.15800474761642508,0.12418935001492541,0.10328420695809701,0.09245779083809708,0.09303888575233371,0.10612593749450534,0.20819426008883837,0.18424356957746035,0.15979713172656665,0.13197482387434967,0.11448509989073664,0.10113056804350684,0.0990217032530763,0.10546239357758694,0.20023419461021433,0.1802870889394945,0.16305602531226768,0.13831353105896502,0.12355715021039734,0.1070447998300945,0.1007775726787749,0.10457055519229355
2018-01-19,2811.7704,0.35340068481062914,0.2615822051050607,0.18632563277962808,0.11504331893753442,0.0877509204138341,0.09679902986142296,0.14211238774073293,0.1508774518867025,0.3058435863340752,0.2340111230227836,0.17116233296183742,0.11170770676309047,0.08690957589334583,0.09166497788434282,0.13362435055647154,0.1468107424864994,0.2717248907811797,0.21576623281689875,0.16135125152453936,0.11053954818413092,0.08729320238307049,0.08809518886735179,0.1189326734726092,0.13125678972972718,0.2459151767189008,0.20330331096643464,0.15660561597014452,0.11231881276243515,0.0896426964950678,0.08618272842545453,0.10784579117767584,0.11895691906796499,0.23192590537982372,0.19299880248652432,0.1547359926955809,0.11568786360575825,0.09221181482001997,0.08568056180994879,0.09724854242225167,0.11895691906796499,0.21792884327633733,0.1855993031292817,0.1552265949339013,0.12149349489594378,0.09846725519798169,0.08914550487181268,0.09526503044292989,0.10794375964314881,0.20570989429320846,0.1811015747072386,0.15915920314504123,0.1324711624076344,0.11228781918487331,0.09868025844521476,0.09773449403170745,0.10284813881941747,0.19977925919216577,0.17859781509343692,0.16104542635974312,0.14014603505670858,0.12403202342768581,0.10622479517292142,0.10074291047584837,0.10228002142795511
2018-01-22,2833.6422,0.3369077239397469,0.25811843902242165,0.18749574744142994,0.12027773338968445,0.09216539877571364,0.10085336581128249,0.1456856576201048,0.1456856576201048,0.2991701490320123,0.2327957773332009,0.17164645503042142,0.1154424929720424,0.08973766412822029,0.09620383312598087,0.14605767912648468,0.14605767912648468,0.2679595314602437,0.21179789792020576,0.16172641235377272,0.11357348657927527,0.08948277658423276,0.0900826456434794,0.12392064047993741,0.16023023501477549,0.2436897485588414,0.20077535506461242,0.15784145636652203,0.11465734664249747,0.09142385757633313,0.08725200057874852,0.10906055546013026,0.16023023501477549,0.22871794684836635,0.19235482376972704,0.1542549387138473,0.11699228085670295,0.0945941629588009,0.08606290916350327,0.09420939960714858,0.10803622262782038,0.21812739635494363,0.1860988356563626,0.15358656536030124,0.12056672615513464,0.09998214535514542,0.08891352238120577,0.0933398803021455,0.0991458937195561,0.20505032486526262,0.18287479731618195,0.15610970025088886,0.1298808234487145,0.11377552634600184,0.09788056503561704,0.09628960074902071,0.10080138918914082,0.19750445785050766,0.1809678835274407,0.16099859547192719,0.13871714492402604,0.12460074242610428,0.10662333565479763,0.09939887171238257,0.10193873061235277
2018-01-23,2841.5829,0.3373429950130543,0.2536458620427782,0.18393390880285512,0.11840377051633261,0.09315878617994502,0.10659212256104685,0.1406273066465361,0.1592553369443176,0.2975251432489491,0.227531262379658,0.1683505177085279,0.11331046792257556,0.09105426742046416,0.09922788192325772,0.12946900560196545,0.1592553369443176,0.26139460166200923,0.20746690783016342,0.15985522720803821,0.11183539375283391,0.09093893070595879,0.09464317457382644,0.11249256553782346,0.12934405766416654,0.2383698240313287,0.19752077695036782,0.15725576675890832,0.11433751097673311,0.09274088546036148,0.0913042402988778,0.10059148134298085,0.10395062097599253,0.22743995008984755,0.19162179982062472,0.1546493474768387,0.11744074685181341,0.09472513382658185,0.08875984072652252,0.09422402547626108,0.10159071896329949,0.21820067864643433,0.18758899742403648,0.15445263074292465,0.12157172271178793,0.09965298525525161,0.09054009461912349,0.09488610847740966,0.10215933360296679,0.20725189429211804,0.18346732698229085,0.15766662017222333,0.13053930268822897,0.11345392959295396,0.0984062480497068,0.09699695687660742,0.10166619794940578,0.20084430295940206,0.1811818411783313,0.1617769089348953,0.13827689744760022,0.12388319067152828,0.10719556519472231,0.1004289106639661,0.10261025820763461
2018-01-24,2840.0778,0.3271694467091685,0.2571496141071865,0.1825908426982927,0.12251487531260188,0.09919869567272266,0.10611527906981669,0.1478694996731206,0.1478694996731206,0.28973175269008894,0.22895228931777342,0.16946333290320087,0.11837025724473939,0.09697380973943198,0.10224636072970963,0.14472899063350445,0.14472899063350445,0.2650011913087888,0.21288770201585475,0.16195759207717803,0.11682982237775123,0.09673672933789307,0.09885825710899647,0.12353886511946037,0.16623546535984757,0.24020578563802694,0.1994786221836123,0.1597440624896884,0.1187744581865104,0.0982667136449895,0.09624310150175029,0.10603835400227861,0.11893341719557578,0.22648791233350554,0.19271572456973515,0.15861981950591705,0.12101920150183273,0.09911387353174543,0.09281201640324867,0.09692286645457333,0.10309396402272297,0.2195293205919194,0.18951418514892962,0.15880731752565225,0.12469735897848681,0.10325293410922674,0.09423616334926269,0.09768573863505133,0.1038553877145574,0.20901522492601238,0.1856967406855421,0.1608727203329192,0.13246875170012207,0.11576884773189071,0.10147409491709157,0.09977853124947669,0.10416280840951428,0.201526858172775,0.18454864253345166,0.1634592367784093,0.13863544195927052,0.12509249882870385,0.10939056443543754,0.10232429888899747,0.10440353092357983
2018-01-25,2840.0923,0.32887960169193264,0.2591461545579246,0.18360840658080851,0.12158584612961378,0.09793762216380832,0.09897531557733001,0.11534027928489346,0.12983584667803613,0.2981484784921974,0.2354769934379409,0.1696807473515117,0.1185963002742691,0.09623905354945123,0.09658217641286164,0.11491389731659002,0.12392831894647087,0.26365660212094755,0.21723226030800669,0.1608382857342602,0.11742186468742466,0.09676638312536272,0.0974350487591973,0.11323476400633538,0.12002459593905089,0.245902366209165,0.20466724041633996,0.15969758123183478,0.11992953633571675,0.09868770422936847,0.0968238714291781,0.10755322382245104,0.11460417705312152,0.2309905982421812,0.19497826279635772,0.1588202430116837,0.12264544476391044,0.10038249001020258,0.09368810391454109,0.0981569515245279,0.10463694385978174,0.2221918347266082,0.18932789330863725,0.15924269961406598,0.12674802532670917,0.10525514489637511,0.09488686927327468,0.09894922216102418,0.10571037305758582,0.21131643646476136,0.18610219675316803,0.16101030924228055,0.13364496214611238,0.11634149978156264,0.10194256415452439,0.10089160487017704,0.10624439056706139,0.2027422433048819,0.18423849632665992,0.16410186989769665,0.1405317759223012,0.12698607682559857,0.10924583326239974,0.1031894532900767,0.10559832216540013
2018-01-26,2871.6062,0.32512163560038265,0.24576925741286185,0.18282996053142322,0.12093399028631659,0.09647609755188104,0.10886951018087171,0.1490395788654664,0.15622732320919233,0.2883006239321721,0.22424458563590216,0.16886353186687048,0.1173844082050378,0.09560206218024286,0.10231102658200848,0.13846300278828247,0.14748599785774633,0.25848400318537834,0.20626229707504434,0.15961650404895772,0.11650150320779558,0.09698299391565586,0.09829185524287454,0.12348134177945325,0.13863057992208114,0.23921351212683264,0.1979237374192671,0.157937373966204,0.11905522347973187,0.09935176618797649,0.09666607021302799,0.10963221819707591,0.12026204481762104,0.22574295905726305,0.19330493196546394,0.15671041024307822,0.12154484957077805,0.10097835494796736,0.09500516083223567,0.10232020390382066,0.11073778019546907,0.21804401305788998,0.1896972575901022,0.1566307829046486,0.12489609333684223,0.10533528783953024,0.09633874848142675,0.1026078806485126,0.10932040513446893,0.20686197719854338,0.18472940305629806,0.15907744198021598,0.13339452340651087,0.11725035420615364,0.10312656685562406,0.10227504043931541,0.10668258772186026,0.19999091698415103,0.18293164128505102,0.1620048926339258,0.1409933020657323,0.1275052276308612,0.11024422318597656,0.10427821143523652,0.10620838438439818
2018-01-29,2855.8349,0.34914115442961347,0.275613014368269,0.20966139297936853,0.14550567066721384,0.11729161488017767,0.12046610718723817,0.15559328534175162,0.18099009582083397,0.3143994399086194,0.2504347888649381,0.19116845831309565,0.13797059902512906,0.11274591093437697,0.11246008947567779,0.13851237225046095,0.15511958063837095,0.2744777492450424,0.2245282370224479,0.1797822128053939,0.13492232954152097,0.11144649167617353,0.10883306459136591,0.12443777390398306,0.1330131376245107,0.25442317359718775,0.214683795593797,0.1764257803264311,0.13523164072564245,0.11119701857458282,0.10579903848309442,0.11754511128807202,0.1305539287554537,0.2387509965780219,0.20584827209392087,0.17111679666773663,0.13496161675969218,0.11025136699598416,0.10194915028044665,0.11117661269033519,0.1245420767645034,0.2290874343905327,0.19929243450726555,0.1684822403122516,0.1362450377881899,0.11308021462667253,0.10215190444634102,0.1087779680526553,0.11787401659365336,0.21376911074988122,0.1920023150592501,0.16698837452427515,0.14299808137500805,0.12358071034316097,0.10821305849369649,0.10607900337725058,0.10996970122650661,0.20589413528499736,0.1896638538189754,0.1673829791333444,0.14721432508232737,0.13154943003924724,0.11449910769394296,0.10654594261629267,0.10733775958457235
2018-01-30,2825.841,0.3746362513536046,0.3028564167140848,0.2294423655851199,0.15392670333097402,0.12235758105556382,0.12586337170247874,0.156573535914793,0.1931556965753974,0.32842402057993153,0.2691287455449287,0.20614131023253562,0.1450298760901112,0.1162732229024543,0.11254684953276732,0.1258166144174692,0.1931556965753974,0.28548035447700315,0.24026579534559142,0.19012046136470473,0.14146625088826636,0.11375778740262867,0.10851532788307175,0.12442018367604143,0.1931556965753974,0.26454841491459524,0.22603372564027802,0.1837578544445069,0.14041286158240965,0.11298700444809733,0.10576007500696016,0.11813522250618286,0.15280775494784588,0.24872950941105845,0.21472136613416926,0.17810939359877012,0.13966591972592476,0.1126984916686392,0.10236623621336875,0.10896734914762676,0.12091957798733002,0.23671648357454647,0.2063686430384864,0.17550419372414364,0.1416017020056183,0.11573676762400407,0.10287232046833625,0.10747904045019689,0.11796296004821029,0.22092814795804283,0.1974485780195696,0.1734804000123228,0.14770416075756815,0.12600563225539496,0.1092026231098325,0.10676079576387533,0.11031204936280807,0.21037272311189387,0.19267753131749882,0.1732340723336441,0.1526222739836472,0.13414515040796743,0.11551238811211469,0.10824911518969191,0.10870245002296619
2018-01-31,2825.8368,0.3576617388161909,0.2833122139303948,0.21326142553297278,0.14452184844194998,0.11432035808058354,0.12025088323204348,0.16024901813323286,0.1903621381534835,0.3135549554732213,0.2556948343444833,0.1947446678909517,0.13726660739224664,0.10962616861140775,0.10882710493625446,0.1452743255478177,0.1731810781154628,0.28619066557367884,0.235774598278052,0.18282123135030803,0.1357364546368214,0.10896492248259312,0.10564957765199971,0.13441806362387715,0.16418309240310167,0.2663208943147361,0.22076789989323178,0.17774361420635473,0.13616975799844774,0.10941874457385503,0.10286538220542091,0.12160123290938624,0.15806522623900732,0.2446569896646427,0.20863354120143704,0.17454895866489809,0.13596355338962335,0.10987980628323424,0.09957982876192109,0.10622258153139963,0.1331409307049004,0.23236636906201735,0.2024652647297678,0.1732045588560301,0.13816029051741568,0.11319412215897971,0.10048996731103234,0.1028902563536262,0.11727325421154942,0.22045786092287084,0.1936741031857105,0.17100615896359203,0.1444051358231757,0.12524963753346008,0.10816986955292862,0.10336398036326899,0.1091732588817808,0.2123731588913639,0.1891973599529896,0.17093096807950064,0.1485508512124372,0.1329746413430599,0.11549974537991109,0.1055467566234225,0.10614959537238863
2018-02-01,2821.9423,0.36150096383154406,0.27449195065133053,0.2056060139540884,0.1404642800110156,0.11304984296127327,0.11912988846219015,0.15218617174253726,0.1614169276486059,0.3099897909178474,0.23979228011090775,0.18562247646861532,0.13277414437794893,0.10843354103941567,0.10721036883607377,0.13787373822732146,0.15275069535972782,0.27485022126470443,0.2180031724549156,0.17485587169299663,0.1318665003733847,0.10771929819875835,0.10240089767753112,0.11980959318305408,0.13580595381688668,0.2529061683309388,0.20887929298166671,0.1723635447093056,0.13316834066361694,0.10782048306770099,0.10046295303069869,0.11110545331665526,0.1251832795326301,0.23726776886126466,0.20229480109521158,0.16888231070794213,0.13284758900852436,0.10858424277908939,0.09805621990830464,0.10557227148900848,0.12322924020694047,0.22470305730249598,0.1972774790596325,0.16884594546627546,0.13423054083823702,0.11128569641357759,0.09915457438038834,0.10253354448887203,0.11892905944008074,0.2123758286925728,0.19153637147507568,0.17028853578909078,0.14129165855260215,0.12117506513284668,0.10592317929089919,0.10213276027638907,0.10784438794034476,0.20703412924882564,0.18753933988895927,0.17243007980062233,0.14655649885861757,0.1303712524981141,0.11316933117171125,0.10454405624837279,0.10652357059360625
2018-02-02,2761.0595,0.42283670722056604,0.3384730910541438,0.2622194988948554,0.18003082333782722,0.13652178951913796,0.14083730017060844,0.17703735958331995,0.2079297064399635,0.3510723127912552,0.28818764826380555,0.22913056072941432,0.16736815546639927,0.1283972488775726,0.12163088566611513,0.14935062874571065,0.19503855495408506,0.30750509420817135,0.25882558768307934,0.21193116776339027,0.16140278180888007,0.1253344723234981,0.11410610371781496,0.13235329894189315,0.17081346760499216,0.28126485440907023,0.2422461121330121,0.202404708814892,0.1580437328189109,0.12404544326534009,0.10987739527926639,0.122132515036198,0.145095370555533,0.2594567951863421,0.2275219313880884,0.19396121624487872,0.15460889148186585,0.12378257603809585,0.10671006597954387,0.1102571293325285,0.12933619165719995,0.24464730242933333,0.2175745069286676,0.188467742465893,0.15426858377300218,0.12514570832713778,0.10786836215992969,0.10816151833973985,0.1263786955878051,0.22657783935082837,0.20723469096577338,0.18339015939801107,0.15725590972378223,0.13264756162677802,0.11413306629487249,0.10811225282951831,0.11312611054304511,0.21730065974619742,0.20098221294050841,0.18185717057879053,0.15885961383108615,0.14088133408306866,0.12072976572551229,0.10974021655636707,0.10819433945356034
2018-02-05,2651.845,0.7365774906419176,0.6162590540079244,0.5078151358936085,0.391970885618049,0.30222984152517157,0.25245816030833124,0.26765853133852807,0.30206740756631856,0.5599212825878046,0.4894450126669108,0.4142310780066622,0.3326123739724503,0.2610284459774288,0.21193978966564309,0.23317142363404034,0.26279481306469255,0.4617390604432398,0.41488484629719424,0.36316140080537296,0.29771698133001606,0.23647966853964816,0.1884790634970803,0.2037082161022919,0.24746753645299308,0.3994147018296995,0.36156377185655925,0.31849629135356056,0.264356038504513,0.21325624682578018,0.1659451775390318,0.162691194881756,0.19866629350998113,0.35137728182717576,0.31631035547900155,0.28097822432395225,0.23605672648864487,0.19015734395157557,0.14734631995978462,0.1410374530375149,0.14713511244533226,0.321852428099633,0.29172381031131533,0.25831246557251575,0.22162562416638568,0.18174897466972825,0.1437859675897324,0.13473132798520163,0.13779432150869672,0.27624603274457127,0.255131441135572,0.23142237021205206,0.20334018951548286,0.17419950697537784,0.1443628349208221,0.12871715705492418,0.12513824046432748,0.2580387499482042,0.2405882088893578,0.22031524936441185,0.1953407564270079,0.17173696133287109,0.1468809597728188,0.12929747154874874,0.12403287918541715
2018-02-06,2688.0652,0.6369702130341618,0.5179574945332445,0.3994752663528661,0.29978564771562805,0.25160454913011426,0.2511863786521623,0.26997990067478833,0.32856335832061934,0.4919041049015763,0.4163245029009945,0.3379408495809396,0.26405019066147173,0.22501820750218207,0.22453046421428252,0.2375210575323625,0.29477059347497325,0.42893877238593886,0.3644836187202578,0.29928614982376917,0.2349335087730821,0.2014270632094444,0.20110649026631516,0.21571856756306476,0.2552265689695447,0.37746823562519105,0.3230034498133855,0.2663972485464159,0.21144993358199118,0.18146499980159136,0.1787439390650536,0.1905023397022441,0.2089461169263524,0.32836715214908696,0.2856784094944285,0.2388233826339395,0.196352767542128,0.16606634203230097,0.15751098298652408,0.16545012699778314,0.17611737522752774,0.29491832568016574,0.25957443310583433,0.2234182704871411,0.18879812970235899,0.16077284381887993,0.14605967402990533,0.1475213422085781,0.1581639027383339,0.26063562868533574,0.2330004264150837,0.2086164786836317,0.182280554294103,0.1603910758694252,0.14229947495429046,0.1358796721478387,0.14018952641518392,0.24173036288898953,0.2192217041129723,0.20144035299832003,0.18008667223916652,0.1618507785125184,0.14381858990008195,0.1350384759818106,0.131634847052048
2018-02-07,2684.282,0.5427178488466511,0.43888612098536617,0.33195116356890675,0.22723000772626017,0.17384069986551104,0.17666843818094477,0.2037293317339629,0.2557419220644413,0.43561790596427397,0.3662157967767568,0.2899610360853524,0.2095245838315169,0.16247301764000766,0.15842847859515027,0.1756056579214575,0.2270604104441153,0.39216221657907596,0.33277928515515437,0.26459096630365286,0.19587346063902403,0.15517248780682347,0.1492412534692135,0.16672680414708746,0.21640462701047908,0.35224458273232323,0.2998351045393088,0.24344523671232132,0.18517674166811637,0.14902789122953697,0.13931359684630634,0.149751134342659,0.18678070770919764,0.3107486764448163,0.2726617318856115,0.22681105494349962,0.17995688140995444,0.14650165631965753,0.13150446440503502,0.13679571900813087,0.15360427390127565,0.2866887012462469,0.2545994199445678,0.21759479045298008,0.17969035278054152,0.14828301087799914,0.1288480251626796,0.1301474985934998,0.14137988947317284,0.260535227824153,0.23191251779658503,0.2056620184302583,0.17751807483297471,0.1531626789639703,0.13199267949901716,0.12536536870852943,0.12589167818615754,0.24114753996530372,0.21676473519749181,0.19802144075366498,0.17547238667507134,0.1575644374488076,0.13610224023913559,0.1262359297314851,0.12320352117034637
2018-02-08,2584.4102,0.6237703353878183,0.5292253892457535,0.4365828295777311,0.34278769833287664,0.274643090402318,0.23852031780216715,0.2645770795723178,0.3173536156840026,0.5232109371929351,0.45280983378702144,0.3797896815527547,0.30854806528796286,0.24919863709062118,0.2131044958580793,0.21703214016736716,0.25023412656470584,0.4645040875604246,0.40708842873464696,0.345976676632385,0.28483816825536645,0.23144598429615484,0.19668952473807957,0.19464926588252304,0.21210345674701292,0.4118588614986507,0.3675979845977501,0.3152318344258737,0.2630214652071474,0.21625055256323195,0.18321834640802936,0.17838487533663208,0.1893384566702627,0.371221455899512,0.331875240309038,0.29002018130032714,0.2471090757667417,0.2071405141816886,0.1743740177297194,0.16636053846114632,0.1714164115683218,0.3367857751190691,0.30281870050023735,0.270756423326651,0.23596578672411106,0.20236232577805172,0.1686567021194611,0.156870888433467,0.15878658341741184,0.2933147641197608,0.2712477627271047,0.24735777173996143,0.21976152074248628,0.1947925736331553,0.1649127371827171,0.15174229650898588,0.14702880806330243,0.2718320568534913,0.25354681177578575,0.23105195136316964,0.20908212675739876,0.19101362980144962,0.16553169949574104,0.15200777885676722,0.14334910553744903
2018-02-09,2615.13,0.5347674150168191,0.4536531247062525,0.36823267093517903,0.2791289585397636,0.22416522823010215,0.2077798359956365,0.23545634675684565,0.28830180637054453,0.4699312222910717,0.40056451094393025,0.33279989461586273,0.2606040638362981,0.2090288805146528,0.18455646366725162,0.19827057805192158,0.23661609776357723,0.42049489240999766,0.36406062076572654,0.3068426800208087,0.24511074048170037,0.19763917352401,0.17041249298694308,0.1748635798245336,0.20135055008219457,0.3746182562829088,0.331033816520616,0.2833425113678824,0.2321914538903853,0.1894112675358902,0.1598937402707308,0.1589560010206648,0.16853382236676967,0.34096251369529207,0.3051620965319113,0.266604304767057,0.22355400653528482,0.18458681340369262,0.15331971852797951,0.1476761637649403,0.14913178134567742,0.3125788213258725,0.2827205225386111,0.25245011001447104,0.21571203392222063,0.18125998235268626,0.15121240349956117,0.14119749002686638,0.14110709960731216,0.27544032477363917,0.25410314664738787,0.23103459124528658,0.2039484210712087,0.17856860887549794,0.15300252430996125,0.1383860670091389,0.13207380256577064,0.25566539867053717,0.239324380835293,0.2198910264071472,0.19845457787132453,0.17696469421691927,0.15495574464599407,0.13931919629603806,0.1303652173015548
2018-02-12,2653.952,0.4923795013838811,0.4043707447080917,0.317451063218962,0.2344594120575601,0.1862473388609652,0.18514024348200797,0.21777617743662098,0.2415623365177784,0.4282527945307071,0.3601233781674592,0.2918074351327289,0.219208411504147,0.17307923099998937,0.16419887136501576,0.18561091682467376,0.20782269016715688,0.39173241550319865,0.33324309672001845,0.27365417605556847,0.20773822897313077,0.16529729968703039,0.15383174677419928,0.17335172392143292,0.2011757734357302,0.35031303378501116,0.3017945072606091,0.2526393983860712,0.1979319119472519,0.15984142645270216,0.1423951752529737,0.150290069799178,0.17892203332655454,0.31931466955097804,0.2797017695484137,0.2396172299067277,0.19366528317046783,0.1582864102821992,0.13657051975404758,0.13507641102336132,0.14311386412234292,0.2922488197557938,0.26197407329650363,0.23026183668377626,0.19065500913756703,0.16024532918282947,0.13518192392043735,0.1299310015523535,0.132764800205336,0.26223961388759953,0.23937889781054916,0.2153060350285707,0.18658068345463433,0.1634623473449829,0.1365706071420219,0.12658119088946918,0.1246838700073328,0.24638469749219727,0.227176127667424,0.20669978370347894,0.18449979009822914,0.16664635603592212,0.13970504397861372,0.12777089794496305,0.12355761197334125
2018-02-13,2663.0487,0.49603203120302414,0.3992712614786029,0.30173413080409855,0.21878271396165105,0.17452674200142687,0.16997774030901314,0.19414120574887553,0.21524682167500916,0.4303530573173726,0.35574544271676356,0.27960218148999677,0.20710038013136572,0.16585848009182855,0.15748882207464382,0.18443517065745021,0.21348351005802424,0.39538275129240363,0.3295219637996924,0.26633707383825084,0.19959688582510632,0.1599088015594169,0.15000199535171727,0.1763869770929368,0.2076941924706986,0.34815006327757864,0.3005315087017677,0.24748780816557303,0.19152261695054007,0.15547525523451675,0.13853083020200868,0.14944909061937686,0.17312465795933757,0.3138449502399359,0.27792648803505715,0.23404438267722946,0.1891844437649829,0.15526428244954749,0.13245538991312786,0.13402854768843228,0.15037431809236454,0.29030256398699916,0.26023953427236873,0.22530957515225536,0.18806388589135636,0.15708675077670955,0.1302934332520582,0.12698588767618865,0.1366418489059059,0.2632385380128417,0.23877788244926,0.2130717803743483,0.18300755153131162,0.16027201522848675,0.13302891868144004,0.12475552306758347,0.12706081311272316,0.2413914124789082,0.2235977136832707,0.20369883389688107,0.18034476627585524,0.16337679829524088,0.1386330408293061,0.12877261605271145,0.12558129787619982
2018-02-14,2698.6841,0.39894143857630626,0.3272769107716146,0.25240836283663787,0.18165147731668485,0.1475110002576897,0.1517340243076622,0.18091727453572268,0.2009418834002292,0.3670919649204581,0.3033102164648226,0.23949152787512543,0.17567539200947738,0.14294605871021415,0.14424333082608054,0.16701576820516942,0.18421533846051397,0.34532606560319384,0.2846682900426339,0.22964905320666426,0.17113403714259048,0.13965147215298235,0.1382626217740349,0.1582063943454255,0.17405310164815194,0.30751613529784033,0.2617147308875491,0.21604000767602813,0.16734857310975598,0.13621460847041636,0.1269620240054076,0.13723029972014836,0.14962284271446258,0.286453218828315,0.24885201790938621,0.208634918543431,0.16693918264088925,0.13650227209785668,0.12156035135331972,0.12480605018764507,0.1350089949862947,0.2697598527928644,0.23665743923516502,0.20429876679191994,0.1678270395108354,0.13924417578457315,0.12171020545002846,0.12053491927271687,0.12395514870181276,0.2460962503303874,0.21900365465864174,0.19655375146043924,0.16983881998780304,0.1459676181606894,0.12737268878579563,0.12029699153291423,0.1215838167091382,0.23268873770156034,0.21097481821930877,0.19093171262060038,0.17143793629247325,0.1520594827096832,0.1304351033363084,0.12139104492039894,0.1192113216292296
2018-02-15,2729.5865,0.42819546906639927,0.32992491809601787,0.25104738419723105,0.1761598159400529,0.14303698122755462,0.15463360218060024,0.19173947435722385,0.21723360649880125,0.3705580989611236,0.2990966989008873,0.23483225910184383,0.17136672371613673,0.14146723274834733,0.14901696391523908,0.1786119653755146,0.20929252007936622,0.3360199747442842,0.2794594298310445,0.22432915979030654,0.16745264426583112,0.1392776585663852,0.141439821827248,0.16624797783232645,0.2020149065723293,0.3025071704276393,0.2569482335955184,0.2125188612472265,0.16357941695377037,0.1357800343556202,0.12842128683960724,0.14141558331323212,0.17249528246458642,0.2828799626127213,0.2438400639276287,0.20603517045843014,0.16402397708007882,0.13568733412373313,0.12332265950098571,0.1279612077065856,0.13799287973981605,0.2626158264435863,0.23165885247745185,0.19981581044030086,0.16581806520051062,0.1389940728652064,0.12208794894555006,0.12128389247568765,0.12479424343723156,0.2410859801404094,0.21726127026970624,0.1941055282045453,0.1669088273760103,0.14427664099726495,0.12608074999731023,0.11914507148026109,0.12070033669692115,0.22922972076663922,0.20991639576595583,0.19072951821696757,0.16725289985079952,0.14960399546190412,0.13141140827062073,0.12027264954901905,0.11869408358509842
2018-02-16,2735.3705,0.43982885418175427,0.3511709634172388,0.26309771826616946,0.17733076702165915,0.13717893378437104,0.14013460819114507,0.1778512971518571,0.21784743992994948,0.3859385518347205,0.31026083775477525,0.24174641612526215,0.16979751918585306,0.135102885451461,0.13476638165947044,0.15932235529381644,0.18381214808087895,0.34823945543706913,0.28652265370351326,0.22850034603128108,0.16614041946828378,0.13394575731128328,0.13017353884017663,0.14960257472373206,0.17572349641188567,0.30851247757032385,0.2621523690104956,0.21378668747650703,0.1632842072782641,0.13221628071430794,0.12184165297950905,0.12913969349228394,0.1413826612093744,0.2832856380706012,0.24649047016710934,0.20570759111319045,0.16259935403444933,0.1332209235996074,0.11910093660915631,0.12121031603070699,0.12686520837535506,0.2604672156320797,0.23173239322933356,0.1999976917996082,0.16384992920411323,0.13818878101542628,0.11960013148935278,0.11884469966637852,0.1210726915383909,0.24030257161931182,0.21737642594698,0.19295185806532794,0.16565955386649905,0.14632241144081148,0.12505763032087244,0.11812833046327448,0.11729191004176764,0.22910770154002744,0.20832519042496062,0.1891130738097467,0.1669940715557623,0.15114458353933252,0.13070418227475022,0.12061218545423334,0.11709936824502654
2018-02-20,2716.8673,0.4418977341967832,0.3595234563303093,0.2720671076780289,0.18917067184212122,0.14556601259355573,0.14181374956582238,0.17333048353074393,0.21704179470501941,0.40579253044609004,0.3288220913485382,0.2552175080585023,0.18231702262749075,0.14237260387966982,0.13603281788630348,0.16042036527718204,0.21805523362771861,0.36376126816737914,0.29630897284145036,0.23852059192598982,0.1759444787102174,0.13940825265165538,0.12856458745581364,0.14460384408788707,0.1872607608964463,0.3205086943180339,0.27013179816893085,0.22350343775114673,0.17164335274950834,0.1368806135061011,0.12141884507458163,0.12677929470020421,0.14348887569684285,0.29520532844795977,0.2525586184958599,0.21538365937561352,0.1709452394378676,0.13783260778145973,0.11940430867089342,0.12064384525551092,0.13136681190704236,0.2674221628471179,0.2373883607741787,0.20829777153554022,0.17041861295805613,0.1411538114367585,0.11951286832343926,0.11790703630275028,0.1247657092932995,0.24292666664685553,0.2216103675417185,0.19887399023568098,0.16868924406051633,0.14779392044140793,0.12630056306004603,0.11836913149300281,0.11843608195221388,0.2308861780057871,0.21307009197797683,0.19404899731011938,0.1684343814115699,0.15246227552621922,0.13248871445589774,0.12220118426979255,0.11879038545385584
2018-02-21,2704.9771,0.41804553006451295,0.3329423671638387,0.2582460483034248,0.18604564503847837,0.1467115554663017,0.1419116306491938,0.16800716451579098,0.2355702620201668,0.38351506886389475,0.3076708593766424,0.24555368498380514,0.17913341916069755,0.14172763495006072,0.13554874190371208,0.15742261325586573,0.2048299681910107,0.35054027671671445,0.2864474850610835,0.2333547822798694,0.1727392237655899,0.13799745627064947,0.12833107085024983,0.14550329208071017,0.17249957517969552,0.3186322249631813,0.2645519323283653,0.2213921912723082,0.16900981278674104,0.13561572833095015,0.11988874774030941,0.128464259422045,0.14515014468421167,0.2959406320463092,0.2518749152408067,0.213406890737053,0.16901150891854666,0.13700813976875073,0.11728035326530496,0.11952134663666228,0.12894571518385092,0.27298762603972077,0.2367055480146599,0.2047369762873228,0.16889331904022603,0.141473228560199,0.11843616035343389,0.11642757747798088,0.12074767995549003,0.2438753043461204,0.2185975717655446,0.1971686944179786,0.16782655042925054,0.14719713954995658,0.12483865934920839,0.11670446855001117,0.1187916486480249,0.22954369028312133,0.2133321878366415,0.19329476917369756,0.16838477667901333,0.15161077247864635,0.12983120379301888,0.11909134339695508,0.11875052157352625
2018-02-22,2704.4773,0.41889389096364166,0.32370378567090125,0.25437101386755756,0.18393211982340654,0.1412111363307926,0.1359177147751224,0.1631350795778098,0.19955865130206968,0.3755571860430485,0.30210587142435025,0.24267841005076055,0.17641779502407945,0.13733200634937587,0.13097947183241096,0.1592756273964379,0.19757743220946447,0.33896014747517766,0.2838851138097938,0.2287467980867294,0.16991007793151114,0.13397491869210307,0.1230842118370244,0.136515671409036,0.16904102275171204,0.31424775556312057,0.2661489744760388,0.21689433833266145,0.1663406980892408,0.13250380940805975,0.11768253786223964,0.12182107816890116,0.13009895919531103,0.2933918676561081,0.2509343105565001,0.21041810048122792,0.16529689759172372,0.1347584394585779,0.1167531632775009,0.11869438242385968,0.13057565891361578,0.2670080880436626,0.23563207886292903,0.20381686202252625,0.16634015890828946,0.13913246986047947,0.11769526471012944,0.11593448662926656,0.12768529820131924,0.24092369532953184,0.2218749924561226,0.19451843290942267,0.16629920558991274,0.1457660670994214,0.12329197969099508,0.11580896276057441,0.1196508768450148,0.22951817984716238,0.2123453662194263,0.18965240795368377,0.16586476418411586,0.14941295455980466,0.1272878674333449,0.11894832932064646,0.11780089297520097
2018-02-23,2747.6372,0.39620742685315297,0.31127642701824915,0.22878765643692056,0.1522470305447853,0.11929693795469162,0.1296816979474298,0.16370570392835407,0.22419915922381822,0.36605779175284076,0.28398215179703773,0.21633463706560394,0.1488521501591394,0.11776143948041758,0.1224770656127354,0.1551296853100947,0.21567264113135057,0.3231353374809635,0.260009144324496,0.2042844684262791,0.14570128345681232,0.11678627321287498,0.11370577729536802,0.1372658486039778,0.2018490885746663,0.29528816428024474,0.24279207831471625,0.19614026521809333,0.14529303096408644,0.1169453497222562,0.10841972672243197,0.12206904144361219,0.16550958479398503,0.27286351234815387,0.2306090711299078,0.192596441426761,0.1476983668191351,0.11929389010643969,0.10719220953249373,0.11431784583303131,0.13707066093123432,0.2500863032356244,0.2187917283148025,0.1891912097659368,0.15065979556720244,0.12377013115725298,0.1077885066710535,0.11081258639120208,0.1282816913002403,0.22883249191363847,0.20653032660734058,0.1831553524949428,0.15340601930350684,0.13190732488978238,0.11382472998756935,0.10902122107182573,0.11556862077539301,0.21971137425616294,0.19964679587541348,0.17924454876338014,0.15572681674378794,0.13753916352542275,0.11886891655768883,0.11095889142673356,0.1142206782695838
2018-02-26,2779.52,0.3828403467267253,0.3032041872199781,0.22766647353828015,0.152482751878055,0.12299058487189951,0.1341267704336334,0.17707288534782423,0.17707288534782423,0.35094328118388357,0.2809134047144061,0.21130860302486554,0.14653605150730045,0.12030509882406817,0.12576941273938527,0.16154617377731148,0.2115607459264281,0.3108519946383322,0.2541721937045556,0.19762858917263654,0.14373127442643202,0.11853003808781686,0.11741682596333365,0.13604639837494278,0.1602887469115729,0.2830474860777983,0.23793439364613472,0.19168529096413114,0.1446269519340147,0.11828392637292076,0.11285039446888004,0.12693996880482622,0.14209185207014166,0.26403396105176524,0.22687911100196137,0.18786251420610864,0.1458839874258839,0.11971938819081618,0.10933012229999017,0.11778369197697064,0.13590195927289134,0.2444780222152617,0.21548578462861742,0.18274279241085023,0.14743867957926174,0.12363760917529969,0.1086327860156835,0.1107023304399281,0.12436445426004526,0.2263344744597577,0.2023658283230233,0.1777971556747947,0.15165013983827572,0.13010335970992562,0.11379127025067318,0.1075342933686138,0.11415477708652255,0.21593406279712843,0.19669463846611066,0.17538931528775406,0.15351702364231906,0.1340201922485819,0.11825485751141321,0.10872841875454788,0.11219804088572567
2018-02-27,2748.152,0.41300849970387127,0.33328773498038994,0.2534823516137324,0.17758764560505857,0.14045347369038494,0.14512323605969,0.18541610272202885,0.24439714149527747,0.37476564119266004,0.30780911745797895,0.23843344213566547,0.1702590918564171,0.13605672025423746,0.1357738971483024,0.16457866692135775,0.21276091412329337,0.33373490653536575,0.2794918151089311,0.2227993537704203,0.16373888991217425,0.13229396920423847,0.12565339593672448,0.1442430237706969,0.17076509122895026,0.308846209399595,0.26272443575989773,0.2144167565159246,0.16282253193996193,0.13134739960793845,0.12034658810634195,0.1301698359204416,0.14988320824804566,0.28627106769549715,0.24701307955952517,0.2065106017153192,0.16308298684466976,0.13170836673926664,0.11778793730243815,0.12009529642765764,0.13038661991929854,0.26104716423557617,0.23057033845019212,0.1987209474256106,0.16263707788265266,0.13347810791357892,0.11624156977300514,0.11443293483488631,0.1224708286715872,0.2395714836368765,0.21553766267042382,0.1901357504681492,0.16146149811450927,0.1399214147124231,0.11801747626988955,0.11237356199621154,0.11697769001790771,0.22631595844167118,0.20720580517284196,0.1854262422900615,0.16286620204591917,0.14683177257069727,0.1223945216537521,0.1132033430731163,0.11501344322152246
2018-02-28,2717.3743,0.4467557741803697,0.35226661867708586,0.2598744153108033,0.18499180238787458,0.14387695293163602,0.1457406526208609,0.18609859547869503,0.2906079971377059,0.40127280853925446,0.31887688913601664,0.24619973413582968,0.17775289388575724,0.13944404847954495,0.1356217834633469,0.1624096550014278,0.27423909572329513,0.34512549608155246,0.28836026281415394,0.23047414184999224,0.17147597510403156,0.13629545384783046,0.12612536693276302,0.13603388381298,0.16814235621983276,0.31901133294790573,0.2726366973953001,0.22156859551613503,0.1697550197809634,0.13665669834483274,0.12258498017238567,0.12783377578880542,0.1445471651752861,0.293427680579298,0.2560198978538126,0.21293524019346483,0.16877454701561195,0.13781568972446454,0.12033081040404577,0.12215897220001151,0.1400506502026071,0.26959239371036564,0.23824208666929472,0.204666218750521,0.16867385494654305,0.14088783793260862,0.12046701925030671,0.11863288133590259,0.1345546117442251,0.24643962672038836,0.22234870108358018,0.19579727153602225,0.16605300539913861,0.14508768955789794,0.1253931121742377,0.11580911255868735,0.11882722363260599,0.23309062826784724,0.21384404849960634,0.18977787658087567,0.16356873412704137,0.14790509419557457,0.12871973368385578,0.11765054017683582,0.11555835784372367
2018-03-01,2678.1095,0.481749719756095,0.3755327979871986,0.2862266932533598,0.20777060285081342,0.16003166177134623,0.159388871354782,0.18726542857687917,0.21506381255541343,0.4215542053209439,0.3354996792539367,0.2664690985189774,0.19634441961743965,0.15221518114601776,0.14528097652925262,0.16585488575754312,0.18635330998180577,0.36111293877181555,0.3048233274341639,0.248350223794215,0.18662744331545153,0.147618549909221,0.13387612208809385,0.14153167248466486,0.1516429756442506,0.33563483674716926,0.2880478658980078,0.23692616792373175,0.18361660617844383,0.14882220138902588,0.12963110172665412,0.13185507009453193,0.14087947470275722,0.312638772286764,0.26922503465168335,0.22761246716545794,0.182545630559682,0.15044969968400865,0.1275138905443637,0.12639273661040937,0.1330766527269896,0.2836429253131402,0.25027260817462244,0.21824359574442742,0.180816422375734,0.15147661250327302,0.12798662845437583,0.1227777247006913,0.12422653527750813,0.25347768379123997,0.22968410836463307,0.2058655197080399,0.1759915392986235,0.15442866754213816,0.1317835418716505,0.12227259834573187,0.12064731556098861,0.24066207858599747,0.21993024723551835,0.19931281071197673,0.17454416813134357,0.1570030170280169,0.1349105041245628,0.12423182163167903,0.11865960177034245
2018-03-02,2692.8047,0.42696307735961947,0.33656141783879656,0.25871830396929807,0.18701633736069553,0.14584698778757527,0.1509692491090832,0.18728937089050468,0.2951159862474491,0.385574653215862,0.30932034030696404,0.24390262989895536,0.17891841382982573,0.13967518402810938,0.13557198493118172,0.15631495304409548,0.2597867378337566,0.33795851094204055,0.28378180100564027,0.2299528571107041,0.17297740636386005,0.1371067735469245,0.1256502223049579,0.13386123040894163,0.1481549336882604,0.3147450953026692,0.27026687744483685,0.222775098711544,0.17331757277422802,0.1385023518976598,0.1222886672791833,0.12849219344495738,0.14262097004171057,0.29250025444783695,0.2553505915959504,0.215628674378479,0.1745154696488689,0.14051470022655116,0.12047614626414928,0.12302900133293919,0.13750346710421293,0.26839277695994346,0.23776419207301944,0.207850025985742,0.17440594572195844,0.14409092045866845,0.12129301856017487,0.11926471390954443,0.13058365338299263,0.24334312338021202,0.22029309718380896,0.1997588426501887,0.1719509103786337,0.1484460592353738,0.12491065949914158,0.11832996854452314,0.11820988810281255,0.23182288651767774,0.2128144265648237,0.19547279926563813,0.169907999340122,0.15108987595448076,0.12812088578415795,0.12053104327890492,0.11549797222054788
2018-03-05,2724.3179,0.4353503603299827,0.3255562879103126,0.25156323186618545,0.1780515952799498,0.1415931389556224,0.14456564039567688,0.1732455980983692,0.1732455980983692,0.3633690056576446,0.29138448181936405,0.23052459942521622,0.1680401200845465,0.1340616680551536,0.12881777746636244,0.14439492594337222,0.16131472057403393,0.33097212763947503,0.27506752251460276,0.21899680390759035,0.1639534774026956,0.13155924747101203,0.1209486165628427,0.13064511018999717,0.13931817654096973,0.31247559170668193,0.26248275603219107,0.2136150754904921,0.16500722815960472,0.13271371422949527,0.11828070110942202,0.12455645249733652,0.13500934022600128,0.2852070972946702,0.24725719068728796,0.20594443290854042,0.16545484117304451,0.1350018984375221,0.11688697865509252,0.11806915717887212,0.1343179670895927,0.26234297662101086,0.2327659205721305,0.19952352898288597,0.16513557701738626,0.1386171681728773,0.11833353524004146,0.11589981771793055,0.1272096210811279,0.24060501658437078,0.21851789281934123,0.19360989190416708,0.1655114775132457,0.14434911959888044,0.12286277658020472,0.11528669116199976,0.11402855936088435,0.2307807967880405,0.21173864384155794,0.18805037273369482,0.16595090761740292,0.14860390540081986,0.1255764573616838,0.11632227553014898,0.1132902404126775
2018-03-06,2727.9054,0.43009401832080524,0.3328361855722149,0.24733187522312314,0.1726531078922586,0.13784568196186436,0.140336726734899,0.19873170718116168,0.2502050264880297,0.3599685673396077,0.2955282640640497,0.22766117828871854,0.1644761408670811,0.13250557853196343,0.12617301402847356,0.14384208355999842,0.17684109974301718,0.31984447621882883,0.27583564723783444,0.2182136769491135,0.1607841329247745,0.13039206337883583,0.12060021861289555,0.12960253192977136,0.14262519918046992,0.3067813717309758,0.2629521508148701,0.21301830281735953,0.16383742582997937,0.13251610683744042,0.11907171143324112,0.12372390213761916,0.13101501839927643,0.2858752627578666,0.24709927487127986,0.20574371706262468,0.16655499381427108,0.13650978144300918,0.11900099373852935,0.1213473306917638,0.12771551451586244,0.2650514992116296,0.2327055489379576,0.19752243279772613,0.16586353071068488,0.14131372499536388,0.12192735240335631,0.11718926813903839,0.12117675635090144,0.23999436080186917,0.21910080243297875,0.19335079825183127,0.16641324997633697,0.14572729564536516,0.12451634759809442,0.11469556754354085,0.11537150448835501,0.2313815635976005,0.2132434993170191,0.1910123547531766,0.16896974361840442,0.15090670969654402,0.12890012548570434,0.11652879960746325,0.11346446942171977
2018-03-07,2728.4155,0.41872582886849574,0.3185554458488418,0.2440501544718946,0.1703491797307158,0.13315994222048133,0.13828506536161747,0.16811709783104414,0.17651477981484437,0.35394307611167974,0.28741103149647435,0.22770734856626065,0.1617527388976899,0.12833527396699268,0.12291245881923273,0.14000040803261293,0.15270239549738332,0.31904624765372236,0.2683341330159792,0.2157786501740133,0.1593787618380252,0.12746987806933843,0.11846410422402452,0.13007086747543728,0.14444810035403374,0.3010678111942613,0.2558594355350699,0.21071678385768547,0.16214048065434852,0.13025004995400496,0.11628749167282015,0.12041360286850443,0.12839706618375546,0.2820519627975578,0.24397628211670225,0.2059735347355777,0.16385353146275033,0.13431933417580605,0.11604751900383127,0.11435280526304996,0.11653706677427579,0.26171463593884664,0.232250240491512,0.19931133043991806,0.16475408644297562,0.13855946254022997,0.11939972786715804,0.11370244663927252,0.11280391170026761,0.24194234288187377,0.21927820255721037,0.193518978421749,0.16714449470710233,0.14571296398033667,0.12350092274404166,0.11571297891976833,0.11327602977392442,0.2315439897678004,0.21220983472342636,0.1897924391544163,0.16860899626024348,0.15252273975375172,0.12603591507761813,0.11856869181341813,0.1155935843401708
2018-03-08,2738.115,0.4120780596129347,0.32101328678020596,0.23507035893754039,0.16232551312828494,0.12879432472049246,0.13467685262949264,0.16922655796893055,0.16922655796893055,0.35429859506952494,0.280559291338741,0.21558042623693252,0.15358366716546973,0.12358232371111952,0.1205894997916563,0.14019490066687706,0.1633062907233332,0.31027293526129546,0.2620741451938332,0.20699474325390327,0.1517775755824192,0.12284881487110219,0.11561558840650057,0.1272010662591949,0.1404897958655222,0.2953563151860517,0.25112332974389706,0.20382192250413747,0.15529046954001122,0.12630294663475267,0.11429530088561163,0.12435941796032772,0.14604469970344794,0.2748968250668649,0.23881060981179403,0.20033182613715428,0.15836763676540425,0.12997959067727763,0.11413736161741038,0.11721186024663718,0.15418258853864955,0.258512122799905,0.2291480535086725,0.1953732743846753,0.16089051057229212,0.1335606443225855,0.11782361635320676,0.11324165852308951,0.14275386344117108,0.23940445580369263,0.21655996775629832,0.1918897245615152,0.16336514991721107,0.14122995267284766,0.12346182343915867,0.11525188189504922,0.11571390383061757,0.23040505370104764,0.21287686746165896,0.18782849481905245,0.1642056060296515,0.14708604705536885,0.12690735959926464,0.11618653058660142,0.11529962768346694
2018-03-09,2787.577,0.38070559806278137,0.291673607528302,0.21414379023591773,0.14043807610059336,0.1156115665567345,0.1332865638876518,0.1815616107249017,0.23923781009803677,0.33190283718995356,0.2634375009361665,0.1966588273864396,0.13522484002676807,0.11164721496121371,0.11984396568268325,0.15736420692274838,0.23923781009803677,0.3007173179934474,0.242748310219876,0.1873342939087595,0.1350638387093921,0.11059926936535616,0.11189346141376487,0.13931645601457066,0.1759750349210233,0.2789008198617556,0.2305380380862397,0.18501738383445623,0.1391606216891096,0.11360887203834208,0.10803835239972608,0.1276474361983655,0.14525929573666954,0.25779356568385636,0.22307678365403566,0.18401670544822105,0.14322263405557253,0.1174430193495117,0.10581584099578117,0.11289778278079947,0.1245718132797119,0.24488690559639384,0.21722057847965717,0.18205540402361972,0.14729654292936012,0.12400594842465566,0.10870099192078508,0.10557729708009941,0.11628518038590747,0.22826576555380096,0.2061277453997618,0.1808522038343606,0.15211297679090308,0.13254793023606637,0.11540735662080749,0.10666389771016224,0.11228464693236745,0.2205293371493818,0.20302782837877095,0.17981905452348362,0.1556869251559938,0.13840157399981692,0.12124169804978364,0.10873775152223554,0.10896092068780822
2018-03-12,2788.3404,0.38362807675644384,0.2957550293286734,0.21216026038959368,0.14521554299921666,0.12456868050543242,0.13492734394813938,0.19427247438439602,0.25969603707111083,0.33782836346931544,0.27114887170388774,0.1992638624069638,0.14010362804207602,0.11795857887129489,0.1205906677016929,0.15662528149605043,0.17792693862154976,0.30855040039309983,0.25473836523473964,0.19482202341778965,0.14132814589559334,0.1165615185494664,0.1143816705772139,0.14458376229372075,0.1637695974597384,0.2837170770046632,0.24009854659776483,0.19260692862625312,0.14608890034101296,0.11918345224850037,0.1104054460908642,0.1311698428794499,0.1558291192775328,0.2663568998550864,0.23049904931616147,0.19005150083936234,0.1512966283484313,0.12295202051410621,0.1080184329103476,0.11232217945770313,0.12928683770682964,0.25035854999121476,0.22052716865253014,0.18800576589295304,0.154795254596533,0.1288600809307241,0.11049519306125057,0.10747706964196913,0.11881254831768341,0.2358273575819211,0.21222999155818542,0.1876881926094831,0.15679002422033853,0.1349842613681813,0.11719947794908202,0.10935654022244476,0.11363654949992488,0.22747809693234103,0.20789368135497718,0.18526085477816723,0.1584082174946075,0.14135663982491375,0.1226326218078168,0.11298212527569566,0.1101905232812552
2018-03-13,2768.4173,0.4047865524670448,0.3028467028600918,0.22428940203816497,0.15072973614198593,0.12346429577826035,0.13189371497453803,0.1912906528729316,0.1912906528729316,0.34897172944694943,0.2706606162239063,0.20832466164347552,0.14635147137028143,0.11939223401821056,0.11959077272331078,0.15847717246097762,0.19786145645893524,0.31427085526120196,0.2565403429572482,0.20297358776091173,0.1483606843934794,0.12011843880733583,0.11553642612149766,0.14217013632126577,0.16205463781555646,0.2901636316614063,0.24554680555357264,0.1994926779332815,0.15263537218943296,0.12320082017934991,0.11253696476264492,0.1286826975571758,0.149902268919403,0.2730346289641187,0.23686981680792496,0.1969373714117102,0.15536530851479036,0.12649749908669905,0.110730789001342,0.11187324267812299,0.12452382154565507,0.2576124850219136,0.2268910760943242,0.19377736724629757,0.15710339465577416,0.1308819295373804,0.11343582762058746,0.10816786631657914,0.10901627495638451,0.23997643950487632,0.21499195457583975,0.19107398626960928,0.16038396711705027,0.13738800280132904,0.11923819418572884,0.1093830864801336,0.10762526729879174,0.230779214787163,0.21004123459323057,0.18758819536626656,0.1620864441821269,0.14244589023790283,0.12242370464506638,0.1112955875489897,0.10742097962779888
2018-03-14,2751.2083,0.4103621940723433,0.3269458482397076,0.23333305518023456,0.155369099883013,0.12279613858058841,0.1289759794635968,0.15825186383545206,0.2115026005961946,0.35417733312468563,0.28512582015341215,0.2139550120631308,0.1504202368059504,0.11914169901575758,0.11715691553246516,0.14307191838172573,0.21115763214561414,0.3246282729004201,0.2679326566734276,0.20825929928906634,0.1529808045729144,0.12155056603099933,0.11502182263871889,0.1361855711366903,0.20420773387171293,0.2990341294164542,0.2516817278977952,0.20463601519079272,0.15739409967945092,0.1261478101952836,0.1135267488692159,0.11804966797348912,0.15753210132933065,0.27657641330066535,0.24060457110791109,0.20387496026393281,0.16083226318213,0.13054586458797585,0.11345976674063135,0.11354887995051849,0.12203241941051887,0.2596463240145306,0.23202388255092032,0.20287100113893664,0.16368511866806618,0.1347556828913088,0.1146907288941006,0.11104952727989924,0.11630619465971773,0.24300341000037481,0.22041751450297517,0.19687766411545743,0.1661630574852484,0.14373452208843335,0.11990922898383934,0.11153529306610534,0.11161388856552694,0.23272111633466316,0.21344277775293663,0.19294335896066203,0.16640352258365157,0.14932872968725655,0.1254120793176168,0.11457144116734158,0.11179182618664683
2018-03-15,2752.0855,0.4171898378434021,0.32649719875303934,0.2270732378120404,0.14412189016548738,0.11261024534902099,0.11663235642528016,0.1645347329038109,0.20987778108377247,0.35332176218617617,0.28261768357248995,0.20516252079678593,0.1403308131601089,0.11116629628523986,0.10865483345678138,0.14077823763419273,0.20354013697415255,0.31737380310708885,0.25852232719921203,0.20072132555125569,0.14482925084552778,0.11455938398410614,0.10916131416732248,0.1372960585853362,0.18471714547027732,0.28792149781932397,0.24458388353954574,0.19878464117063133,0.15110499310816086,0.1199801024796099,0.11025030130557623,0.12368002166972708,0.1567714667329823,0.2711604102838287,0.23740812804702424,0.1985597580533442,0.15684733137795834,0.1249629402617503,0.11102661714968128,0.11347728595214954,0.12667463506403032,0.2584815179266759,0.23003908695964959,0.19806229374614956,0.16148729879433688,0.1306431879611325,0.1132312329018833,0.11080777246956151,0.11645372234317068,0.23970137690205523,0.21616123893262748,0.1949891408458693,0.16512124273296253,0.1419505771474298,0.12045391041678534,0.11265980898522569,0.11248952243983985,0.22859817521862116,0.2103683134276714,0.1936541498729861,0.16685906689498944,0.14715084739582482,0.12654017401398848,0.11567748037535416,0.11195048376142841
2018-03-16,2756.9449,0.41357111140424735,0.32085698875277413,0.22055786949210623,0.13459160575064438,0.10396369854029294,0.11107732261882422,0.14059365061905452,0.16448821687441298,0.3504698740270859,0.2806997910892266,0.20076262687220361,0.13293325496182867,0.10414049552463857,0.10425242908835242,0.12988746171232554,0.1661944916448685,0.3193021137688635,0.2592285731844962,0.1943144974393796,0.13764633270281249,0.10868436293731276,0.10563219795851933,0.1278050644957579,0.16226075935157117,0.2895818882472569,0.241071932253273,0.19036310933828526,0.14415345172135113,0.11472316014333421,0.10639798216009783,0.11811358887703413,0.14450663397865718,0.2676930271930356,0.231968213350191,0.18991442308594594,0.1508146333156356,0.12082008372279698,0.10735099956157496,0.1125581119901724,0.1398994637007258,0.25283969236535525,0.22372831062699414,0.191162510362813,0.15614664914618126,0.1284820200187443,0.10992432565791535,0.10824440877629973,0.1235167533840923,0.2375442495321819,0.21254603852392093,0.19085203491660407,0.16119227693246266,0.13995980498491692,0.11680534648312822,0.10977099198285792,0.1107396220525256,0.22885611908512896,0.2067568389221836,0.18894080769429347,0.16414579647426805,0.14579768569876944,0.12064369397471779,0.11326593412253744,0.1114392121503334
2018-03-19,2717.2206,0.4841691873590449,0.3695036135611956,0.26555168606991175,0.17980009932731797,0.13293266037388463,0.12819097119799783,0.17175162238530875,0.2099965059892867,0.3797181371911015,0.3054432093525264,0.23698297696082268,0.1691101699368274,0.12768700554911827,0.11934690604169458,0.13865132929574675,0.18363060274360046,0.34297156548360164,0.28363344432093696,0.22490727369957295,0.1652285846451565,0.12754820631572528,0.11809281293259065,0.1346195608191641,0.1710275159230037,0.309379753172187,0.26170821278461176,0.21501816787276898,0.16521894667495773,0.1310082552947359,0.11753579500919821,0.1266591419149051,0.15096361270289457,0.28461756250973513,0.24797974239103276,0.2095236936765946,0.16671635629681408,0.13547688239350722,0.11793572768065425,0.12039773174759213,0.14108121416824332,0.26240392766380494,0.23655764909414695,0.20514642915391185,0.1684321264697813,0.1408782507311047,0.11936502109524266,0.11601752241655194,0.12311254751579748,0.24534710372642388,0.22536490547776397,0.19753235165073005,0.170807969199044,0.14889917347250217,0.12604597588450908,0.11591589483557009,0.11500746436888865,0.23436854213893124,0.21688577505112835,0.19320732568640508,0.17233497816032692,0.1523168566877767,0.13172866419204335,0.11851424343830476,0.11548451256513807
2018-03-20,2720.046,0.4532104072004864,0.34917285671818227,0.2532590137090555,0.1704168466164994,0.1294008037782645,0.12395523376330231,0.14705773588725557,0.16357194959641524,0.37117613548104483,0.2982274751746974,0.23259915859916108,0.1639332221968918,0.12656870218498661,0.11857529496106134,0.13699263733334918,0.15901334682518653,0.3407555122804665,0.2805975586345314,0.22154843473006938,0.16210028863916978,0.12682333971441823,0.11823903486776019,0.1372097930880989,0.16025280052396476,0.30804911942371854,0.2610513291114732,0.2110540180558692,0.16265707103333113,0.12993546412512944,0.11727217902003462,0.1301358381716953,0.15792116567461778,0.2823146818887128,0.24730552489005944,0.20511348638943397,0.16563926491286332,0.1342118357564187,0.11716144345321776,0.1208750475238015,0.14313306211636503,0.2640826875227613,0.23405331302918866,0.2023289271655831,0.16806884821079948,0.1379913204508208,0.11835919849826415,0.11447151986648264,0.11699235059685567,0.24713182522566898,0.22228880081187666,0.19692216079792324,0.17016823097928102,0.1439492941616293,0.12259311811711578,0.1148187303761137,0.11525061894377765,0.2363417483692963,0.21308415387455026,0.19211879204576307,0.17153236741558892,0.15029785373757384,0.12805110241374612,0.11752635033415841,0.11538676504785793
2018-03-21,2716.1372,0.41353521799325693,0.34482439951274846,0.2423568946308385,0.16451619074408766,0.12549683427218825,0.12275062778062643,0.1579709937403347,0.18106886547601628,0.36585208651004975,0.3027357546051806,0.22470493457045745,0.16112440770761435,0.12369592918503654,0.12283759348149217,0.15700805682316948,0.18075656021352904,0.3427596809731838,0.2799346514680952,0.2170502240398769,0.16023008869091226,0.12437157793442787,0.12068884189803566,0.15123408145547854,0.17715729199122582,0.30451322076267356,0.25576986839417387,0.20928885859130303,0.16037926624340712,0.12723015510564337,0.1150575181398251,0.131527444252739,0.1610895940551457,0.27979956354600327,0.24380474556432905,0.20559482333600715,0.16171834699420723,0.13189781390001698,0.11352931743179641,0.11502765444714537,0.14443559522833477,0.26258154886719365,0.2333684847723187,0.20064019061664845,0.16411558555195235,0.1387572515935882,0.11456305302741944,0.11127221566199308,0.11442070337350578,0.2437770395936038,0.21863877442938592,0.19429176633806347,0.16577849726735874,0.14815417996463615,0.12114872467844832,0.11399052644711584,0.11407260388902288,0.23474988211717893,0.21056069275157419,0.19120152821284864,0.16692757346699216,0.15133169406736438,0.1261363915761519,0.11584469541534312,0.11420463291619502
2018-03-22,2646.5955,0.4646169992846024,0.3799021330104552,0.299031299264894,0.22242869330218393,0.16690627925154977,0.15339771385375142,0.17144508264992778,0.1999131270465407,0.40894965897987284,0.3445181937905665,0.2799865198471922,0.211432763929144,0.1607745775044807,0.1445652061237166,0.16121642304739517,0.19621190570050814,0.37147519548971786,0.32022873314455946,0.26184464085849213,0.2024841956501458,0.15667185825285537,0.13848688645204021,0.15110597427668374,0.18006187516100194,0.334262910215413,0.2951437856092819,0.24440224519428908,0.19521990718280863,0.15520832018511185,0.1331251543904718,0.13779523374410985,0.15734047942899915,0.31098776018323543,0.27475467746452353,0.23165340821126876,0.19089604232848695,0.15647105759960836,0.12966649890621054,0.12849765652035328,0.1357085654596428,0.28412632519196446,0.25353037450894356,0.22132415196341781,0.18924895557604116,0.15746485393441473,0.1285217795233097,0.12161794500848863,0.11982253582226686,0.2569728441312463,0.23603423230084022,0.21208765180570133,0.18354891875725582,0.1586611395393946,0.13235684011809293,0.12076099310373614,0.11775551492081095,0.2476450917613109,0.22872900964360351,0.20406399381590234,0.1801642455123579,0.1611560059423866,0.13653383623736853,0.12242942740974963,0.11852675454969784
2018-03-23,2591.1228,0.4722559320585502,0.3935941531140879,0.32369274631056955,0.25131458786102784,0.19425645074129577,0.17560724992392487,0.19370595982410563,0.22391270157763885,0.4168538204888414,0.35669344434815103,0.29813025393098286,0.2361102819536966,0.18459294357818362,0.1631428490590582,0.18159946567443716,0.22152945379807915,0.3880233715919264,0.33374772161500804,0.278641529901787,0.22369594385036862,0.17809375713853712,0.15527706150101048,0.1672267744825764,0.2078952078817631,0.3481356933994113,0.3051324702973869,0.2598713179895208,0.21350223684087138,0.17393918812006715,0.1487564174015262,0.1501659030029453,0.16383029491747672,0.31970263704164176,0.2838226233642535,0.24584041910784993,0.20812969768440912,0.1715668484222937,0.14475217697956863,0.14074602137036082,0.14587620893736308,0.28983978795290294,0.26260004315094304,0.23446497812972586,0.2051333689997848,0.17095784313575982,0.14269010992583764,0.13247783807831517,0.1294941185505214,0.2642171987153405,0.24424761489688906,0.2224932906916129,0.19739440962831822,0.16995316359254214,0.1442347934769938,0.1302260741144122,0.12379246659408837,0.25193125804440514,0.23278852887570106,0.2153302510515437,0.1925637016431243,0.17054458625006463,0.14692498475332763,0.13145818142961962,0.12343233529591684
2018-03-26,2660.2287,0.4200974050576942,0.3480254602692165,0.2713513817700699,0.20356225802317338,0.1635045216629086,0.1557629730531695,0.18577354259675088,0.218679889832912,0.37457110087243994,0.3137112380594488,0.25370114022000684,0.19488058181972637,0.15771105721140258,0.1499439510120437,0.18092784760574102,0.21372944025117396,0.3415045014720405,0.2910993957671627,0.24219511844144534,0.18919613580110337,0.15347834702715837,0.14217567932124994,0.16379569446371237,0.19952984284182468,0.3125500531449903,0.272940690922534,0.2320993827528805,0.1855060129122989,0.15207441557033233,0.13533380442238171,0.14242468708883285,0.16068824357749434,0.2928843619663916,0.2583565140964793,0.22481484256502487,0.18405715584882631,0.15221341417375087,0.13161400269240967,0.13273692840463608,0.1492642391980078,0.2719333520052109,0.24355010485020212,0.218154090476303,0.1840480043493734,0.15316083440938386,0.13072115390266495,0.1243806347971261,0.1241651874733824,0.2508854353353748,0.23091940207867814,0.2077113897371082,0.18256682795025678,0.15826984991606122,0.13398019622793686,0.12326717434475866,0.11960958314509984,0.2426657714921088,0.2219543027615275,0.20179589589043972,0.18163467432673028,0.16293604736214692,0.1368644996110088,0.12475772286948403,0.11973324494401845
2018-03-27,2608.0535,0.4352943087453881,0.3532300043083664,0.28279477979879025,0.2280491131150403,0.18434001149678778,0.17087388736818745,0.19686555865181776,0.2278039736743636,0.38409466384456215,0.3231171359482799,0.2696088126917026,0.22019197399973675,0.17848103999771547,0.16322126280738938,0.18800022036559233,0.2233430050201488,0.3523257333596558,0.30697736998252584,0.25858715070816046,0.21246661471639278,0.17278581502101517,0.15403370305103908,0.16668444901328638,0.20894512875087412,0.3299495392033504,0.2918681916707387,0.2500755817770778,0.20613702046510995,0.16946454668295202,0.14654496490892693,0.14572512599338336,0.1539181858079403,0.3096672748511365,0.2781589389366553,0.24226259317301327,0.20217543311936095,0.16773101329446194,0.1425346137328454,0.1372147443687621,0.1397328692100773,0.2855815756069286,0.25974623258800283,0.23324981682389156,0.19880543061560466,0.16735376050776812,0.14071773842604485,0.13015343050481315,0.12553119201030324,0.2664425354891081,0.24583543266117208,0.2222807935072919,0.19306966739725037,0.17024852707612892,0.14418730347498948,0.1302528670904,0.12354663542563823,0.25181215775848204,0.23437550463265472,0.21406083339194865,0.1902424548348814,0.17241130044215122,0.14859026570152042,0.13358586442637435,0.12403459393915246
2018-03-28,2607.3368,0.40937757897835964,0.3468689107092193,0.28431751303361347,0.22754913273021563,0.19018049218554606,0.1813593694262728,0.20819738117440517,0.23972338259373277,0.38159428248182886,0.3217150693269554,0.26797837032030314,0.21650034166566806,0.18162299472794882,0.16940148509650196,0.1918158229469661,0.2242262885129214,0.35079223095229006,0.3024141004935804,0.25497859546618984,0.2083465635073953,0.17442514716843005,0.1578285586018678,0.16934148720787082,0.20255586189663669,0.320953190773169,0.2885882045107309,0.2456205654523247,0.20420133349910866,0.17116832903226106,0.1508828449275735,0.15262480229300285,0.16937652507572593,0.302753671384429,0.2757421976158068,0.2384501927450066,0.20112674994183913,0.1711809320724089,0.14694614448352938,0.14234391298395127,0.14860344093823566,0.2813469699278158,0.2592107700947848,0.23066646091406917,0.19890512965191862,0.17295213902535073,0.14418843982531715,0.13378305992589493,0.12991400927230676,0.26288874303651305,0.24282022684234073,0.22028953553660424,0.19448813885381708,0.17396730005677155,0.14867871989595075,0.1337248129804558,0.12742014540500857,0.2540634836135014,0.23321118695722517,0.21516359534342205,0.19234188412101508,0.1740738804595605,0.1543385448598151,0.1367113777250955,0.1286192125661672
2018-03-29,2644.4648,0.39116000038263576,0.320620755479697,0.2509925358362995,0.19738104511662694,0.16948380166003624,0.16692405035812732,0.19723897051273023,0.24924413610564916,0.3579108823915111,0.29209670933440635,0.23929213619715878,0.1917500373027309,0.1644633840931621,0.1586140023142017,0.18193632891611447,0.2314330862132897,0.3227624151421582,0.27225658289937166,0.22844050614564543,0.1865293885378715,0.15888006415243497,0.14777011931666265,0.15955495681397686,0.20038034540091293,0.30435851390131086,0.262849420565629,0.22312952530076444,0.18527221951697806,0.1573420774682888,0.14187315382031718,0.14613189312337455,0.16902996373122606,0.2886144906888223,0.2536568976489539,0.21858130212387006,0.18495928868376887,0.15795879596879986,0.13852043474378456,0.13676121536301278,0.1501037230276964,0.2691932514791299,0.2429078619174443,0.21578690875770634,0.18548612670467438,0.15866129965108103,0.13622156336260843,0.1268492559223566,0.12915426964333734,0.25373825069265443,0.23149907497105288,0.20988622514184585,0.18356592540882477,0.1631441961833342,0.13912656634333162,0.12620255228925492,0.12148566850188437,0.23936430325991775,0.22415621636049893,0.20404721107112905,0.1837110679322397,0.16715838905091132,0.14544784911741232,0.12914680447540133,0.12213861130161092
2018-04-02,2581.2907,0.421439205997532,0.3421622457538626,0.2867815471254655,0.2389457379277325,0.2050438634941172,0.1893410091562441,0.20213839940292846,0.23093495060878413,0.37634796733248166,0.3163405711403242,0.26982201499266606,0.22539217439703702,0.1936691868220522,0.17710710114458994,0.18776365437506318,0.21506498481996894,0.3383561282511705,0.2958682772063653,0.2561017378923805,0.21470198975125926,0.18358906859816798,0.16492334408375883,0.16891879021858797,0.19021473120291557,0.3221094019955484,0.2851328226744205,0.24893478047884005,0.2098707080906131,0.17954559105996443,0.157282350553001,0.1557173079465336,0.16256386833349978,0.30018048753191245,0.27157669639273396,0.24068730252859635,0.20605928827351874,0.1775591442453697,0.15106535667707524,0.14432961917877785,0.14670293386757655,0.28262155169220615,0.2578844462493757,0.23141505410900506,0.20255012665812175,0.17613732309033664,0.1487475467886136,0.1359047628931895,0.1337105252988977,0.266866730536097,0.24403780580706036,0.2223015638405116,0.19702558654152905,0.17822088829817176,0.15167599377503155,0.13490517904554328,0.12938962574073706,0.2548071666359259,0.23422259956018926,0.21446788110613213,0.19385332489820276,0.18020695742202378,0.15651131151279643,0.13722786715830435,0.13021425099863881
2018-04-03,2614.7342,0.39551599444665375,0.31949220523584126,0.26997403219280797,0.22054287198069794,0.1849174893235201,0.1673694380611246,0.1828751143643151,0.20390567972649112,0.3522966084517656,0.29607797198349756,0.25198127845809987,0.20875455850353072,0.1762445070345626,0.15908506275074422,0.17057075121244977,0.20437224801051185,0.3223883153101309,0.2817808843209197,0.24003740469650056,0.19929174762219137,0.16871090838669806,0.15072954285746018,0.15423897291499267,0.18849886947332062,0.3063097536106559,0.27162307047277157,0.23449919182532034,0.19542784674611785,0.16557624395168083,0.145427427140176,0.14425162293899704,0.1568335101432748,0.2905645199338352,0.2587938931732051,0.2291878985202321,0.1926276769656204,0.16507026280628848,0.1409203846229945,0.13522003097275112,0.14475134448795793,0.27361726324543517,0.24608209965638733,0.22288242904362546,0.19101915184126658,0.16593345374414564,0.13997279416442257,0.1274986238081704,0.12444356143498128,0.254617600980906,0.2336033785582496,0.21393381363948652,0.18899904862435965,0.1678207181859602,0.14431661930739906,0.12771018603855247,0.12151381062742346,0.24256092903021306,0.22455478996123393,0.20831176381672034,0.18677929982702587,0.17008912542631854,0.14872182993143876,0.12954785334393906,0.12178897833993643
2018-04-04,2648.6839,0.3876006221330375,0.32027410096517966,0.26413223680855136,0.2087251589193515,0.17449455443168868,0.16565966643603405,0.18939398314559197,0.2660743471424333,0.35318087817942667,0.2966170438896204,0.24624564299480814,0.1978717297843601,0.1664038495859314,0.15487685506862206,0.17170223258798553,0.22838998773049335,0.3273244107343726,0.28014784536390347,0.23488213139722264,0.19044292555004494,0.15947000267202668,0.14500499635218925,0.14974780571286397,0.17486327560564663,0.3089505029509916,0.26715488335431625,0.22698435745512655,0.18789142625100289,0.1575484609108384,0.13980642073293034,0.14166711082272648,0.15173598477673367,0.2855352765298419,0.25317234659161725,0.2207532260811937,0.1865338350070507,0.15743855918841762,0.13585450464225293,0.13264351814511194,0.1414440627117909,0.26593284670687806,0.24127981374136515,0.2163774206372863,0.1851683889604378,0.1575312227064823,0.13462224784603938,0.12434344036558537,0.12320910429308922,0.24931248901193975,0.23133523441862272,0.20885044257097166,0.18291061683764717,0.16014448774286577,0.13773905887741336,0.12526800601836616,0.11752150240947791,0.2407764637199999,0.22408087707206897,0.20054310816470544,0.18255396281059655,0.16443079907023278,0.14066732272567142,0.12706636049792208,0.11690806821326732
2018-04-05,2665.1872,0.3840026516944102,0.306428020512752,0.24736134347645614,0.19324367553780603,0.1571887245829098,0.15136499809530884,0.1864348713339725,0.2887175508349112,0.3407014194396552,0.2809927151086794,0.23328688532263092,0.1846509846775598,0.1516855702153553,0.14110278125594294,0.1615260579755246,0.22826394047564266,0.3146910553448613,0.2678835769228017,0.2249646264864158,0.1796179843374129,0.1484310239168367,0.1338562424703545,0.1422378899804741,0.1648006491375895,0.30076482193364634,0.2590126325688324,0.218968395462071,0.17812329188638928,0.14714917794361168,0.12973393238012781,0.132925904952192,0.15319175705755123,0.2810665704932774,0.2464370074591105,0.21327692972535428,0.1772634565370797,0.14714579593421273,0.12748847042668862,0.12483085320188081,0.13895213275338159,0.26274878562725446,0.23480103413858774,0.20995003434937318,0.17697037173823618,0.14965726492709067,0.12811859898189698,0.11717638670031723,0.11689206410624177,0.24816160035052912,0.2263244533074432,0.2046971666082354,0.1762845586189329,0.1553405080521736,0.13280608223668605,0.1194622834947088,0.11340089308715535,0.2371039861626419,0.22037550572849182,0.1992950965226922,0.17610393897866694,0.1585184410200737,0.13776789853877225,0.12323687647516482,0.11405956719365822
2018-04-06,2606.1221,0.4260500023027062,0.34937501267978277,0.27619467336752257,0.21661357879519091,0.17808378889229773,0.17829999923907794,0.21258296880090313,0.2531518404664201,0.3687975013873831,0.3081709769690956,0.25198846492832405,0.20512287801321683,0.17009896557722023,0.16076040742029615,0.18296240266731767,0.22638648972515066,0.3309860354384921,0.2826161002277402,0.2407479668020995,0.19888484648777296,0.1663013082049188,0.15140534507805553,0.1586533111809187,0.18698524128402574,0.30846218737615444,0.2710265385445971,0.23522199171799382,0.1960012223545601,0.1653544065465052,0.1464395544065289,0.14960329373982154,0.1646028008041981,0.2906644895107218,0.2600713578656963,0.2293759188975166,0.19403385519063632,0.16418879352393892,0.14232120960702183,0.13920053032744092,0.14200696673724797,0.27536592150045924,0.24851428656993915,0.2227790723873017,0.1914162457777934,0.16327572205200558,0.14105635991406792,0.12808192999363738,0.12859241994440462,0.2570882370196766,0.23440280959035453,0.21308586796913054,0.1875708867940707,0.16625297388289142,0.14262522308673745,0.1271560025051957,0.12284086472826304,0.24374518557910246,0.22552247385423418,0.20783732028290494,0.1857236228702137,0.17062115384825008,0.1459592370915615,0.12991029835741,0.12237064005585471
2018-04-09,2613.9792,0.40594778846113405,0.3372416679271657,0.27694586432276996,0.22580908594798427,0.18871424498365075,0.1756402977207549,0.198649250442785,0.20875707128638518,0.36751071704327054,0.3062535679143608,0.2551214208905013,0.21021688715445702,0.1783973261860109,0.16160567647350055,0.1710004624139145,0.19560410419646201,0.33930913465018037,0.2870280874598312,0.24429657934170756,0.2032251398655623,0.1719419547269415,0.1541583972077355,0.15957716044596204,0.18305516887117657,0.3120565161652609,0.273957589932896,0.23763713758515412,0.19908436800953452,0.16751131934059602,0.14782998641525724,0.14766696877499183,0.1616475073477145,0.2904190004241749,0.26277408844769756,0.23142021399364412,0.19622028253351573,0.16543693124664782,0.14294267875402863,0.13715022642530267,0.14725203550389213,0.27397651421962665,0.25078752678593286,0.22555078004098472,0.19248787475776874,0.16445654847857408,0.14016496505821202,0.12913318829309867,0.12593447795491164,0.25592788354024093,0.23973463476647053,0.215601519865453,0.18622117486880227,0.16788281517965217,0.14295027570471655,0.1296486599541569,0.12232566656297272,0.24568425332102603,0.22878317455828298,0.20662856377864044,0.18575094074612022,0.17151828197414645,0.14866477628402855,0.13358532912925625,0.1232131795026945
2018-04-10,2656.6377,0.40349016458781517,0.3270707786280906,0.258888978091979,0.2042906746915513,0.17303274095805887,0.1697183354357922,0.19723988700273135,0.3224557125673534,0.3540350334285484,0.29173307382782426,0.23987235350428232,0.19496197356026157,0.16680860027510475,0.15468155267041173,0.16456156600254643,0.18771989535593941,0.32308807034909776,0.2750405206544742,0.23117854682561673,0.19033736340691768,0.16232030556764582,0.14765463215126842,0.15053958181957997,0.1586095607814139,0.3019346588222372,0.26441643513563906,0.2249751567537856,0.18742120565716117,0.1593177739955989,0.14246801245045806,0.1420896632789034,0.1522926291794669,0.28604459257468356,0.2540807880047745,0.22048340377146142,0.1854922851945888,0.15809251930663024,0.13872599697816415,0.13398708836696568,0.1371340324349399,0.2692126733537576,0.24207422531567627,0.21595857687838593,0.1845761422827138,0.15864216197929643,0.1365982518399275,0.1264084300102223,0.12196479878616343,0.24952336888653567,0.2294979648546112,0.2085241566818461,0.18341407338186977,0.16366875807891193,0.1401212365826171,0.12660368892950916,0.12190047442673282,0.2398882611275332,0.22263256516756275,0.20489035964960428,0.18188223235791995,0.16593539100689167,0.1460433983331534,0.12914712659957314,0.1229887696100057
2018-04-11,2642.9268,0.3966829712028139,0.32187577952552643,0.25886494510805946,0.1990684744602237,0.16624451833383777,0.16330541608263893,0.1851729932504451,0.2679086251177767,0.343898374988534,0.29037746359922234,0.23973508581896683,0.1917925668430841,0.16127103270361262,0.15119613846346056,0.16511552857582917,0.17723868063544226,0.3206411692916977,0.27703843428055996,0.23075849095715922,0.1890026725620974,0.1588780226834266,0.14566691922620537,0.15548743412940794,0.16979759028513616,0.29971768271470384,0.26300239322127117,0.2239277906109938,0.18735260846869525,0.1583098293091631,0.14015932997298994,0.14251807917331777,0.1567703462303473,0.2831299258756328,0.2517424221418705,0.21994947555327735,0.18624470224947376,0.1585680643515611,0.13610759908684328,0.13150250727255328,0.13039944018110242,0.268117528806062,0.24062759613898552,0.21621649739554916,0.1856985695435651,0.159944035882577,0.13422098340804564,0.1257558062287631,0.12422731887263046,0.25264638986625587,0.23040707783375008,0.20936684276540582,0.1826880059263514,0.1648577716743095,0.14018935010264563,0.12633960024594337,0.12143635624503128,0.24407619537314335,0.2256340824547092,0.2023084363709092,0.18082100495238967,0.16757784601788112,0.1480997874042121,0.12937977036325063,0.12141435751124081
2018-04-12,2665.1191,0.38160506390447113,0.3000542852128914,0.23990159245532486,0.18085690802402188,0.14971150955118637,0.15270251592602715,0.17977066499566066,0.3030506373568826,0.32980907189892333,0.2747397763912885,0.22513235666501177,0.1759430295748339,0.14771167934083895,0.14117875706458502,0.15809688065986044,0.1701433545617413,0.31043233537651027,0.26277110483308164,0.21738078563424953,0.17431801365407631,0.14705051904300862,0.13563828502469352,0.14545658169861703,0.1577773815557821,0.2897778743088823,0.2522790472178116,0.2127152058124425,0.17441371022667387,0.14733092001286888,0.13089168440978108,0.1346154311847548,0.1500896343080448,0.2740194089658976,0.24436911242594234,0.2101400137101521,0.17515690192467362,0.14812152364212824,0.12820939273724904,0.12623544080375063,0.13733169180491853,0.260543634775962,0.23481822078233924,0.20787000250865234,0.17661753510549563,0.15044876111328143,0.12846685952942072,0.12145632269367619,0.12112300078551737,0.24409794312784674,0.2258527583499876,0.20349836653080694,0.17751569052338462,0.15741657201777054,0.13335462237165394,0.12100320197495028,0.11533315912621935,0.23432227114670817,0.22021019786318966,0.19815333370379262,0.17790793650778644,0.16355147739453574,0.1388947659153804,0.12370689831210493,0.11568027251764056
2018-04-13,2657.3197,0.37557975825529133,0.2994097675594195,0.22700087782188164,0.16943282311339042,0.13924511115940494,0.14574516160100545,0.18395759033179382,0.22782207286348843,0.32868252454543373,0.27361164979440944,0.21477075021969355,0.16676381091779854,0.13755943199524975,0.13442843843495855,0.16141582226958306,0.20699633388171323,0.30679344961879146,0.2579364616209989,0.20800665033343607,0.16580488855052408,0.13734104265183866,0.12870431106850622,0.14519001460506029,0.18758745260577186,0.28564856793847854,0.24418029697412807,0.2048945269003207,0.16606111368855964,0.138741863465893,0.12489688687582991,0.13174341507932097,0.16834007908332413,0.2666980942648424,0.2360293581485636,0.20395545406612187,0.16634121822644246,0.14163981058483693,0.12248762018659437,0.11986330187075735,0.12496333432890223,0.25391038109917397,0.22829156924150634,0.20181780805593075,0.16616019730582382,0.1466917078570773,0.12333467003045483,0.11470745506980723,0.11381528967001427,0.23947708064098375,0.2198258927740285,0.1982750888723849,0.16739969109273428,0.15111822797405705,0.12839445750321202,0.11635403979404545,0.11279033198253559,0.22996560960295095,0.21508827024041666,0.19708138324937743,0.17130520817547432,0.15630369603774696,0.13538166925181497,0.11966520705390633,0.11425462669669446
2018-04-16,2679.7587,0.3886597188210405,0.3218215443989747,0.2379859296327236,0.16023851317771817,0.1279969771810186,0.14198731067691645,0.17281270211721297,0.18462863416643344,0.3414330775667705,0.28056355740792177,0.21301472545219557,0.15507073693655157,0.12578754508798817,0.12884625616944848,0.15262871978360626,0.16963789841667068,0.3110845940806411,0.25420025326421336,0.20217141629620705,0.1529864929967818,0.12536442062451789,0.1223870762695889,0.13957479511723742,0.1634779053593117,0.2809574841369515,0.23808895604340422,0.1961742538764666,0.15343915028041807,0.12692575969174216,0.11808736293825245,0.12739342012963958,0.16199847410849488,0.2614739530177261,0.22985410115635063,0.19434706253700207,0.1559159074453097,0.13023993974031922,0.1155050050622956,0.11769293891466096,0.1449141479975489,0.248783952164927,0.22244392587624587,0.1938659108812683,0.15914932872827625,0.13399593737952084,0.1160546088627335,0.11196202469666666,0.11524786761013499,0.23487958258511754,0.21471112112741833,0.1904788543280827,0.1636321795908642,0.14199424005917066,0.1230887982427024,0.11337547228997842,0.11116273995592693,0.22816745757270698,0.20926461930989995,0.18815645344543527,0.1658130525535058,0.14914542270807715,0.1295224582913622,0.11825021345530906,0.11212003656449385
2018-04-17,2707.9178,0.377812559838137,0.2954929001974423,0.2261216428556024,0.15295544942890293,0.12192204847564637,0.13702300236968587,0.18255337025963367,0.20282169756101728,0.32472633413213015,0.26440300955497714,0.20625226687450154,0.14640298048809303,0.11870634075848,0.12343447439362742,0.15665350577455606,0.1745012395231628,0.3010611857699932,0.24640196099426007,0.1947883079875622,0.14315072688226904,0.11710280142951758,0.1169768707486901,0.14172106561940592,0.15698427998832473,0.2761290753346973,0.23169355752593448,0.18773056370103766,0.14364715472884176,0.1177274250990077,0.11061983247124652,0.12503197348500186,0.1505341605032905,0.2587009523515252,0.22236485718374743,0.1854633142012026,0.14776421590523836,0.1212898597872764,0.10744967782025357,0.10976201734152236,0.14144314778186756,0.24298439050861856,0.21454268693206544,0.1847698607710513,0.15112338951154672,0.1262282190301198,0.10846269680973163,0.10494462895932992,0.11503076257970053,0.2300220914619623,0.20601510656712466,0.183853234642261,0.15567728033548858,0.13477611735543263,0.1144623131480657,0.10707003891064505,0.1070847159272164,0.22091170706869342,0.2025307735804903,0.18334632259347572,0.15832772108116872,0.14164741759741173,0.12046773079128267,0.11008459127819963,0.10697954858584567
2018-04-18,2710.0827,0.37987554529941386,0.30459384724159977,0.2155367078833531,0.14816977333761394,0.11808578865305924,0.12965166427105285,0.16812523551555708,0.2091078729995384,0.3356391047919888,0.262921235997456,0.19919171955187523,0.14385904588009604,0.11622897811027805,0.12463336404885096,0.16767446792917498,0.20896935422254267,0.31266048630459353,0.24410148160037567,0.19286156996966347,0.14163231993240086,0.11508839088395416,0.11997303915340238,0.16169312123558563,0.20611366743330603,0.28199436632213043,0.22980142362327632,0.18730983423387115,0.1431335062792456,0.11615413988141343,0.10993730262122295,0.13204859532049448,0.18435734064062623,0.258763479537573,0.22109187112234682,0.1857151221338512,0.14649826604957575,0.12002499902908705,0.1059605827308925,0.10825461819080566,0.1378336526964309,0.2422150970556232,0.21491696012751305,0.18536461122491416,0.1485517539806687,0.12484573982908331,0.10568325594100614,0.10489783099486626,0.11747716586915813,0.22840660915228797,0.20724461902025704,0.1831387058377037,0.15342858002535933,0.1326280571039238,0.10919440152717928,0.10498596953204983,0.10869481234148681,0.22172956177490066,0.20153678312669943,0.18162198854113323,0.1597210176276187,0.14178860380463723,0.11561214224793764,0.10622347393957486,0.1053866726371641
2018-04-19,2692.9525,0.37638072225868585,0.297429880970106,0.22338933526296423,0.1566701532151224,0.1227717103863832,0.12752859727357,0.17216080572540846,0.1932746230495057,0.3302659934719845,0.265461264994478,0.20497017631381972,0.1514891588751234,0.12076711174438733,0.11842825294457181,0.1560285836240576,0.18305890782757034,0.3011012809260204,0.24794568890118207,0.19763754867380748,0.14944485635489801,0.11921384343054245,0.113922445064705,0.14504629642950523,0.1750577539392262,0.2745164633090137,0.23704642381786656,0.19399894790505978,0.14985831455292725,0.12004943076022652,0.11093681515283724,0.1285745153397444,0.15785731517413332,0.2615288592867614,0.2290576796490823,0.19254985040581282,0.15135870140448401,0.12247447955061197,0.10877772220878432,0.11504829349106435,0.12821521086177118,0.24944824262542617,0.22048988862265978,0.1895573081583364,0.1542147720240512,0.12625096763927074,0.10914368300432044,0.10673488924310784,0.10829952414588757,0.2316284983071562,0.21117928124565882,0.18544887295495932,0.1587797902262845,0.1353863878074653,0.11533878691801741,0.10746833104480034,0.10704190556857585,0.22320045252256518,0.20647410427364607,0.18345495718332872,0.16148539763170303,0.14218364562020952,0.11971649879861056,0.11025164184291532,0.10790292679229353
2018-04-20,2669.3791,0.3878280196426368,0.30313809865763075,0.22810435143829824,0.16647186821494905,0.13044057650806848,0.13125137089123246,0.1608836589315457,0.19248810495711982,0.33716236820503576,0.2696791850241543,0.2131801861254991,0.16074778176238252,0.12817800022454,0.12577770900775004,0.15769101161470855,0.19362973120341248,0.3052491629627555,0.25390272137270536,0.20593463565600179,0.15807813256342887,0.12656619757524476,0.12064497871894404,0.14745029373034188,0.18504484034065788,0.2817005422702762,0.2430556904727528,0.20108045621988577,0.15774892148220174,0.1273154277280361,0.11575544032996284,0.12974363811689862,0.17369601520406,0.266599001793011,0.234494923517031,0.19782291721638345,0.1585240119276011,0.13037723129919507,0.11286378378456627,0.11427138016594592,0.15648294147516056,0.24955945090878237,0.2251350034179927,0.19439981692819044,0.15963639965546578,0.13382615803625975,0.11280656188253044,0.10845100085112798,0.11292711288220325,0.23474983124238127,0.21703457036609172,0.1900984010189859,0.16153233348159685,0.14109347522023336,0.11776973780362489,0.10944787070311296,0.10813677919414885,0.2293462157440272,0.21258471664958015,0.1880331871114459,0.16178480757767286,0.1481108033928122,0.12287872350038592,0.1110248445798205,0.10973876276618601
2018-04-23,2669.8232,0.3726206281660948,0.2969827400822708,0.22142888225468302,0.16351947541407424,0.13037833512563815,0.12707653060762666,0.16667260008086507,0.19677914775194488,0.33150107088252206,0.26629206206365125,0.2085250575037994,0.15883895532968423,0.12729127533092097,0.12401628741226146,0.16026453630756124,0.19797972602832403,0.29917406294016874,0.2479205763537864,0.20179920934154535,0.15585320196621139,0.1253777466519531,0.11830823436893163,0.14249581252458776,0.18194522748907715,0.2766271573582103,0.2373516060763545,0.19859793376344073,0.15608630067173798,0.1257193592916734,0.11424221165208166,0.12733771192745041,0.15287709979306133,0.2582403831905133,0.22804606312184447,0.19558987067676215,0.15784539184430899,0.12777821454787086,0.11094028501776938,0.11458816710913275,0.1345214067681115,0.24428354715842332,0.2211644133058273,0.1931057405382343,0.15928223113785292,0.13127778209893928,0.11050611285493002,0.10755812656045374,0.11277778691149841,0.23391892934729333,0.21156121393033228,0.18971436717925141,0.16224170104251126,0.138289865360086,0.1165594628110992,0.10874676621512339,0.10887908042056771,0.2270186067592711,0.20599838777231066,0.1876381782305157,0.165077301424131,0.1415685673883943,0.12152611537552503,0.11202375956583713,0.10862488200739856
2018-04-24,2632.0965,0.3853481411669725,0.3134695725767021,0.23657833827807742,0.18262084132224904,0.1475835765955418,0.1407867312193171,0.17165122685466994,0.21021206986879898,0.3575294226173094,0.28232941825664576,0.22231827852705804,0.17529968852257974,0.14204606294051733,0.1339305601962948,0.15922730350402567,0.2037462379869245,0.3179782821868686,0.25894072052955525,0.21349575678713978,0.17042052470891994,0.13783467739777117,0.1265120879103382,0.1417612505692772,0.17631369444476025,0.2858459278359579,0.24670924427759636,0.20849438469723136,0.1682765233683892,0.13661547545128083,0.12142009899911622,0.12718983801556744,0.14541270891978922,0.2679846754835133,0.2363891262990865,0.20346995183154662,0.167589999801619,0.1377345963873572,0.11760271762290292,0.11526207647149803,0.1184951192306706,0.2518640140410502,0.2271963056025868,0.19981070043068627,0.1677915439860471,0.13939725333498354,0.11730705926077638,0.11151101736624683,0.11217622204444387,0.23767155771305204,0.21812401534934855,0.19608450177801784,0.16874536432012005,0.14240394362256414,0.1216308151842057,0.112676218867279,0.11141132252281118,0.22910121569536612,0.21156071566368048,0.192337484460916,0.1709686424104421,0.1479194038224545,0.12472155382442655,0.11551898650222735,0.1120387500426228
2018-04-25,2636.4729,0.38082890281905313,0.30318391674766737,0.23555384876960125,0.1833165602300879,0.14771694499410284,0.13339883586782758,0.14586847556021867,0.17659789775758516,0.33737405463903186,0.27620445620661654,0.22203412752646598,0.17588420001772048,0.1431971386771605,0.12939245071557287,0.14649429299626018,0.1783146656559124,0.30662499429273904,0.25838793705261137,0.2130398824307808,0.17080790513075234,0.1395133209900056,0.12441769605470962,0.1369111018919821,0.16611634249548984,0.28391185109349043,0.24636702136240088,0.2088818310774264,0.16925011347956884,0.13835966641671626,0.12133928379779217,0.12711894706281102,0.14271195596526384,0.2660952135651929,0.2368383997580469,0.20366951781449996,0.16880985666599113,0.14006906358712173,0.11898660478069503,0.11691809592898272,0.1218944790880772,0.2535190770866481,0.2283808735608313,0.1999658536603925,0.16910264098805855,0.1420183747346679,0.1185542226560004,0.1119688247942485,0.1152674384932965,0.24034158407039574,0.21693130116806436,0.1944011770322884,0.17050379760775955,0.14498355022588255,0.12428706245498061,0.11412880359367149,0.11223160854868085,0.23042323517658317,0.2092691841933079,0.19036528412454284,0.1715425307981622,0.14901081467396946,0.12865344402942744,0.11757489820220955,0.11195542269960262
2018-04-26,2666.9596,0.36841421235260513,0.285744441485585,0.2190723709335353,0.16313679954637073,0.13048633148916716,0.12564095732284666,0.1474199090692279,0.16296825735345752,0.3348532192696142,0.2616771077257321,0.2072149510986702,0.1590084116703002,0.12865770881644814,0.12320723277373515,0.14452612127121267,0.1569455186071511,0.2937470260524907,0.24325562209776078,0.1991571158687391,0.1560343884618364,0.12706060138713537,0.117821052490751,0.13059779948340636,0.14334410634913952,0.2745244959599573,0.23543489188670402,0.1969584157900183,0.15682976614014357,0.12787341997261703,0.11462848110284704,0.12106657879849567,0.13564379124086232,0.2577103394728687,0.22646799652978666,0.19336842306960927,0.1581755090649456,0.12981211704917028,0.11130072629137135,0.11118447263603524,0.11683995799893733,0.2434852380236541,0.2191963550376713,0.19081022707514808,0.16002010003901332,0.13352427724778765,0.11162122510198755,0.10844388217846182,0.10953425295985504,0.23364102522884672,0.21089331825787513,0.1875425519691291,0.16190036230716354,0.1400505991681598,0.11614395565783202,0.10955162155954545,0.1088839442748965,0.229725945952914,0.2036891561883565,0.18503071239470986,0.16266078319867752,0.14614401916661843,0.12032377778307722,0.11058505614221642,0.10831951909851709
2018-04-27,2671.7984,0.3563516476069567,0.2818169277521924,0.21271318249193621,0.15055249117592565,0.11955443050154752,0.12483888276403442,0.15676741904428504,0.17338760054287167,0.3279010604708443,0.25959332478381275,0.19983913619775184,0.1491383796363596,0.11983052401422828,0.11731085551140108,0.14166849934110873,0.17656703839354648,0.29179734880403196,0.23853511557996124,0.19063384954133308,0.14851246153449452,0.12018640155150692,0.11179908203757881,0.12880340048391803,0.17260961636253314,0.273450764091063,0.22962423365687412,0.19012860384224586,0.1511667203116527,0.12293570507407403,0.11073713463419173,0.12011653389206271,0.14923706695778113,0.2569114679372833,0.2215573762677418,0.18966150520017075,0.15383396853589446,0.12687521676016583,0.10896169036617986,0.1120792204482951,0.13710485025476316,0.241717192520747,0.21557476195454925,0.1881616770910314,0.1560693852620237,0.13084549278030547,0.10998440761689379,0.10791525992460264,0.12076291928124369,0.22921669977578876,0.20824784634731175,0.18743797867662268,0.15790496702542292,0.13768059311598532,0.1188554804055949,0.10838620688190206,0.10816409600445986,0.22454521893053253,0.20386858068096003,0.1878253776700617,0.1589322867197579,0.14274285994998961,0.12795970603647067,0.11276241248859611,0.10865190869175761
2018-04-30,2649.1694,0.36264024801695366,0.297015201409793,0.22252751464312698,0.1604480895048263,0.12916901481201948,0.1296019152729512,0.1637408852319616,0.19135944881451758,0.3407784528611594,0.2732298083024041,0.20389155016921381,0.15471594891483287,0.12492935991295996,0.12156282327215685,0.1516434595887653,0.1751858113827917,0.30015371218457215,0.24120474053293575,0.19424766743081404,0.1526929078503783,0.12387022865057697,0.11494938817013306,0.1340633750006405,0.1649869626163657,0.2766690549606136,0.23143897684704814,0.19436333565768124,0.15573943405013782,0.12720999239933217,0.1136025819645404,0.12433769061034135,0.15716718141586863,0.2612198427278558,0.22386529369948358,0.19268817765986698,0.15785197585313274,0.13079097467016457,0.11179412348843923,0.11168829168574604,0.12293326413009634,0.24873737271338817,0.21814707327650631,0.1908576703836588,0.15955581740363323,0.13504951655465777,0.11328629917482265,0.10958389726817738,0.11391402808473289,0.23558424487486102,0.20991860106532995,0.18875328554636503,0.1607499610253074,0.14164152185970602,0.12067152870588234,0.11183891836626549,0.11169860902936417,0.2250271580585657,0.20334594800049424,0.18837335092552374,0.16253894469782015,0.14589000960162343,0.12517208821339462,0.11278172315007919,0.11057830758203409
2018-05-01,2653.2865,0.38443812246440134,0.286589338443554,0.21148558929976763,0.1567795423309042,0.125120601023513,0.12679762802032418,0.1608846849344552,0.19523031486450676,0.34585020760479546,0.2568984419702427,0.19677200902177236,0.15122213625324504,0.12154183092844051,0.1174713699151577,0.14482810617545244,0.19523031486450676,0.2883389711910931,0.23511003057774735,0.18965953850975947,0.14955272060607838,0.1206043463195184,0.11078475299305009,0.12493725035663203,0.16301380195411333,0.26859388925701966,0.2279090637268662,0.18982068494353968,0.15180253433486818,0.1238870877259668,0.11028162340702415,0.11935892387079759,0.1345297414886962,0.25286445124758405,0.2198212679754822,0.18737470279828752,0.15376542147001998,0.12785374699216084,0.10946185778112091,0.11281651260222376,0.1294022530345611,0.24060763868520962,0.2138710230572118,0.18638596190684137,0.15801128169103246,0.13232098337971843,0.11078019224169271,0.10750267081273569,0.11882977004418437,0.23069657743447378,0.20738001388941232,0.18577091643399202,0.15933812046866225,0.13940312571813013,0.11611561681915658,0.10904408501437887,0.11159695365550786,0.22268851291620223,0.20136285272349275,0.1856456394338904,0.15980399421612543,0.14520659468305602,0.12014187988558088,0.11162090833569686,0.11059239617139477
2018-05-02,2633.1232,0.3684240607841678,0.2894198008250211,0.21373497176872197,0.15902125990841603,0.1295387413122226,0.13029004647253173,0.15669298100662046,0.2658999779785207,0.32359017232302484,0.26046844131130226,0.19960870395779248,0.1531356640450717,0.12500186438150387,0.12047855173982307,0.1364000534853439,0.17938824668180064,0.2919629687796666,0.24247745810155846,0.19373741441387102,0.1516029573609049,0.1237113471611334,0.1149187489394554,0.13061732435013026,0.17389039071369258,0.27528869808906575,0.23445684384308474,0.192980195196761,0.15457068961111264,0.126131495636107,0.11364976410768217,0.12409342779254295,0.15529435324227178,0.25617790435992266,0.2238765273643576,0.18936629540554953,0.15674731886737167,0.12924559540271377,0.11171776962163721,0.11433663454089732,0.1286749935126265,0.24293614666574342,0.21592147570063847,0.1887726731265727,0.16007964816431083,0.1332831364785969,0.11220133986103357,0.1101016455666785,0.11738265628439655,0.23252770226157388,0.20792242752556028,0.18737844003799126,0.16219098760479964,0.14283004109183767,0.11711580095288394,0.11056531587381287,0.11427162827232261,0.22260603816145583,0.2061801738145523,0.18377840444913662,0.1629413303566945,0.14959495846542192,0.12359700868972465,0.11228176140273068,0.11319348437004113
2018-05-03,2626.4245,0.38654170450355213,0.3043536431281113,0.2242998629512699,0.16499183809629675,0.13140413018731043,0.13088059883729067,0.16176316715740083,0.18693330815712617,0.3414887674156128,0.2690516158741567,0.2059542904411489,0.15771470216822192,0.12740019456457613,0.12101363560515273,0.15109019227929987,0.18777014277839876,0.3008412836216962,0.24367072302681278,0.19810451248116703,0.15615445049332416,0.12703615453651576,0.11661383557048749,0.136182879438019,0.1839977700189146,0.27747571297849905,0.2332515388579146,0.19555571034543182,0.15855550135101,0.12952311151251736,0.11517268043254843,0.12243216804049671,0.16606949120635414,0.25466573019403305,0.22349500279526976,0.1920007379240178,0.15972480551506427,0.13133508488468704,0.11340825985952405,0.11260320229513109,0.13529438975976235,0.24348780866177375,0.21720866961397992,0.19004898864898875,0.16166519114072994,0.13482334160772275,0.11496437341254906,0.11108448198776914,0.1197329029973827,0.2330972786761708,0.20958244951008423,0.18848972256208812,0.1631721352261687,0.141003190738217,0.1204049409458203,0.11171924311131959,0.11269994945466469,0.22406513407623696,0.20441955367078976,0.18896049475558802,0.16330841849852598,0.14561168030533403,0.12466839492737122,0.11244418107593437,0.11068689150380465
2018-05-04,2661.2716,0.3706512358108954,0.29048243360300535,0.21516378735113553,0.14819932234575173,0.11748591550929847,0.12567312899652264,0.15508660687636788,0.15508660687636788,0.32549134978935995,0.26043907941089284,0.19583500407662255,0.14316817733622703,0.11518531376271579,0.11586618684442412,0.1384376635682213,0.20296101315426063,0.2955195662337054,0.23706381065598683,0.18828082287801942,0.14423549751306744,0.11673257403749704,0.11262562177530121,0.12859042932916734,0.177885749734609,0.273315744439104,0.22618671323547676,0.18714788181490083,0.14865544615800058,0.12088643630203419,0.11099047042009884,0.12036235314030247,0.14713475941457435,0.25496578333481373,0.21858958080823349,0.18491578059852684,0.15108583782104137,0.12508815911540858,0.1091595370865783,0.1113739363414248,0.12379459256399901,0.24244770796118884,0.2129645191552078,0.18474276275337148,0.15427147035029695,0.1289080997261152,0.11006615466745631,0.10794445401121822,0.11993817209642368,0.2297950852133644,0.20584328413425518,0.1849323566609086,0.15794050279432373,0.1337970036848079,0.11496338961930583,0.1087272773447202,0.11168600013120701,0.22104342396735063,0.2000512797466782,0.1842932302799579,0.1596881160253453,0.1405921050343717,0.12036172699289331,0.10982733383032177,0.10810365538129922
2018-05-07,2671.578,0.3726561405986883,0.2773349561894204,0.20792621111713697,0.14931059712990497,0.12040240757562373,0.13045548502830823,0.1709868871532079,0.1985422889621448,0.3150245821524063,0.2475541761240662,0.19142588294193172,0.14370156781809812,0.11682612411886098,0.1153028768399194,0.13568338210288,0.17718964489683584,0.2914892269764409,0.23615521147027796,0.18868216900499757,0.1446227707116815,0.11839420483327606,0.11268156503696153,0.12723361726929386,0.17856173059404762,0.27245292957701106,0.22722604900719584,0.18649932349791182,0.14806302259714432,0.12126266012325007,0.11038304408734814,0.11837160635028167,0.15406990056356987,0.2577135827923737,0.21789433885162937,0.18475662347924848,0.15068984729629648,0.12406304412219595,0.10827517531620265,0.10944965944293808,0.11696113695824883,0.24564610916671187,0.21076577738607546,0.18460665339267698,0.15466039664388798,0.1285103847993716,0.10977194624467403,0.10687522443531147,0.11004086341885551,0.23110246137026946,0.20278690907745042,0.18333866448770625,0.15846824655793754,0.1363595373284584,0.11520377126904437,0.10825239427535543,0.11003650299719785,0.22155457351871957,0.19767164598100753,0.1834224678604792,0.15947941743163882,0.14254643708165177,0.12132629632979158,0.11074624875101428,0.10954114326427586
2018-05-08,2669.1006,0.37026895421428724,0.28761204573997246,0.20801305132107312,0.14668769577935006,0.1177671525377907,0.13016214114503313,0.1772592163334053,0.2058944190245633,0.3081043317323622,0.24529540957913204,0.1896432578027905,0.14223907694709428,0.1148223530265798,0.10994785840780592,0.1254943210536336,0.13388061157244696,0.288120680575857,0.23532605555318528,0.18835059415659852,0.14415388338559615,0.11701813645900144,0.1099424778670302,0.12238476506830548,0.12920155709096673,0.2699700025148732,0.22597548363477812,0.18721139435201367,0.14773809113304953,0.11973445789254347,0.1083616848060676,0.11432912251585696,0.11954310253925322,0.25566626553798943,0.2169978027406473,0.1846866716884843,0.15035601049792624,0.12224845739270157,0.10691532241036733,0.10698851445778058,0.11368100116605975,0.24439254327293053,0.2111769371833218,0.18372241150836977,0.1534418184583077,0.12582450104677043,0.1081059137614109,0.10582603384262065,0.11064227672744903,0.2279374970052701,0.20524774076603228,0.1825667873131802,0.15545826000335292,0.13633991846453059,0.11317107557751825,0.10668744914414428,0.10879047764827914,0.21891650917118233,0.20296029583419803,0.18103517531298424,0.15721105849901001,0.1433725866552031,0.1201594792881985,0.11028769912733447,0.10911931333862314
2018-05-09,2696.6044,0.3521701634734896,0.2660238566522114,0.1967402066955177,0.13395197174762097,0.10757171103240487,0.11871355597740144,0.14868787393955818,0.16238463252725474,0.30151454098720404,0.23959127320004503,0.183140232854222,0.1315267814076714,0.10661979444995921,0.10986225751287183,0.13486710056596513,0.15618541204595981,0.2844086909897457,0.22860183553191707,0.1793231091444692,0.1337317974789848,0.1101252511689987,0.10918577193950256,0.1306353959809032,0.15294698577811822,0.2630041128224038,0.21764860860407093,0.17778768240463466,0.13862136207090606,0.11348337975181047,0.10523342325795315,0.11972586034564153,0.1372234656935932,0.24491455651263702,0.20895096297575966,0.17664454986922407,0.1432242111543357,0.11720641717417775,0.1029892836693646,0.10692307101191505,0.11466242785257474,0.23396976869790398,0.2045152373902343,0.17721581122087854,0.147173699673398,0.12189660666325394,0.10567495103239828,0.10349278020786563,0.10970800138608093,0.22076243533174933,0.19998857504764375,0.177946430893683,0.15143288280662182,0.12973848564289164,0.11213790440318235,0.10490846224290772,0.10565545098930558,0.2117955631108682,0.19682234835843399,0.17953244933635332,0.15359305011988092,0.13510881094608718,0.11573056928347701,0.10689211225459967,0.10515065385097538
2018-05-10,2721.8393,0.3516350988251315,0.2640341821866635,0.1945833734014004,0.12983347227329634,0.10495965097561816,0.12403964232908092,0.1688525871919297,0.17462343782014983,0.29594140835020116,0.23904340594098344,0.18039694541128204,0.12624189479346437,0.10304914033859938,0.11095843834174296,0.14307509301300475,0.1642917127003199,0.2839781397486051,0.22650291482726823,0.17594176227590583,0.12847139183852,0.1059529139814077,0.11068712320121941,0.13775373304750904,0.15945559680685975,0.26114882313317206,0.21363914882360063,0.17222774020457812,0.13173892003359103,0.10852062825960554,0.10374547329568051,0.12410150672589348,0.14270283316861082,0.24239898834840828,0.20578607325955486,0.16971939358658292,0.1349926276997464,0.11125739641079635,0.10001937034455433,0.10804496814566994,0.11791083498188244,0.2289777684540997,0.20149133414711098,0.1708935959174154,0.14047373539266275,0.11652327843619614,0.10175981916767511,0.10233391386511796,0.10788295652286642,0.21720605179656666,0.19562542249625742,0.1725228396500555,0.14750996403051195,0.12539229155954917,0.10747817546937558,0.10290268019587862,0.10511740420563605,0.21314293908110785,0.1921090463272648,0.1721983364844699,0.1516560193325496,0.1323460445871238,0.11173035410802468,0.10603016997256572,0.10446568399086335
2018-05-11,2727.1971,0.34472234104792837,0.2638260712281689,0.19521083786822033,0.12506107891082524,0.09917385498461768,0.11530185684297935,0.1500315829942225,0.15585591111961647,0.29758556728323515,0.24278927946513137,0.1823543440099016,0.12235930091092233,0.09873074453293894,0.10602973477347423,0.13670911874985392,0.15210762749787293,0.2841230416109035,0.22783951690640566,0.17415309286041564,0.12459992788430181,0.10132364331380886,0.10324089241631275,0.1323368109941823,0.1510848711251681,0.2616222839233565,0.2105678787237487,0.1703608248409796,0.12859736626562374,0.10413981363779608,0.09897778147193254,0.11596151579713976,0.136887093801415,0.24202112323624456,0.20267825365105535,0.16936843664529097,0.13297104835727672,0.10691498831494517,0.09704334269178116,0.10349260528221482,0.11186637812735,0.2287343907246313,0.19941943517407806,0.16954189715402496,0.1402039493945693,0.11301598676303633,0.09947747307128627,0.1010092963998997,0.11024926373496095,0.21692791630239563,0.1942366521916282,0.1701843498681873,0.14691871156743116,0.1252467059396588,0.10629091419110193,0.10213556635185256,0.10948871687703515,0.21376796187920016,0.19008593835503457,0.17194924105394932,0.14858241760155347,0.13470399295234917,0.10987764949095877,0.10353558398396892,0.10850842347353053
2018-05-14,2730.1096,0.3565132215246348,0.261685231721387,0.19006293546148678,0.12418005833647712,0.09807375961084383,0.10882303571275652,0.14658208044046422,0.16003233883365597,0.3097279620146368,0.23711728454209322,0.1798230926954431,0.12195649395170001,0.09797905145313655,0.1032635156417973,0.1360827052966555,0.16003233883365597,0.2875726616853041,0.22448756146586246,0.1745889875170718,0.12398266228077993,0.10010804091287155,0.10155041340610048,0.1283643988456618,0.15636192993308454,0.25650243663964806,0.21092741005748572,0.16796524706962984,0.12493436484495579,0.10136344570708525,0.09691818711284379,0.11241118553692425,0.13263498207383065,0.23996973165929944,0.20350353894366704,0.1660900148180028,0.12682372435372652,0.10392741566337524,0.09505270729959371,0.10182410046769692,0.11172539324323982,0.22720284540361124,0.196971743377766,0.16675356261720936,0.13291043773247604,0.10985117465098286,0.09780507837402767,0.09876914368453665,0.1073322308524441,0.21425789250396213,0.19020791930580844,0.1692856223608987,0.14137643615228093,0.11961389514291579,0.10437702070136239,0.10072186858111361,0.10705546267196031,0.2101487800692975,0.18707052074401984,0.17064096652412317,0.14547072750922316,0.1275784381041994,0.10950949896974034,0.10445517279471762,0.10547977080311202
2018-05-15,2711.0846,0.3776936154447121,0.28116551098824444,0.20455831950831735,0.13743628722996226,0.10631212066601832,0.11002610350092161,0.16507630066623405,0.21330087863505673,0.326350914781386,0.25417788119231877,0.1918080012569904,0.136466151252281,0.10575104640831648,0.10469250944109022,0.1333491539306063,0.16010773480602444,0.30568306323863015,0.24019364832013673,0.18689967333340246,0.13711459382103963,0.1065608305633105,0.10275369633251222,0.12349177231132669,0.1416527857139119,0.27188351604395616,0.22209934529190123,0.17996842803063595,0.13650094701189378,0.10694853771402581,0.09821623556116776,0.11287188535290411,0.12702755488611103,0.2524882483159913,0.21253733591794588,0.17774194270184823,0.13821807215106643,0.10974812951914943,0.09676173710346817,0.1045221799364129,0.11941175853944488,0.2351381407212632,0.20532260741437128,0.17739667126807743,0.14241489076639668,0.1156106373980283,0.0993936144646688,0.09932401693922058,0.1118033406103166,0.22160104313573595,0.19826166768469683,0.17452179818566158,0.14762892068414762,0.12324082464361204,0.1065936741740848,0.1008624982026925,0.10777341782451712,0.21458066781471963,0.19444200568021106,0.1735324900120935,0.15213892948380497,0.1303163511206863,0.11029526143299355,0.1032568149066233,0.10692883504832384
2018-05-16,2722.4865,0.3569357691651376,0.2687272836436175,0.19902197431883675,0.12578482151885928,0.09765344330913088,0.10511581337513878,0.1346722517907151,0.16304134159759384,0.32141674364822026,0.255130506917696,0.1870496943273052,0.1262890743203091,0.09878273087192743,0.10345888301346942,0.13153145074222417,0.16459466009599133,0.3067499718935312,0.24109439781342945,0.1793567819332569,0.1289909878209237,0.10050239648452593,0.10145157242692332,0.12701874704056698,0.15912640806282402,0.27382974459031445,0.2174242875966039,0.17297989390870863,0.1304572518432363,0.10169323840828563,0.09475816912410724,0.1116020711534754,0.12971985869132327,0.2516575409048672,0.20742453171872255,0.17351335097468853,0.13349615178466856,0.10435301944891662,0.09322648017306392,0.10032518107005393,0.1090675617359889,0.23482861416382972,0.2006378031992078,0.1740997199712111,0.13964035031732946,0.11153892848308594,0.0967861600786038,0.09743783551068441,0.10440184392323544,0.21700136494401354,0.1948404557636232,0.17191384475110874,0.14420283987816007,0.12282696453967117,0.10473868757998311,0.09891892584071853,0.10304749303640749,0.21132774676764562,0.19103563139257337,0.17199360946627157,0.1465181425667144,0.12949747394171063,0.10978857465628196,0.10050560887459284,0.10279426931031904
2018-05-17,2721.5596,0.3687998038267179,0.2740739776606972,0.19122162117767433,0.1228778192147677,0.09583627402879857,0.10405492430611048,0.13396000555301057,0.14451999952306735,0.32275943306961224,0.2511827272999222,0.18128990399446615,0.12454644788894012,0.09684291535581396,0.09843383756714749,0.12283186199044328,0.13551222062016882,0.2968349551608741,0.2321146232170738,0.17599522188997532,0.12703311576473084,0.09829834195147852,0.09546923891285224,0.11749521134022835,0.130673511306622,0.2663585341957503,0.21199802329189626,0.17040334540777316,0.12869990807104723,0.09960095222387436,0.0922945119915093,0.10839223388711756,0.11978357781340995,0.2469506811030262,0.20345282596334763,0.16919203177959435,0.1326412661270966,0.10342217912716538,0.0925041931814347,0.10153010801789039,0.10884952699600685,0.2311149275790392,0.19705240436316626,0.17056803909444548,0.13783042044682656,0.11035229347823275,0.09574563315987954,0.09738586670268365,0.10490762749812953,0.21634293134423055,0.1926828007707469,0.17199310768571985,0.1431544580890889,0.12086823935757615,0.10384962109155611,0.09912803872978337,0.10466805593376396,0.2081523352816923,0.19134579698381354,0.1707791988838415,0.14921488697461902,0.13062964996780338,0.11097095449398849,0.10256104373775447,0.10275780974858252
2018-05-18,2715.3206,0.358306362661252,0.2675897629467041,0.19615652040201434,0.12330477089114741,0.09508933455902258,0.10041514509151576,0.12909436176744662,0.14462849687415325,0.31375793484563796,0.250669799398382,0.18580210954814944,0.12589787092377633,0.09664260580936267,0.09922889465221396,0.12705724466350296,0.1423989791731656,0.29736552214481443,0.23457368705095685,0.17912411398149353,0.12865360269442783,0.09847853309600477,0.09751991339496588,0.12020647009471702,0.13345276666836664,0.2687527301915545,0.21509894807766722,0.17338868236258012,0.13061688911005168,0.10025135369320863,0.09403805364834576,0.11079513521361573,0.12198077437012655,0.24845830073654326,0.20589912274215796,0.1717309466726073,0.13338172367940837,0.10363093710924896,0.09268305196431878,0.10199044959652052,0.11537550018109988,0.23237989879297913,0.19999138086374124,0.17251727037956568,0.13943389967439798,0.10995385696685062,0.0943639106692526,0.09474730689462277,0.11537550018109988,0.21923569941381973,0.1958795749531122,0.17270456671549878,0.1457655646855793,0.12417183102560227,0.10285865792125502,0.09994314655029103,0.11537550018109988,0.21324590175241978,0.19232375629323084,0.17309439952920003,0.14937052185262226,0.13342936925109394,0.11200253018511129,0.10412205798223283,0.10218659028727288
2018-05-21,2734.1268,0.3651258592635503,0.27103144378702826,0.19407300131022034,0.12273198069410167,0.09547253196958322,0.1038657488731382,0.1479441584520665,0.1770293066675545,0.31420176861677607,0.2493637310450484,0.184073847922646,0.1236446181955268,0.09680459750197436,0.09850383398548665,0.12826541225695284,0.1770293066675545,0.2907880084251455,0.2329657190672367,0.17716182627909932,0.12418797865323747,0.09725008940470167,0.09509090897008436,0.12187672853298927,0.1566497262793952,0.26358246547597175,0.21349022402846027,0.16971282905129764,0.12503792032859315,0.09807031532799068,0.09234013486106382,0.11005633273294682,0.13421808076580938,0.24203717822089119,0.205066941712006,0.16736897099643874,0.1281646453885652,0.10132524041615103,0.091081301703932,0.10107554467872695,0.11721015411814802,0.2285752997205618,0.20091504342788144,0.1673048515486229,0.13362825510775753,0.10634558891602917,0.09255166188529985,0.09438862560433672,0.11172770568061519,0.21771720738603664,0.1939265516990641,0.16782500773840373,0.1415210516417332,0.11873666725545362,0.09964759595157066,0.09626256311377038,0.11214023100145837,0.21342245611302438,0.1878385840712847,0.16820891280402522,0.14549088791736467,0.1291414578761005,0.10444343159109935,0.09867950700679433,0.10488304193682611
2018-05-22,2726.479,0.3616776199433521,0.271293872146753,0.18644280465411747,0.11892995268607685,0.09488557070518548,0.10291338716677773,0.15886699704602122,0.1963276882861377,0.3275940966027448,0.24917851335529956,0.18213061825624147,0.12336466395250636,0.09733306075699229,0.10051476127370043,0.13849362952642907,0.17333931117359413,0.2976569764689176,0.22752708241938815,0.17497463333050287,0.12499045859740529,0.09769388098456584,0.09583499479972064,0.12544709030844972,0.15047544713077285,0.26577566550669685,0.21249157378896552,0.16996772297491705,0.12642346592901685,0.09850469791335019,0.09219038661133132,0.1102409579714962,0.126301819542697,0.2476425069992982,0.20587616318339344,0.16955176981392206,0.1300031724020684,0.10193832236780141,0.09127523439868203,0.09932035821509315,0.11713217100024877,0.2322446000472894,0.20000781004253018,0.17047879328985194,0.13644675993586564,0.10701157290502898,0.09333438654116617,0.09632809097973255,0.11249236424387639,0.21891384620226098,0.19524500267708947,0.17123800006506038,0.14435665946205598,0.12015893780958534,0.10022439469266432,0.09672005448792424,0.10665736332547329,0.21248852304446122,0.19186755834993927,0.17343052524516137,0.14860885827788287,0.13134520257767215,0.10829832190692754,0.10002476220877088,0.10489442648540495
2018-05-23,2733.7726,0.36301215976722623,0.26428472768085226,0.1863374534663738,0.11826950643786217,0.08900873697092428,0.092866741636707,0.12248328237585884,0.13778199859077012,0.321341502591393,0.24631311885358234,0.180731890325891,0.12073361691798408,0.09150349063990909,0.09459958481722312,0.12224026175780299,0.13512120834091906,0.2911101528392188,0.225843136279731,0.17425799501173186,0.12076583646369038,0.09189550225422215,0.09027268017714961,0.11235061977679786,0.12303666045110422,0.25431458295269305,0.21035504817925,0.16909494154300628,0.12198317960871201,0.093777783855708,0.08690876662277496,0.10431036215655369,0.11740679501565914,0.23629218568889798,0.20287429232416063,0.16773037338948477,0.1267879947339581,0.09764562011194644,0.0872623384004246,0.09934503978411104,0.1139119519135217,0.22307473089964125,0.19744869145597274,0.16770987474630453,0.13480609368186278,0.10430673928470276,0.09054983560983645,0.09508829168504368,0.10335639383867705,0.21384299435642112,0.19316565742447558,0.16826525626111746,0.14329871300691557,0.11844330925138218,0.09848675011497694,0.09528668575311273,0.0973002145380898,0.2106183210768243,0.19137576618197072,0.16782627570652042,0.1487379267969773,0.12838219528176079,0.1047849306825335,0.09636080356791062,0.09654371370170631
2018-05-24,2728.253,0.3592893135374961,0.2752837953974339,0.18612523418112595,0.11641058524774889,0.08758191029313393,0.09678069746151156,0.12919802808307368,0.13808998254639698,0.3215758417564236,0.24851587041102968,0.18141103417722326,0.12021081832781283,0.0898319815797297,0.09723632580821266,0.12460892537185837,0.1335986234975153,0.28873981145527905,0.22533585659095062,0.1742570252328081,0.12134025528828438,0.0903344097786111,0.08846904756755464,0.11509081495548525,0.13420611892404452,0.2542898042830255,0.20951602641863817,0.16929355994189121,0.12287484620679295,0.09274047536290654,0.08481111836770874,0.10666726496814133,0.13420611892404452,0.236592056454591,0.20309266272987264,0.16911090870753498,0.1267925494958499,0.09738822106065956,0.08669235289510953,0.09359019872568544,0.12534863724181716,0.2245216327153662,0.19882776230838176,0.1698626725645692,0.13235666357512174,0.10376206739274602,0.09083240035320016,0.09152698353407915,0.09779105652039374,0.21660106621755582,0.19394718753425372,0.16945522512189085,0.14061306034466553,0.116797127123327,0.09948485644042437,0.09586001198682985,0.098557861691235,0.21430003051333454,0.18989746339261535,0.17012129506250379,0.14659930294221454,0.12915203828581984,0.10593554965152341,0.10081797864007086,0.098557861691235
2018-05-25,2722.5313,0.3640153695967592,0.28033553741822564,0.1988308063474922,0.12249606643769884,0.09190951781302006,0.10362279789616832,0.14442498907255838,0.14442498907255838,0.3347598321565579,0.2567073623734021,0.18679647112815312,0.12352091713599099,0.09228853097310585,0.09828559932776743,0.1389070470197628,0.24598443223115213,0.2929664649976349,0.22912515081576906,0.17644252119589862,0.12296304609104325,0.09166404593728274,0.08906808180362742,0.12274975597657821,0.17924456378848438,0.2621500676524222,0.21266650336006113,0.17186251965835378,0.12390119108357035,0.09399341316192951,0.08623889021897999,0.11063491341206484,0.16087843745189181,0.2425322821028003,0.20545723894554477,0.17099407629743416,0.12779386575316537,0.0994815555628483,0.08798651085828652,0.10218686355209959,0.13426448182409356,0.22756530051936485,0.19989454918730598,0.1707210916090693,0.13487202412622717,0.10717503765199288,0.09193573862105489,0.09853141677876802,0.12130537932974533,0.2179738366230838,0.19493921649909896,0.17150641785810933,0.1439935969008377,0.11934979721685379,0.0976839900765714,0.0969501410565062,0.10673815683796786,0.21248491994143826,0.19376535880536197,0.17270552783484874,0.14775520447736176,0.13406208879510836,0.10384570536022139,0.09660144712785278,0.10140246443311955
2018-05-29,2691.7242,0.4299524875197565,0.3325639874379994,0.2403749370761989,0.1633542284139226,0.12260685865267414,0.12445688366128453,0.1576864470987165,0.17161760354078623,0.3890095701211019,0.293909159366512,0.22061541922752262,0.15630698852366465,0.11738985856507399,0.11343268324043211,0.14424849936697412,0.16275937570329166,0.3182899886755392,0.25645048015792576,0.20457742932537432,0.1508925530219891,0.11295363956853295,0.10156582242149602,0.11893915005714269,0.1655560773160463,0.28251097364642225,0.2396090246446873,0.19670628029774345,0.14792758042335874,0.11339973132281828,0.09945163477532279,0.11208084685447788,0.16097391147514656,0.2609916249711462,0.22644543572676232,0.19109568072179603,0.14821462681934328,0.11606664559631365,0.09918062135443656,0.10477292697164392,0.1363455115408724,0.24288246824488427,0.216450602513571,0.1871143206297494,0.15135662298342134,0.11982683604311462,0.1016386788615295,0.10198905614376372,0.11984810859057274,0.2301851396111036,0.20709589802905504,0.18298144689960152,0.15545233878552694,0.12974378532315445,0.10776291792913788,0.1024548604656711,0.1064484623731127,0.22420904409341227,0.20081346918634993,0.18198891767451386,0.15863317120211992,0.13723440834944917,0.11329884156998904,0.103708501812559,0.10475771970953186
2018-05-30,2726.7564,0.3905486141431994,0.300463485491952,0.2179368048554821,0.13872382078359088,0.10434887381080923,0.11504444334055108,0.15593852688268695,0.18156810143232646,0.3476868142315212,0.27315636997673204,0.19900185477503657,0.13395617635809506,0.10189749845913675,0.10412655983055297,0.14373943701952765,0.17149155458061563,0.30137548194119856,0.239935774826924,0.18645070726076526,0.13191931773804075,0.10037357740826466,0.09661138099790118,0.12351692201680649,0.1693959936990163,0.2807186163491454,0.2269175012757918,0.18173317065182995,0.13380479237696435,0.10228300511067938,0.09573718115948036,0.11558175247445009,0.1605591985980325,0.2599178322141741,0.21657761200423972,0.17821271006260359,0.13657725866063122,0.10610770727160673,0.0958008004907691,0.10688645686932614,0.13799467477435415,0.24043999096073687,0.2073905808830206,0.1779389389283883,0.14143420511593346,0.11192828751397235,0.09860752177448931,0.10030063221146124,0.1190950137900059,0.2250804647984428,0.20143339891342357,0.17921130386467568,0.14677783963527583,0.1225682326949488,0.10381153862256423,0.10091046798357574,0.10968944073894935,0.2177764084515767,0.1985904328850987,0.17847120314373452,0.1514579709634952,0.1322959139343647,0.10921568120539342,0.10342172963642439,0.1053220788713247
2018-05-31,2708.3331,0.4127511683082234,0.3096647271894731,0.21927106167874838,0.14438643856496358,0.10774547770715288,0.1104416988161405,0.1459462177982535,0.1650524325320094,0.3636368568139216,0.274553196886232,0.20174925224459658,0.13970197260994352,0.10476561200869762,0.10154402612102703,0.13436804901013424,0.16594296516118986,0.31039414514855046,0.24275891644142844,0.19044532539747566,0.1379951516633339,0.1035196006797173,0.09580348583605353,0.12654354735712264,0.17228902819725073,0.27875332919617424,0.22852562452175798,0.185518902553674,0.13815253830002486,0.10569772113627893,0.0958082744948944,0.11442656891993008,0.16888714589326606,0.26013335031280305,0.2198121154245742,0.18215626611011615,0.14065433258699955,0.11006532020281422,0.09730716778602388,0.1058396312171164,0.1380026470206812,0.24254759091522846,0.21164671301480104,0.18099562163575203,0.14538657027490295,0.116218018930131,0.10048656148299144,0.10148317257908977,0.11187447575516181,0.22591731940471566,0.20539145585961785,0.1811404824467808,0.1518120090090897,0.1268781784048018,0.10606626918046994,0.10263316420816247,0.11045264285307041,0.21784900272997224,0.2023233142625362,0.1792692343351689,0.15704719246578128,0.1388432188153058,0.11016259268635847,0.10322999680777059,0.1062331579414039
2018-06-01,2735.4326,0.3932972844857236,0.2935717218422552,0.20552089545823884,0.1304866439240593,0.09888663381422108,0.1189756200310387,0.15645145518544043,0.18339103555064662,0.33402966794894073,0.258723423930494,0.1902821979761827,0.12690828309242555,0.09521301926198843,0.10132735941531397,0.14047177406845796,0.15880728712343933,0.2868107661010916,0.2345050741349499,0.17912496798893368,0.1261244642770806,0.09521715302987512,0.0927427841494265,0.12262089980158555,0.14979319323994728,0.2699363748153729,0.22128557460174858,0.17456313982672636,0.12844826309801521,0.09914973554784619,0.09310462235807641,0.11181722346638762,0.12771335973961506,0.25024702030226725,0.21182863710732303,0.17219591593071512,0.13230731493122141,0.1048355436935397,0.0941310564454177,0.1078187213574943,0.12040365542906326,0.23226109739825707,0.2053204343927039,0.17224989941375757,0.1377841804773715,0.11147968898580699,0.09709000432019402,0.10027059797215868,0.11112381454358825,0.21891561731617545,0.19870200911704028,0.17352521396171056,0.1437536018955994,0.12312739967125015,0.10299688325627078,0.09921374082526116,0.10871395601500408,0.21319708790020098,0.19482372082543123,0.17504466537929605,0.14731584532639042,0.13091805645042823,0.11050939245864154,0.10079850303396737,0.10332263232126247
2018-06-04,2748.9436,0.3926492524993997,0.2927621976153882,0.2071466904846547,0.13006211034612178,0.09770656063807699,0.10496132646886915,0.16589532598710513,0.20075634045582819,0.3213176073696287,0.25304612367896995,0.1865305115601876,0.12354196209261818,0.09232500894970994,0.09189420428914331,0.1288641132866538,0.20075634045582819,0.2855881439998413,0.22849264362720242,0.1767422868314641,0.12184731394956547,0.09265253052939329,0.09041890465194552,0.11977013881437153,0.15116282096310302,0.2669036891551698,0.21613338913466415,0.1720955986601063,0.12387821965516674,0.09675141885160961,0.09123385884615925,0.11020710155121036,0.14873811114581237,0.24300966251125666,0.2058715801536533,0.1689204742138957,0.12824653572237701,0.1018148695913356,0.09231494376720313,0.10037570263770143,0.1491212666618854,0.22722945956159765,0.2003999972174855,0.16793719462065643,0.13624671036124017,0.10920700222252626,0.09557582635806446,0.09724930592123605,0.10674598451805446,0.2165001770504304,0.1936265470468542,0.16828655257546193,0.14349236066084742,0.12000833446283986,0.10129799844295725,0.09844108854773993,0.10189364472549983,0.20992957364690054,0.19143194561190321,0.171179385304321,0.14780964156972273,0.12823778419343584,0.10616386634746887,0.10016416635363415,0.10189364472549983
2018-06-05,2751.0854,0.3877013639201971,0.2872331395934707,0.20506212634112378,0.12814653865762843,0.0953930151905152,0.10510669603589125,0.1435967444784016,0.15827580121679402,0.2998363725017784,0.2507406868639663,0.18489013474629146,0.1228158142120157,0.09120669429086171,0.0928588455270716,0.11671013358565246,0.13278692439279197,0.281209336972202,0.2294813772166511,0.17523118955921424,0.12203135852786003,0.09183005152474405,0.08938693371070199,0.1064933860423828,0.1186222670878188,0.2686208713112731,0.21630742319183685,0.17100141385981402,0.12376151437363975,0.09573622914290159,0.08960943507700418,0.10335484622128899,0.11440082240934933,0.24733646622427388,0.20429834742076233,0.16914102396126557,0.1291269021594954,0.1015493514111645,0.09151672037913522,0.10187105436176185,0.11130389155897381,0.23128932989913406,0.19858913915767615,0.16932327376298878,0.13665093036267217,0.11011105579390391,0.09578554516477343,0.10124677488960195,0.10884379936362427,0.21657139489985036,0.19424396188101,0.16989270118927308,0.1422980256580883,0.12036608551980323,0.10021805602529396,0.09962786644264046,0.10712893019352511,0.2079362938799342,0.19175213563025578,0.1705591366864061,0.1474217410058866,0.1294301002697743,0.10407660982245155,0.09988058652531903,0.10360726135257294
2018-06-06,2773.422,0.375604490057971,0.2837000821286499,0.2029240163113547,0.12323262917928386,0.09015148288250512,0.10282007278611344,0.13950117667935422,0.15297805078534632,0.3122843928728189,0.2504276045115864,0.18145757251339723,0.11577973417978024,0.0860243302208636,0.08756986399687655,0.1116293713698307,0.1250509645828625,0.2863039200543882,0.22800066602150204,0.1707191874597244,0.11499396002582131,0.08664746713536316,0.08656177371597969,0.10483421818183074,0.13890287634578843,0.26644455291023894,0.21191771417188995,0.16547288824685658,0.11812231817458005,0.09114096816601291,0.08880458208993182,0.10526471935527318,0.14536769248997786,0.24272377466905828,0.20156971451341069,0.16218186177006616,0.12212065643467197,0.09765022372958394,0.09133544064388738,0.10215346857781635,0.1329381074220707,0.22483779044105717,0.19514448126807585,0.16306905890808315,0.12885573771085312,0.10551967186531262,0.09506271720969664,0.09797339893535674,0.11253318301194415,0.212290681775165,0.1905743305823057,0.16515687645490484,0.13706454614419575,0.11610608821222572,0.09924600584396445,0.0966236412585107,0.10468092286905462,0.20751392998732562,0.1891083983001387,0.1667363493549156,0.14198953054773886,0.12469552036342864,0.10385725924855084,0.09812708867018981,0.10115496721361297
2018-06-07,2771.8562,0.3705301564365137,0.29414127223013514,0.2129006026449935,0.1286128851337436,0.09435201722018648,0.10409250883576873,0.16413714912146568,0.16413714912146568,0.3167051487823481,0.25571540572908674,0.1859353320656767,0.12149349427850326,0.08990578678281143,0.08826410884762184,0.15087566614671477,0.15087566614671477,0.29232020152173604,0.22525477828303414,0.17300503098170456,0.11995424899093718,0.09012217935597529,0.08680597721361419,0.11591560799944875,0.15191178938227953,0.27131068887237036,0.21056552291010006,0.16782585847281875,0.1215501101450057,0.09362397545830228,0.08840088657286872,0.10526231415893786,0.11961291823348473,0.2457526267065722,0.2015694563599242,0.16570030328442117,0.12485019001937855,0.09908513234498331,0.09109807728200757,0.10296798900073592,0.1180865748118053,0.2270672629792566,0.19701423645903654,0.1659922359652162,0.13161796762339625,0.10726895125814244,0.09555903400067249,0.10100687919284908,0.11276357820990102,0.21554582263495967,0.19287865626857867,0.16720287967976652,0.14091119892763682,0.11914845351017146,0.10095210157767054,0.09853358686272608,0.10850822312108149,0.21307210703359342,0.1898094437215405,0.16633644693699337,0.14515294688483915,0.12789388896161696,0.10839418218775212,0.09952492593302868,0.10414802326838586
2018-06-08,2780.8952,0.37075585122525795,0.2868302260097655,0.20514285504792884,0.1240929616257091,0.09218993435613144,0.10386875620856133,0.1597802224884322,0.16733835885216986,0.3188612070515932,0.2516433874718382,0.1826154082171717,0.11780911101976778,0.08892392547336166,0.09580780655897259,0.1489255176218498,0.1601065732566176,0.2881607398144358,0.22503446741696578,0.17134731241558088,0.11764635732368627,0.08893654183004428,0.08976258120356063,0.13328955161122355,0.14972169872892352,0.26558400440216196,0.212553591023227,0.16736350375667905,0.1205259615337984,0.09278014269094526,0.08889485505675963,0.11673107047553279,0.12797003453610048,0.24459146807792115,0.20309756167377324,0.16403647225448645,0.12454361644202276,0.0999529993227031,0.09091150459027011,0.10471259073522642,0.11390347850897722,0.22619807288785174,0.1964409325896917,0.16483101183047655,0.13060926868017306,0.10873488983358547,0.0955644406653271,0.0985922876292141,0.1075589376652067,0.2154458300494907,0.1907768871614257,0.1682207513569086,0.13882424461361179,0.11914428079360463,0.10218721846455323,0.09781909611118365,0.10545889697815071,0.21207928438461313,0.189640795378192,0.16872478404083735,0.14314291927579995,0.1261026713889908,0.10602900181784677,0.0997191465306045,0.10025411763535788
2018-06-11,2786.1651,0.36279508789901793,0.28259101798750935,0.2028367712583248,0.12642733704756326,0.09543058097926395,0.10809427608468146,0.18045580959851645,0.18045580959851645,0.31431784494876985,0.25350505960502473,0.18207499950327674,0.11939169022144208,0.09033640312745636,0.09279346564153189,0.15055436294068283,0.16862728560438245,0.2879527156882376,0.22885487623633677,0.17174767157003804,0.11822552263189672,0.08982115822407172,0.09007316025289916,0.13213213059303366,0.14730071207606918,0.26724317788190555,0.21312909914366726,0.16669425400864282,0.12030867232540741,0.09250612239164634,0.08841240551007541,0.11643643719573947,0.13438848064843173,0.2476743248074843,0.20184845982408064,0.16429115787139245,0.12421489601692799,0.09828144900571371,0.08987449039131078,0.098242837586765,0.11229391051268012,0.22953056387760495,0.19497905322507578,0.16555481871023445,0.13211020675149088,0.10753460410177895,0.09450988256799421,0.09518214416749413,0.10530125062609082,0.2145746624869525,0.1908818581896053,0.16719554980484283,0.13969013301874053,0.11830103401119325,0.09930451512723755,0.09567067054688179,0.10521042307718434,0.20887491752711235,0.18897457821377778,0.16867165026225878,0.14351569061690342,0.1272059077623945,0.10694543780728694,0.099149551316381,0.10283035037448877
2018-06-12,2790.1878,0.3567020775698444,0.2820595927748579,0.2059647266954846,0.1245913108909243,0.09367787739657592,0.11392330651108384,0.18083171385298524,0.200149069484882,0.310571357952908,0.2536429634923043,0.1802011757601647,0.11681002267407954,0.08910043650637894,0.09589802182838429,0.14975352546045093,0.17720673660287117,0.2836505384221393,0.22543428733507095,0.16862921013501012,0.11612471205325503,0.08956823100647351,0.08931572584264383,0.1123207017147974,0.17720673660287117,0.26340322671795335,0.21324312751325605,0.16455326976491685,0.11935634832358896,0.09237903496346353,0.08903655864154249,0.11161309324351254,0.17720673660287117,0.24708990603180428,0.20257305782697874,0.16293942101986136,0.12383069537128873,0.09848381188890327,0.09101084421575725,0.10590025525824986,0.12702686386778222,0.23016942768930843,0.19545150091611505,0.16519686136837997,0.13087473667027458,0.10793592668426183,0.0956493440341005,0.0990987295958958,0.111322061219914,0.21397853987308993,0.1913132734680073,0.1676327322994269,0.1393045893618186,0.11858699237456996,0.09962939311041373,0.09629758860193381,0.10568071613746714,0.20844190603939444,0.18952138633758364,0.16839748795584866,0.1467049279391549,0.1282544810175624,0.104699051141119,0.0979159473799238,0.09954333282789178
2018-06-13,2779.0689,0.37374855697047993,0.2990638365930414,0.21016291237636878,0.1269506456280328,0.09612046887579594,0.1087774217079357,0.19052006805357932,0.20448837737172376,0.32120091921180555,0.2571852433631718,0.18436440825284264,0.11999111603451476,0.09288570205398938,0.09592697058606789,0.14537875399624806,0.17038781472961506,0.29579386321475715,0.23237053280989392,0.17448900188018082,0.12045610450477834,0.09327789018712535,0.09430695796294711,0.13501403277399285,0.16393366991878966,0.27015162491098155,0.2159407083715238,0.16829209795899885,0.12338197113865274,0.09575268165166356,0.09187469676509186,0.12344407391147663,0.15709030096323687,0.2460564160143827,0.20406852129982372,0.16563030567525394,0.12828274200973788,0.10148541885689871,0.09302896397716733,0.10522935594015963,0.14235387638682745,0.23242603953009675,0.19794935370453962,0.16641768761361253,0.13533176488730286,0.11062866906799411,0.0980671173861265,0.10041705468292231,0.12138754015051748,0.217458299410301,0.19305987517229148,0.16811821653859504,0.14157854504334835,0.12099536074138485,0.10440337492332044,0.10024371048767278,0.10969505709012607,0.2108517189341448,0.1922338869845138,0.1703550371569668,0.144959626560249,0.12805053094197097,0.10950589974011798,0.10113149042398176,0.10122513354880773
2018-06-14,2786.6205,0.3603285525435833,0.290261791813492,0.20638026456781355,0.1189737278437556,0.08970250650352572,0.11204093417648604,0.19490254193509918,0.21316889529498093,0.3158313513340024,0.25544797959599713,0.18003715473237583,0.11257807939134012,0.08776816842941236,0.0974544870489003,0.15593551541160516,0.17511141555108162,0.28927622520221025,0.22977024755709163,0.16965792960475418,0.11417515488456677,0.08929172051225491,0.09538490747771779,0.14292872081178445,0.1653473890964841,0.2668216247320438,0.21072822331295452,0.16474126678768347,0.11818849000589364,0.09254102937368318,0.09145202920628392,0.12765440514054338,0.16207050388350716,0.24208730531864972,0.19761095300029605,0.164581267439816,0.12313077487753511,0.0985408642039922,0.09175111999258494,0.10331328245227248,0.13484919441558704,0.22642238885791707,0.1938603337637208,0.16660218494654938,0.13182794649312538,0.10709118560732797,0.09563327100860285,0.09878430659665244,0.11109044031875775,0.21357194864559387,0.19137954863997386,0.16769253083626157,0.1400078191870668,0.11857244521576693,0.10061457114354559,0.09850121146714606,0.10700358967622356,0.20972503919124827,0.18878385209951778,0.17072316982996258,0.1440602606115212,0.12715777357675997,0.10673611466965123,0.10017343990775535,0.09976292400065141
2018-06-15,2782.0104,0.3690258577616197,0.2849926873543069,0.2032491075226236,0.11812244212693764,0.08760562331008001,0.11459903998809307,0.18953844163929842,0.18953844163929842,0.30928070861748963,0.24613206288038264,0.1780061304230635,0.11366265245403545,0.08565624812536013,0.09619442847929534,0.15166062808067923,0.20035138500522806,0.2871038606237952,0.22533915526155893,0.1695558457849282,0.11517197667523536,0.0875115689859224,0.09094219509290445,0.13655484531937004,0.17461582541327322,0.25790643934285223,0.2102191153313617,0.1648653150442688,0.11845161185354723,0.09189780885143337,0.08982821752274175,0.11981866950919928,0.1656024859604464,0.23702105652845004,0.20157005324671212,0.16380584632250345,0.12376095854102605,0.09916114870856998,0.0911854191602948,0.10117560502136798,0.13071179586123538,0.22547189359868253,0.19610649374866604,0.1665100459215025,0.13256500828309778,0.10773860890089809,0.09533256542536755,0.0967647103611754,0.10905386698561843,0.216401219625794,0.19235658486261314,0.1699368038549518,0.14243473323427064,0.12012573268610342,0.10085063577831255,0.09703636711448059,0.10874679988977418,0.21264689592406302,0.1917880469308737,0.17230939450717164,0.1484004219402882,0.13156070406384485,0.11166398594172915,0.09984113124010305,0.1083601618440792
2018-06-18,2777.0627,0.3675522111626073,0.2839462976279522,0.19785559179852977,0.12205212485205402,0.09085171565772646,0.10046507346731617,0.18266761589467626,0.18266761589467626,0.3186718573461181,0.24403157717203805,0.17876954727524555,0.11703778743226273,0.08762696380521676,0.09276837753561223,0.15336277126886316,0.193575025152455,0.2900194225698142,0.22699853679174906,0.17175707658533443,0.11818604425796947,0.08887675746828935,0.09075847758138787,0.13138905980150106,0.14699486365681438,0.25920938645934316,0.2116814778914553,0.1658808970477164,0.11993854857490757,0.09206304267732532,0.08865296918726821,0.11929721468554498,0.13404710947084097,0.23881754987229958,0.2020466259398323,0.16514861651316443,0.12556336602318574,0.09881862321325746,0.0901197305109912,0.10366377548603845,0.11900598903128719,0.22492796634007592,0.19780582546581185,0.16757856086072184,0.13392745550885227,0.10728424327541697,0.09451380882580708,0.09843358208218722,0.11334068184290166,0.21744587383983188,0.19507617546589903,0.16992394510309047,0.143935861924257,0.11794337068377009,0.10034822119994342,0.09807668195398749,0.10853667577527062,0.2137688684521346,0.1931399238083594,0.17260630836256402,0.15116135009562162,0.13156136961711595,0.10985595169186664,0.09880282391790485,0.10040050318585697
2018-06-19,2765.4558,0.377564554275866,0.2985420145694078,0.20465398872679216,0.12697415685774696,0.09475349960484115,0.0988111778920812,0.18190356702333701,0.21269443467056812,0.3238971462122393,0.254341925756391,0.18737308010908513,0.12485465714240705,0.09292457261210506,0.0965866743286275,0.142607512649253,0.18710131433961988,0.3021102324062466,0.23952826860093232,0.18097153698048168,0.1258369790594786,0.09387160313924373,0.09387059139487,0.12275286159674538,0.14105161951800543,0.26852170657840746,0.22016377447692304,0.1747545994289945,0.12638603437406312,0.09682453758967706,0.09069295877929819,0.11137138101746648,0.12971493546266705,0.24433276794503486,0.20825764864938032,0.17223507859965068,0.1301370214326108,0.10346282888580521,0.09256055557854515,0.10113356107022178,0.10963156938112194,0.22864712906674214,0.2018610817772033,0.17384323434385698,0.13706786654416647,0.11200035361239033,0.09786611753521889,0.09942098211006244,0.10675538496682564,0.22088076938794696,0.1987474081286739,0.17533863212051468,0.1458167003825056,0.12410772487514406,0.10413795343368312,0.10002321059371681,0.1051135334012513,0.21557960501770082,0.19693789887287855,0.1757629811049937,0.15318933241783816,0.13631820194952163,0.11244184111241973,0.10076470709816417,0.10105372938735144
2018-06-20,2770.4116,0.3620023656504768,0.28709391765835807,0.2079948757066066,0.12190117481468708,0.09025627807499255,0.10294651599916127,0.1615871836818989,0.2106501430296541,0.3186098957923726,0.25914280632686915,0.18622719131665805,0.11958716582627421,0.08911292117026502,0.09698812348929772,0.14165851579718428,0.16804184540634357,0.30080081738016,0.24052700258315574,0.17749463109001876,0.12119136329562186,0.09049068392862808,0.09332772706813264,0.13550333952935473,0.16579731409352344,0.2722669186826129,0.2175591743969235,0.17117099639041297,0.12272319047630793,0.09356456306492034,0.08811994016786798,0.1103045564774292,0.1301618366435142,0.2505355452824635,0.20620278539395998,0.16848853272633996,0.12787701134152835,0.10096134915500024,0.0903699950444615,0.10394515182405352,0.11980139361896121,0.236226736441346,0.2008854997047234,0.16881250935477324,0.13487825196702735,0.11150233703724975,0.09564079662539936,0.09929307767685762,0.11020180772555233,0.2220270432907695,0.19773703361372072,0.1706163708737401,0.14181774395630667,0.12207782777111531,0.10261475033463549,0.09793905602783835,0.1036730575314657,0.2128884894052219,0.19660866840392252,0.17340887369724153,0.15054895694556852,0.13303400700387888,0.11443187389942032,0.10416825124816717,0.10445647010143287
2018-06-21,2751.9697,0.3796481619443156,0.31281981743711956,0.22074135443749718,0.14162883630994394,0.10399407415001191,0.10302069727186544,0.13396500657994267,0.1568242726397694,0.3452183653158308,0.26905645819125945,0.2005002376902798,0.13616355924599233,0.1011547744755435,0.09684285762520924,0.13709566014122876,0.16066653919710674,0.31274816539669353,0.24785634784426563,0.1928297519471476,0.13554352952560583,0.10059005369309694,0.09323324970819805,0.12980084064007502,0.1546385363887062,0.27851655468920894,0.22929587346788124,0.18421024911387082,0.13445355666968753,0.10218965828735935,0.09317676153864315,0.11426770140824044,0.13371083400257294,0.2556052885872504,0.2148232130497757,0.17952899280649273,0.13651788859015584,0.10835551437809428,0.09489657423879229,0.10636247976626176,0.1250026448062268,0.23763529803512584,0.2061960316365106,0.17829784542847332,0.14310043207999815,0.11634316034583828,0.09853233068848893,0.101224501260899,0.11005961325824776,0.22418153627437284,0.20173138660274872,0.17689959859208856,0.15099849161273465,0.12534112603992217,0.1031374982900347,0.10009608203642405,0.10418288606633397,0.21403182736343848,0.19848279238749753,0.17783771328974804,0.15688149924672884,0.13848112405107862,0.11526665857223316,0.10182975306642272,0.10029476175961269
2018-06-22,2757.7402,0.36913052029320326,0.29946097285344075,0.20862106248410967,0.12890138130970563,0.09380825364449845,0.09829128039366583,0.1764420729281588,0.22155150857113687,0.34805403540700414,0.2697848678528127,0.19224541954391616,0.1287466096572231,0.09390039471332645,0.09469334260363578,0.1456953348184841,0.19448273580898576,0.32336721153329834,0.24308025146379578,0.1836699040871691,0.1305137659041149,0.09496116206639578,0.09129260400106251,0.13384247432454277,0.17547862313821802,0.2820014018252404,0.22582797953443415,0.17778625616900715,0.13048277837437625,0.09794657112126103,0.09016681565172711,0.11435841484680528,0.14300466452060515,0.25898004590677703,0.2157137979462816,0.17525303167421555,0.13374272912009239,0.10619180633821347,0.09341233289829876,0.10480970217180961,0.1263628323604152,0.2434438100015978,0.20545670268047836,0.17616460051719285,0.14047368940232474,0.11496544497822077,0.09861724365741606,0.1011158382188624,0.11431740873146883,0.22753326280102,0.19989655737958645,0.17757157334451876,0.14746857144403577,0.12634646479044,0.10426790670510665,0.10016077012770526,0.10898567910098118,0.21769457039035148,0.19664907031665257,0.17886071433098935,0.1527174041768321,0.13924552197998494,0.1165549294328684,0.10695392420790671,0.10374648000427962
2018-06-25,2720.0699,0.41604738390374807,0.32723085221531817,0.24707925271658362,0.1667664797342116,0.12084623921227618,0.11472842304860835,0.16300336898678786,0.19746177600593703,0.3673769529795844,0.2933345384122404,0.22882055928909079,0.16081713116450352,0.1179333221793167,0.10926269252804005,0.13888175995179133,0.18535323353135474,0.3286220519148717,0.26971353951874194,0.21559483439062196,0.15729230760677965,0.11647396468636705,0.10361378029549986,0.1242922622529934,0.18503113875964255,0.2924673976447029,0.2485426372765354,0.20429902956245413,0.1549541029062657,0.11714770160357374,0.10094035157431393,0.11011066939999,0.14151506713099288,0.26959677835818485,0.23250457408852546,0.1961924182296452,0.15526504340715316,0.12119027268437585,0.10152037874475214,0.1051194460624209,0.12069256818803942,0.2532853493972191,0.2206772330021808,0.19209662970416924,0.1588545802348153,0.12740643262959261,0.10546749327895524,0.1032469215751715,0.11335507385018856,0.2360864804919664,0.212280898029006,0.18983287850624367,0.1617074668005874,0.13467247524691686,0.11132156316357678,0.10381756264538584,0.10874111953167348,0.22529036808268843,0.20673996494576802,0.18753936602124358,0.16392922182594724,0.14397248576434743,0.11786691274229845,0.10841211428920429,0.10556194577420075
2018-06-26,2724.5761,0.37756926047772726,0.302112116908318,0.22312720735069858,0.1543167627319114,0.11399757734236983,0.1106210235886901,0.13926979144535837,0.13926979144535837,0.3428369430103098,0.27715237631691125,0.2143078819927617,0.15274319561422492,0.11280371603925164,0.10765782569450141,0.13369891166967476,0.22105529534520718,0.3157840020767401,0.2588350099165289,0.20648927266434508,0.1504573297438244,0.11163784313336117,0.10184279385659908,0.12654510590830026,0.17609110721016183,0.2884690675435243,0.24067538118231738,0.19861931294648583,0.14876316114362131,0.11311429639371955,0.09840568967832374,0.11275836378476882,0.14019172664654211,0.26718947550455396,0.22747056497776016,0.19188541783220894,0.14891623259866016,0.11788718125484157,0.09902621793785461,0.10306490914908881,0.12597451899807705,0.24814746154278283,0.21531923142991705,0.18876173957601894,0.15253851371161173,0.12515272449528358,0.10233911652724949,0.10011384828132767,0.1114741319244106,0.23247630731541527,0.20892673843327156,0.18689306269414713,0.15678059299979064,0.13486927548828376,0.10702569611182919,0.10071809651914425,0.10851567515734623,0.2216545504424083,0.20517195729383325,0.18254615179045128,0.16060237792665658,0.14615446396065251,0.12132695703894887,0.10855607553489653,0.10572789383595649
2018-06-27,2703.8572,0.39208263524666026,0.32592723855609124,0.2431536890434895,0.17267442530417482,0.13094294663541728,0.12182744878330534,0.1457026578786967,0.17053011880128358,0.3603368549530169,0.29471664553582566,0.2292257260632374,0.1683606986491767,0.12642016234192294,0.11659374115213139,0.13563723943080913,0.16017241942850208,0.32818959991139957,0.27328000761971777,0.21974973318375543,0.16413677300213897,0.12310156345927725,0.10910674776168003,0.12034962734205075,0.13997459118738875,0.29620005143587863,0.2533530429549875,0.20954983270180624,0.1606116667788545,0.12307926997344912,0.10398185009735125,0.10525275221103894,0.1267814365122138,0.2731452588613048,0.2386426491511868,0.20152485179134547,0.16016708543066385,0.12739290713393292,0.1043915802078133,0.10235231313004789,0.1232096424659545,0.2577875328723138,0.22597234879806935,0.19691454903740732,0.1638555533063703,0.1325193595100988,0.1072024168163342,0.10227158813017687,0.10956038457189855,0.23874154520977714,0.21554428472806927,0.19421476780979063,0.16507455338254995,0.1385465887119805,0.11125555567573564,0.10308085632613377,0.10609174352158923,0.22607672636163909,0.21020113988032446,0.1899445216678925,0.165568180242497,0.14973084145823434,0.1210877631662781,0.10812870639996364,0.10393989810020209
2018-06-28,2717.2919,0.3959317447333943,0.3082783517881539,0.22719732688381178,0.15928633171989146,0.11986485742202417,0.11340867763924199,0.17067445352288732,0.2291689556392101,0.3619836473877814,0.2826211510534387,0.21808692725760956,0.15762939105802282,0.11805810440870207,0.1097147359964106,0.15417892062408173,0.2062051292974845,0.32056351663160976,0.2600494711017828,0.20947962448954402,0.15479611566127352,0.11579570398871256,0.10149799168418554,0.12144661229864716,0.16859084279625589,0.28876334681394383,0.24352520243957504,0.20222482600978828,0.15305307329215895,0.11689505422691543,0.09833897123000748,0.1020253563689719,0.12328675414521581,0.2642476551534463,0.2307154992444333,0.19588406129671718,0.15533026356882432,0.12111499543995205,0.09984931420514728,0.10228268683599585,0.12023278441180603,0.2517341960952744,0.22419334867619775,0.19380970151140595,0.15906023210810727,0.12529633421052772,0.10285462773823452,0.10063360383027146,0.11187304316573042,0.23886217858373934,0.2157953122345727,0.19106899355356646,0.1607040650747111,0.13417125555659098,0.1081419847306761,0.10072074026250008,0.10649717347135458,0.22704028702390655,0.207413955371758,0.18624622158799817,0.16467644407591334,0.1441912900514467,0.11797572875843244,0.10509835299312281,0.1021543697870132
2018-06-29,2723.1421,0.3858139755686257,0.3026849542632987,0.2219718727734681,0.150008671276431,0.11230686176853497,0.11566815926810096,0.1634684104091257,0.18293822581330305,0.35900169088753703,0.281050895801793,0.20832373900284518,0.14813532787172554,0.11068565495970421,0.10839026395350733,0.1503959660512474,0.16940732293665225,0.32023604980406245,0.25392555251972904,0.19830884415392588,0.14576614824780912,0.10923473982805298,0.09929911490359983,0.12870089930085213,0.14585485211375265,0.2892202632657189,0.2386844552868986,0.19346542524451724,0.14524330032391192,0.1106785232494973,0.09554734071731584,0.11097673641667664,0.1325552008458354,0.26815240954478353,0.22850776654350627,0.1910749409180525,0.1473330325427508,0.11623345150838887,0.0974762540273376,0.10377881966433823,0.12226753532937841,0.25373722942349186,0.22010496076004404,0.1896776829391672,0.15213164114289415,0.12409278263496529,0.10291655447484577,0.09962604477502145,0.10843438960317255,0.23453740990207614,0.21174291701964484,0.1881300397471112,0.15730687456874134,0.1332138365135737,0.10802337806589635,0.10017277042853179,0.10352394960971271,0.2202604054014402,0.20612070103886615,0.18547317510907663,0.1609017010726049,0.14520436206640847,0.11762544587638968,0.10373321544699823,0.10159703588828296
2018-07-02,2727.375,0.3878008156128323,0.29706049942329005,0.21632606889494763,0.14761604807714843,0.11067450128038477,0.11863889173748898,0.14892515901111844,0.16906921778895934,0.34818053467226784,0.27019221661806564,0.2040043626565614,0.1455231839035246,0.10791021632051677,0.10921808181108326,0.14183304748125203,0.16584510649208878,0.3071245655404948,0.24824025551304385,0.19662598574115475,0.1438520714780657,0.10682158891038332,0.09821807769352968,0.1264186973485663,0.15408673883421944,0.2813983638019505,0.23492286263116552,0.19362396022985937,0.14482038085227822,0.10935806564771736,0.09634889434051015,0.11052195000651174,0.13171136804715716,0.2621340013938502,0.22486258637535225,0.1899757834757967,0.1479978546765402,0.11485583099673846,0.09786624608474287,0.10114506297751373,0.1140338078537167,0.250219056257548,0.21919368108985887,0.18864007641708314,0.15258030416683457,0.12124354861497728,0.10189754529648754,0.09798375755954934,0.10267126606881669,0.23771463978163496,0.21143352290007736,0.18451237814044275,0.15688338844091249,0.13305410277696406,0.10722714810307209,0.09895434359330743,0.10030358530065024,0.22435382241026106,0.20120772073618579,0.1828329626514962,0.1607143156565162,0.14428232351162457,0.12196869620079791,0.1038328501611723,0.09980379229131295
2018-07-03,2714.3121,0.3907412055489938,0.2976705646714719,0.21890087092721314,0.15574570717031808,0.11699940309068182,0.1157434706728041,0.1669111546880565,0.18576026941583698,0.34671725044472806,0.2691126668827411,0.20966330727939933,0.15359641469646865,0.11369946231256091,0.10872818656267388,0.14785296903791995,0.17207360991797743,0.3080748664333718,0.2531720835698978,0.2033347060799276,0.15110966086562802,0.11115681074145653,0.10067470435049376,0.12198329323392898,0.15000456968460665,0.2886551854874675,0.2410811543235948,0.19823928819663997,0.1509486387019796,0.11235237122037846,0.0972003440459753,0.10896362690315817,0.1336087847644676,0.2614851564787493,0.2253343547434189,0.19404097966677367,0.1540915253788748,0.11775710353461001,0.09794204138843222,0.10327586205812345,0.1254995291781672,0.24706236536948825,0.21959874413398575,0.1919667532043187,0.16006506532441434,0.12332290081111272,0.10096644003983075,0.09950628891779305,0.11206871768507481,0.23896324627103602,0.2140573996340047,0.18975303717617303,0.16147610445978652,0.13541338842535255,0.10465856635060283,0.10013625215598297,0.10569069944284211,0.22742839634151582,0.20768737334484397,0.18564029678854108,0.16084433283049268,0.1498378372565181,0.11317958446661586,0.10445952486904522,0.1039151113629496
2018-07-05,2738.2329,0.3947126055552714,0.3055484640846098,0.21954748511105843,0.1467407258461342,0.11053370169975608,0.11963074956101857,0.18165546966760404,0.20296242257754715,0.3516424777910133,0.27456658664508315,0.20240133979412364,0.14041500146547867,0.10552036545807308,0.10550566118589773,0.14993598581498735,0.1748597533487405,0.31072784429097877,0.2491961518735192,0.1938337894370958,0.13857627697906477,0.10358947550309888,0.09804423961705377,0.12203760910534288,0.13412824960978625,0.28446091320392136,0.23336078514260797,0.1900843333474115,0.1407047495406519,0.10559758496905074,0.094678809674386,0.1115412189907247,0.12220267209075394,0.26508993702147915,0.22208513229417315,0.18722959882618645,0.1440947908774117,0.11149852667404957,0.09433611528705263,0.09977794294904452,0.11286486302580484,0.2491755192610805,0.21679117540129236,0.18663993597305722,0.14774577945260498,0.11953473787117694,0.0972670799297025,0.09492383781111129,0.10456419029210322,0.2336723516546851,0.2099931934279367,0.1858335000424328,0.1520669529576249,0.12869026640644193,0.10208265051374253,0.09649801245455064,0.10142763819472912,0.22021879466855102,0.20029793927159986,0.18123313363391844,0.160986541306327,0.13812276051940012,0.11617648643647206,0.10490660064234235,0.10169883140387187
2018-07-06,2762.7636,0.3652307067226053,0.2790821081529069,0.20099945133282085,0.1291606955488654,0.09780299581955718,0.11649910814011508,0.17670222350532147,0.20263815359067694,0.3234505050466864,0.249897081568592,0.18575843286293067,0.12634437258823292,0.0958948653050945,0.1039156909985788,0.14404313461746412,0.16995614598718947,0.2925169099519509,0.23353596689982134,0.17903850713155545,0.12668530546313736,0.09584720481089508,0.09579264090340231,0.12616172334035686,0.15286007252394157,0.2720246981988366,0.22335619347263452,0.17648568770249992,0.13047118742925726,0.09900590219527076,0.09129262526058221,0.11063809492077824,0.12588588898507977,0.25279269623561473,0.212388138508268,0.17587418542957478,0.13664880728697099,0.10553597432168083,0.0910367486147026,0.10115740477132944,0.115802601833659,0.2386575134238988,0.20631357471068348,0.17748099971577685,0.14376022181712447,0.1138664038424127,0.09577262587236125,0.0933394416679262,0.1068939201973827,0.22704175004359967,0.20230507928912514,0.17880323798847816,0.14869735550663649,0.12251018258032785,0.10172799524095714,0.09471859818673506,0.10222037831554381,0.21816488410290594,0.19828875989665964,0.17969101282417835,0.1516583708310148,0.13540535579878357,0.1171474740022306,0.10577239575087109,0.1015275318507248
2018-07-09,2786.4698,0.3719154838113571,0.2843129474080766,0.20258351765533167,0.12493949894394643,0.09320130183290386,0.11300632912298798,0.15437173300620954,0.17671134213835935,0.3122766093406534,0.25149840199201406,0.18422160895754386,0.12055202206336255,0.09028896282726094,0.09722536004859161,0.14453744544240915,0.16862035378463375,0.2899602995884791,0.23081118646414578,0.17630363921745346,0.12035420957546421,0.09082884569953761,0.09355719870731301,0.12467525123200125,0.14441694566008767,0.2648392092981352,0.21488093290843466,0.17148776820223444,0.12355317388624532,0.0940305120122045,0.09013015820880992,0.11089402069027712,0.11977064297541275,0.24658417310276143,0.20529667493792333,0.17035047129329742,0.1291103282996899,0.10007688431545009,0.08949709575883671,0.10116548006133114,0.11208239899323695,0.23166259547281726,0.20115621101157555,0.1718382143166154,0.1369345674178388,0.10981943313503255,0.09279867789140969,0.09460366060019791,0.10816549035566997,0.21971366387572472,0.19790921108892576,0.17242307797640352,0.1432197090576391,0.11946160409597023,0.09876159963428749,0.09496364553274171,0.10064628029941093,0.21170261361828643,0.1932281987665913,0.17315406127077076,0.14976139943731803,0.130139871182917,0.11167104074666599,0.10127879446820785,0.09778882716279284
2018-07-10,2796.6918,0.38004572549524507,0.28140384907927013,0.20318254709964179,0.1234828810871021,0.09075046864651437,0.10449085286103264,0.13400556255050822,0.20029363009642745,0.31594182389912906,0.24578110087003768,0.18453334653154443,0.11934805193585316,0.08898178276722982,0.09233979264213352,0.11526940348632303,0.20029363009642745,0.28926128683142005,0.22840529408870872,0.17512481674821373,0.11889502676510373,0.08975634934214977,0.08878078671892567,0.10886007509719144,0.20029363009642745,0.26295016085924916,0.21418418725530472,0.16948948672107184,0.12132291877846614,0.09280706861792079,0.08703680781133183,0.09968273331711347,0.20029363009642745,0.24678399266867324,0.20422857200100655,0.1675654926882738,0.12600292913123237,0.0985463975099502,0.08762147738770486,0.0921512378120517,0.12738510897588975,0.23080446775862376,0.19925517401394463,0.1690533715651115,0.1341966227959116,0.10703076382159737,0.09134174058070059,0.08999959587977277,0.09308552162390785,0.21746407954183314,0.19527357706226062,0.16988557610276547,0.14285638191988667,0.11800768004020398,0.09765442035168531,0.09387204590702261,0.09616437442483844,0.20977521816755643,0.1917587004940279,0.17130101481537227,0.14814717190122403,0.13107860625521298,0.11190243412453688,0.10242164060828911,0.09785935960102535
2018-07-11,2776.7485,0.373870913058118,0.28650772066115915,0.2104048657174555,0.1304065267041649,0.0964678322239866,0.10388853364576944,0.13666707461551972,0.1576503129741457,0.31696576936920295,0.2567554336590553,0.19053393818839465,0.1271627184302853,0.09451283510673601,0.09427455942217224,0.13070392635696854,0.15378865133952974,0.2959798948916098,0.2371370070726921,0.18116874516147768,0.12772194415063465,0.09445123462681967,0.09201635757510887,0.12745255269751957,0.1440816939047766,0.26551775457733645,0.21758196923433126,0.17534844409162298,0.1301054512379564,0.09703324136333402,0.0896624708564376,0.11595901095829265,0.1300160148669406,0.25035748707396716,0.20853079675345826,0.17452012870217712,0.13351912051815093,0.10252806703593072,0.0900069968835104,0.1042999265049296,0.11834232259374006,0.2346437068096039,0.2032448707575959,0.1758972656076381,0.13843713297868732,0.10983014291639182,0.0939849954939564,0.09280824892136787,0.10457950971022097,0.22274348317244202,0.19894063334352932,0.17539958563285477,0.14374012714190132,0.11749972130248135,0.09956145365118751,0.09309740835637882,0.10040083029567912,0.21207934125701275,0.193139310362863,0.17533725943310513,0.14912652172680127,0.1321338122790921,0.11568210742399591,0.10075210204024102,0.09900839026634854
2018-07-12,2800.1171,0.3436490610626022,0.26740977480416683,0.1956249682328983,0.1208896446766,0.08936619602290172,0.096950178640249,0.1227600347319576,0.13444557418432573,0.30712895044644317,0.24860155600651823,0.18310586832735257,0.1171195524975716,0.08836236430216775,0.08872973986749552,0.11004000379875874,0.13442027630912487,0.28968787758257997,0.23158774872659074,0.17396879937188756,0.11755266862633763,0.08914214237225165,0.08522801120847624,0.10413773200005717,0.13442027630912487,0.2660171762136355,0.21425941332247025,0.16881343602042337,0.12130249929364928,0.0930038570263082,0.08591955083210187,0.10625985084406692,0.13405803472069266,0.2493495471115657,0.2050883119340993,0.1687881690954378,0.12548945755295202,0.0985796817575094,0.08783256601620942,0.10131305578032089,0.13405803472069266,0.2297918012969533,0.19890153487558437,0.1716827349852678,0.1327976070701155,0.10680283167847039,0.09276144802047946,0.0935824083736347,0.1166907226536747,0.2164521976510245,0.19406520590710952,0.17332647385635228,0.1422211846797833,0.11836289304391655,0.10097978158993978,0.09551067220671389,0.10004616209588107,0.20965783171356783,0.19064689430791645,0.17230638573355167,0.1480682117275747,0.12890204192251042,0.11166868579516333,0.10272730334082088,0.09973041644061408
2018-07-13,2803.4641,0.34479826303937694,0.2628085728149646,0.19261992585921264,0.11670063565800433,0.0865636608185779,0.09977548857905447,0.15360844205545826,0.1915325075205825,0.3095349410988393,0.24542443140520162,0.18041168901836932,0.1149839499310658,0.08637537897956658,0.09290751714614333,0.14110280883027002,0.1915325075205825,0.2892707614937657,0.22853247904371654,0.17173352935419364,0.11726069569177464,0.08783037717963475,0.088616436572676,0.1275334263394944,0.1915325075205825,0.26620537018820234,0.21154542440702093,0.16798714699884262,0.12065392094549962,0.0915711640807078,0.08649036109603983,0.103366472043636,0.13081904402977426,0.24868313482079027,0.2010908414542449,0.16763035294469333,0.1253153487780015,0.09694595347300022,0.08713072102438009,0.09652431028874593,0.10109658113386985,0.23175929831997355,0.1966267664300083,0.16972907734202627,0.1319221451784854,0.10578619319259694,0.09091212228295578,0.09360032597803238,0.098003105139547,0.21655787126507473,0.19281670075849464,0.17203407411939323,0.13995480071141828,0.11604717289160037,0.0955514527010228,0.09382972722945865,0.0975660529821977,0.20842672033264234,0.18943779544377237,0.1728983373400751,0.14624788409920114,0.12972486905188202,0.11064416590393429,0.10253587103905405,0.10050897559656134
2018-07-16,2799.8433,0.3655824044767628,0.2813559180829106,0.2042508422796254,0.12190251326979915,0.09027879615910434,0.10023947133598843,0.12598496292533604,0.14487555176428088,0.3189825550136019,0.25153455310410394,0.18416809370276083,0.1182094602540399,0.08852254688559484,0.09228150056020114,0.1244597187473203,0.14539716334308564,0.29316544869164024,0.2326893102780907,0.17444706357467102,0.11864407887250744,0.0888059776830487,0.08891406775718723,0.1190898038115024,0.1394340069080774,0.2639280719887471,0.21319421712041653,0.16877896943749982,0.12195044148765298,0.09193898880879978,0.08762954979174281,0.11188733474027811,0.13726995579145485,0.24916248785649076,0.2052032360301627,0.16892655594012973,0.12696417805392068,0.09761528664403972,0.08880079364712666,0.10559259975016126,0.12817645021387852,0.23199155376589167,0.19902410756920333,0.17075886453813616,0.13313521164729278,0.10579982943636576,0.09118649390577888,0.09562706844332602,0.10988695772255597,0.22061804233941854,0.19352214821329278,0.17229958793090874,0.13876748737815775,0.11688573471221045,0.09579960849785754,0.09492120993046901,0.10707305146539368,0.21030395967625048,0.18725312780805659,0.17340205535718087,0.14548303146234878,0.13063312954457734,0.10933742834699654,0.10419416663215035,0.10050532960883034
2018-07-17,2811.9348,0.3624651478893391,0.2687344677017761,0.19321337119079782,0.11646402954326335,0.0884552014028004,0.09837241265426362,0.128930165628668,0.128930165628668,0.31040244347855506,0.24098734241212488,0.17651561899095145,0.113002291178418,0.08595030161237918,0.08841705262691153,0.10457711894927191,0.11397443352169508,0.28788494531622627,0.22850486110657353,0.1684709077191277,0.11228534767155882,0.08610629322637567,0.08828532585441487,0.10204749517842977,0.10894401798422035,0.26253050986873644,0.20882997678898046,0.16408055754479994,0.11457345114619791,0.08917914052241824,0.08800968496048743,0.10075035343264739,0.10683226190786785,0.24506365728988358,0.20221008387921577,0.16506736678327263,0.1199709483303496,0.09461120054821187,0.08850731459142312,0.09766670051735017,0.10136186295756716,0.22601241031361333,0.19727461994520284,0.16649167158695255,0.13026358532467006,0.10512836407026614,0.09135607407933714,0.09420616595390494,0.09906705205168662,0.21566511448589337,0.19401118225738903,0.16640590694730592,0.13737107038002078,0.11735190911084599,0.09673444118279005,0.09462532698816628,0.09776893355801532,0.2100358794676588,0.19019595478820395,0.16554562193609101,0.14531753880929077,0.13015087317115695,0.10821554458212575,0.10220076760357187,0.10035677872003126
2018-07-18,2817.91,0.35114299459117315,0.2721770168693374,0.18980836793318215,0.11385429530892932,0.08540446523208925,0.09619235258088084,0.13660450856155484,0.14994983615947985,0.31123711410884797,0.25089797305743855,0.17635227758702088,0.11007444258002311,0.08470796859128482,0.09657997473450747,0.13280735284611803,0.14820520259376946,0.29687898891954595,0.235348222249473,0.1691528783241722,0.11106846307987431,0.0855788611895869,0.09363531756274591,0.12879981706367588,0.1438473839842053,0.26537214809108695,0.2112137565800254,0.16226827578699016,0.11470556012876301,0.08887932329741577,0.08753885403856235,0.112737754890149,0.13874626997243122,0.2446496484889486,0.20203802527489625,0.16348438227885012,0.12015054555185464,0.0939432117588148,0.08755670474691817,0.10337272061047287,0.13306041929884072,0.22778733583240546,0.19472865658563465,0.1671637653678418,0.13004647746812248,0.10326284524028391,0.0909097052280896,0.09352789111342404,0.11554437581923338,0.21652771913979343,0.19089465868705877,0.16963397305278113,0.13623778439069736,0.11347318400805088,0.0958383046487313,0.09400607369494164,0.10580098504749903,0.20630223407734233,0.18792337808438037,0.17197184519401743,0.14311829433548062,0.12612725364184538,0.10669511136291601,0.10026171213802565,0.10056625471362259
2018-07-19,2805.5365,0.37149005896680454,0.27740856961831445,0.1992999406697152,0.12077748114899745,0.09010208761989562,0.10200296728925651,0.14468221167469578,0.15487171621564624,0.32493635634781354,0.2576453139731009,0.18386500663855085,0.11796033627505037,0.0899028553169066,0.10083912136826878,0.13227104950863897,0.14881472197379178,0.3076864324353921,0.24128191800053914,0.1763097040866254,0.12016463984456467,0.09068292655333647,0.09871991079576292,0.1282753583708015,0.14298463302674602,0.2711821582656486,0.2157238327170143,0.1702314602457901,0.12365840554602535,0.09296532745766646,0.09038214370192392,0.11313871253827973,0.13381250670757122,0.24863798676395948,0.20671910517674374,0.16998693541994594,0.12748787795061528,0.09767961737801446,0.08964646542713887,0.10172763683462839,0.13014057150598143,0.23085218204840408,0.2004506078812519,0.1707673680263486,0.13503112190447977,0.10624320075479647,0.09348598305672111,0.09701999986040934,0.11975942379802569,0.22104664150363282,0.19551154636746168,0.17112894379480736,0.14276169590317078,0.11555648112343005,0.09849019595015908,0.09662865517741531,0.11264935402968429,0.2085679414695474,0.18983901612124804,0.1724581322134285,0.14996597004600715,0.129758867239163,0.1085916282695091,0.10158031513171936,0.10325619438159263
2018-07-20,2803.6275,0.3657850359561636,0.28328421216429756,0.20600539204987137,0.12020840602325414,0.08686939254809002,0.10102712380887958,0.15179053173474769,0.17746973301026994,0.33309479176636564,0.2620037486796904,0.18916018934770504,0.118038506011186,0.08676356640414007,0.09627636951076672,0.13993476080853168,0.1594067464507142,0.3069184718826988,0.2412869111613888,0.17818352472056082,0.11830474643180527,0.0876434613644092,0.0906217365196032,0.1289205131373473,0.14295956891505726,0.27088145462372965,0.21713133756373187,0.1712224698984459,0.12146437755406392,0.09178580015217651,0.08856382245769162,0.11224962221730808,0.13151978729902647,0.2530032393166658,0.208943321172532,0.1719194001943841,0.12594554579072456,0.0970229483626121,0.08954088794711468,0.10501218971542477,0.12489066336707759,0.2345892971261153,0.20204819667034818,0.17255083272132976,0.133252782256021,0.10590135318605806,0.09305277342914407,0.09903398375774129,0.11268704732650281,0.2208374025255767,0.19672498887384404,0.17261112023190506,0.14134321344119516,0.1153568947179752,0.09985950498118448,0.0984683424175005,0.1058667710015729,0.2123808928025501,0.1916198680255555,0.17526560575088565,0.15058821790324187,0.13030931144139143,0.1141467844423452,0.10091491652082843,0.10138384587759915
2018-07-23,2808.0981,0.37722028812833924,0.2854835341151941,0.19994965213608498,0.1211153788594844,0.0880349552077038,0.09359041284420472,0.12972712569161057,0.2372088000591766,0.3459156013633895,0.25228507945865863,0.18383597451890035,0.11746445721155983,0.08667098635651349,0.09390322302417985,0.13460936666479967,0.22000668661529435,0.309483746317606,0.23184660878254437,0.17422524412052431,0.11893820930826916,0.08725228460743506,0.0892816013893227,0.1286286257283574,0.1794621927734763,0.26770197596849254,0.2157124192076388,0.16841586117453666,0.12239782905236755,0.09143174254241046,0.08737792264960563,0.11126804994369985,0.134520562002861,0.25258799713277064,0.2090180672543684,0.16966273077246113,0.1275493329721256,0.09717487313288999,0.08871905093821668,0.10587860798418822,0.1340611935397146,0.23784703103198632,0.2032058338019015,0.17058268518419634,0.1348378107182843,0.10616325499552946,0.09180485033333266,0.09746518139816673,0.11683751065765711,0.22150515465659262,0.1961324518458963,0.17193303577930028,0.1412318380003779,0.11770766308442633,0.09945503284730245,0.09636723730499401,0.10052002587503402,0.21051487921324666,0.19237156248010057,0.17277501118369817,0.14840313400168878,0.12842853235344173,0.10971331459882376,0.10013804463639492,0.10106829185885767
2018-07-24,2821.4401,0.3545455683394718,0.27479886989417707,0.1972398142192252,0.12099369892466916,0.08852815184385333,0.09899905182831388,0.13614239542245044,0.18088900614486883,0.33211770011427766,0.2581949672893862,0.18418896270769802,0.11826540762851384,0.0878108986833158,0.09775042446537413,0.13422074092516761,0.21390712664681696,0.29870937392208374,0.23383894069951452,0.1724562494969249,0.11729468432950979,0.08796939725585527,0.08960226991301043,0.12098587098497841,0.21390712664681696,0.2647537327889008,0.2147386675984965,0.16694336470600743,0.1192662382731366,0.09103519594708902,0.08594855212046043,0.10095868475793826,0.16518003325525368,0.25199266149676913,0.20776191077974174,0.16614005331933537,0.12307308947177617,0.09672810892274722,0.08771948984866866,0.0946231575127367,0.11620501904992483,0.23471647291979636,0.1996256281277655,0.1665744788900469,0.1293280118185368,0.10405177584685231,0.09090070296222548,0.09356492095467794,0.11581609379171652,0.22091896937985142,0.19469661749174164,0.16752368363603873,0.1372475552299176,0.11340703686729439,0.09699552642879182,0.09462510830228964,0.11062115239977215,0.20849985552337094,0.18803619356774856,0.17021025010647642,0.14582640448170503,0.1279001971071166,0.1125173721116022,0.1025548751168263,0.10252781022503496
2018-07-25,2846.4394,0.35420623312079297,0.2695903618423191,0.19395511926213604,0.11888921096606812,0.08721234931126455,0.09309457949049267,0.13305026140457163,0.14438814937107838,0.31110177581808246,0.24841710090757307,0.1806202245311203,0.11521699339252886,0.08583216725134295,0.09161511707956348,0.12785127093921198,0.14071256003690386,0.28579978309237214,0.22965464514379005,0.17131671304439164,0.11436642898539061,0.08629685956132693,0.08934216674167987,0.117258940927678,0.13585134845802682,0.2587432413499637,0.21251707951373003,0.1663900626091607,0.11625403172912906,0.08941714179227794,0.08727617193736266,0.1083137725815626,0.13189264768290818,0.24621072025295934,0.20467152873005642,0.1639731421084668,0.12024316514578048,0.09553877604371623,0.08805747682259926,0.10554624516774347,0.1242838115292565,0.23192592721682642,0.1976412173766189,0.16267168217033923,0.12626881360570963,0.10253371278350051,0.09025465390609265,0.0989945171090813,0.12266039682109747,0.21749511874669525,0.19279532140794198,0.1641290126214018,0.13445790617823383,0.10986579422433411,0.09464181871011382,0.09372817208342953,0.11514509558473088,0.20480842193748003,0.18833550976463118,0.16696977665432441,0.14421009665321602,0.12535308748984222,0.10732556985429967,0.10025561081968672,0.10000753780229663
2018-07-26,2839.3317,0.35123220371941954,0.26684476658564205,0.19511796893117364,0.11966291414949173,0.08945168957682406,0.11114180601440461,0.16943486431057997,0.1847027336965185,0.32370022545007193,0.2535401653467951,0.18279154923835275,0.1156414737698903,0.08776336018994907,0.10448516531915764,0.15549188496931063,0.18075698732328355,0.2919074728540849,0.22842339266966322,0.16856795885058423,0.11521663642761047,0.08773473000260577,0.09195976481534754,0.13335798508197885,0.19029092776954715,0.2641379394894652,0.21058443008274078,0.16430564053489108,0.1172011434172662,0.09054927492602684,0.08717688205210182,0.10830985400780642,0.17366249714590123,0.24538679273814104,0.20282595865855946,0.16431201065952086,0.12208058656943892,0.09539516261135281,0.08752485287112381,0.09562086328507904,0.12037039072281806,0.22741655289629206,0.19577143662091187,0.16498041577087275,0.13072543238803075,0.10464013635485947,0.09123213404755483,0.0923484783622983,0.1153267817240774,0.21713286733721357,0.19125933978011717,0.16707354915462125,0.13593464752127601,0.11584413113662016,0.09867222440665359,0.09439763783858061,0.10357690627794461,0.2052217444372622,0.1882720559356445,0.17049119549866015,0.14215062459805022,0.1264928267200304,0.11163361478365455,0.10384554744841865,0.09900613667981797
2018-07-27,2819.3733,0.3580416734178921,0.2911903993432675,0.21104778713205535,0.125172677437009,0.08992210032299472,0.09236989038311588,0.14999100031320578,0.1689649194880422,0.33674985872924634,0.27263501363169745,0.19221800191147426,0.12265025997021058,0.08943743183861193,0.09160820331120294,0.1386124650217432,0.1595838852351352,0.2980361606554693,0.24059914127033122,0.17738485203064117,0.12165381120175006,0.08995386474721713,0.08989559305569068,0.11551058588522119,0.1339378596041753,0.27144200700060617,0.22191640566640342,0.17045524032760717,0.12344684269874974,0.09268082685984712,0.0885569568415063,0.10507470745762627,0.12007322579428592,0.2541087714260987,0.21114269453755194,0.16839065721354132,0.1274502727683787,0.09853161890303885,0.08891663047822562,0.09979446445523808,0.11517455978109531,0.23404424635057539,0.20172570811397025,0.168720836246636,0.13358381781433631,0.10641745029591693,0.0925489653993672,0.09471837327864457,0.11287312217546443,0.2194603491708042,0.19527797327106508,0.1702643329261137,0.13938873285328032,0.11428021860572729,0.09770459374964352,0.09436994368452117,0.10163351584369378,0.2069452662536482,0.19006827171194265,0.17188397200051167,0.14650543306781844,0.1276538383837942,0.11044889181424153,0.10273151692307587,0.1009291004922325
2018-07-30,2803.9687,0.3705642448348244,0.29986416970108914,0.21144830907371315,0.13711015113382363,0.10022884729057449,0.10439885610720745,0.1323583504703726,0.14314538716061112,0.3387726510214673,0.2742721767022794,0.19649009830368303,0.13200037407561374,0.0969315341892569,0.09636651961716733,0.1258732066433044,0.13509556631336164,0.3036029241399978,0.23822135913216827,0.18250189854182772,0.12852347318988377,0.09570201263048113,0.09195746759199229,0.11539875228281556,0.1281435381532673,0.2783857759039303,0.22229787587060448,0.17784165823341397,0.1292511587538694,0.09792261326677192,0.09192368531227224,0.10716564625130263,0.12960615152810262,0.2597349841595172,0.21301772950137457,0.17465167797210387,0.1327539524278929,0.10398371533299375,0.09251215829416859,0.10246782204775987,0.1255388592248336,0.23960844998241113,0.2045776718986602,0.17290661864453538,0.13778664659031767,0.11134166832525763,0.09577826704717148,0.09898292137435848,0.11243381464552578,0.2225299434057627,0.19765853760755916,0.17318913963957877,0.14383239343894325,0.11987812861853034,0.1004809584109324,0.09756112275517641,0.10346332652060258,0.21351349127491148,0.1914858391712551,0.17341524321255725,0.14989715226386333,0.1327142679071459,0.11308851368171086,0.10426420902224953,0.10335435778711417
2018-07-31,2818.8937,0.3684364725287729,0.29365649908901925,0.20538909583396425,0.12501094609592425,0.09347872141445811,0.11086248507840328,0.14085974985666322,0.15322401775678035,0.33530220731133964,0.26556446421120383,0.1879920579419778,0.12106091766919036,0.0909410896378217,0.09965293977674013,0.1338843815832603,0.1461854846157063,0.29262848168663164,0.2339385022988767,0.17305507504566855,0.11896783288583522,0.09037375973505071,0.08927946235959909,0.1145577877458254,0.1346341376457027,0.2705810193493443,0.21947061791252845,0.16896026144588816,0.11977944273789465,0.09285309449700958,0.08829865513872355,0.1019470758448536,0.1346341376457027,0.2532392188409343,0.20810278436031557,0.16885066753248032,0.12356563438033802,0.09904322270662566,0.08994272694479459,0.09915736966475792,0.1346341376457027,0.23515985115359522,0.20040840141709723,0.16888289851539642,0.1304010327622204,0.10623126165013533,0.09255466290962674,0.09332796204772735,0.12486381304258587,0.22212861969539252,0.19580178588361827,0.1690181590212125,0.1412657921703804,0.11670350156805019,0.0988672139530889,0.09579816280466469,0.10300244728535053,0.21018132393951255,0.1910235278039436,0.16893257975539336,0.14920226923689725,0.13146158175840614,0.11252871337421184,0.10360564628401828,0.10077867594079026
2018-08-01,2813.8085,0.375909378102327,0.28994760894904514,0.20550893438613047,0.12735905849015453,0.09288328531155159,0.09819658997065994,0.1241563051643922,0.14848763078446423,0.32657716109474605,0.2599112201988175,0.18698095160564757,0.12206612576466022,0.09106822180912127,0.0952848830472416,0.12117108490858475,0.14848763078446423,0.2904593064105283,0.23519009792846585,0.17575398744020215,0.12096675924430303,0.0911868335151699,0.09309594158958513,0.11499078754794023,0.14200041769595467,0.2701135418613063,0.22244336022917113,0.17100815040078837,0.12234888439820836,0.09353406632640843,0.08966222092809026,0.10469834553424419,0.12339681609724386,0.25186886483795223,0.2117144903953455,0.16943668166006018,0.12570932714208438,0.09906095286837917,0.08952639832901717,0.09525594317085748,0.12339681609724386,0.23306770794850593,0.20313366586502613,0.16946654245106368,0.13264101260632716,0.10669559999266205,0.0931548012568778,0.09254678824238968,0.11959641495836087,0.22023858309685918,0.1980884047542903,0.16968320897073583,0.14079182625087647,0.1158999260120836,0.09797811383374004,0.0947348405672926,0.1011573913466717,0.21287560744916192,0.19083181476296682,0.17249879745432192,0.14759977474391645,0.12991656098126136,0.1099411759670787,0.09919933710024313,0.1011573913466717
2018-08-02,2828.0548,0.36675331742135925,0.2768093477786491,0.19840301543370292,0.11784872212238386,0.08719965952757754,0.10091929217531168,0.1339874887408521,0.16695255238857792,0.3252648457642807,0.2513426100060735,0.18055869526036308,0.1145812669858073,0.08609617638673787,0.09425778346737067,0.12522380103374245,0.16695255238857792,0.28600385951474555,0.22607920705601636,0.16717125524533324,0.11541410994711003,0.08733077391561311,0.08766786843452362,0.1134482169646396,0.16695255238857792,0.2637065995671897,0.2151553165314959,0.1662247980646264,0.11807342191670807,0.09114420489357597,0.08617809497766013,0.09950726621342104,0.18697851017637174,0.24954142305948138,0.20697627607278016,0.16575167618381667,0.12243256273951326,0.09622089328998587,0.08746718569838989,0.09504288039824937,0.1194968277615559,0.23463667640257893,0.19941841119712547,0.166221562035574,0.13120465956816624,0.10230821840460458,0.09054034416588792,0.09303582761550738,0.1196551827698571,0.2217484002230215,0.1933387099464594,0.16988292304617456,0.13873677985931226,0.11166222238137682,0.09632712851773333,0.09489760702221271,0.11627765887197454,0.20806072428321248,0.1888368851442706,0.1734409316970162,0.14862094622799357,0.12862603152811802,0.11036656613599628,0.10496029226494634,0.10463966951567746
2018-08-03,2840.7759,0.37981902936906686,0.2900143157942323,0.19535237467616054,0.11407662997980896,0.08002213774340608,0.09163149373197658,0.13096376699964588,0.1415467304650919,0.3356383509054081,0.25071480261115847,0.17599956024282476,0.11003980372507884,0.08047234664459933,0.08624142212676844,0.11840801788298136,0.12676629593466623,0.28470683484632503,0.22017416057241695,0.1652411788326675,0.11034060171463748,0.08309092873272383,0.0841348362771793,0.11116586247617136,0.12270042925151055,0.2609096260204141,0.21129428984778198,0.16334401431961176,0.11408636949326137,0.08782356356007755,0.08382473628927259,0.10149833574347986,0.11609636699995143,0.2423355603102399,0.20279595189871014,0.16283754154807678,0.11915573464596849,0.09396451874192893,0.08554060830290793,0.09239302525171748,0.11609636699995143,0.22801182511998233,0.19651499744409578,0.16482751427874143,0.12683849341572867,0.10219498327053336,0.0903418183898472,0.09088071526065987,0.11609636699995143,0.21583853341303033,0.19259085572443127,0.1667186390592378,0.13615599770964035,0.11163198021198889,0.09688204767653671,0.09311521785213533,0.11131757412474648,0.20424718608012193,0.1891621657679864,0.1677376428170864,0.14719931679430248,0.12357406232166768,0.10977552068463378,0.10076267772671042,0.11131757412474648
2018-08-06,2851.0053,0.3755417507392002,0.2794426690629517,0.19650286964088903,0.11471519104702296,0.08315757031433549,0.09443269864897935,0.13720033027375786,0.14942806255278154,0.3171793586283397,0.23935289896238757,0.1710227484254752,0.1092062075191061,0.08183631907367261,0.08668057929848048,0.1284456443004747,0.1380410962343314,0.27930219414533763,0.21749039895441152,0.1614926001638577,0.10949767230490737,0.08394437222200299,0.08521294981541218,0.1160945608956266,0.1286488037247238,0.2592892639043462,0.20994276898409955,0.15918507679635105,0.11376096780494237,0.08838625782969266,0.08564043360073022,0.10540740951990425,0.12309726032660413,0.23683660147625937,0.20077556227083684,0.1585139178795745,0.11891787041712203,0.09391493834627944,0.08651220587320715,0.09548386889740451,0.12321701831943961,0.2247125397391882,0.19569229075654915,0.1622971432716921,0.1267940442289612,0.10006657227948927,0.08900297849508378,0.09195404613645172,0.11974168566268828,0.21597562761037759,0.19018197015134408,0.1653724661785732,0.13512784400413583,0.10898363595093315,0.09450196643303495,0.0941938100264967,0.10423220831015313,0.20434227327092644,0.18555715017227523,0.166701491763711,0.14558090265794627,0.125395480998241,0.10758328821888635,0.09888003305765877,0.09820067378851904
2018-08-07,2860.0547,0.36838919064919545,0.2796401857787163,0.18186296630805063,0.10865097013597937,0.08270759418455305,0.10328135773643318,0.14912320023356782,0.16444561664764837,0.30535535461436414,0.23265737976157103,0.16105196807369485,0.10414527034350338,0.081299610401056,0.08992539282331942,0.11937441878743561,0.1302196037469359,0.2679662412017653,0.21555857795248026,0.15706717760771405,0.1059934491592589,0.08315755284000435,0.08792089588997963,0.10814991415632007,0.11846091025897085,0.2539662165986214,0.2069575533519475,0.1565017966968625,0.11110450130283515,0.0870373451370249,0.08708190816950613,0.10440831790480275,0.12210191874473007,0.23693573723601624,0.1967167153887656,0.15582035218055576,0.11635738098834186,0.09239752678559286,0.08641654743931987,0.0984059001923653,0.12520916714216537,0.2231480745009674,0.19264942477638403,0.15885199606610959,0.12357519388930133,0.09925537035321055,0.08917209689594438,0.09472706347657413,0.1217662127039245,0.21197530491199232,0.18813723222072493,0.16152743010857504,0.13243914214326663,0.1077196379786289,0.09476282435288506,0.09447730726962508,0.11104207815613414,0.20454753960807875,0.1845820789138796,0.16293204256954208,0.1421086661435257,0.12503246663701936,0.1078581465975038,0.09920976581012836,0.10283129181564715
2018-08-08,2859.8095,0.35130162315052055,0.2613249334628517,0.18243442965788914,0.10575722616182569,0.0804832119445246,0.10288130096407774,0.14710832665803342,0.15932527571886715,0.2940196963149466,0.22979228716400127,0.16315479852775333,0.10242956791928799,0.08023600018390352,0.09285537744095308,0.13349472546265756,0.16316698864496956,0.275609278984036,0.216219766142506,0.15781858384992814,0.10500654874590831,0.08282618458298198,0.08912067223982774,0.12654096790103325,0.16316698864496956,0.25377800194497263,0.20298625866395434,0.1563227424416206,0.11024051337684572,0.08687219921555103,0.08540411776998794,0.10734264389807681,0.16316698864496956,0.23438187188812742,0.19684488088544685,0.15656269608295112,0.11616501579599559,0.09152162944930474,0.08532994672553641,0.09482256633284013,0.15134623413097087,0.2243367527588895,0.1929811205042762,0.15806566611880807,0.12501531525545845,0.09888432396731682,0.0879941383181791,0.08838330370347326,0.09430409501597013,0.21272266519146085,0.18936465029181387,0.16095569202503596,0.1323793240287184,0.1098113641771284,0.09569667277382123,0.09366462422041541,0.09485318558210522,0.2004158352735175,0.186913712877975,0.16508851098608585,0.1433760708111098,0.12620080396564862,0.1130046029196153,0.10281480737181249,0.09937674338238452
2018-08-09,2854.9755,0.35957818230926075,0.2703525845812446,0.18631290358327776,0.10965591172407134,0.08215981362547649,0.09573947369653785,0.13657911007175372,0.1506747910832568,0.29671937318155667,0.23773352535090458,0.16606809004369963,0.10682383730438605,0.08228884898701382,0.08951750421257332,0.12174565006290719,0.1306180871169038,0.27398844437835645,0.21933874476962553,0.15895208185212922,0.10855523243121372,0.08480258326686761,0.08648188172547108,0.10693782087010612,0.1198669155097656,0.25623806993583537,0.20756320793450697,0.15803847034465054,0.11371605158219104,0.08927632382255553,0.08597407190108142,0.10093462361164125,0.1198669155097656,0.23984125137446693,0.1982758132794194,0.15710126229739718,0.11858463385054033,0.09577691448091274,0.08763181234323568,0.09961515120945243,0.1198669155097656,0.2269337589252926,0.1929507013511089,0.1602579558739689,0.1262787023290838,0.10375801067525223,0.0921539931433836,0.09826360977841503,0.11533318923361514,0.21430376105907414,0.18872731258275574,0.16346956332337886,0.13297315137415644,0.11215071719893979,0.09787486610435549,0.09753018693881911,0.10387308278206617,0.2037707247015433,0.18381870679779158,0.1695833881531867,0.14353261520210855,0.1266190436019776,0.11290233926113519,0.10152810323038478,0.10387308278206617
2018-08-10,2835.1254,0.4089088717241657,0.315292532308768,0.21871285092657258,0.12740212854958088,0.08959536617551037,0.09148325757587684,0.14348928718909695,0.15829624000106915,0.3330223546375971,0.2680549652563886,0.1894876420814966,0.12053605215212541,0.08794120997844264,0.08662563898586029,0.12753012402432515,0.14524902308197749,0.3014222719912996,0.2381825435919806,0.1770839983732122,0.12053742146123468,0.08911842208835924,0.08749585776987194,0.11174145633857029,0.12772352836087122,0.2749324870019903,0.22051886359463108,0.17270025253115528,0.12380281606371552,0.09315978707812958,0.08771309772201114,0.10552234131116402,0.12439832670475146,0.24719959917668477,0.20801411835650066,0.17072125011764408,0.12851035753455298,0.09904828893865864,0.08896595499717261,0.1001395169234582,0.125588374204132,0.23269892875059434,0.20099749467204509,0.17117580888781803,0.13589779848424957,0.10590544803486268,0.0918472134048266,0.09796921525322948,0.12064093468715306,0.2208081807825733,0.1957607001506917,0.170191287410479,0.14300479419584625,0.11656132029971672,0.09837192016239937,0.096865361078444,0.11070893694611482,0.21013650021202115,0.1917473153539918,0.16894976319512628,0.14767456312617072,0.12848279967023493,0.11127354380109514,0.10298029767449321,0.09895643323944427
2018-08-13,2823.4714,0.42204374361902397,0.3202238074297013,0.22175541225051823,0.1414782390281457,0.10256542872814302,0.10118897998911865,0.12859055424427462,0.14664479128615118,0.3420898508997755,0.2682414544514481,0.19818164035802363,0.13386999488228807,0.09842910316597554,0.09515677570937932,0.11529522861578449,0.14664479128615118,0.30936440734748555,0.24638946840959583,0.1900604185865792,0.13192642261506893,0.0979267725223768,0.09429232462055978,0.11008431017244777,0.1275723387209666,0.27788666627330166,0.23263385243112045,0.18389994911602434,0.13290877062421097,0.10034522028673602,0.09329461689842414,0.10630359882687113,0.1275449166685718,0.257446783329913,0.22260433726353115,0.17898350952433212,0.1353729863147632,0.10558335933009375,0.09382925001439553,0.10364162133014623,0.12557045045155582,0.24171049843946613,0.20916224912333495,0.1781852991351501,0.1403192283204555,0.11268206642715733,0.0960188969322227,0.10057977344818055,0.12144229850302107,0.2281753853124833,0.19996701332203595,0.17849094882842015,0.145865282590137,0.1199115728078724,0.10078853079637824,0.10042875195079029,0.11104211282457653,0.2168731182440763,0.19428055666986196,0.17830345743386805,0.15054959907087864,0.13564809502010997,0.11639421563746093,0.1096639668879768,0.1069930852062665
2018-08-14,2841.5394,0.3781278451492502,0.30774742954714573,0.21298852056009512,0.12464759631602522,0.09272261203033645,0.09795477370823759,0.12631818033169961,0.12631818033169961,0.32557493189346265,0.26700325204824465,0.18437984167245344,0.11799933651898424,0.09058642209018884,0.09181954389830509,0.11613684029784109,0.11613684029784109,0.2976771812631104,0.23918032696841837,0.17443381237301545,0.1191369783668858,0.09121396854027287,0.09127584886001061,0.11277100583413105,0.11277100583413105,0.27314127982195185,0.2211399522993418,0.17132760296578733,0.12334804401350227,0.09342710223563629,0.08916212682858114,0.10451659853548055,0.10451659853548055,0.25026839102089515,0.20955914496667336,0.1699526522657852,0.1279335179026809,0.09788882287328013,0.0890011641216955,0.09899398037443846,0.11583321910676726,0.2365158359320333,0.20285073935512138,0.17010330273264782,0.13431859340903243,0.1045620551766363,0.09188534090540833,0.09378025695913847,0.09990412333404695,0.2200342886880673,0.19363958845702336,0.17035951713438324,0.1427397197723631,0.1157445297107063,0.09826520234697593,0.09614464838472384,0.10023447465821082,0.20860063048660804,0.19046603546376464,0.17219609935483,0.1495693622951712,0.13170516301360122,0.11202048093060189,0.10269186815557853,0.10125219238647977
2018-08-15,2819.8574,0.41395935879902457,0.32456694975744144,0.22318452548178214,0.14352106302904205,0.10320584253759962,0.10348439572736548,0.13284191348506294,0.13284191348506294,0.3494413743200152,0.27344525144577636,0.20063933119846178,0.13614801917381494,0.10092388487129379,0.10037738969142347,0.11861530950614863,0.15020107492974644,0.31298914963891783,0.25314482267884864,0.19243288376776466,0.1347842848643296,0.10092882543479081,0.0991623332810654,0.11677498867468175,0.12863516803603692,0.284755568288545,0.23422680883708108,0.18501520488730658,0.13512761948671953,0.10244813677133262,0.0956482291693818,0.11727908552732409,0.13096954243965017,0.25848412668826154,0.21992489080158706,0.1821840385520167,0.13749254436465197,0.10644481287752183,0.09443653418649074,0.11083325628852914,0.1329476616852858,0.24259227046723386,0.21199200807554616,0.1808001866316219,0.1421296891968234,0.11344817988457323,0.09663510071524535,0.09853257133320005,0.12323252229365439,0.22775234414645978,0.20335966419173965,0.177818885913203,0.14596480512245327,0.12222700247833922,0.1040713536185316,0.09883824129712271,0.10058982654203819,0.21294190581519284,0.19820056138287892,0.17551485549253892,0.15127065398291972,0.13004821306538078,0.11363744971826205,0.10511142624813131,0.10135435540105675
2018-08-16,2841.7321,0.3941456242831261,0.3062573980781122,0.2098089322775124,0.1293438002535533,0.09543088750096101,0.11060332964273062,0.14940548797351813,0.2877696528267691,0.3297487581429423,0.25625932389086425,0.18520840250708834,0.12296437936843102,0.09354518281633241,0.10521110145733259,0.14615869029211082,0.18240279449456903,0.2975887835358814,0.2388899475436272,0.18119889758681848,0.12358385350660403,0.09433074691281947,0.09616723879085146,0.12818585712034938,0.18216126907216013,0.27712204691591563,0.224101602022495,0.1773009311564916,0.1270474864072777,0.09687940488981998,0.09249773327314764,0.11666102312637927,0.14555397107958845,0.2553717999491072,0.21003732532362643,0.17523051080302118,0.13164371934542998,0.10184639016027369,0.09147291264115366,0.10600157158366982,0.12318736734003224,0.23538937482672712,0.20389231818908593,0.17431563225069607,0.13697103247860085,0.10844549794660614,0.0932497164775905,0.09697647639430741,0.1141747418520094,0.2203107185827887,0.19850291254078842,0.17360063527024358,0.14235982170419345,0.11707979620316582,0.0995015991344972,0.09970225912802025,0.10841493303290736,0.20904057782603025,0.19252702083632955,0.17295450164264964,0.15023392727815796,0.12980361480544528,0.11165242073621884,0.10579547395492939,0.10399169180553801
2018-08-17,2852.7151,0.37046982909223325,0.30746377221034366,0.20860017344391843,0.11972128669777493,0.09029251227910311,0.11003000614054188,0.14477636801739135,0.14477636801739135,0.3298461322266864,0.2664860115997572,0.18276282869516838,0.11458225663181987,0.08788029550988004,0.09921559617904213,0.13751532386973356,0.17576738970185932,0.3010639516553684,0.23562666481706193,0.17551062092656344,0.11700644128044986,0.08950853457676597,0.09577631564458582,0.12384715354201291,0.1665765850014843,0.27264716426846575,0.2191853480845288,0.1704237109691341,0.12120706173795737,0.09293753256774223,0.09114929225629559,0.11323345601842867,0.14806154890945175,0.2521719822757766,0.2091105507005335,0.16959464570727312,0.12553373661804332,0.09696501185831181,0.08969067107300328,0.10552829843890978,0.13539845072972728,0.2355378528604631,0.20321107630469304,0.17139479587433265,0.13270258538290464,0.10356642893378848,0.09174101155331083,0.1011199550479576,0.12096091922748688,0.22058729359789994,0.19721983085407377,0.1706927537649149,0.1392496742229762,0.11612322531770325,0.10047238344822795,0.09986678663177488,0.10420521245165154,0.20732959098415077,0.19064336500189222,0.17051558918718412,0.144899218232929,0.12697723081218648,0.11373021852888617,0.10331337707413164,0.10213514168318003
2018-08-20,2858.8112,0.36779481350033094,0.2827817452146701,0.19906743983935998,0.11900409997788328,0.0886560254011095,0.10673842481153417,0.14288555909246584,0.14288555909246584,0.3223701502558277,0.25098975199375706,0.18019041079313447,0.11579691788394765,0.0880029675585974,0.09508757705712881,0.12587144511352924,0.12587144511352924,0.3007796980621918,0.2302091485415719,0.17432900464199672,0.11777477176112545,0.09051518005561007,0.09345166346036349,0.11929073592947965,0.11929073592947965,0.27491843523181875,0.2127441647589345,0.1694044826698004,0.12138635208806314,0.0939683751771905,0.09005896637772513,0.10516011213184115,0.17675752777166248,0.25202065175025445,0.2059934188688567,0.16829373144089982,0.125902683228077,0.09962349506997617,0.08975594215341196,0.09745686249076085,0.10819720523235316,0.23233654005526422,0.20190023237282792,0.16907062812461301,0.13181450374520753,0.10576467905107796,0.09225132560475842,0.0966454907858887,0.10174896324343101,0.21898018912164688,0.1958651443392756,0.1698610461135693,0.1395083162421499,0.11453046337303423,0.09850876698796855,0.09748168309817222,0.10128795698576426,0.20896275914002305,0.19084625765422683,0.16995512595182496,0.14672471192063744,0.12691560395421192,0.11116369996010787,0.10366295174209358,0.10274424735807154
2018-08-21,2866.525,0.3676501681609563,0.29454344703895935,0.19571828250604223,0.11725713964317906,0.08780437951202506,0.10520188706359508,0.15428525221945683,0.15428525221945683,0.3264010072313266,0.2577448900940309,0.18135212739922396,0.11581882364106719,0.08803706233362978,0.09536666368634018,0.12723932029001594,0.20159916721757795,0.30494605224552496,0.23626443846392325,0.1755313687467996,0.11728353794270614,0.0905127002248579,0.09446239157269364,0.12262359547601606,0.1370494169242995,0.2749255172620551,0.21949006537414506,0.17019253713040394,0.12110365604123915,0.09367102523419268,0.09147560412266462,0.11686394257648776,0.13686520340415018,0.2555150419889535,0.21030696932402712,0.1670610964260947,0.12594993632115908,0.0985286169466716,0.09027202072331765,0.10616295183569892,0.12563074527200438,0.2360027691411813,0.20199712405735032,0.16540599360723307,0.13079181843510482,0.10417546370501868,0.09129222125811252,0.1013472166581506,0.11886556683415034,0.21703637214847007,0.19469634044059128,0.16902708208397066,0.13699450510228414,0.11449391082933982,0.09737334491370345,0.09836585090139902,0.1150576062917443,0.20563508784776288,0.18876758807129818,0.17027158310324772,0.1460184349986024,0.128488081074306,0.11096746866346781,0.10182437760814153,0.1020506989609844
2018-08-22,2864.8409,0.35388209249228264,0.27788133409883414,0.18878597136905736,0.11025447133859718,0.08324715210292037,0.10935339932500061,0.14606936085080469,0.192727674976184,0.31639859850524943,0.25375942220711084,0.1786753013059403,0.11100371248054629,0.0846629119814123,0.09659854033900386,0.12596677677659557,0.192727674976184,0.305035284625654,0.2375912287390308,0.17234489932715658,0.11498310187357863,0.08790768637165133,0.0930000241914602,0.12053465660838006,0.18015075662695726,0.27515209434989507,0.2160189177232906,0.16653178550519077,0.11967957215942321,0.09231108557991519,0.08867467317559123,0.1169789556728508,0.1508908374852238,0.25618536344316806,0.2062175831222443,0.16880356310598957,0.12543578100349353,0.09776379109070106,0.08992728891833628,0.10423181312444754,0.12744659149282656,0.23823738410754106,0.20070054971157247,0.16902377995765153,0.13180529454114756,0.10461290827358329,0.09254514036280864,0.10037243967209451,0.11290401922031662,0.2196945123637245,0.19397278961100992,0.16897854487946118,0.13742959826640458,0.11530337229329167,0.09886871587495832,0.0995113528178148,0.11386380040643135,0.20574563179652244,0.18855549402773455,0.16889986731861156,0.1454027845376455,0.12885221561436194,0.1113935685140148,0.10250162849690268,0.10992448653777744
2018-08-23,2858.4592,0.3713860901145672,0.2761727932927354,0.19724370482524542,0.11434046108506134,0.08535630970609961,0.10511232963925791,0.13981694851792467,0.1543842259753165,0.3208728729270988,0.2483104911054705,0.17954449590745664,0.1148984468984191,0.08707701762977062,0.09609372961656686,0.1339056953088201,0.15702837341869563,0.29277756390979603,0.22879779252995036,0.17361799031427766,0.11806670318350222,0.09003460021838908,0.09212996496555223,0.12758008504787402,0.15577412631722506,0.26648870025984045,0.2128201438751745,0.17048518198419071,0.12322867598634403,0.09380094444914497,0.09015999186335856,0.11538170881242985,0.14586029472838358,0.2525754082942603,0.20698454624168133,0.17015986851966503,0.12910219145103718,0.09937823698430236,0.09186236975279448,0.10937227252304953,0.13312733414203917,0.23778573142368728,0.2012760591997231,0.16991306076141657,0.13490563750073392,0.10641966931745574,0.09415208878379751,0.10057045787267367,0.12077134443800994,0.22142649923705712,0.19536168512381458,0.1703117687722321,0.14038560565509212,0.11601766349427677,0.0992585188776876,0.09747551848892132,0.10643984182104242,0.2057072554297889,0.19063975330040092,0.16953809654935395,0.146587028322267,0.1298795586249627,0.10886791404443767,0.10237105953302991,0.10525114438294787
2018-08-24,2876.7228,0.36070833255453266,0.27601910798937984,0.18705583531631445,0.11129304101452728,0.08420368405336871,0.10623933765601966,0.1686481876882044,0.1686481876882044,0.32017220620613823,0.24833255623091327,0.17510632261160045,0.11063456419321362,0.08551869314621502,0.09434051405661599,0.1465329419573734,0.21896493558421193,0.29925643618654213,0.2320284698105742,0.16970547351531243,0.11397890407799727,0.08882507790295771,0.0910784354019312,0.13159370921709843,0.15913596381830464,0.26803765828545045,0.21435223544952622,0.16517240427497523,0.11922983078113006,0.09328737105895418,0.08973431016748533,0.12328640046350003,0.15652974775255774,0.24880225881418508,0.2070209428934162,0.16500672816434178,0.12470818717435052,0.0990402500986343,0.09155960061846079,0.11168321353168294,0.13328881516360871,0.23470969356243793,0.20152906429161777,0.16776799228823783,0.13022396725943677,0.10483644337830962,0.09350822640940241,0.10677261394180697,0.12311578703212168,0.2189925808624927,0.19519429851796768,0.16910626801350637,0.13726927552401316,0.11382560796923724,0.1000022409261706,0.10025020701212849,0.11487063541370797,0.20472819459338668,0.18987692056428201,0.17025098490325738,0.1446293342588677,0.1259004175202184,0.11082555500071814,0.10304945134824767,0.1033051038309628
2018-08-27,2898.8392,0.3517079402415889,0.2701339955002722,0.18839032977299447,0.11197142990372388,0.08586804658499159,0.11071353010288021,0.1824594271390033,0.2725073652559857,0.31887718646998614,0.24472141947848183,0.17567349058593565,0.11087615548236342,0.0867580927693718,0.10283933224509328,0.15457980139988456,0.20591436106621225,0.2911144491814268,0.22701582552838556,0.16872058278049695,0.11319608738918892,0.08923375384575379,0.09806994285928662,0.13294104994503048,0.16260738508939646,0.2639021231916285,0.2133022468108638,0.1641005609064871,0.117293701807201,0.09299715501864331,0.09336144738546405,0.1204293239981122,0.13890594780312893,0.2500215873559398,0.20567286450977365,0.16345466019488583,0.1222727677259863,0.09837183033964067,0.09295217784108811,0.10732045593999186,0.1240563615191586,0.23611847679950868,0.19802987077847609,0.16434608384419824,0.12771502218232555,0.10391320147427953,0.09457851650481437,0.10350381597804191,0.12158754118774517,0.2198250414675984,0.19329276268086018,0.16582101747761807,0.1335934467458593,0.11153672307005892,0.09877300004194754,0.09915412864031131,0.11671120569531168,0.20793922053076105,0.18877876090536758,0.16798988514340876,0.14160844419423288,0.12485886558360726,0.10815763150950196,0.10220908672853027,0.10702832701396062
2018-08-28,2899.1969,0.35583722040756577,0.27502575517667516,0.18146885702599522,0.11197709883618487,0.0861414130351227,0.11568538765268462,0.18528410906171255,0.2608551490474996,0.32465510681253273,0.2531151179811615,0.17417592448573713,0.11228544284289989,0.08838851791053884,0.10814038838450234,0.1659877927059548,0.23038315198415768,0.2981538957179102,0.23201325091194364,0.16899017229530994,0.11552330344602452,0.09078240711369874,0.10233566086154999,0.14829962364109847,0.19329795924482404,0.27086159835078066,0.2153908218093617,0.16694174138437295,0.11985710643389537,0.09419060663378183,0.09545963924695415,0.12818921488223703,0.16978313681411533,0.25144786782260814,0.20663390506738222,0.1675984039112516,0.12551398710583445,0.09999026872477937,0.095464003905615,0.1120207800967749,0.14476970563887664,0.2374968158632364,0.20141567173464758,0.1673163718329754,0.13005946020598655,0.10589904440043972,0.09759156168684945,0.1084490347747583,0.1326757956400285,0.22132116075405728,0.19484881205198182,0.16707403070577115,0.1364003439693964,0.11597142283086818,0.10308723374843969,0.10439191999161722,0.11773434431886563,0.20845286431125273,0.18933492360844242,0.1682069885119387,0.14305766681926255,0.12768278444167902,0.11427775303331097,0.10517809578775944,0.10753406795649145
2018-08-29,2916.709,0.3564854544166866,0.2687434451314223,0.18952333175156544,0.11091883659118199,0.0862905454836291,0.1119685408251584,0.19487654148329842,0.2571767558656289,0.3179371006908336,0.25039053672067196,0.17856650040918828,0.11010743450097318,0.08781684313571186,0.10635944388673922,0.17422642962901458,0.23846120510550153,0.29063160465492516,0.2288301784195009,0.16831056542755193,0.11244945768500732,0.08980247464834376,0.09861368865299697,0.1482825130027059,0.19354392357344088,0.26224829769367247,0.21224585696950465,0.1635122184249579,0.11747363339582825,0.09383212100758104,0.09390733655693476,0.1303460284344976,0.17204358041904455,0.24379280471023113,0.2034476705582824,0.16392535659309604,0.12397678364942309,0.10087103596702035,0.0955981249241558,0.11362182282254765,0.14685004737382315,0.2322315639205225,0.19891708961130625,0.1654182790033423,0.1291577104475408,0.10638731831814799,0.09814790227694786,0.1093631158211148,0.13213504552606056,0.22045848871418108,0.1934127469248718,0.16682871020419543,0.1359631035892914,0.11501948171556751,0.10164077576994933,0.10408901022103577,0.11630167395503081,0.2053204133991345,0.18793797178676788,0.16906806580324996,0.14509395170033884,0.12868737939195396,0.11104733646823191,0.10348928782322875,0.107074588532521
2018-08-30,2903.4209,0.37569903952086037,0.287370042599028,0.2112502216557953,0.12273260052550161,0.0924456069694582,0.1123946022379957,0.18238794612102516,0.18238794612102516,0.34106741152909803,0.263388215926898,0.19045036498113688,0.12034086138256161,0.09323725361368583,0.10390551020512512,0.14922648939919952,0.2052069228416038,0.3040699925005249,0.2360888888342142,0.17718969168159235,0.12184579663747186,0.09470661291429917,0.09580890687094841,0.1299070447797366,0.18095948172583065,0.2718946236572467,0.2176733587318506,0.17048212280402006,0.12544185552646833,0.09854392082566872,0.09379814444782264,0.1239784156932353,0.17499018944953235,0.24972656132338272,0.2085874684231749,0.1704581394171889,0.13061742546702587,0.10583827102030556,0.09674838232750055,0.11141615855229532,0.1460215829909642,0.23532249462459512,0.202879329248024,0.17146158157830685,0.13544960385098723,0.11156134513027402,0.09958412797219228,0.106068485287698,0.12801198281409001,0.22202450994979775,0.19693688811644952,0.17266192914468648,0.14250183248455298,0.11963065376637882,0.10390906387126528,0.10278653866902597,0.11620822022339858,0.2122460830676224,0.19298785674582988,0.17258037051503297,0.15000154097142093,0.13228694782134826,0.11371378322662352,0.10615565993332855,0.10558317858493796
2018-08-31,2903.9894,0.3846075928221976,0.30700210650146803,0.21055688765485442,0.11717812823795837,0.08768133662500308,0.10323026212251082,0.18874417537548216,0.2136802275980081,0.3501058842884125,0.27178885606290826,0.1884359918258937,0.1156959231703026,0.08841675759665302,0.09669201509609103,0.16009092903496983,0.19367166703868657,0.3015701995452433,0.23825009557750235,0.17510581639633263,0.11800425296740867,0.09038547904724724,0.09168430297204526,0.13530259193266939,0.18049291214330215,0.27301570570628364,0.21992765569066625,0.1688792041030579,0.12206099220637266,0.0947953081300383,0.09134685552814105,0.11915057404403624,0.17121339287925008,0.25024487950706426,0.20904137953424085,0.16766543087967964,0.12849445019952851,0.10309438026038877,0.09545911385990745,0.10979822584326578,0.14164923442606003,0.2363705313528753,0.20183726315281203,0.1683233474901548,0.13427942440064838,0.10982773579447082,0.09892394394605476,0.10640774276742321,0.1253195721252666,0.22027855077474598,0.19658997562096767,0.16972986224474934,0.1410417705898295,0.11750040344745888,0.10253837746492113,0.10328557102170692,0.11631599069687788,0.20529999960091053,0.19405572643433136,0.1703965378136832,0.14806491550337986,0.1305263202872399,0.1103927355859701,0.10344233223010456,0.11631599069687788
2018-09-04,2898.7156,0.38692041549722195,0.29189607465450906,0.21159451115809258,0.12527591113791922,0.09445397648863185,0.10795134232610142,0.13863651710251934,0.23462583162843287,0.33626664009625884,0.2659415445520962,0.19332480245679165,0.12222574464643864,0.09306839765122778,0.10068403440032499,0.14196497667361968,0.2181186936880046,0.30438161442980116,0.2367153490880098,0.17722975978208916,0.12239119340067689,0.09429422425445157,0.0942209978086354,0.12859182535824593,0.18173794179386912,0.279027253016332,0.21939209833899048,0.17339367467378608,0.1257920285948059,0.0984022060547954,0.09393682317478927,0.11601717278740863,0.16457410254580213,0.2512216327114278,0.20932380032541675,0.17399975814693927,0.13099051782674892,0.10518862227322974,0.09627816788765885,0.10984590156724679,0.13393786387966672,0.23625490562390064,0.20371435051327666,0.1744014818856974,0.1360706452551059,0.11052498946456313,0.1001016949562512,0.10814951518844007,0.12400855061920264,0.2230364305835882,0.19714881936452136,0.1755056170452596,0.14390121260831035,0.11648325695917501,0.10356536149844545,0.10482194062316964,0.11601325232918129,0.20806338216342052,0.19354881673512905,0.17475793169178525,0.1488929401286687,0.13087153568752413,0.11334322756141435,0.10574731374056708,0.10972062758471902
2018-09-05,2891.813,0.39687975068534487,0.29683697363477257,0.20781605039071196,0.12920006828364458,0.09468517521349765,0.10814532801043922,0.1356857144235323,0.14679720818991113,0.3441365935694358,0.263198197943603,0.1923428982945024,0.12531934508741363,0.09336910897242467,0.09889524211301419,0.12898550909600334,0.16013104945811169,0.3054143023624891,0.2384897043775267,0.18179233565952888,0.12582649791817216,0.09483733396037931,0.09459049211851235,0.12664064819578938,0.16354424445810278,0.2740739443333147,0.2227358465960736,0.17665232519213714,0.12888477510167157,0.09930621263790144,0.09388144127426881,0.11943411314135803,0.15379131309529454,0.2473391545002191,0.21248018892414125,0.1767784030072752,0.133369673447152,0.1062213858207302,0.09612556426818183,0.10973447445471879,0.13930160111179374,0.23650577850347276,0.20683013484185253,0.1775803419010224,0.13743773567138057,0.1119873312745155,0.09986615340243893,0.1071466969526665,0.12670038413207604,0.22461542911213925,0.20002699793337375,0.17601893130314156,0.14478537568241073,0.11965160589052613,0.10510240552131281,0.10437314111385927,0.1133675207929412,0.2142015862331742,0.19447753262730091,0.17385692973625924,0.15181457425592906,0.1310125979221358,0.11097108365133206,0.10482493789571834,0.10804031143276077
2018-09-06,2881.8845,0.40215568155309,0.3076995909163063,0.2222612802319022,0.13947738337435947,0.10188718718333747,0.10928523274546151,0.15398100741178447,0.15398100741178447,0.3628736465777176,0.26933108463136946,0.2016975774357904,0.13399048765373123,0.09970564998558114,0.10137193803542496,0.13656753851396453,0.20945040709866947,0.3057059207627157,0.23728529038056764,0.18589130423622371,0.13163229927173922,0.10006516785615395,0.09799736493800246,0.1283461427412473,0.16682466813450067,0.2755579200692289,0.22616205753910393,0.18095455340598834,0.1335185171669397,0.10325937398297273,0.09675353351088141,0.11542826573241935,0.159109086942352,0.24999601752633832,0.216526381676629,0.1799000665651205,0.1384385015560852,0.10784389921640913,0.09749490362154555,0.10574347778224939,0.13916282503647823,0.2403973600025081,0.20990405899419326,0.17956540763757317,0.14396206251668575,0.11309469418779929,0.10005898610332899,0.10478393854844734,0.12779164513809985,0.22789840631409586,0.2011851441483946,0.178099180221256,0.14993970634780623,0.12395680124221112,0.1069320908728611,0.10350815062605451,0.11713032033434034,0.2116008976468712,0.19566715016707767,0.17737142932003291,0.15390898568664485,0.13270850200930076,0.11494305118444496,0.10485183076917368,0.10619209170745929
2018-09-07,2876.792,0.4094804149192835,0.31638193395875885,0.22944862182821119,0.137940613124627,0.10080361103860724,0.11490653992335083,0.1596854625530085,0.1596854625530085,0.35690853324934674,0.28069785167279365,0.20583760800784767,0.1320347223572895,0.09812563736868579,0.09956163018133377,0.149440679583511,0.18131296696154894,0.3083324858682738,0.25001394653947057,0.1878063077463503,0.13071514141383314,0.09852176995331684,0.09432390607464183,0.12665451817565523,0.15060985858894144,0.28126322888905647,0.23464473024924054,0.18206474156594632,0.13400208751864073,0.10266993547108652,0.09484307161426404,0.1170487487698327,0.13682681134309327,0.25957270210504485,0.22396115584231208,0.1799517029963083,0.13947556030364638,0.10966471469573619,0.09748846250730725,0.11000113454685655,0.13599127016349719,0.24589647920787516,0.21657523433765993,0.17817426161375594,0.14409083060719532,0.11503822068748297,0.10042813217688354,0.10553089828215152,0.12838139421441394,0.23015179458443918,0.20601691997084876,0.1786730231181397,0.14981416511358026,0.12464304292819839,0.1089460045210739,0.10469815590999822,0.11236611333518583,0.2180761411169808,0.19987883373602047,0.17787795479775112,0.15533290452672327,0.13616275594221236,0.11756080304106502,0.1057129715072196,0.10590897781359754
2018-09-10,2880.6757,0.4127638169343273,0.320970205151333,0.22397147181082075,0.1333919214512567,0.09784351920017277,0.11697695887992862,0.17242753626540014,0.19164923177313628,0.35213757023204756,0.2735020160807401,0.19334371036265793,0.12718381276701995,0.09528492908616822,0.10427121594787106,0.1498599576325765,0.17364232839221166,0.3087485484554037,0.24383375119285441,0.18189692016704737,0.12777465028598534,0.09674784833598486,0.09823392176399796,0.12877119826327776,0.15009898540728822,0.2766313437604157,0.23112456828436756,0.17888775150469371,0.13178578652951253,0.10122819867156066,0.09559736932169553,0.11795883890071411,0.12936252923096983,0.2562181965719719,0.2198604997070523,0.17777092590173393,0.1377081982183748,0.10909532231312474,0.0968506707525636,0.11140680207010614,0.12331978976888362,0.24235665881505652,0.2101753184223873,0.17791013049954238,0.1423540972339023,0.11548763485925176,0.09992966700905719,0.10877738208982594,0.123855094391974,0.22551039681921808,0.2038949325168108,0.1775961841110615,0.14791679432516985,0.12481746684090836,0.10718358233882916,0.10417865036772941,0.11755447096190857,0.21384475582706144,0.19920663661983046,0.1782483647155439,0.151580205964765,0.13518067112197285,0.11604015672958827,0.10695656203738446,0.10616658449972424
2018-09-11,2891.4104,0.40913824190468945,0.3097019885507681,0.21032352335695662,0.1239695796401199,0.09223084272354368,0.1063009188300528,0.12998792610548798,0.13597819455825566,0.3290557911786935,0.26069338872935915,0.18655081289223277,0.118859288760855,0.08992264927228238,0.09361543892317264,0.11548174646066901,0.12422165069796146,0.29953864830005245,0.23789295498038496,0.17761929360599682,0.12056429646606544,0.0920206364948995,0.09225185725385956,0.11158659015069239,0.1205881226837531,0.2751113036004018,0.22195933356897513,0.17343211162800937,0.1253758934326872,0.0967702251176559,0.09248172443381485,0.10687064763347129,0.11506852085169539,0.2489177739898172,0.20997109893390842,0.17254530932806464,0.13117534998090805,0.10445736583661872,0.09510281923159598,0.10263043925232689,0.10907447111709348,0.2361539061548806,0.20469229871831457,0.1741040802079924,0.13558571890488247,0.11127619514764804,0.09831862914728809,0.10120646208411989,0.10490547867823295,0.22272238442425066,0.19885672511740574,0.17418865226069108,0.14309451451981742,0.12298102355323354,0.10476199897988146,0.10160474087749903,0.1022643471597404,0.21125010292035556,0.19363381071710936,0.17297543831365864,0.14927907762637407,0.13413178237297987,0.11489005181864226,0.10593199665635701,0.10369259056564063
2018-09-12,2892.2745,0.3966313920342996,0.2997153301332078,0.2077109757664,0.12262336815421243,0.088671218356827,0.10275387360395802,0.16028544496568872,0.1708377084589293,0.3308265630056986,0.25941289966119585,0.18370766207042422,0.11663786272033656,0.08734496115010353,0.09268215647148405,0.1484008437548484,0.16121115205372408,0.3035445874238141,0.23904785177952886,0.17473401842961186,0.1180190500662547,0.08987122049286374,0.0900577367572957,0.13014943092973938,0.1526263193538401,0.2726446790841605,0.2211528735660802,0.17085751183273062,0.12285188124111844,0.09341417084804193,0.0891504712180115,0.11278344482882721,0.14620638247368517,0.24305696302197502,0.20817141248926613,0.17170263846825978,0.12970787228982497,0.09959147157019463,0.09105194996030806,0.10007754294684461,0.12027203784418085,0.2328921729032267,0.20254712904571126,0.17357902074138964,0.13629851036164495,0.10793827042000659,0.09401805850673974,0.0996141356820665,0.1224581747601315,0.22072848133926054,0.1951851301723722,0.17359033420608969,0.1448150453785094,0.12193394935362696,0.10434845878979326,0.1012741463268194,0.11937264838898733,0.20866157541332922,0.18951537364695728,0.1728604260624337,0.1510423846535977,0.12941267412323795,0.11381755490249194,0.10388880853361057,0.10940803804732585
2018-09-13,2907.3109,0.3797844221408945,0.2931622100269276,0.1940832334980702,0.11403270107670727,0.08644342424844204,0.10631468661502844,0.14976957490041296,0.15890918389351683,0.32995100952455864,0.25227870980637784,0.17211095898335818,0.11049478199349166,0.08507781232490363,0.0961540002949905,0.13115155798759984,0.13869329471710456,0.30072819592593925,0.23129739936602078,0.166702645295786,0.11277808014216631,0.08730921316805772,0.09352130178145909,0.12471161964275315,0.13432556101597357,0.2689290819767242,0.2140127772216258,0.16344568274673138,0.11763512521865212,0.09147205658961848,0.09074159138473283,0.11646105403328022,0.12919014714728588,0.24071475312808127,0.2026109474352341,0.16341923911222944,0.12411268764982523,0.09789541643150954,0.09047810622209437,0.10106237056864399,0.12104381606667725,0.22854050929889472,0.1970857379644478,0.1658931876332298,0.1300467141000037,0.10503048150677032,0.092732154905583,0.09381622475967841,0.12358683490183425,0.21553878054970782,0.19212779635422678,0.16796158135159445,0.1384348559738791,0.11766047369973606,0.10010716202516706,0.09602283019666787,0.11811360864861942,0.2067910359289459,0.18868028554556823,0.16919371761174215,0.1441098033291085,0.12780680658756785,0.11076350708728099,0.10072090463239332,0.10633391452650724
2018-09-14,2909.3803,0.37512721403957977,0.28373329494798777,0.1954579747147418,0.11069446473197381,0.08344792453905937,0.10081951760440927,0.1462569404984751,0.1462569404984751,0.3187832936352619,0.25225010326124164,0.17647304356256213,0.10728194373009169,0.08238102502797805,0.09443195718780999,0.14434199795656746,0.17278603809817325,0.29927648028525183,0.2362786318863977,0.167473875982059,0.10951846499054091,0.08493391598643585,0.09443759215937435,0.13477219342618435,0.16223212341694818,0.27057849658859895,0.21594171173044735,0.1607759015007045,0.11510945553915707,0.0896054725978287,0.09079045897015037,0.1146094458084506,0.13165044871872197,0.24268042500904946,0.20137662661401592,0.16042228709898168,0.12120619443182476,0.09669151984751556,0.0909971528942787,0.10599579843222666,0.12978417347753846,0.22845531468993027,0.1935104259236163,0.16365021060942134,0.12750471053140935,0.1034026775404097,0.09281958170850976,0.10268817455738545,0.12914347317493394,0.2144196990150349,0.1898543164844475,0.16601451475567788,0.13758520875400557,0.1144445887735564,0.10015776008243416,0.09785855175845816,0.11208220663175067,0.20451377505664997,0.18898807241021973,0.16648885065192343,0.14515669960003239,0.12383861910401214,0.11194320212058932,0.10016908470571953,0.10087636576524224
2018-09-17,2891.4858,0.3903899417067479,0.3100460021150833,0.21747549777380873,0.12937865601704088,0.09599655828361947,0.10879722981851202,0.15310376033354126,0.16540038164037787,0.33159544888897274,0.26906960838443755,0.1909550370418476,0.12255967312429483,0.09257414207395138,0.09777611205926921,0.1334938610643262,0.14985533382150357,0.3127842564362437,0.243418605836165,0.1782610645810726,0.12180057885612157,0.09272568956424006,0.09475887685645745,0.12482842460085249,0.14252785889578512,0.2750569152030877,0.2182709945829658,0.17125664395292794,0.1243705687373801,0.09514357991149275,0.09105222264539094,0.11040166175168548,0.13535925627395426,0.24296614847346454,0.20792985945187725,0.16950792926657404,0.1292171811485399,0.10025070640848525,0.09124266889058895,0.10579464330478347,0.1337505892293097,0.2323949933607944,0.20295815254924954,0.16824538454922522,0.1347085569088036,0.10669222070395479,0.09404073802051698,0.10260066090043204,0.12747234605404364,0.2212701351208987,0.19501191813817503,0.16735557106415996,0.1405814510138226,0.11676820941961977,0.1025776951102673,0.09938183369211272,0.11816902013852228,0.20902295312244412,0.18997446631841197,0.17018940790480172,0.14564371481958552,0.12613760373632704,0.11157449934147831,0.10231576502518286,0.10422566380901196
2018-09-18,2909.7248,0.3705504911836154,0.2941447685862746,0.20229260416907235,0.11898488154794473,0.09028014891366828,0.10795836641909483,0.1707305974772896,0.18253662331088047,0.3215427155995258,0.26005269454910673,0.180800556615385,0.11432419297514158,0.08820234261985613,0.09697647757857181,0.14835907737684756,0.1696090243335393,0.2998442766181757,0.2394270074657504,0.17252560730295985,0.11603664647699335,0.08938769463431058,0.09456003154075998,0.131730129081937,0.14868106009726126,0.2696357755798483,0.22036188677792642,0.1665436084293869,0.1201672478641252,0.09341457489793334,0.09137736408476692,0.11935296171835375,0.1371066040563402,0.2459060340269527,0.20820997861741772,0.165036429335924,0.12466438742237161,0.09936362542375801,0.09111399607503042,0.10746502333725179,0.13377242065972586,0.23055563270724802,0.2007135985909589,0.1661598347303182,0.1294403100767804,0.10498235576383454,0.09349243476230343,0.10129544845160848,0.12758284144693072,0.2176531425755939,0.19451330517293944,0.166798739642953,0.13817529889685595,0.11494522129157572,0.09939350806803204,0.09865992247199379,0.1127369391601606,0.2061557142675479,0.18930124439380303,0.16787527624250803,0.14552895434340554,0.12757667502386277,0.10847232637025202,0.10015198401873958,0.10200399768218647
2018-09-19,2912.76,0.3702029663753817,0.2914338454931072,0.20569394286928383,0.11547523378891243,0.08371712037880726,0.09620029442836642,0.16960912294738278,0.1907381364529306,0.3219210967440075,0.2565067411223862,0.18212411805562356,0.10950065749177273,0.08286223841995713,0.09738370400568615,0.1549271866821315,0.18288291206876978,0.3040841112746869,0.23695561103949872,0.17195712509999864,0.11164796807424665,0.08510322181519273,0.09421528658643695,0.13786476724280827,0.16741353620699476,0.26648035264911857,0.2132379477339397,0.16479539765762138,0.11710261679767037,0.08968787896028498,0.08771007171615959,0.11236449710561505,0.16741353620699476,0.23894029590103477,0.20114216670149343,0.16340104515929582,0.12269235238720605,0.09604292064506285,0.08834556517812588,0.09773871467516107,0.11880511059413455,0.22771679314829862,0.19409238951777047,0.16453174255752354,0.12937824258416988,0.1029974032844404,0.090989428587721,0.09710350464076051,0.1106702175549895,0.21644411365948676,0.18901860620072722,0.1652400400601159,0.13936842270909178,0.11490024168393667,0.09655663666609265,0.09733331861297849,0.10573156834585135,0.2022339825229462,0.1857242665065828,0.1665482061508186,0.14516007477254717,0.12747683944456445,0.10468480075818123,0.09840034028500798,0.09916004233739345
2018-09-20,2934.5203,0.3632778107220218,0.287947872645924,0.19577362380677138,0.11823719266754036,0.08771555061199393,0.10433076991519125,0.15712979517465026,0.1976085734480246,0.30809894888228007,0.25174312455820863,0.17690048781769735,0.11350471504725236,0.08617629412938238,0.09958100051111311,0.15364021023706467,0.19880992025560476,0.2889333098707808,0.23209126032941452,0.1699574427788809,0.11340653677735005,0.08725922421422916,0.09413831459146636,0.14109243301111424,0.1856644292593015,0.2636377518461042,0.21272415555359792,0.1629020658867277,0.1160149978164274,0.09124271878401898,0.09114561769737485,0.12060811306432236,0.1441709951591338,0.24010905029811705,0.20135656362451024,0.16018509145166204,0.12040118650281316,0.09698616032005622,0.09165455657704628,0.10771068514748781,0.13010231725436633,0.2275166516501947,0.1946391267337324,0.16129840800540332,0.12495207153848167,0.10310951108670585,0.0938064787171467,0.10146755030506223,0.11553664865290118,0.2129187847114033,0.1889114972778875,0.16358993330334845,0.13315761942012394,0.11258336607941553,0.09960543194272803,0.09830652766691676,0.10498365340313925,0.20585200514613047,0.18652142273682726,0.1641884385606268,0.1417682754207022,0.12266400064316826,0.10623790571441592,0.09807165208494915,0.10078940723749684
2018-09-21,2932.0219,0.3525410582372196,0.28249933775171143,0.19498119251520482,0.11391382991989334,0.08355496970389927,0.0920264531072421,0.1339258276367085,0.22114407622490337,0.31352093938767633,0.25197849620003443,0.17828232173854902,0.10969053621522458,0.08322127484495656,0.09076179402297575,0.13767081679208085,0.2218416377548441,0.2918465926709512,0.23277708444316914,0.16871892118525866,0.11183379720134277,0.08551325911500311,0.08896137021306903,0.12718824160546022,0.21478488748886754,0.2645672860012464,0.21490208314914688,0.16250638942576814,0.11642128790325797,0.09042578368011646,0.08843278645997216,0.10624316368241458,0.1669838570188315,0.24299339151014301,0.20282364053949126,0.16116446156427686,0.12122219137096212,0.09653517834104483,0.09040903506472689,0.10267800461039531,0.1311466768578148,0.22987808350168873,0.19537364156924758,0.16282605984292198,0.1259411067667321,0.10312052085666253,0.09274673784033419,0.1009483748496537,0.11775136914619329,0.21514271675023103,0.19038488164104828,0.16560931543656077,0.13561049584981158,0.1154038664431157,0.09942490183192854,0.0989159890495374,0.11108150578033228,0.20574765139866558,0.18681995290395453,0.16695786717271907,0.1431973112073611,0.1238935386562464,0.10867475595143958,0.1006300951369047,0.10463169656874775
2018-09-24,2924.0489,0.3582521408579428,0.28076874331951857,0.19563182699245818,0.12261319202863162,0.09032900635501967,0.0966957167131536,0.12211187243466065,0.13747548501696155,0.3228514822073524,0.2528057358185665,0.1826407423522222,0.11799797426946067,0.08840244714593694,0.09502444090614065,0.12343610298139783,0.13825551210237472,0.29205139228459825,0.23123232281618075,0.17398041437607978,0.11864695398813867,0.08919258394594187,0.0911025243242993,0.11603262953754474,0.13415995395219615,0.2624699604419704,0.21427221010178868,0.1697136874961472,0.1222821496840434,0.0929256240368948,0.08911689350073106,0.10509485126825059,0.13355067233942744,0.24142264261499904,0.20465491947757103,0.16732938909830272,0.1257905354854765,0.09862854674106199,0.09096587411989289,0.10387723607598141,0.13228641972528876,0.22854268146123746,0.19710547096800565,0.16625823148242272,0.13070128423565594,0.10450391883412996,0.09339486750607709,0.10115110038191069,0.11732994219596446,0.21622436299266484,0.1916103577324737,0.16669158505444437,0.13914407510370075,0.11767448661542315,0.10106283676814976,0.09971244777019253,0.11019301472652933,0.20726085624023918,0.18722524244306712,0.16696124527838402,0.14437728055050186,0.12672661712166788,0.11067552821771967,0.10215475138095431,0.10678898030901456
2018-09-25,2918.2507,0.3588855730322786,0.2770996547639922,0.19369521324229813,0.12345030166456597,0.09235105246209946,0.10070142069067547,0.15414580329950905,0.15414580329950905,0.3236273197212366,0.2545077032758829,0.18417057464524195,0.11922047743020932,0.0906770242798419,0.0958377749469385,0.13059723802941767,0.16185925436615417,0.29328776467201667,0.2344038127278813,0.17418262631310885,0.12008822367711355,0.09185519518392209,0.09335817181441787,0.11042110052572791,0.12871972421613678,0.26542711548778575,0.21879711408149344,0.1690361708556683,0.12497198554750047,0.09616312303505664,0.09222809032857385,0.10334898079811657,0.12871972421613678,0.2435966375067282,0.20649282639212643,0.16791186423038593,0.1292798888539733,0.10235958798950731,0.09327821746378885,0.10286989232921841,0.12871972421613678,0.23105776654731713,0.19815288440868697,0.16717653809638908,0.13317249976868856,0.10843797057872184,0.09505250802618861,0.1034049238020037,0.11894530379753265,0.2168184781059723,0.1932164668727334,0.16875363561448983,0.1393259014193946,0.11831306730655744,0.10162153940558663,0.10149009187812881,0.10944172556495772,0.2068927433544168,0.1888395871651499,0.17008924949741638,0.14659057701876743,0.12792825714190917,0.10993728028924186,0.10272510762431951,0.10341996097961673
2018-09-26,2909.2997,0.36607794992134857,0.28794833649950724,0.2082354195243086,0.12728914963370108,0.09540399178955229,0.10770901067978102,0.1552677633007379,0.16902946478032796,0.32455854609775553,0.25962968000606623,0.1913113352108224,0.1217944159526432,0.09291044311143695,0.10056121439404572,0.1460175079185552,0.16820310819208018,0.2953981317687932,0.23976917984760104,0.17934903448526884,0.12186859946366163,0.09343125748660239,0.09553960670281618,0.12793019252633986,0.16003410465945941,0.2691881815796501,0.21977920540706106,0.17185941421226797,0.12620917008444957,0.09748292577187255,0.0944210623168091,0.1113973344363694,0.13335133723054646,0.2449243664425705,0.20664015862650448,0.1693592710665638,0.13057531991699045,0.10297799449254293,0.09462492420873155,0.10568427996208124,0.13321723216619719,0.23402220838019253,0.19968362582133467,0.16822202135715747,0.13425171615858078,0.10822597969598205,0.09647375303494712,0.10126855316477547,0.12648762572241232,0.21688859671726926,0.1932941060463205,0.16799585742518366,0.14082446157982778,0.11688054784772384,0.10131446664353254,0.10069679392462287,0.10971904228237737,0.2055841323259073,0.19022879963273256,0.1685793638287363,0.14745413824785664,0.128433305172234,0.11048114595507971,0.1036228068958474,0.10632398253624185
2018-09-27,2919.3218,0.38157410654100093,0.29311346562540397,0.2074874537331425,0.11899026415598088,0.08815839024726302,0.09910269430343811,0.13674470995586074,0.15324754779841532,0.329401334819649,0.2574964971104602,0.18636211429293043,0.1140817165460771,0.08685002420795555,0.09327153749069653,0.12619022689695764,0.15306721395878614,0.29553870459746606,0.23280442493794185,0.17285624186824872,0.11543791236587993,0.08815992744931708,0.08879386446089037,0.12391959305615052,0.1475502706436335,0.26569985817604097,0.2144801376213213,0.16828567539977254,0.1205253013238146,0.0926609335929557,0.08961466842420786,0.11347070496362881,0.13219517654530244,0.24111128730539785,0.2032433321073216,0.16768898896810716,0.12392005362449712,0.09759335210219637,0.08982270941591619,0.10418317250680971,0.1178762300138728,0.22868017494744908,0.19635550215187514,0.16753424518430776,0.12849389488291654,0.1036209922194723,0.09167879851194162,0.10123235921853387,0.10965371761725773,0.21390289415825087,0.19170229529383953,0.16772548441252802,0.13899577765569424,0.11623625349441975,0.09860210677347975,0.09917729030582635,0.10486075620238547,0.20537251958276528,0.19063085510037817,0.16676400162697774,0.14536009626599292,0.1284596485682172,0.10799635165786728,0.10145025908703263,0.10499721383074714
2018-09-28,2916.9323,0.38008489518511945,0.2979413861256341,0.21144255739250886,0.12086617215752239,0.08690421249009543,0.09649870536475708,0.14680135801560404,0.14680135801560404,0.3418037592124515,0.26980523781003024,0.1891299364820262,0.11622629498383602,0.08677254970501085,0.09332854605019102,0.13980967500316385,0.16494607884251236,0.30468208881674896,0.23940556760045126,0.17575384457908388,0.11681185229630166,0.08833899998585336,0.08938677365267607,0.12393106382983121,0.1480823875056978,0.27207867101238736,0.21883614135349413,0.16960884415595426,0.12067567400722014,0.09319686028303836,0.0894354043065067,0.11268277530145045,0.1429519272727266,0.24623715767475066,0.2067151082893748,0.16564021500821502,0.12472852250463108,0.09953965026903114,0.09067076323607574,0.1048645687505852,0.14067033379952812,0.23094256892327494,0.19826662110749863,0.16505569379642018,0.13023605861739135,0.10467258031032081,0.09349152815985505,0.10066556346627913,0.12233636459242966,0.21538581778623173,0.19358534754006454,0.16635665640666963,0.14077187589595883,0.11677567969906354,0.10069144033310451,0.09893519430263872,0.10139002379903529,0.2093671646991528,0.18960602206769175,0.16802682332583244,0.14707581630203267,0.13034846764134822,0.10649192362311286,0.10035558243539837,0.09907081491896315
2018-10-01,2928.4447,0.36912604514168923,0.29113330637237667,0.20125972320774352,0.11822096124571431,0.08797626026118754,0.10491798753870027,0.14148253679392794,0.16092675442235566,0.3230071449352391,0.2592518911242684,0.18296291933248726,0.1134122468712817,0.08618755087397281,0.0980386840186505,0.13879609038059715,0.1597686314778304,0.2908289051609261,0.23369819008942624,0.17173235113935342,0.11533526856555422,0.08790720430112414,0.09131315902825614,0.12424972863698566,0.15365853757070513,0.2659389703578839,0.21638646314370547,0.16813145646588648,0.11966725904080652,0.09320104684315371,0.09135860077136322,0.10976210979349107,0.1304563576066448,0.2415943120554133,0.20470076981226443,0.16583811969329915,0.12263344121526214,0.09938113819086769,0.09146162370304822,0.10154116160772877,0.1304563576066448,0.22809443043811894,0.1960512978803691,0.1656935802646072,0.12752397155456088,0.10391087924268637,0.09408436378806712,0.09959383505293957,0.1304563576066448,0.2149342787378466,0.19045769981212204,0.16790252684387286,0.1381826910847798,0.1145971431763418,0.10361003581826846,0.09962553364082115,0.10761593861425525,0.20715869654447466,0.1869560714911567,0.16868584841713838,0.1437324424601765,0.12689814737738625,0.11125002635839217,0.1021553837690143,0.10416490179416585
2018-10-02,2927.2475,0.36870189682207627,0.28507218338195445,0.19993361806385418,0.1191025519844334,0.08750973531334257,0.10544736858436343,0.14855435950772186,0.161271244629726,0.31729951227897074,0.25252740158097897,0.18310768983644868,0.11419409827651766,0.08671188284396292,0.09789027390101004,0.14323942427157527,0.16005340168766485,0.2846694587560719,0.23356293729027072,0.17300402131944626,0.1163865522793228,0.09002080112298337,0.0912895151165352,0.11613539002993052,0.134872407281618,0.26586577115032906,0.2195375023618152,0.17021015529353703,0.12211026382473332,0.09486309653346453,0.09113666613501499,0.10581748900450613,0.1252104891252898,0.24372201671247454,0.20673734978280692,0.16599543622865146,0.12703304896095782,0.1003842842380935,0.091518454728791,0.101235071760971,0.1312893587968471,0.23263908604365638,0.19687370677282223,0.16462811464246788,0.1318606737359754,0.10557434689533333,0.09355380204460985,0.10145151005509231,0.12038756219738907,0.21438433008088084,0.19015467408167996,0.1671560765548806,0.13997073318503384,0.11549294693575886,0.10039135213854325,0.09996412009813331,0.11241265139345827,0.20385962121202864,0.18883473303976797,0.1679799801416036,0.1459654445487654,0.12695079318135133,0.10876166741688295,0.10048864407831544,0.10654458822878336
2018-10-03,2928.2484,0.3620248208271533,0.2822849707649108,0.19768964698255856,0.11705860474741772,0.08761247851200858,0.10136858787115945,0.12994570603231814,0.13888458383213892,0.31311818162243577,0.24926649618004143,0.1806844461276655,0.1129253268485838,0.08665871586397364,0.09502466891673157,0.11872760068977091,0.13234941877702522,0.28619277852897584,0.23291846055797383,0.17405103860189905,0.1168723316222441,0.0901715454924248,0.09240244324395946,0.11188391583249023,0.13885068846103787,0.26110697842410896,0.21818326561886695,0.16975432387204267,0.12259244646544455,0.09539196643240196,0.09092711670902946,0.10621745700880343,0.14546997741965423,0.2418200749675276,0.20580903453576282,0.16487351625280575,0.12672189342270088,0.10047818160065843,0.09114062560791282,0.10453772581926825,0.14257674019053623,0.23160158741937617,0.19850632499155385,0.16378252712142666,0.1306967242195755,0.10615461894486702,0.09369285942416283,0.10154746099264664,0.11984053417679542,0.21535422213215308,0.19016494313075538,0.1676004096154945,0.13636800574557245,0.1163007791908531,0.10211671473752695,0.10073450633449131,0.10852924908375927,0.20113921387836983,0.1859036758221951,0.1692065678002414,0.14312749774985734,0.12549174572930727,0.10991247394260087,0.10313994678362877,0.10504138974699417
2018-10-04,2904.2708,0.3929177066671538,0.31271280860484535,0.22937523887291367,0.14558011275183735,0.10529866159756132,0.11448036360443906,0.16237204394241672,0.17617121075666728,0.33563444361565764,0.27482171057782284,0.2057712950191789,0.13676538950482822,0.09975774748765089,0.10136917881365652,0.1525867854387572,0.17224619862695983,0.3037546492278294,0.24780714858570596,0.1915726303547621,0.13577860711131662,0.10003777382561056,0.09471111738936885,0.1269620659682702,0.1568408665396094,0.27405136033024524,0.22771922460477578,0.1843310165503701,0.13734136143353637,0.1030533614200507,0.09353362139101287,0.10635227696782197,0.12543594612481299,0.24884339171485936,0.21555869695297497,0.1783603388966355,0.13781117587300953,0.10722360736475403,0.09448896478198252,0.10077407327408638,0.11274210738514537,0.2373959832463976,0.2062092932000505,0.17428552394543625,0.14000029777626263,0.11163130847951186,0.09710151842628013,0.1014736870467104,0.11520591702324194,0.22056130840426777,0.1984808621420666,0.17378865990777184,0.1453841523748271,0.12113514355375833,0.10403007689570601,0.10081215614654594,0.1105820774871059,0.21057005567332673,0.19445553299285684,0.17582745698186109,0.14794266150533317,0.1314205619507846,0.11468770868935634,0.1022618257333643,0.10530354317986725
2018-10-05,2887.9902,0.39993126279797603,0.3159170618436142,0.23358665593620118,0.15320971222338955,0.11018522393770923,0.10981889058845279,0.14505576770373144,0.1674062918893985,0.3440589163627171,0.2771181335481867,0.2101909411159831,0.14514149499933612,0.10518279688447453,0.098691271035061,0.12899861556026668,0.15614555304256245,0.30965941338962893,0.24977234205616022,0.19896044537846674,0.14488419651560694,0.1059034527568157,0.09635587410082228,0.11371072940398909,0.1393273163061619,0.2806168159097966,0.23274913567513697,0.19221331287992646,0.14480807065702822,0.10808488248564568,0.09635216994402342,0.10518562586595522,0.138841461820983,0.2578792624421432,0.22197067538542595,0.18456510539474008,0.1449799840910037,0.11104385949280772,0.09676228398056229,0.10135659595266762,0.13503497476496987,0.24456263627228153,0.21236773889285693,0.17969158000734847,0.14733240390604857,0.11576038064934573,0.09915036971031307,0.10228316648419583,0.1212140746114403,0.2286582753807959,0.2053327190004691,0.1782974081647555,0.15042996634262712,0.12529402591734073,0.10738131617044332,0.1032642084819319,0.11321662572044708,0.21732486585565547,0.19910655307970004,0.1771985366909542,0.1531356172265333,0.1325227884254439,0.11546347937423083,0.10573873042820746,0.10932096545824659
2018-10-08,2888.658,0.3891655105832663,0.3099236542119398,0.23271574310015955,0.15459211166104944,0.1118251888922215,0.11426389223636042,0.15470160234947958,0.17614050710130838,0.33189479812571043,0.271347103361889,0.21116313264758294,0.14791994242859036,0.10684781648464983,0.09850449931738207,0.13858308111409634,0.16479558341403625,0.30756496212814577,0.25405737262029776,0.20305422002513182,0.1473351294904125,0.10796714382877223,0.09653101456104858,0.11731635591477942,0.14523545220099407,0.27959982705615644,0.2367998784976736,0.194486308963127,0.1458631395308928,0.10961045350933574,0.09698242628938109,0.10425365598169269,0.12750866877678368,0.26058430659421467,0.2240741389657335,0.18702452543439163,0.1453028310105281,0.1126415902957942,0.0981273456335087,0.10358584173787312,0.12935221050655824,0.24581910047661404,0.21146703292673621,0.18296116722153263,0.14820127489150584,0.11673802282051823,0.10007398554325778,0.10363864268113221,0.12459528639655898,0.22788094018473043,0.20394142162661474,0.18181034269800778,0.1531198243687533,0.12512583679744185,0.10537715983718489,0.10337572994110818,0.11913152401049991,0.21445150291285534,0.19885080974513772,0.17912430027123416,0.15428434703350763,0.1358721254217189,0.11413759342494481,0.1060343652260663,0.10900726185505245
2018-10-09,2884.6316,0.39408877079684795,0.30278172971425366,0.22159722974531448,0.15178382473782115,0.11185352195547157,0.11409961612474188,0.15903609990096929,0.17212178962937344,0.32892488818767995,0.2662738452399618,0.20594341163199653,0.14731845126494847,0.10831011571334337,0.10172451463836754,0.14743449049177157,0.17041183856052164,0.3068600498304885,0.25373397382305896,0.20168162811760415,0.14799049466905903,0.11018767099832663,0.0992025085574636,0.13598371283346836,0.15881087587555254,0.2815653734138732,0.23757059442373418,0.19544047696987807,0.14717251635045348,0.11186149638323223,0.0982813266874154,0.11968397517255454,0.14248365153787898,0.25970706920271597,0.22436988306122427,0.18924598917965113,0.14609041018277757,0.11463963128745515,0.09900772616439919,0.10750328716307071,0.1336846564269645,0.24429900676790778,0.21507684387392142,0.18541845360968426,0.1476682950914025,0.11807544128369733,0.10124245010072579,0.10494682903059159,0.12632826749095216,0.23072299822327605,0.20581844413819533,0.18134965010005955,0.15366911176700146,0.12634363064402027,0.10713128102445724,0.10550240017037775,0.1198024926000042,0.2196097467109645,0.19659075593434674,0.1766234341920565,0.1585029928252699,0.13832337344267776,0.11719369515923515,0.10926505439744305,0.11058455754463019
2018-10-10,2790.3127,0.4666167284846617,0.37594850335132163,0.2962546558237392,0.22520678871860852,0.17052345804658223,0.1529422091193452,0.17334294099150777,0.2060813801897648,0.38362765897226037,0.3257194273900397,0.26677897588290983,0.2069510441696006,0.1576143727884404,0.13597095178588187,0.14836117868143966,0.19220288100260885,0.3514313698360455,0.30049907245668794,0.24940646017406698,0.1974534371006114,0.15183904816934826,0.1300012356174247,0.13895880133223437,0.17658171321652927,0.31490611466251267,0.2737031641690938,0.2302243010150435,0.18720531345920197,0.1467489064496243,0.12430397851991848,0.12860141159700894,0.14670286321497406,0.28925175657460134,0.25432935409708163,0.21691903877139665,0.17961071010266177,0.14509298373309476,0.12124796806638044,0.12359518229252131,0.14036583343561343,0.269183303360072,0.23918608034541833,0.20836104325625154,0.17605339314278434,0.1459618859168097,0.11988251618662653,0.11835572674833783,0.1296294869605973,0.24873063552676805,0.2267038511537373,0.20261114998827723,0.17338450823503598,0.1492746357845429,0.12324830679422788,0.11578816370311285,0.12028036393278645,0.23183050326873628,0.21515348533306705,0.19517184720102768,0.16904695596892969,0.15268206796027098,0.13215946059736614,0.11702485574376484,0.116254971765544
2018-10-11,2732.3607,0.49695643662844025,0.4065417468198903,0.33509906182214044,0.2679513263067229,0.2147536171016716,0.18920569661892972,0.2007028058378671,0.22744827059502176,0.4059336648305357,0.3503423284113369,0.29776511474060563,0.2426250130249423,0.1954717197765727,0.16819194258973807,0.1723778299804706,0.2012639381249014,0.36631752175754095,0.3191390888797187,0.27282020860458706,0.22472223657916765,0.18277925506818668,0.15593304741987665,0.15885869684665788,0.18739558200051562,0.32692908940485754,0.2881726842060598,0.24804313257125654,0.20757259616674006,0.17080025171313792,0.1445221482392396,0.1444882279627438,0.15718458518619452,0.30013947805832236,0.26952360204340864,0.2344398869623275,0.19815774998626057,0.16516526787238858,0.13834427245157194,0.13589140716392425,0.13984501060872018,0.2806410135344439,0.2551946519199485,0.2239424910480634,0.1922651127865518,0.16260861855699402,0.13496112586353975,0.12833901611781157,0.1317345815145862,0.2597531675168362,0.23854846771825336,0.21258303911199733,0.18707115210918923,0.16079871499142182,0.13499750196313798,0.12518428595741596,0.12545007539507544,0.24595656770565147,0.22567699646885156,0.20323378070733467,0.1813464044743533,0.1609598575350114,0.13942727935163182,0.12745932717282218,0.12229301751941396
2018-10-12,2772.5621,0.4269833455148274,0.35615905673928044,0.281933668595996,0.21097793941149257,0.16208273673429244,0.14639749081610248,0.18137411729928862,0.23939704504241355,0.37621064587539144,0.31784579668853685,0.2581113333206565,0.19846334922879114,0.1548561585571128,0.13411962466867947,0.15060408172666925,0.1983409845226886,0.3435662099963464,0.290240825001842,0.24010756445629838,0.1891388306618157,0.14911741789454525,0.1272414213297611,0.13874759329341266,0.18249691141565305,0.306799445902068,0.26519064119613694,0.22422353965617342,0.18054715829284565,0.14387844965682328,0.12223970631841094,0.12848968500310265,0.15672929533055355,0.28322991944133014,0.2511506749047831,0.21408289703476474,0.17588587702049877,0.14201199877205914,0.12060890388022921,0.12244775703160836,0.1458396142671222,0.26780709929030555,0.23804934480837373,0.20570032165000707,0.17311354728295578,0.14173684817356386,0.12106024009684474,0.11715369031035398,0.12821446497723618,0.24823678171560162,0.22342971570046669,0.1986452110832568,0.17148605171143844,0.14440842192263428,0.12490665837822248,0.11609656337059444,0.11880999396656067,0.23303065971838183,0.21094373408016387,0.1913507100200823,0.16999520728973788,0.1489627188932951,0.12956555274293446,0.1190207413311372,0.11656308059155356
2018-10-15,2756.0315,0.42651071001614665,0.34676013101102027,0.27951432992461095,0.21210422141692256,0.1616569251311295,0.14833932485126688,0.16484096489208325,0.20732487937295382,0.3781050593965496,0.31314979658036685,0.2571121019293489,0.19997945074579954,0.15463250768744574,0.1360143401220068,0.15173288285484923,0.18852939858549816,0.33981990324911193,0.2870663931643247,0.2389113163560593,0.1903791660940599,0.14790276572209926,0.12768257214865672,0.13872968899268406,0.16503484934274962,0.3010938448678431,0.2628631118966735,0.22327518248224482,0.18191233282703406,0.14416896572525612,0.12319872396166813,0.12749830391626718,0.1429647263073439,0.28269374401196284,0.2515981657838091,0.2163919417465454,0.1788327101427666,0.1460878536895354,0.12251584728239752,0.12315206335069603,0.1344897304745923,0.26422751379279846,0.24053445732964931,0.20799727342954738,0.17707711218842778,0.14845765157784213,0.12335728989160101,0.11959498202779273,0.1273329856129772,0.24969686578100306,0.2287060150605995,0.19908167680974787,0.17435187075335534,0.1507188674388225,0.12848249701023526,0.11868565526151005,0.12268493944935309,0.23382735078086503,0.21511737134736442,0.191938442510746,0.17252388072091476,0.1542580386867677,0.13318986764335913,0.12141743541447095,0.11840905774794978
2018-10-16,2811.1337,0.4019156630547977,0.3177324226356773,0.2498583631254584,0.17809213386139253,0.13496004900094882,0.13051266182617957,0.15480371367694865,0.20948709540332075,0.3523722414082705,0.28688395439693004,0.23262095434134475,0.17098011863895035,0.13167553117747666,0.12036302391845034,0.1486104644162634,0.2018988433080784,0.3235349398416185,0.26571454641674974,0.21648172487250456,0.16482340759548378,0.12865301054142714,0.11440876667054349,0.1328088884744167,0.18145194806009132,0.28975206233112366,0.24504566967068503,0.2046764215625869,0.16093567488363017,0.1276225324481696,0.11065895764320453,0.11356357208963394,0.15117811032346593,0.27206915298134204,0.23473646356377692,0.1992313532483918,0.16052724462883902,0.1304803412373253,0.11117422788977853,0.11069867631476749,0.13788812956611934,0.25526439747690044,0.22480843902601771,0.1943544846872816,0.16159907523543,0.1348573821684378,0.11378168336707509,0.11051478045112698,0.12477887647099561,0.2399183416880697,0.21604510912130995,0.1910612211307787,0.1623022348955886,0.13909590595617274,0.11915027346232748,0.11161035309943737,0.12008067042417306,0.22703368993151218,0.20523897836550498,0.18669154162748636,0.16208175711546027,0.1440485982969942,0.12760542468321753,0.11546685130423176,0.1138378551275402
2018-10-17,2810.2366,0.413154006297489,0.3250961418714117,0.24940138586624058,0.17550521180203682,0.1332974707968904,0.13081556267378192,0.1637540053047642,0.204262186279541,0.3546908628649185,0.2878228342759655,0.22842525003891706,0.169960044888622,0.13068202633363696,0.12208520498425629,0.14283018311182835,0.16472004252739358,0.33081313901519016,0.268508421472558,0.21614288483300276,0.16501675396230303,0.12792557626425488,0.11721002646554673,0.13281191813835108,0.15180969148680842,0.2910600009825303,0.24427054271518434,0.20513213325641314,0.16053362722354902,0.12824620005006995,0.11260804178640298,0.11711759713245228,0.14552880525470208,0.271211430568622,0.23492256946454065,0.19937196225225626,0.16033222753577472,0.1310026378912938,0.11273478016787968,0.11263197012432971,0.13293542170133188,0.2554127633290315,0.22526617434068125,0.1926771685294325,0.1627683633483283,0.13400535780185274,0.11422020770168224,0.11191591630755696,0.12398415857124527,0.23918386841420192,0.21557555619841007,0.1895433147890402,0.16468108247570729,0.1405255123310805,0.1194104791538092,0.11302216925191641,0.11867880125628695,0.2261125436954302,0.2057513340530487,0.18639947523069528,0.1628458462933905,0.14585155372163097,0.12788514994877015,0.1180567045999126,0.11495671633654901
2018-10-18,2767.6746,0.43535666487552716,0.3546364048355982,0.27774911001329955,0.2069357496738266,0.15672782448292355,0.14916138886421432,0.18750219812482166,0.22362106057779677,0.38319614246438694,0.31348422116004526,0.2546870330779125,0.1957001033928731,0.15149549011443494,0.13502563578992274,0.15499312497247578,0.19660895141696277,0.3458465253034912,0.2865972541968781,0.23870764113083423,0.18720929490787094,0.14700077827501373,0.12844586854385628,0.13837207875206725,0.18505344966454643,0.30604240906639263,0.2641900214275662,0.22514721910104607,0.18149370378424629,0.1448268512171508,0.124587035650512,0.12467225124619585,0.13981528913279975,0.2877855653893237,0.25315120401383295,0.2176133077834022,0.1793879792283466,0.14570021974385206,0.124048079331835,0.12166289791200785,0.12747148182533802,0.2680588627716346,0.23887579440669754,0.21058901039622405,0.17768736990573328,0.14771936674542302,0.12378605277511273,0.12033150717822841,0.12862807439034005,0.25098708595039526,0.22779179272405578,0.2029931107038064,0.1734556848385979,0.15137499304863458,0.12907363423158227,0.1200423413547389,0.1233072525169512,0.23769061883081913,0.21766469812731845,0.19376414310126458,0.17023672175960047,0.15424465136885476,0.13678465628300632,0.12313182416519138,0.11895206271799545
2018-10-19,2769.8294,0.42467222711392744,0.34383152807654654,0.26874315809911736,0.20003036863767545,0.15164842325875255,0.14210717833489164,0.18148542986084773,0.2373405787024348,0.37804033653560687,0.30608084045166384,0.2482866892998225,0.19172665650732273,0.14760437016592318,0.1310568825428982,0.15958045605776888,0.1965604593069738,0.34254103109810985,0.28452349593086546,0.23519854779205424,0.18332753606457236,0.14350762018102972,0.12522809542767582,0.14260690228252815,0.179336015106836,0.3026456742589858,0.26345840752901656,0.22110225230368105,0.17728111995087248,0.14324297241852807,0.1233717675754499,0.12560105422685094,0.1371117538552181,0.28538927507302986,0.2513670081653268,0.21470774284446598,0.17580213118616014,0.1452489621238747,0.12370987172054866,0.12281323782033769,0.1329877087813928,0.26746098689350234,0.23870623403753993,0.20978258060171642,0.17592750984740535,0.14715227635647304,0.12384677882061389,0.12052385828056617,0.12896666052489753,0.2509231440904043,0.22546482267282664,0.20410864203702722,0.1734594726096788,0.1512993871162024,0.1289266090441327,0.12145164795327944,0.12337150971869464,0.23072843876197704,0.21257159602029277,0.19621570166514973,0.17069886257036482,0.1548224574004151,0.13519297997207783,0.12414034963588634,0.12055089880384462
2018-10-22,2758.8206,0.407770469934646,0.33903370099346114,0.2596756426645667,0.19681566638894,0.15217907062726735,0.1402594835796385,0.17357216930532934,0.20517545130867165,0.36711410773917263,0.30880498312646065,0.24457940865894848,0.18960439240924157,0.1486667097604973,0.1352507347168418,0.17068909597096898,0.202314306732805,0.3387059420728066,0.28577684234895595,0.2320243103393309,0.18256391610970796,0.14423369704599076,0.12809578175596303,0.1530058717249334,0.18699593928561314,0.30064955241839203,0.26028099703412666,0.2210570612207484,0.1778594180960996,0.1438450530064971,0.12439421355987393,0.1288145889341871,0.14853338516449865,0.2800742863133695,0.2489388297293052,0.21463442411317726,0.1765380438266893,0.14481212289060597,0.12438510479998899,0.12444456912265112,0.13754743850213044,0.2667787125847688,0.23878182376173654,0.2091910516873881,0.17708958453079948,0.1460723935029459,0.12509406815527427,0.12201826871138659,0.13111139178465453,0.2511037478376511,0.22491545583358208,0.2032743173275612,0.17261566134079495,0.15037112430780863,0.1301550361076511,0.12103165130835032,0.1270271462845891,0.23787571270211863,0.21298996157409533,0.1965363002735309,0.1701632421894789,0.154841361251956,0.13379661183881913,0.12269677944183657,0.12190709036966443
2018-10-23,2739.4649,0.44612575871360843,0.3622656372172589,0.2833846725417267,0.21881645068834657,0.17192067116986215,0.1588120934218144,0.1877487590830413,0.2417253710215382,0.3900947244286465,0.3189582365334724,0.26076978043550036,0.2062745248460331,0.16415378266971636,0.15005009087299614,0.17980237006012714,0.21081910929768907,0.3438681422721966,0.2915073127816603,0.24384833542765677,0.19448469078492753,0.15649393912802384,0.14000221397467352,0.1570140769558154,0.18545099121646624,0.30668276684668183,0.27039786008300015,0.22962917642834874,0.18640979044024863,0.153089753979015,0.1341091871259912,0.13779848329736333,0.15269855082925987,0.2882058390806963,0.2566735892286204,0.22060300887581163,0.18273230957218672,0.15337113699032942,0.1327842283989786,0.1323362428909427,0.1432139024019482,0.2725926671461664,0.2437802707944328,0.21378690472983727,0.18137177143016392,0.15452685879255404,0.13327099496771444,0.12883486826786836,0.1377003373670112,0.25546947591673314,0.22926058141346228,0.20633577061469252,0.17845189913105178,0.1550819991601923,0.13763855480366008,0.12622062009924653,0.13281883053666088,0.2352408730269183,0.21302782804578768,0.19927238612632422,0.17479177419507885,0.155889014889659,0.14254058773936043,0.1268474346267507,0.12608962620475606
2018-10-24,2653.6139,0.48048003473981116,0.4112609288420818,0.3394548644566684,0.28000675153959703,0.2250419368073973,0.19797949689502403,0.2136476197998072,0.24334571686438494,0.4238294964925191,0.3675894287797407,0.307771541013053,0.25740741375979176,0.2097033643891697,0.18469350446993973,0.19845950340903695,0.22812767778433937,0.37843334515017363,0.3313266964264506,0.28258059571446953,0.2372381284395453,0.19515189946131434,0.17075482652236343,0.17866597651212662,0.20741889042415707,0.3362287895896093,0.29841448404510157,0.26062364047104364,0.22080522078951506,0.18553912575471745,0.16063857450059538,0.16040018891794983,0.1725725915264461,0.3101356194845746,0.27840292353151364,0.24842219909354835,0.21159126715996615,0.17990976108160914,0.15549648052500678,0.1523301823383474,0.15956105202193588,0.28804228623628547,0.26379026984540604,0.23824610887585698,0.2049696401281161,0.17493695686392757,0.1529145274418287,0.14544685560285264,0.14857117725908434,0.26861711329445837,0.24767104625276304,0.22341750726030327,0.19747492942815137,0.1717200368475628,0.152515069101794,0.13830057069039353,0.1373791592375538,0.252596290710435,0.23423541887461882,0.21222205234056687,0.19025684365202594,0.17046804679269842,0.15354856602300576,0.13737258041253803,0.13218368141484435
2018-10-25,2707.5861,0.44915093258203426,0.3816839443058028,0.3097929318291344,0.24522201664340815,0.19900288762879276,0.1811503449346469,0.2049569325593858,0.2321833431105635,0.4087086511910377,0.33836354207390257,0.28029384232995486,0.22813580760270827,0.18802912341161737,0.1699563421891409,0.19534106458586503,0.22765804824773578,0.3561859824957877,0.29875589363827,0.2558991910607612,0.21144042913784875,0.17550630288543617,0.1554516481564258,0.1696920920091843,0.2021188718589067,0.31709047112654715,0.27630210299169905,0.2405178029284159,0.20001174610775158,0.16821885049676596,0.14740089433878603,0.14932727795217954,0.16952991040973908,0.29815412112603557,0.2649826100625562,0.22982346152254451,0.19441303083940403,0.16671663702578718,0.14498460501031823,0.14289025532031313,0.15576718072728168,0.2791041956039622,0.25074055798216915,0.22065010445127148,0.19073597469077172,0.1656178725358697,0.1443572450271768,0.1368516941253626,0.14218005209482318,0.2591698097822163,0.23621315389689326,0.21261049711770316,0.1850811385967809,0.1651324140572472,0.14534577248704586,0.13123706978788105,0.13188533115890458,0.2423305319432943,0.22487876800943016,0.20331494711241022,0.18123042220536584,0.1652448724443102,0.1472444253334161,0.13075499607706625,0.12792452229368065
2018-10-26,2651.9953,0.47135240323765737,0.4086765775640723,0.34738988534102266,0.2808205729463848,0.2286640553464089,0.19921462755224503,0.21769955805503327,0.26260328675421724,0.4287973360103858,0.3709546070403742,0.3118040259134986,0.25580110385760313,0.21210841707241684,0.18389191049783243,0.19665511566604682,0.2378692135873776,0.37575866523316703,0.32512431354173355,0.2769124350882553,0.2332044415776151,0.19466952212100277,0.16704728108541406,0.16838431578917276,0.19385879809081133,0.33138858744723915,0.2952086423463803,0.2569830596696948,0.21865520571548774,0.18463861305323007,0.15877083853561416,0.15528173237677415,0.17008237101221282,0.3088457891778204,0.27936556775592897,0.24443615736946336,0.2114017626631277,0.1802242477520164,0.15548017062648706,0.14967615390479438,0.1583026174627736,0.29111850558301355,0.26548420428866815,0.23499415182644098,0.20679113588974837,0.17680284665581122,0.15316030547388113,0.1442490146531336,0.14592133415875463,0.2728230567396842,0.247886742081978,0.223524533998,0.19814687616847504,0.17434581004891417,0.15240913075949317,0.13767916215495313,0.13534629452418367,0.25286595903858355,0.23204771954877773,0.21352696636527813,0.19054319815524254,0.1725681735594657,0.1539001823759815,0.1369946461076022,0.13150740185842827
2018-10-29,2638.8233,0.473410870902944,0.40382323702619344,0.3376187356371855,0.2774527431557762,0.2283244777297327,0.20242555180377106,0.21889678263173504,0.2402936348476861,0.4318271945059642,0.3646624201052155,0.3042463902719701,0.25323715158022814,0.2094491198558176,0.18444008057927413,0.19492153324812986,0.2166938202883474,0.3670820212461435,0.31661925704998456,0.2731166404527678,0.23172375621556435,0.1921429939017298,0.16760068843937082,0.1673865161502288,0.18168650000731684,0.3305644599126026,0.2936194836892981,0.2572727940967142,0.2196988006024135,0.1858074005846202,0.1613339177152502,0.15670291152297966,0.16246976080374614,0.3074657236209879,0.27760523715728974,0.24416276467265127,0.21225785785883125,0.1822600389889383,0.15749820759851096,0.15168669269206558,0.15354017736844522,0.2921483279127973,0.26494155377901063,0.23580874451465897,0.20660644057386177,0.17871997631392508,0.154642852651995,0.14670031977334144,0.14624393942985442,0.27051874798795067,0.2504041722602782,0.22541635576180352,0.1976364740913584,0.1733464388052817,0.15274638747798006,0.14076694790829547,0.13743238820705053,0.24903551504715435,0.23354659421334914,0.2118892678619735,0.1892328150230846,0.17208465071371878,0.15296018643731213,0.13884914681971794,0.13225256068704566
2018-10-30,2684.1786,0.44261538173239434,0.37210667987439516,0.31451180363069214,0.25466609923175104,0.21094541385336515,0.19063367741446763,0.2117379308287918,0.27063885221929507,0.39391273206070654,0.3313836941745119,0.28471106660609996,0.23414877712621804,0.19481941668957894,0.17407779461734002,0.1882471615614308,0.22787446852082027,0.340465581032034,0.2963245785254095,0.2590237420652538,0.2167176555914813,0.18170879630270997,0.1596404612721022,0.15943803988635644,0.17509335271950838,0.3166774081323469,0.2808684367734155,0.2463079307630144,0.2083983772067529,0.17775996352175172,0.15491269303082925,0.1501307174201487,0.16061302479179157,0.2968238337753615,0.26628955441052393,0.2352894381950201,0.20167981683096742,0.1749050521490213,0.1520270928806366,0.1452448942621319,0.14933323089341952,0.27988793693439445,0.2544836766497967,0.2275185902234721,0.19665684140518497,0.17445093129032685,0.15013831066042205,0.14041652947180108,0.1399390709953184,0.2586166474686732,0.24091565634217732,0.21714743548278062,0.19207234074130985,0.17302694801897786,0.1488113842746467,0.1359652357986298,0.1336330206725792,0.2409849693259205,0.22827866964468843,0.20523262419337762,0.18761166956344977,0.17044425316043732,0.15262289667203194,0.13549753154890865,0.1308687581367776
2018-10-31,2712.9881,0.41312315189843907,0.35180348256721417,0.2932178106069551,0.2302362413970438,0.1868154844946289,0.17662704238538476,0.20270611162200192,0.21395183126863757,0.377470833592483,0.31796733693610324,0.26553862040504433,0.2137977876082439,0.17518238862888452,0.16014708409944833,0.17994604264276504,0.19220654880162436,0.32967183965643293,0.2807084330491391,0.24450408160769518,0.20166206083763213,0.16782784732417538,0.14801035114862168,0.15483480122744142,0.17524544744317277,0.3056579481098799,0.2675768147264712,0.23487421055394828,0.19650070810257553,0.16763619483249434,0.14540872845033756,0.14347505139917627,0.15244579413736165,0.2854841498041035,0.2556866347271163,0.22543563359000632,0.1919816120345602,0.16699271160279375,0.1443314204467521,0.13942289836645758,0.14624204143467237,0.2720568993323317,0.24767605354459005,0.2191963912752905,0.1901529786810001,0.1659197349417985,0.14315006265888616,0.13647189888940542,0.1407380284683161,0.2585996676633108,0.23522555369574968,0.2114579334020139,0.18579588875556474,0.1640441775472888,0.14365591997150368,0.13297755941890457,0.13325155095309638,0.24008351527038105,0.22087231638392857,0.20182980615903653,0.18205195595954593,0.16378662098299207,0.14666861978658075,0.13324760336042124,0.12971713014170755
2018-11-01,2737.767,0.3922079100232507,0.3230436595476512,0.26880164193453576,0.20591199992072973,0.16440682699241072,0.16088111843053857,0.20083785101512783,0.23717425232090808,0.3470384715976754,0.2936563404823925,0.24596213890845975,0.19358052996708425,0.15653690999878417,0.145451690740678,0.1697519853519723,0.21656980831361333,0.3122527061806092,0.27062615249650074,0.23208022745566642,0.18797204077513327,0.15392329264302593,0.13777315269097826,0.14773185685671422,0.18055704621829458,0.2967135470913674,0.26015097540876053,0.22545491504302642,0.1866124833062072,0.15550915802828516,0.13671494529469888,0.1384646193270251,0.14770615547834423,0.2776564247338828,0.2491458312967955,0.21834880678966817,0.18412716415885866,0.15696286469443296,0.13699357998875497,0.13468320812136791,0.14256135627684347,0.2650716881324661,0.23997250541777984,0.2133834323090674,0.18306795069591952,0.15786046425650216,0.13676382832799455,0.13080666099000152,0.1375515937945428,0.24960218848128118,0.22607279486554802,0.206681049035293,0.18067690076341575,0.15932329113908913,0.13718243312482858,0.12778716997506886,0.12895845133653258,0.22941897488275237,0.21535967624367106,0.20074889021857698,0.17720697806458868,0.1613977517014241,0.1408193775808337,0.12980168717105925,0.12585112914212332
2018-11-02,2719.975,0.3883162001844471,0.32825537435247937,0.2687487477155999,0.21000729843752133,0.16669333549266896,0.16184460520335067,0.20477755561086458,0.24074670528368966,0.35068543206482955,0.2949993680821492,0.24705916859056348,0.19667635920017779,0.15886999740863134,0.14638431635787744,0.17766069973974224,0.21225257338340126,0.31626813931572034,0.27088377406727254,0.23348114328562738,0.1913423146544219,0.15870516370395832,0.14050889840270325,0.1514511163818805,0.18111104846871398,0.29823155623239844,0.2611253384324399,0.22788036128483938,0.1909504441454756,0.1618406230908304,0.14010027680383136,0.13914213271833203,0.1505197354500827,0.2794710176918305,0.2514670534384033,0.22145789253650014,0.18905368801804823,0.16362003258392008,0.14022022743017698,0.1352785375768838,0.1383448805090917,0.26598656067483556,0.24491786210690292,0.217884473209378,0.18782702302829157,0.1630605703611031,0.14042778503640405,0.132146578904469,0.13361280869429212,0.25107431409836306,0.23438177616835454,0.21051650169500774,0.18431874223345762,0.16322094149984417,0.1409984185691613,0.12999986237408767,0.1284555157074913,0.23833729054328318,0.22220470820789898,0.20277249929810667,0.18004605509235758,0.16318663241395873,0.1442840642310289,0.13239435469271238,0.12702092527793413
2018-11-05,2737.5165,0.40863721263097713,0.3369263438720964,0.2707465554567263,0.20917364775049974,0.16643541778518287,0.16304517050602735,0.1969822757360351,0.2179111744969601,0.3508420140469436,0.2963061055905787,0.24439965440137268,0.1938034875012414,0.1573994480051078,0.14416541677934358,0.17410103077855785,0.19305238151833792,0.3187655702203724,0.2744055952140883,0.23486446355643661,0.19113951194158782,0.15736271705525418,0.13891470449310678,0.14765856653058634,0.16771833478102538,0.2986249894868972,0.2621961928879963,0.22912406753408693,0.19034917321196282,0.1585834225934834,0.13792634353976843,0.13689790815752104,0.1494190098071078,0.28113222675855787,0.2521660865695604,0.2212886535082601,0.1863799536899921,0.15934396016299773,0.13717457896268248,0.13246024370555026,0.13706421217886325,0.2667323331115856,0.24216443541342636,0.21476821126713289,0.18298989076318337,0.15819973600905474,0.13780103775954314,0.12994539084747023,0.1352370806120236,0.24951289902060392,0.22934546790396193,0.20660316068502407,0.17861333822114384,0.159402333394031,0.14111106959035474,0.1271827185024533,0.12731852835922913,0.23420242363130525,0.21645406205929082,0.20012400715107861,0.17631862954133515,0.16125882195267363,0.1432945288630529,0.1280313278254319,0.12432053623757801
2018-11-06,2754.5207,0.4411045281248985,0.3413051949473773,0.2739108538358948,0.20588724957123966,0.16492026988033895,0.17314891337604155,0.2098411319283064,0.21893390788159348,0.3511730928290504,0.2924018727666145,0.24541873313668908,0.1911317593186434,0.15592671349808956,0.1476990882352662,0.1755416234561882,0.19836335956821669,0.31596262665438063,0.27237020369240034,0.2341207650000323,0.18782663873063948,0.15549592457284894,0.13987849751151224,0.14560499144077568,0.16022263242026322,0.2952056858736082,0.2592245650818085,0.22532452930159466,0.18583003990170732,0.15622368284696284,0.13698744715217204,0.13679394185432045,0.15279428783129806,0.27284130133160805,0.24693247516684877,0.21670561401237057,0.18221427153279512,0.1564229003901578,0.13446380246632395,0.13037807269579352,0.14743777623393858,0.26112885715394096,0.23778819232250717,0.21064032405168434,0.17828633180670297,0.15620106459760147,0.13334471149463512,0.12585958596065544,0.12734950497791953,0.24422193566543363,0.2240501915469423,0.20322907708093454,0.1757065494119236,0.15709335874223063,0.1347979029681767,0.12339621921692549,0.12320224149383703,0.2308400029748215,0.21422870258457025,0.19560118591351933,0.17416329998887084,0.15751592782405838,0.13786849892814182,0.12634214645740346,0.1218140219945847
2018-11-07,2813.9066,0.3915098768143654,0.3049005426336035,0.23044911434512716,0.16178707282478713,0.12947320929965045,0.14251088641199688,0.18485844796155038,0.21890480930228676,0.3239811107800857,0.2678664961969588,0.21310233351038887,0.15761115624438227,0.12685592594551076,0.12508192963838238,0.14507470298234668,0.17082894758288045,0.2966680983327654,0.25250234852841996,0.2066517089828799,0.15957782555685432,0.12950562284306363,0.12013138439289363,0.13392818800378514,0.16705157836299692,0.2794656384826763,0.24103438443598324,0.20060557640251866,0.16061832021536454,0.1322322886843118,0.11785647199003584,0.12548859377385774,0.15902939028474591,0.26217329468706374,0.22931643753653136,0.19515380785194347,0.16142721793765932,0.1353174381165469,0.11724295702919196,0.11851647137519566,0.13626842392655597,0.24949758634003538,0.2220781475919684,0.1928112796296058,0.1628630161466764,0.13751643745076478,0.11818363833181533,0.11529931972503263,0.12697900350420221,0.23449727499895093,0.21257648662971942,0.1899022448426448,0.16370050068729564,0.1411916442120235,0.12147372603330427,0.11337274063945393,0.11657019453112238,0.22037020567860674,0.20492864985718806,0.1847321239008932,0.16359715733252725,0.14778153960881935,0.12640677726536245,0.11613115304386219,0.11394395936158339
2018-11-08,2806.6427,0.39307075219635695,0.30342279818846435,0.22752177166306128,0.16041235657693487,0.12746434055288283,0.140194851043675,0.16586118027775976,0.17372003082818613,0.32707778107156626,0.2695095621856104,0.21467642067276688,0.15881732600423065,0.127055525370776,0.12658653649805393,0.14510444536692507,0.15576653835935816,0.2966668805945001,0.25117597859560603,0.20894235443359854,0.16134780544940422,0.13005596150914422,0.12069548456023514,0.13180993127209123,0.14618975818392324,0.2823715109893635,0.2416644479745953,0.2037231329758634,0.16180044492145318,0.13177081977822305,0.11822549917053282,0.12513639763254378,0.14514915302305095,0.26382871089758714,0.23002338498182945,0.19747242225940537,0.16213633124706237,0.13366480534033012,0.11658635752467854,0.11855458720366255,0.1412868728759358,0.25099768811321665,0.22039632059882838,0.19498685128326076,0.1628925631802839,0.13450785231521553,0.11623757832832825,0.11517225762143833,0.1308814535596445,0.23331675788055023,0.21156397297944798,0.1892138502473631,0.1614139722260526,0.14078138016155528,0.11967351190148451,0.11322124734013038,0.11560605314229833,0.21765771575255488,0.20378721165855837,0.1850470144242421,0.161049247779082,0.14391135790493875,0.12516071129313078,0.11599564683989898,0.11287282683808364
2018-11-09,2783.601,0.3696544175028383,0.2963647103513427,0.2246543222576163,0.1629716864905333,0.1285317047197877,0.1330293068033028,0.17774545464451275,0.1999066941274475,0.3283534295326367,0.27339413968908677,0.21666733433175223,0.1634981518041121,0.12977532676591805,0.12696930479037616,0.16377314714481328,0.17883154848290425,0.299525890989513,0.254805909533651,0.21269051340680892,0.16590689444239673,0.1335435342094845,0.12058054134603316,0.14344624105172213,0.16093312195178724,0.2795082623854856,0.24392727862600405,0.20837292187012382,0.1661548416028316,0.13539401330508188,0.11839582811415023,0.12660445260913297,0.1444962555546802,0.264401453768209,0.23595088196726172,0.20350872563171263,0.1658272776737603,0.13807876173712907,0.11828568878500227,0.1187010447754576,0.13178227700156198,0.2551127336477878,0.227792480822037,0.19949526510794974,0.16602368404997003,0.1413031914070824,0.11863300515682948,0.11518364187757407,0.122402020703496,0.24003230892871463,0.21539156057920736,0.19248864802067547,0.16668559942163727,0.1465660715190226,0.12236567166624064,0.11421897727145354,0.11683312771007738,0.2274935610645145,0.20515493494280643,0.1871817105751697,0.16725363907938168,0.14964256694779804,0.13049240376124352,0.11715652921882,0.11617028229738813
2018-11-12,2725.8896,0.4023587810903263,0.33404500549783417,0.26634483524755914,0.20582988081304643,0.16106872224821586,0.15045457714107094,0.19463082761919337,0.22988056964927098,0.3512380122009099,0.30104227781993076,0.25313831390456787,0.19968032244259218,0.1578634213326755,0.1406753522982892,0.17270927722098736,0.20535268343594185,0.32053276948616855,0.28027484177246176,0.24228427853422163,0.19566890870596226,0.15649141317564702,0.13553820259056354,0.14512514320162342,0.17491195997960743,0.3019943764730752,0.268922429464153,0.23269070798535593,0.19002341514048082,0.15463617486677975,0.13280831369451193,0.13359829839832535,0.149443668204133,0.2849620073843672,0.2567200258246578,0.22286244684063267,0.18514275225074334,0.1544490560147028,0.13097890406372065,0.12817892338325004,0.13588096238023084,0.2737461017149485,0.24631358143666784,0.21683000735135977,0.18339347344425663,0.15567480142297224,0.12962767870847478,0.1243793523202415,0.12840518959283523,0.25206436391975984,0.22684489191883617,0.2077182661280876,0.17912350015826375,0.15568365637690515,0.13288360255906348,0.12288668855464978,0.12287336606398695,0.23212199755561172,0.21588927638951896,0.2022059299290873,0.17673642896622016,0.15579178063308424,0.13758398240561984,0.1254792416428544,0.12077786670920014
2018-11-13,2722.9567,0.39605076973952463,0.32596606542382023,0.25544847487099337,0.19885382742906574,0.1583306776386052,0.15072277965934758,0.19758190091021563,0.22237442508329316,0.34989090918172744,0.29523052280844714,0.2466148646156696,0.1960730381529648,0.1580144073319256,0.1428018412614218,0.1709845544308256,0.20454339771581834,0.3203125406361891,0.2771960934174028,0.23851417267575187,0.19261930849549974,0.15715830060158537,0.13705965066614928,0.14481128337484417,0.18713210632731017,0.3002043225338637,0.2654321208188176,0.2297910409595944,0.1881530876786632,0.15502785390615711,0.13347991569782997,0.13551365230201096,0.16671004231090666,0.2813206885659978,0.2544349347196909,0.22291738582779191,0.18477501375153427,0.1555576251961957,0.13157236519530566,0.128907347269693,0.14180048714685847,0.27088142651092617,0.24773535171383868,0.21969339241420707,0.1835447693026627,0.15712178033889082,0.1319372406985362,0.1263601930432354,0.1370636655877751,0.25448344435896314,0.23248115067715888,0.20863390333485463,0.17929729658834911,0.15686500739247497,0.1351190752197802,0.1253276866563931,0.1282666343159247,0.23801872794323686,0.21878845836371583,0.20048196645460264,0.17644306876212207,0.15818831915677842,0.13894103757630902,0.12634207375608467,0.1232715984188266
2018-11-14,2702.9866,0.4010768135011988,0.32361315932884677,0.2646033593908249,0.20975014842345055,0.1703054241063847,0.16159421678952735,0.19923939835060703,0.23251556342357768,0.35482734515224706,0.29866103737175953,0.25198836796319984,0.20531512521259454,0.16822954888034053,0.15130070305642576,0.17076048028374882,0.20379954937182773,0.3230594776194711,0.2807163846630092,0.24223320792634967,0.20112548116261564,0.1661147967876346,0.14500506265354401,0.15120668936990894,0.1880648426567269,0.3011804650400723,0.2692931000732082,0.23463143590466357,0.19613766318684167,0.1635589657268396,0.14037289018887755,0.13837872619492253,0.15744665828696855,0.28915042764547716,0.2604566156031922,0.227917040895648,0.19203015465626827,0.16335285509124597,0.1381661447032652,0.1314956751561134,0.13385907780808412,0.2758824170884218,0.2510757531136062,0.22344225113419725,0.19024782900948875,0.163362926203215,0.13841399569344212,0.1281053872650949,0.12669707537506622,0.2576502552626789,0.23855391195459938,0.21383887591745238,0.18625589886991,0.16289374353346486,0.1392663677562881,0.1264300258980613,0.12490088464170924,0.23657572771685262,0.22406470990736754,0.20264633987267008,0.18343093372989672,0.16378301362871042,0.1417754387383244,0.12800450351631706,0.12502590811524017
2018-11-15,2726.3926,0.4132087544211685,0.3279153589360965,0.25927866189896853,0.19797367817467773,0.16041902375906236,0.16253730138033148,0.20567923189764564,0.22182357772817907,0.3521685131817833,0.29089191922767244,0.2439925738063415,0.19594007945376526,0.16103725232174101,0.1481274519118489,0.1779015787971292,0.1918635032359636,0.320826925852063,0.2727186431442634,0.2359984453762109,0.19301303300768327,0.1600739304424221,0.14147019454159812,0.15231721206023816,0.17501387898939047,0.29764975395132803,0.26123595051092063,0.2289463430724077,0.18999968025603653,0.15906323783450288,0.13777623352381388,0.14020768607401143,0.15879466303556974,0.2845061047082562,0.2550995534528101,0.22390994977382614,0.18921610220681065,0.16093364830566712,0.13589187167019512,0.13263202673761046,0.14171869186617098,0.27581355457872553,0.24926961899384895,0.2194031328533347,0.18781361817934122,0.16319024461909634,0.13599787794025492,0.1292128819328063,0.13551156832067004,0.2535786612672185,0.2316547052460134,0.2102583462632022,0.1834946696195696,0.16503695244376823,0.13909160477032698,0.128418958881329,0.12744595613177398,0.23917461257463477,0.21963871521068717,0.20339212723316524,0.1808421225834866,0.16614500792947448,0.1423996348143283,0.1304732693744668,0.12508334632366316
2018-11-16,2737.6879,0.39088455950333295,0.300971263775398,0.2364557388931785,0.17932502894425392,0.14412022746371328,0.1483770473523279,0.18810349781607996,0.20551866178728934,0.3316473987272401,0.2716906624027582,0.22909116864112947,0.1808615436813205,0.1465635843621886,0.1357710646280277,0.16280784606697554,0.1863049413439435,0.3033566795129213,0.2598609802493806,0.22230749322401022,0.17990250856165863,0.14675977428764211,0.13059012385792088,0.14785802934090553,0.1733516822348132,0.288995052708283,0.25137810271969513,0.21622635730786333,0.17845214909793689,0.1472908301648353,0.12778678580227784,0.1343776082754665,0.15399085601633578,0.2778107770070353,0.24469101095062273,0.21355872097164727,0.1786342126237228,0.15077762640424877,0.1272873962637652,0.12707118872135742,0.13923207160196782,0.2670847541308072,0.2378239934724686,0.21075928593313528,0.18017760928509496,0.15590950149470542,0.128837305104799,0.1241825538830027,0.13789232559062897,0.24910672522387967,0.22557094793578175,0.20410995666405607,0.17874256014068174,0.15914184085365662,0.13609407339415458,0.12597066963116396,0.12554554572434273,0.2306834063920323,0.2142679542104575,0.19727950404625574,0.17675256854741858,0.15973608471286554,0.14183292698559008,0.13075037902936398,0.12554554572434273
2018-11-19,2690.2278,0.3884003436307375,0.3196396947175858,0.2592256981426986,0.2092116536197181,0.17292374958271292,0.16413459624924798,0.1858452472728862,0.2004627504835668,0.33982690846834396,0.2904039719108981,0.2471470367551991,0.20329247817202759,0.1693653756304444,0.15468095894626238,0.16762014700436953,0.18218768187361792,0.31731682315085014,0.2729402105529392,0.23819743220469958,0.19840980974551364,0.16521433286437448,0.14701705538757529,0.15582842773887015,0.17542992152656028,0.29713902228421796,0.2630792499245389,0.231750187528563,0.19477148980189724,0.16281540898620483,0.14141392688758472,0.14206441201326395,0.15493248198044465,0.28503479995309006,0.25856119499368724,0.22774479320469004,0.19361623205751774,0.16432909208347163,0.1395535575589224,0.1355051490764067,0.14406879092506997,0.2727047962302053,0.24966562966317912,0.2230780553480232,0.19421656017899314,0.1661988480282558,0.13965834705695074,0.131396115979253,0.1361649993699863,0.253773233278269,0.23676026931575556,0.2153538788737106,0.18831506207927448,0.16736488993290938,0.14439533450867664,0.13042385990836136,0.1285966782521086,0.23822362629360774,0.22235248484477016,0.2040012875622619,0.1831542553893915,0.16821862109663221,0.14828265053254153,0.13391051607165583,0.12907821944717066
2018-11-20,2643.7337,0.41533269562916847,0.3356422948716294,0.27818560559425115,0.2288188886893608,0.19076618450236224,0.17689065220521227,0.1948153787873621,0.2566414255291393,0.351482897355668,0.30560687509720474,0.2632166874119927,0.22022863459205744,0.18579410549542308,0.16610610240195467,0.1717833633022693,0.19158739695069055,0.3309347043056621,0.28980106505551717,0.25201156611917036,0.2132194489948142,0.1805302975822654,0.15843466953616078,0.16021389214326645,0.17782359583281623,0.31152644218037084,0.27731264153680657,0.24339004086602894,0.20912910991885908,0.17704480900233946,0.15307734362963143,0.14883997186551387,0.15983506410322046,0.29759209153233435,0.26777230032125293,0.23848917569518452,0.2074214403222129,0.17809456945531996,0.15167465419357792,0.14297625343095724,0.14656419612527186,0.2839275437780593,0.2591106440085534,0.2329974866173644,0.20575064683941746,0.17881201136194244,0.15208498976205756,0.14075887603798515,0.1403412158675053,0.2620637418595875,0.24507714035695027,0.2221694342414219,0.19964471712861426,0.1780484390066867,0.15351245849933376,0.1395364891930668,0.1354274896475931,0.2476444895922617,0.23216527562862294,0.2124741936513452,0.19393770447624273,0.17670140612377153,0.15673077947383798,0.1409194788910384,0.13526279752158865
2018-11-21,2654.0736,0.39817679164905545,0.31900027582676654,0.25142645433393773,0.20120285876259406,0.16879035010986906,0.16455045256145612,0.19026449823190766,0.20869692876887286,0.34624791207992545,0.2924190406469827,0.24389952247429286,0.19958069895468303,0.1672078089018005,0.15444452313197124,0.17027941092688703,0.19263978105314075,0.3278338671462318,0.2793577195805656,0.23829996166727702,0.19692224483849644,0.16490898519696473,0.1480852546481638,0.16177335712336927,0.1858178850976546,0.3036201909260969,0.26551399421520583,0.23219955869807887,0.19498986564056844,0.1643472223745448,0.1431151365676312,0.1460821612735606,0.16522031863217299,0.2867095743565339,0.2570629176754766,0.22967639974723006,0.19578178329314566,0.16703433327644482,0.14271488167616891,0.13881560903499576,0.14892626068635884,0.27563653948402644,0.2507363498659499,0.2259745428467159,0.19680511471334686,0.17056072659349475,0.14491124868803706,0.13567294427504806,0.13626796063634022,0.25975710186778994,0.23678735767757295,0.21634414826074908,0.194158417001793,0.17290965786573972,0.14792342339140058,0.13520984619574,0.1335856630327859,0.24157130367741347,0.22343543735135366,0.207723881068171,0.1898798922811677,0.17364847028520625,0.15309284126708492,0.13922156549401196,0.1335789398475257
2018-11-23,2633.544,0.404057271265854,0.3083465971527373,0.2564361041478173,0.21299763615973846,0.17903137025099647,0.16874146768057866,0.1895057346690069,0.21475294159169495,0.3517438700558217,0.2886471384205347,0.2507086205453647,0.20916003288105003,0.17660578097959423,0.16190774667646937,0.16958245675384162,0.18844788442349936,0.32768411837761263,0.27875858766199146,0.24399624152419813,0.20381991919941306,0.1740117301799893,0.15590198951315018,0.1598169925825312,0.17854709266198504,0.3024828064641936,0.2692463628978797,0.2374441429004941,0.2011165517708892,0.17131500525417054,0.14978766312067213,0.14805288246767692,0.1599603436304733,0.2895946994127886,0.26145041736190583,0.23504864912898363,0.20117211197420734,0.17230393200664088,0.1484068452178432,0.1427510014318016,0.1480713644839638,0.27641944426377135,0.2528092594081485,0.23156712017431258,0.19983031710961852,0.17361589282648435,0.14931461552557523,0.14017122492824136,0.1424838415547338,0.26122538623580316,0.2423918458704799,0.22124343497263962,0.19439892626900257,0.1757206451719739,0.1517975078998577,0.14047943042683123,0.13705226790174357,0.2467437937346063,0.2321906452146238,0.20884039361156245,0.19055310339214046,0.17641440484606938,0.15631843705035417,0.1433972835494616,0.13662581993747933
2018-11-26,2674.109,0.38975253062326487,0.29642378009429254,0.23866346697776217,0.19157671575305943,0.16175494875820917,0.15745406396481085,0.18235649842749044,0.19471529272724522,0.33883274050318524,0.2705569689431183,0.2266554720455342,0.18603804610464486,0.15801411650896816,0.14972534016584,0.1702268935524866,0.18729415428387106,0.3069278171451152,0.2581917798585602,0.22034432558712683,0.18302445747229174,0.15489378927864872,0.14255982989678256,0.15690909966578037,0.17668375489375768,0.29033982208976594,0.25154638663696455,0.2181399003038267,0.18334250409143843,0.15566870612044592,0.13755203453160159,0.14169246584332285,0.15696221951719647,0.2764563608787706,0.2454988740498556,0.2183796706516493,0.18451424535641187,0.15983623987668505,0.13732276487035908,0.13380165781861122,0.1473606233647812,0.26481622660702453,0.23961695851840797,0.21794281989819386,0.186966762058718,0.1625626602661758,0.13923098638183612,0.13218844660891813,0.14259084791290066,0.24988694432399167,0.23069172425489143,0.21214754922619142,0.18712747774337082,0.16467926868285435,0.14343757887890304,0.13277323224805865,0.1318733476757222,0.23642543484787212,0.2217486720626156,0.20354075249066145,0.18371531592547088,0.1681183843833377,0.14777126042623592,0.13619797678027135,0.13100252620486966
2018-11-27,2682.6694,0.36837374832752,0.29238434077551884,0.241490584414069,0.1992198403521079,0.17022147376949595,0.16552668298477355,0.18579553364005522,0.21517326496558412,0.3300289731022347,0.2711022511119479,0.2297754302095324,0.19073939249624036,0.16319370568284433,0.1536390828148662,0.16985257218122266,0.19994955544316537,0.30519511121023385,0.2572731985639564,0.2220950883081203,0.18555701918261416,0.15826001950214555,0.1450746416444421,0.15570162278939928,0.17359571910817323,0.28615277330894495,0.2486670996204756,0.2186922301606311,0.18501003278153277,0.15756851926211185,0.13902457608690486,0.14275706667787427,0.1569327625897624,0.2724052818330106,0.24425575906146055,0.21662376184471324,0.18617535035500776,0.15984263814430388,0.13724588573468724,0.13468663236336192,0.15169456099306666,0.26195993811760837,0.23804438478834378,0.21462435984055442,0.18715457720544626,0.16125439173032133,0.1389389686281585,0.13250503439839492,0.14688206351776062,0.24684746780584196,0.22942997877776244,0.210177644196644,0.18670094786417937,0.1645252542022155,0.1448342637483873,0.13391806392274264,0.13299430218297406,0.23546262402948753,0.2222045234263144,0.20207486530283728,0.18427008797814778,0.16801862916770646,0.1497861693136802,0.13733557252487455,0.13090426642402245
2018-11-28,2745.9965,0.37377310103713696,0.29794888572226425,0.24371463221427966,0.19779491853276107,0.17241520245255132,0.1715965411283054,0.21848727410390764,0.25308394483448027,0.3328807773028947,0.2713778967462984,0.22751555790084718,0.18687868480774114,0.16209571979755677,0.15868520345254297,0.19400822956816186,0.22302785189948013,0.30146411786689886,0.25522188413846136,0.21724288770635292,0.1795276267782951,0.15446183266640823,0.14535399261816853,0.1669903635281765,0.18671596367785853,0.28241104673630485,0.2450971359751651,0.21230314177667753,0.17818680353633856,0.15150355879321414,0.1369206435256271,0.14805052342990002,0.16592837906504437,0.2684126314132356,0.2375014803180787,0.20995168304092532,0.17857684863446938,0.1516065261027261,0.13370222190123182,0.13449221634445155,0.15168883948330558,0.25615662688773533,0.23168535137337862,0.2071063995156928,0.17858258602564828,0.15372893223231812,0.13438084666807434,0.1288063837201807,0.14534829841957397,0.24124827863938622,0.22406902190814906,0.20211299097090682,0.17972728145347502,0.15938610843491857,0.13938986083328006,0.1285715679649441,0.12911286675728076,0.23164678600735072,0.21770857682233932,0.19835467523548808,0.1811824667011755,0.16438239288072226,0.1449320415172238,0.13225652436246682,0.12745205959463246
2018-11-29,2739.1607,0.388312656233781,0.3061645340453067,0.2548940714989106,0.20584224174913737,0.1752828579915243,0.17164310793329904,0.21651021230292358,0.25679477733863815,0.3468043985140529,0.28036047278795223,0.23752403846443848,0.1941838698639641,0.1651513743563807,0.15821694679391204,0.1940398336499853,0.2423745550513604,0.31562288889512463,0.2608349253520687,0.22432877131013018,0.1860019543156992,0.1574711827528362,0.14434561108152583,0.16069572017300007,0.22147336042177507,0.2879654855761472,0.2504506240257003,0.21876977719964671,0.18369997263084734,0.15490901527644238,0.13730284977257018,0.14039154986821187,0.16265668053842527,0.273669768887976,0.24521691621432243,0.2158517003701997,0.183345517785616,0.1553637188481014,0.13526822756075027,0.13389853150943723,0.14483220979769687,0.2621950294060883,0.23803787863637674,0.21256179227880062,0.18247562315651505,0.15763117251847528,0.13651846482996968,0.13029268649168205,0.13879497205705957,0.2436650104140454,0.22717571029366035,0.2069318559805418,0.18085485388874664,0.1628740795616649,0.14226015444358978,0.131320716113337,0.12864748353014874,0.2325000253769595,0.21813335910958814,0.20178345134226588,0.18036355638597573,0.16557072983668722,0.1448718211426303,0.13503021507058655,0.129263688285764
2018-11-30,2759.6573,0.3714664922213316,0.3054222081539398,0.2537790314307357,0.20551974647739485,0.17283905784619577,0.1616911190754801,0.19303366352390017,0.24594808212998068,0.33947375287572834,0.27970603430690355,0.23640571702126448,0.19290917157902823,0.16228576729143046,0.15100472566981438,0.17629305398117012,0.23285830281784572,0.30550965867129637,0.25962452858982843,0.2221102271204767,0.1829732973393694,0.1535458189151153,0.13933034818239745,0.1519108684360798,0.1877417359316189,0.28268126602260885,0.2495036151758831,0.2162414636326731,0.17986776071434601,0.15179890485129877,0.1334832803273156,0.13791079004169324,0.1556861249945543,0.2688908549928788,0.24272952511562124,0.21252741580408938,0.1784011658236233,0.15242709529160978,0.13160877893467943,0.12971585517940862,0.1396048476938627,0.2582523667976578,0.23520972769829432,0.20908252888597556,0.17851509326590237,0.1542899423435915,0.13364754804391898,0.12677565812951855,0.12967346365205637,0.24559458440146956,0.22679855412895356,0.2038230803968628,0.17894953982937659,0.15825256870375468,0.13833848706809768,0.1276658653164067,0.1275665188974119,0.2338319726289223,0.21646384054837128,0.19980310472007154,0.17787255219561596,0.16202107399920906,0.14427532662062512,0.13156571477497814,0.12713819377181598
2018-12-03,2791.7689,0.36786672784612645,0.29473223966137707,0.23299942436546964,0.17266851816853432,0.14176629821045186,0.14383105346745803,0.17528767085860572,0.20182196608331135,0.33236606968390026,0.2690112529543885,0.21599987253148134,0.16544148658002567,0.13716383277854535,0.13556208724405894,0.1653457445557525,0.19831317818050184,0.29578358851972125,0.24795990642374058,0.20497594745836714,0.1612751314491144,0.13361144342146555,0.12353210414766262,0.14341640865132277,0.1817215620138029,0.27967109481702684,0.23807907929455951,0.20229444703117422,0.16346713450077388,0.13474892418263054,0.11888926238017185,0.12836636427598416,0.1472650231008075,0.2627024601239294,0.2306296880596066,0.20105485967433315,0.1652331010982806,0.1379057686474561,0.1176865637274502,0.12030788295676952,0.1387167342329262,0.25018864454646433,0.2257696660906723,0.19955401979194784,0.16606324906799233,0.14217951243897886,0.12108033403902117,0.11897513245443347,0.13007800745254128,0.2386294354201258,0.21696431047879902,0.19610133857657883,0.1686324056731964,0.1490804522116336,0.12834420460764895,0.12026413011811275,0.1230161891050215,0.23135299941067367,0.2104682849840709,0.19220104502110014,0.16924304057558653,0.15516073170659161,0.13429796321422302,0.12457188778915433,0.1221595724752231
2018-12-04,2702.8564,0.42121421764110967,0.34924174994347357,0.2828294310862587,0.2266874759160321,0.1875295427275489,0.17059638708169128,0.20009357378319134,0.237774690023045,0.3724420773632916,0.30881071936318516,0.2567247799939666,0.2106010761647218,0.1755696886688924,0.15702012286772052,0.17808653236188113,0.2211564465995924,0.329620730593202,0.2811337554772959,0.24056074180027887,0.20007886331917302,0.16673654027049561,0.1447983753406066,0.14891050154453878,0.1791407978123983,0.30592334390219683,0.26776210432865394,0.23487733128457494,0.19690736630733874,0.16427854769442363,0.13964592347176666,0.13969757651635967,0.16499250560970452,0.28623540178001433,0.25637236486777926,0.2299857125148926,0.1938243329966914,0.16402901192257194,0.1371175721601317,0.13192577263846936,0.14654868517174716,0.2714688502658527,0.2443517150017973,0.223350041253268,0.19270441223839954,0.16458615070081026,0.13780613576938577,0.1299957565336718,0.13244226299299933,0.25100658058579745,0.2312256995759491,0.21374737717458353,0.1903499303136263,0.16717320972985203,0.14111228869225736,0.13040508770056067,0.12873574205597182,0.2386997362115469,0.2228742193057968,0.20709377802444282,0.18495446757121786,0.16973204848424447,0.14859104010342947,0.13384559270458532,0.1294300241915276
2018-12-06,2695.6724,0.4306586545830534,0.35709162783663895,0.2917650863220036,0.22914874385583656,0.18665560801532244,0.1716090071134446,0.19342298472855665,0.2304702088229013,0.3715748209024627,0.3166780883615077,0.26393700201992326,0.21279830354519924,0.17528717787571468,0.1560121107636226,0.1757916259705786,0.1999634590757662,0.33506378425573985,0.2905648968902698,0.24809548956409289,0.20488846916719242,0.16991764979906668,0.1467308704026267,0.15416757579732457,0.1767754179609887,0.3091686314524522,0.2747751944214262,0.24031560446850173,0.20296653692318936,0.16866593350033257,0.14203471206853133,0.13678215800887658,0.1497958407678539,0.2884033041536994,0.2619242750596057,0.23177479575731508,0.19962582236653847,0.16940326181976836,0.1392927595592886,0.13151302511966861,0.14178618415158803,0.2728768625224744,0.24913789914063697,0.22355980831898056,0.19640444781494196,0.17155219612125444,0.14151875329381455,0.13076337063414428,0.1352122868164769,0.25124699528859334,0.23408122605448514,0.21430702104004695,0.1912577864873086,0.17162092141519558,0.1474899723785644,0.1333846593471354,0.13090784214309242,0.236916669742885,0.22370950215160365,0.206193929036243,0.18742403425828635,0.17137902924413745,0.15151069024185385,0.1393057713640849,0.13290386181850855
2018-12-07,2636.3959,0.4501718630981553,0.3758200083074194,0.31199328597453224,0.2540664043274385,0.21119752981483633,0.1907033884493187,0.2043990930145059,0.26045503994537933,0.38536499631432686,0.32897534006899626,0.2806135059389939,0.23384278672223044,0.19692872256995733,0.17295893969469125,0.17652858562832038,0.20557075013259477,0.34737766430192535,0.3045830347440793,0.2647861016018221,0.22517530037287195,0.19120292954136017,0.16462907267552304,0.16204391596105697,0.18119718276276622,0.32450158741928564,0.28988950951197157,0.2568929860928087,0.2208016612910285,0.18881157282142408,0.16071125119410856,0.15353580684596563,0.1665648344932278,0.2983698680900042,0.27369599474406925,0.24688811278247938,0.2133037660050695,0.1867152073590416,0.1572430058336627,0.14606503460116704,0.151096654646106,0.28348032949845203,0.2614016101411874,0.23728256088914,0.20847031335085833,0.1847394936391287,0.157244083774011,0.14428385937352295,0.1434382231690257,0.26479861231613494,0.24434205518156768,0.22700309909373406,0.20162024474774462,0.18119920440667564,0.15923213583204485,0.1455823893919064,0.1397713968176768,0.24835980583352674,0.23245152535322589,0.2180987674269889,0.19458076323871243,0.18148390706154285,0.1599394116530256,0.14832878265625576,0.14151321224388402
2018-12-10,2643.2243,0.43668201530077694,0.35558634306784376,0.28965820040178963,0.23371628450332368,0.19841301200372233,0.18438236733520968,0.20884224678253271,0.2574044883539847,0.3596309898926394,0.31065967996980876,0.26373740858874856,0.21949472641286785,0.18648529662433144,0.1660563894100264,0.17095772523618416,0.19129809929869723,0.3354129050229777,0.29600814065042363,0.2559462271365781,0.21578629148425907,0.1841250430783297,0.15967800490472184,0.15726960352826147,0.17707694473068847,0.31405858626615196,0.28303835020725865,0.2506833538026217,0.2130310576986902,0.18343838341297206,0.15693405077951683,0.15041093364608418,0.16734714530361436,0.2955805391151188,0.27111336386847024,0.2430312543541562,0.20837757200480114,0.18173763983179095,0.15549412762632023,0.1437470658295918,0.14608570778449437,0.2799774074488134,0.2563602361968134,0.23355982529847966,0.20387758015395824,0.18090548301814233,0.15715310943341762,0.142488076076986,0.13853552953942436,0.25975447279938274,0.24141230127902813,0.22398395678629382,0.1986097329354839,0.18093122215640717,0.1595739000865067,0.14525262625581817,0.13924538940287426,0.24663505675779904,0.23089779722730844,0.21501412721548602,0.19550326827069772,0.1809551336307181,0.16058618145034198,0.14919257676560568,0.1424994577793445
2018-12-11,2640.1264,0.440397067060584,0.34592426664554954,0.27600076447214716,0.2228837756038644,0.18763868652712198,0.17686987782444202,0.2000106108305209,0.24265060994552734,0.3542345957374432,0.2990836643791875,0.2535728576773324,0.21245508917185577,0.17923591490860144,0.16128152810319402,0.16848213591110614,0.17973586680690687,0.33214731148589766,0.287726312634067,0.24944526044001786,0.21144940361056538,0.17970919145448372,0.15661580110083576,0.153577893150739,0.15909430080784048,0.31231965757490615,0.2774153555738332,0.24533304775857148,0.21194679661973861,0.1807687580856816,0.15394557642036738,0.14722180355879547,0.15089804140728139,0.2929766121298176,0.2666955018884543,0.2393714173511073,0.210379276179268,0.18222268771766806,0.15264985124636093,0.14271358487917232,0.14402107876181175,0.2778510819459954,0.25550032107659765,0.23234452353965385,0.20710086506419795,0.18223452758050476,0.1539233655994265,0.1425831085939956,0.13863779747343571,0.25970409948946965,0.24105693393276914,0.22264026456837446,0.20028695319063494,0.1828731945488213,0.1565945406679629,0.14497337114615894,0.13860934644957118,0.24773074860400796,0.22961064366272882,0.21529074247318888,0.19497812096960074,0.1825556810951897,0.1610909771714909,0.14778173790239355,0.14093718716897832
2018-12-12,2655.7312,0.4021846366843523,0.32193514059705625,0.2586418877673235,0.21056081773257326,0.18050892982298697,0.1700887888635979,0.19151772055344818,0.25246835961626524,0.3499878422338734,0.2900801003850822,0.24421293695015137,0.20290996216713506,0.17324975326067596,0.15636892861957888,0.1592022132450822,0.18550189197673864,0.32568978515561936,0.28088666191365774,0.24342204781551421,0.2042081846883864,0.17405009423093826,0.15251288039871885,0.1491893210390124,0.1642029898207857,0.3042804748646363,0.272960912777229,0.24062592302364524,0.205831681007442,0.17599382528856458,0.1503800391491346,0.14418177348361777,0.1518071349188634,0.2903289614872703,0.2641273158673243,0.2347161613394415,0.20429404301908086,0.17767917178171375,0.14988542490719997,0.14148587384554323,0.14680668372277556,0.27677385952235956,0.25252238643985725,0.22914165541231535,0.20318394250036773,0.17823899270903004,0.15211949437524308,0.14266031036456792,0.14146501982304321,0.2619397441645798,0.24341130953179474,0.22225702520775356,0.20009525957908655,0.1787309937353712,0.1579702741604998,0.14613467805614438,0.14055888255727475,0.24855304219906235,0.23203750652622834,0.21207989381391987,0.1952239878867007,0.17968774765633905,0.16199144804059679,0.14917430686205424,0.14258262195724006
2018-12-13,2652.0751,0.4016680045510306,0.31293166487267593,0.244396596074963,0.19540916830531127,0.16719155969136576,0.1663104299623057,0.202737795921264,0.2216433024505384,0.34986710131538096,0.28079346137993294,0.23474232894022212,0.1934558775011692,0.16541077679737384,0.15568241683750172,0.18418347216539743,0.21169015033810298,0.32041046997704165,0.27132172554483275,0.23553198266162778,0.19701474727129106,0.16967100242380673,0.15145969973416556,0.15324024675650658,0.16797799743878955,0.29917485138846117,0.26537379284806545,0.23502167228274562,0.20011822480557515,0.17338740550112205,0.15043052076500354,0.1447761449498901,0.15347467001824988,0.28575716985117694,0.25741772897182524,0.23092339800657005,0.20126869100091047,0.17616599873908972,0.15054722775675194,0.14314255272182042,0.1486467728889629,0.2736859411769515,0.248083134427285,0.22664292372531303,0.201232305064397,0.17750414494423206,0.1535487519003486,0.14468709014255635,0.1434569556564252,0.25563249207078154,0.2387851063666113,0.22027477793102615,0.1979721163930482,0.17942197455580847,0.15914087924565865,0.14730118512169668,0.14274046383309677,0.24314343690277293,0.22896922864324068,0.21184375656032625,0.19439779894258166,0.18062356309043104,0.16354944513377082,0.15119011125226559,0.1442207264808955
2018-12-14,2602.9959,0.40352448451972506,0.32417273739144237,0.2562524782959971,0.20777687408167012,0.18062554033306924,0.1805927617639288,0.21211527522586426,0.24289372138939708,0.351861294885674,0.2952524928125864,0.24443014521530954,0.2048356954894451,0.17763623363120687,0.16672385006329657,0.1840780428852632,0.20863968207142133,0.32666077446798714,0.2826132998066714,0.24350967863386336,0.20797865836217497,0.18046061389859175,0.16222756900665108,0.1651869973893362,0.19462788436604853,0.3018982357872257,0.27262720938995333,0.24115185738340925,0.20965459366891778,0.18350169067968916,0.1613512598597729,0.1553599751296605,0.17367435998888536,0.2885997986412204,0.26452539778173384,0.238282163904168,0.2087373356565332,0.18517676807654454,0.16214740570178166,0.15170744201273004,0.1524837767883606,0.27439668708429565,0.2560158615773611,0.23443932474158957,0.20735455594846483,0.1867518682863779,0.16393734357135287,0.15234628030148117,0.14791934267709925,0.26379459366234853,0.24635905714808318,0.2270992415274607,0.2038668262421455,0.18712454387325705,0.16775962483298357,0.15416435144706692,0.14825922495715405,0.2504163995210706,0.23362311307083175,0.21887620131579277,0.20020650842034252,0.18616116016182518,0.1703589167499937,0.15702006435484053,0.15031366062794788
2018-12-17,2549.2871,0.4444566660764804,0.3687648334957038,0.30036934736633875,0.24393404481684605,0.2116987871459814,0.2048680768050166,0.23547445792200905,0.2678318294104532,0.38742750424390815,0.3297379600178889,0.2774092964688668,0.23300619498204825,0.20285153629280012,0.18659242471392376,0.19679152611544287,0.2195916119553795,0.3536625279867777,0.307631142624568,0.2672030422418151,0.22964145265919556,0.2013272118799832,0.17954463758778222,0.17927449977817284,0.19788245322208098,0.32262063849528466,0.2890038047742099,0.258025896989083,0.22639762190535398,0.20043173960207233,0.1759574236831695,0.1678999744016131,0.17351679952931223,0.30442373490980834,0.27733069444892094,0.2511342763050596,0.223523343028006,0.20005844314757323,0.17567108046974214,0.1640016884813219,0.16129480137837834,0.2874201227483048,0.26530670080961066,0.2432546966878948,0.2201208081052551,0.19929101285972825,0.17776516092401676,0.16370627045689137,0.15788359283956846,0.2710859043554136,0.2524387010443984,0.23494739233075235,0.21524744100167167,0.1960543194804942,0.17981952348620472,0.16483525813965397,0.1573189767669943,0.2545570026547093,0.24116989979045017,0.2271865644094733,0.20861560849685132,0.19389915822251175,0.18007412336035972,0.16628264060702366,0.15818497375825832
2018-12-18,2550.9575,0.44160813253411474,0.37134246161001194,0.29913302781913315,0.2492516890120956,0.22289492596695648,0.21457342752777342,0.2318897960972491,0.2716195829834747,0.38675477108220535,0.33157978369259267,0.28096033231061185,0.23814383445342227,0.21127494207983266,0.19420901071875157,0.196941942131328,0.21418224547313242,0.3623961789930117,0.3139249734759951,0.2723776811626965,0.23342716394586122,0.20731351701430273,0.18572567464257533,0.1844498938119061,0.19947633767446132,0.32349025552187705,0.2920055870210924,0.26090300519250903,0.2283930951536317,0.20490076478695968,0.18041427615952074,0.17252659488179262,0.17743335202514202,0.30390740308273606,0.2795424136923558,0.2532342972411416,0.22507452392206753,0.20409935761136108,0.17799487433172828,0.16772730853998907,0.16594596866718586,0.2858002594196518,0.26717715346827187,0.2452674306115707,0.2221577315565691,0.2025582519457004,0.17736111246084182,0.16545490954654402,0.1605642172876458,0.26736675449037356,0.2545062679606914,0.23545723673352714,0.21367286629599191,0.19611743999195805,0.17933842872985603,0.16494376290319485,0.15937951977729575,0.2561721403004836,0.24298047938069348,0.2252028570948452,0.2064951034008888,0.19308935323272966,0.1795761105169396,0.1655866295651899,0.15986930220737655
2018-12-19,2512.1313,0.4335679588871803,0.3638618943075175,0.2854724158747314,0.23381697931595335,0.20818116333969325,0.2069815630305212,0.2441927730466101,0.2986855304774252,0.38601333224835643,0.3242167902366412,0.2704535607985314,0.22856037636411974,0.20122941692274277,0.1884223777181496,0.19884955191187748,0.22047755005272965,0.3584124174308706,0.30646688268488503,0.2634560051865235,0.22644980255248628,0.1992641543778352,0.180900318725381,0.18464837853738683,0.20019631634498336,0.32007898602990525,0.28540001529186954,0.2545384867327194,0.22302362765814548,0.19858125170904117,0.17607851713271438,0.17247753753206682,0.17900466193999806,0.3017315382620712,0.2746106013600065,0.24843216417297323,0.22108630185775013,0.20019302398401723,0.17546091707065944,0.16767198718509913,0.1696710932953212,0.28405809727406267,0.26372574012675526,0.24226557122913367,0.21926868376960307,0.1999537378359847,0.1772877451337653,0.16606060083742485,0.16201782730853184,0.26951091374769387,0.2538890295849747,0.2360978197463703,0.21432124091971663,0.19785408827540985,0.1783381434827044,0.16574778733887469,0.1595056211031311,0.2568219108634218,0.24289592923166012,0.2275813517064802,0.2076085786102363,0.19555456452522607,0.17882446535278687,0.16623328182365196,0.1604215477769937
2018-12-20,2464.4183,0.4915710620754076,0.40026884818754926,0.3329712716461397,0.2731060580757293,0.23720589231101127,0.2242191390310345,0.25406175815075854,0.30969759459724255,0.4197976038274275,0.3637494661758286,0.31266742418377885,0.2648593774944811,0.2312391899913302,0.21085849105779275,0.21666283142552392,0.24138939537038084,0.3821995494038234,0.3414264778196813,0.2964826744340607,0.25669041735577697,0.22618508962722056,0.20237404254213892,0.20114161484756243,0.21686393702782183,0.3471557481678725,0.31408515432098344,0.2797776555510134,0.24739344220815448,0.21970078475861213,0.19521587574742028,0.18772616319971175,0.19083738405823988,0.32488000118805366,0.29714414358641367,0.2691703312125967,0.2397328960415931,0.2168099621867298,0.1927264734921786,0.1827233787629577,0.18120673853970495,0.3000551954524781,0.2794775619489024,0.2573274959910537,0.23397073348924222,0.21356215511620394,0.19121746557023642,0.17937867126145104,0.17395371505080598,0.2811796535977104,0.2626405935183294,0.2455412242823313,0.2249355531819924,0.20689294987031706,0.18926171884661513,0.17676469178346493,0.1702789952578711,0.26016714625422355,0.24660196519249983,0.23227767046877426,0.21388341501715924,0.20066305755222533,0.18672182877348886,0.1749138813403416,0.16854445635660517
2018-12-21,2420.6655,0.48384334335189344,0.41245645847223644,0.3523745654405619,0.29426911420995183,0.2577052602613791,0.2380289494094165,0.2631479532448214,0.31307156824212073,0.4242922226780527,0.3789431746563658,0.33069465559969924,0.28135939534301346,0.24606467439237933,0.22059830977359637,0.2259546936855883,0.254088646086404,0.3946764253162014,0.35472385625554587,0.3103271714415058,0.2684560036167102,0.23586422969334325,0.20866423091540903,0.2074172009692874,0.2251488234067035,0.3586862576016035,0.3230289057604629,0.28926952016418334,0.25535335020963884,0.2268704894255224,0.2000102286122509,0.1924899778012351,0.19698428739685064,0.33117523980571834,0.3030455660503718,0.2754083126144735,0.2468502873082435,0.22264165762227356,0.19620697461843123,0.18529546260767035,0.18528818215147416,0.2997529187599979,0.28229959167425694,0.26145497644811994,0.2391755833433791,0.2175863259741352,0.19261433757816943,0.17929773564974474,0.1749103495620127,0.28390256619018284,0.26559171783885344,0.24681490773655723,0.22622835146205916,0.20720749782959957,0.18855981850733675,0.17511946728612093,0.16888153239737058,0.26523120460442007,0.24817258820531674,0.23266940233022554,0.21504855795343467,0.20029574681865028,0.18502149047226668,0.17328952682917498,0.16561612460550398
2018-12-24,2355.8479,0.5336025980931435,0.4787897931301618,0.4218073714281714,0.3615633977966021,0.3211967022835196,0.28474471918485555,0.28115888491131447,0.3107974613085177,0.4886664383110695,0.44347030459827563,0.3918229876608641,0.3395666904834354,0.30361951463664194,0.2663391060345256,0.2559786497277207,0.2700703626652268,0.4450659915447524,0.40187015300473766,0.35580963739501364,0.31480456634251663,0.28404564714544833,0.24767378691156614,0.2347302148017357,0.24285012044972962,0.3901496773733047,0.3547369162248037,0.32321682766105225,0.29089672105692216,0.26388141807199467,0.23053366654626828,0.21607952868297287,0.2145267754213065,0.35131306402974943,0.3263759930548493,0.30046898898444585,0.2715434605735659,0.249733362785377,0.21952235195854541,0.20582952346323757,0.20073067634105551,0.31580581038774586,0.29819697392541694,0.27526539502730984,0.25470660341898155,0.23728707793994114,0.21057908042334011,0.19745068169908875,0.18940147037645963,0.29589758090793167,0.27957809144388446,0.2592908988926708,0.24096588547301054,0.22476640177144833,0.20190615172754123,0.18847761652727646,0.18058910277042597,0.2744670398195703,0.2571057953912646,0.2398983368114392,0.22533788028158547,0.2136388525906842,0.19361599561891013,0.18236418745081817,0.17412566278895242
2018-12-26,2466.4121,0.4804265669004776,0.42213928181979105,0.3645907340450828,0.3112673822867674,0.2701608286408122,0.24346912815474517,0.2506570665322744,0.26448284941635897,0.4397697325578785,0.3876276028108441,0.3401064336437368,0.29474217532443364,0.2573471556823677,0.22861497037592912,0.2297484738782006,0.2514540351151715,0.3915480989202142,0.3503723791589813,0.3148247794786142,0.2772281094155251,0.24310805937395555,0.2145054530696918,0.20905339260639996,0.22197347807198708,0.3470743413153249,0.3190384600625431,0.290951370764135,0.25873543332272486,0.22933797217174157,0.20270058653271247,0.1913528468950729,0.19166295045046697,0.3187111117559289,0.2969115759598047,0.2701281106938002,0.24443752337429575,0.2207632201054892,0.19526862572932027,0.1834101617385997,0.18196928451562733,0.2962095731390383,0.27652566408665236,0.25420988965016367,0.23445122763528273,0.21288750880756477,0.18970061612537623,0.17722910428840002,0.1702398958527164,0.2747682572417906,0.2581992308214723,0.23997728951589245,0.22209186239062714,0.2032466046301815,0.1838844095581833,0.17237835250310526,0.16501904906273518,0.25584766319919394,0.24000232257692544,0.22482438396606483,0.2091854695551979,0.1950214498659235,0.1795769258456644,0.16921424834898313,0.16206387266730915
2018-12-27,2483.0929,0.4771862275059829,0.4268243682875801,0.37504913435225856,0.3212330995502665,0.2777228660081746,0.2466426156675508,0.24675629602281896,0.2637549600411572,0.43947934568326,0.3950177677514033,0.35100210874222143,0.30279738579214727,0.2626353625145717,0.23288526936197368,0.22888225969926151,0.24933903483102418,0.39378523945593463,0.35902373429898676,0.32289470531826525,0.2824211237207761,0.24902463006386735,0.22020805234849317,0.20890761231754792,0.21727344070434249,0.35665550709790067,0.32803253180644365,0.2983170457097785,0.2656218193248593,0.23755129507086262,0.20915218888311016,0.19533325724746367,0.19481290849642743,0.3272696506116922,0.30500133146680175,0.27959476392565435,0.2515825365425363,0.22755096750506393,0.20172119182858683,0.18856025526302958,0.18581148420632435,0.30092732898342284,0.2824104177351309,0.2617496374356698,0.23808543833031218,0.21908652714064059,0.19589942053885698,0.1812556145891113,0.17347568111845263,0.28054799687504495,0.2632157208754046,0.24479947318948372,0.2242138937566529,0.20740434614154543,0.18835091076623048,0.17594585382094355,0.16931663748273704,0.25791922327312594,0.24415947317311196,0.22931453094193158,0.21090861331166463,0.19786351173846156,0.18302406583882402,0.17305846549478104,0.16644011241228907
2018-12-28,2485.8879,0.46306885718312907,0.40847891969981376,0.35358320158869694,0.29899089768667836,0.25603550870460606,0.2284133752630888,0.24149940397117353,0.26777396104323786,0.4276888252049986,0.37773438607680687,0.3313982825697935,0.2827139984041866,0.2428484410666933,0.21431670894230045,0.2197313301118418,0.24851367803700608,0.38150175146033133,0.3416121284758541,0.30802396984245306,0.2663549520054384,0.23289217308715468,0.20416046066255233,0.19877057975617698,0.20962750222188853,0.3491903400805538,0.31728154790055557,0.28829394518172125,0.25443721927875346,0.22617220884266323,0.1982604962605978,0.1894496227957851,0.1928789450195426,0.31955167432166415,0.2949526263774008,0.2709313931493335,0.2429700163346935,0.21965541440002728,0.19485726917211355,0.18416299225089997,0.1835081188351294,0.2959357780696193,0.2737527510409121,0.255261189918693,0.23271243851048262,0.21375507329183596,0.1904424224271463,0.1770556899773048,0.17166833212541951,0.2779384823421401,0.25949916271155476,0.24271901622049546,0.22141348507011094,0.2040505342298805,0.18379042046243607,0.17213777842579558,0.16596403718560182,0.2565593264425407,0.24192522371261552,0.2256278930615449,0.20917836889360358,0.1945895613222206,0.17966843866798807,0.1699680422810204,0.16160083599254013
2018-12-31,2495.109,0.4476900414546724,0.38340792717211086,0.32686581845961443,0.2719525907114487,0.229316782187463,0.20870209781171828,0.23329290229781113,0.2660734481634214,0.4042532469165651,0.3514839073809474,0.3055155491391142,0.258884663275884,0.2211517224550704,0.19841152772019344,0.21229095037947782,0.2483254078650176,0.35793297335428964,0.32123213616894297,0.28653084032295084,0.2478737513215148,0.2156563927536246,0.18980194163696412,0.1874552260280823,0.20081934168334667,0.3306447096583456,0.3024804520524614,0.2735922134665715,0.23964079153044707,0.2109396866863525,0.18558803197256094,0.17932343019652816,0.18471305739794697,0.30850953135437403,0.2856956834350961,0.26202294235540924,0.23107469620756593,0.20596099713768828,0.1831452130596862,0.17510115042376662,0.17772032495009984,0.28777695088889305,0.2670437097379998,0.24829602839221349,0.22208823794296523,0.20153145056425323,0.18120270221712426,0.16908595689672426,0.1654178429036141,0.27153325080021434,0.2538264771088694,0.23638439626582988,0.21216574670888164,0.19553668040999495,0.1768332046875458,0.16447960777441903,0.15996809878183813,0.2508211207225512,0.23921841807051047,0.22086972624637669,0.20141740832872493,0.1897910739785276,0.17444882497925135,0.1625489898367876,0.15726497250050517
