date,n_obs_used,n_ffill_cells,n_total_cells,surface_produced
2009-01-02,275,1,64,True
2009-01-05,271,2,64,True
2009-01-06,279,0,64,True
2009-01-07,204,2,64,True
2009-01-08,251,0,64,True
2009-01-09,278,0,64,True
2009-01-12,291,0,64,True
2009-01-13,259,1,64,True
2009-01-14,286,0,64,True
2009-01-15,279,0,64,True
2009-01-16,255,1,64,True
2009-01-20,266,2,64,True
2009-01-21,248,0,64,True
2009-01-22,236,0,64,True
2009-01-23,228,0,64,True
2009-01-26,228,0,64,True
2009-01-27,219,1,64,True
2009-01-28,262,0,64,True
2009-01-29,241,0,64,True
2009-01-30,259,0,64,True
2009-02-02,264,0,64,True
2009-02-03,257,0,64,True
2009-02-04,280,0,64,True
2009-02-05,270,0,64,True
2009-02-06,290,0,64,True
2009-02-09,266,1,64,True
2009-02-10,307,0,64,True
2009-02-11,258,2,64,True
2009-02-12,296,1,64,True
2009-02-13,271,0,64,True
2009-02-17,309,0,64,True
2009-02-18,299,0,64,True
2009-02-19,255,0,64,True
2009-02-20,261,0,64,True
2009-02-23,275,0,64,True
2009-02-24,259,0,64,True
2009-02-25,247,1,64,True
2009-02-26,235,2,64,True
2009-02-27,269,1,64,True
2009-03-02,303,0,64,True
2009-03-03,297,0,64,True
2009-03-04,266,0,64,True
2009-03-05,285,1,64,True
2009-03-06,294,1,64,True
2009-03-09,274,0,64,True
2009-03-10,289,0,64,True
2009-03-11,284,0,64,True
2009-03-12,306,3,64,True
2009-03-13,283,0,64,True
2009-03-16,293,0,64,True
2009-03-17,286,0,64,True
2009-03-18,322,0,64,True
2009-03-19,277,0,64,True
2009-03-20,255,0,64,True
2009-03-23,304,0,64,True
2009-03-24,303,0,64,True
2009-03-25,292,0,64,True
2009-03-26,281,0,64,True
2009-03-27,274,0,64,True
2009-03-30,281,0,64,True
2009-03-31,261,0,64,True
2009-04-01,270,0,64,True
2009-04-02,303,0,64,True
2009-04-03,269,0,64,True
2009-04-06,276,0,64,True
2009-04-07,288,0,64,True
2009-04-08,295,0,64,True
2009-04-09,306,0,64,True
2009-04-13,282,0,64,True
2009-04-14,265,0,64,True
2009-04-15,275,0,64,True
2009-04-16,259,0,64,True
2009-04-17,249,0,64,True
2009-04-20,311,0,64,True
2009-04-21,266,0,64,True
2009-04-22,276,0,64,True
2009-04-23,261,1,64,True
2009-04-24,288,0,64,True
2009-04-27,274,0,64,True
2009-04-28,270,0,64,True
2009-04-29,291,0,64,True
2009-04-30,280,0,64,True
2009-05-01,259,1,64,True
2009-05-04,310,0,64,True
2009-05-05,290,0,64,True
2009-05-06,308,0,64,True
2009-05-07,338,0,64,True
2009-05-08,317,0,64,True
2009-05-11,286,1,64,True
2009-05-12,291,0,64,True
2009-05-13,301,0,64,True
2009-05-14,274,0,64,True
2009-05-15,265,0,64,True
2009-05-18,275,0,64,True
2009-05-19,273,0,64,True
2009-05-20,304,0,64,True
2009-05-21,291,1,64,True
2009-05-22,238,0,64,True
2009-05-26,278,0,64,True
2009-05-27,264,0,64,True
2009-05-28,254,0,64,True
2009-05-29,279,0,64,True
2009-06-01,328,0,64,True
2009-06-02,294,0,64,True
2009-06-03,299,1,64,True
2009-06-04,286,0,64,True
2009-06-05,297,0,64,True
2009-06-08,295,0,64,True
2009-06-09,288,2,64,True
2009-06-10,307,1,64,True
2009-06-11,308,0,64,True
2009-06-12,284,0,64,True
2009-06-15,315,1,64,True
2009-06-16,317,0,64,True
2009-06-17,331,0,64,True
2009-06-18,269,1,64,True
2009-06-19,283,0,64,True
2009-06-22,322,0,64,True
2009-06-23,298,0,64,True
2009-06-24,301,0,64,True
2009-06-25,295,0,64,True
2009-06-26,278,0,64,True
2009-06-29,280,0,64,True
2009-06-30,283,1,64,True
2009-07-01,279,1,64,True
2009-07-02,303,1,64,True
2009-07-06,286,0,64,True
2009-07-07,299,2,64,True
2009-07-08,352,0,64,True
2009-07-09,288,0,64,True
2009-07-10,272,2,64,True
2009-07-13,290,1,64,True
2009-07-14,270,1,64,True
2009-07-15,309,1,64,True
2009-07-16,287,0,64,True
2009-07-17,267,0,64,True
2009-07-20,283,0,64,True
2009-07-21,272,0,64,True
2009-07-22,291,0,64,True
2009-07-23,326,0,64,True
2009-07-24,304,0,64,True
2009-07-27,265,0,64,True
2009-07-28,279,0,64,True
2009-07-29,273,2,64,True
2009-07-30,321,0,64,True
2009-07-31,293,0,64,True
2009-08-03,305,0,64,True
2009-08-04,322,0,64,True
2009-08-05,304,3,64,True
2009-08-06,287,0,64,True
2009-08-07,343,0,64,True
2009-08-10,282,0,64,True
2009-08-11,313,0,64,True
2009-08-12,320,0,64,True
2009-08-13,292,0,64,True
2009-08-14,297,0,64,True
2009-08-17,313,0,64,True
2009-08-18,275,0,64,True
2009-08-19,355,0,64,True
2009-08-20,287,0,64,True
2009-08-21,311,0,64,True
2009-08-24,330,0,64,True
2009-08-25,309,1,64,True
2009-08-26,307,0,64,True
2009-08-27,313,0,64,True
2009-08-28,315,0,64,True
2009-08-31,307,0,64,True
2009-09-01,328,0,64,True
2009-09-02,291,1,64,True
2009-09-03,287,0,64,True
2009-09-04,311,0,64,True
2009-09-08,300,1,64,True
2009-09-09,303,0,64,True
2009-09-10,320,0,64,True
2009-09-11,324,0,64,True
2009-09-14,297,3,64,True
2009-09-15,322,0,64,True
2009-09-16,372,1,64,True
2009-09-17,322,0,64,True
2009-09-18,292,0,64,True
2009-09-21,320,0,64,True
2009-09-22,306,0,64,True
2009-09-23,320,0,64,True
2009-09-24,293,1,64,True
2009-09-25,311,0,64,True
2009-09-28,272,2,64,True
2009-09-29,270,4,64,True
2009-09-30,303,0,64,True
2009-10-01,338,1,64,True
2009-10-02,331,0,64,True
2009-10-05,282,0,64,True
2009-10-06,333,0,64,True
2009-10-07,289,3,64,True
2009-10-08,305,0,64,True
2009-10-09,281,0,64,True
2009-10-12,287,1,64,True
2009-10-13,270,4,64,True
2009-10-14,325,0,64,True
2009-10-15,281,1,64,True
2009-10-16,281,0,64,True
2009-10-19,298,0,64,True
2009-10-20,295,0,64,True
2009-10-21,320,0,64,True
2009-10-22,273,1,64,True
2009-10-23,286,2,64,True
2009-10-26,320,0,64,True
2009-10-27,289,0,64,True
2009-10-28,338,0,64,True
2009-10-29,301,0,64,True
2009-10-30,344,0,64,True
2009-11-02,350,0,64,True
2009-11-03,309,2,64,True
2009-11-04,308,1,64,True
2009-11-05,298,0,64,True
2009-11-06,291,0,64,True
2009-11-09,323,0,64,True
2009-11-10,316,0,64,True
2009-11-11,312,1,64,True
2009-11-12,314,0,64,True
2009-11-13,265,1,64,True
2009-11-16,315,0,64,True
2009-11-17,282,0,64,True
2009-11-18,313,0,64,True
2009-11-19,287,0,64,True
2009-11-20,275,0,64,True
2009-11-23,315,0,64,True
2009-11-24,279,0,64,True
2009-11-25,294,0,64,True
2009-11-27,303,0,64,True
2009-11-30,305,0,64,True
2009-12-01,308,0,64,True
2009-12-02,295,2,64,True
2009-12-03,306,0,64,True
2009-12-04,348,0,64,True
2009-12-07,301,0,64,True
2009-12-08,355,0,64,True
2009-12-09,305,1,64,True
2009-12-10,296,3,64,True
2009-12-11,301,0,64,True
2009-12-14,303,2,64,True
2009-12-15,331,0,64,True
2009-12-16,344,0,64,True
2009-12-17,318,1,64,True
2009-12-18,336,0,64,True
2009-12-21,355,0,64,True
2009-12-22,299,0,64,True
2009-12-23,305,0,64,True
2009-12-24,261,2,64,True
2009-12-28,296,2,64,True
2009-12-29,303,0,64,True
2009-12-30,307,1,64,True
2009-12-31,294,0,64,True
2010-01-04,336,0,64,True
2010-01-05,319,1,64,True
2010-01-06,341,1,64,True
2010-01-07,330,0,64,True
2010-01-08,311,0,64,True
2010-01-11,300,0,64,True
2010-01-12,316,0,64,True
2010-01-13,293,0,64,True
2010-01-14,291,0,64,True
2010-01-15,309,0,64,True
2010-01-19,330,0,64,True
2010-01-20,338,0,64,True
2010-01-21,340,0,64,True
2010-01-22,362,0,64,True
2010-01-25,318,0,64,True
2010-01-26,307,1,64,True
2010-01-27,297,0,64,True
2010-01-28,318,0,64,True
2010-01-29,336,0,64,True
2010-02-01,319,0,64,True
2010-02-02,315,0,64,True
2010-02-03,335,0,64,True
2010-02-04,366,0,64,True
2010-02-05,402,0,64,True
2010-02-08,321,0,64,True
2010-02-09,351,0,64,True
2010-02-10,331,0,64,True
2010-02-11,317,0,64,True
2010-02-12,303,0,64,True
2010-02-16,317,1,64,True
2010-02-17,339,0,64,True
2010-02-18,319,1,64,True
2010-02-19,307,0,64,True
2010-02-22,311,0,64,True
2010-02-23,326,0,64,True
2010-02-24,301,0,64,True
2010-02-25,315,0,64,True
2010-02-26,335,0,64,True
2010-03-01,330,0,64,True
2010-03-02,323,0,64,True
2010-03-03,323,0,64,True
2010-03-04,299,0,64,True
2010-03-05,363,0,64,True
2010-03-08,335,0,64,True
2010-03-09,342,2,64,True
2010-03-10,352,0,64,True
2010-03-11,322,0,64,True
2010-03-12,328,0,64,True
2010-03-15,313,1,64,True
2010-03-16,344,0,64,True
2010-03-17,379,0,64,True
2010-03-18,336,0,64,True
2010-03-19,325,0,64,True
2010-03-22,331,0,64,True
2010-03-23,352,0,64,True
2010-03-24,337,0,64,True
2010-03-25,357,0,64,True
2010-03-26,335,0,64,True
2010-03-29,307,0,64,True
2010-03-30,289,1,64,True
2010-03-31,288,2,64,True
2010-04-01,320,0,64,True
2010-04-05,309,0,64,True
2010-04-06,309,0,64,True
2010-04-07,317,0,64,True
2010-04-08,315,0,64,True
2010-04-09,310,0,64,True
2010-04-12,296,1,64,True
2010-04-13,284,0,64,True
2010-04-14,324,1,64,True
2010-04-15,283,0,64,True
2010-04-16,308,0,64,True
2010-04-19,311,0,64,True
2010-04-20,277,2,64,True
2010-04-21,328,0,64,True
2010-04-22,296,0,64,True
2010-04-23,304,0,64,True
2010-04-26,308,0,64,True
2010-04-27,352,0,64,True
2010-04-28,334,0,64,True
2010-04-29,291,1,64,True
2010-04-30,342,0,64,True
2010-05-03,306,1,64,True
2010-05-04,373,0,64,True
2010-05-05,365,0,64,True
2010-05-06,382,0,64,True
2010-05-07,459,0,64,True
2010-05-10,421,0,64,True
2010-05-11,395,0,64,True
2010-05-12,363,0,64,True
2010-05-13,371,0,64,True
2010-05-14,374,0,64,True
2010-05-17,373,0,64,True
2010-05-18,379,0,64,True
2010-05-19,426,0,64,True
2010-05-20,432,0,64,True
2010-05-21,392,0,64,True
2010-05-24,364,0,64,True
2010-05-25,390,0,64,True
2010-05-26,350,0,64,True
2010-05-27,339,0,64,True
2010-05-28,353,0,64,True
2010-06-01,340,0,64,True
2010-06-02,349,1,64,True
2010-06-03,340,0,64,True
2010-06-04,373,0,64,True
2010-06-07,367,0,64,True
2010-06-08,393,0,64,True
2010-06-09,369,0,64,True
2010-06-10,354,0,64,True
2010-06-11,334,1,64,True
2010-06-14,340,0,64,True
2010-06-15,348,1,64,True
2010-06-16,380,1,64,True
2010-06-17,301,0,64,True
2010-06-18,316,1,64,True
2010-06-21,361,0,64,True
2010-06-22,343,0,64,True
2010-06-23,334,0,64,True
2010-06-24,351,0,64,True
2010-06-25,327,0,64,True
2010-06-28,299,0,64,True
2010-06-29,383,0,64,True
2010-06-30,350,0,64,True
2010-07-01,385,0,64,True
2010-07-02,352,0,64,True
2010-07-06,350,1,64,True
2010-07-07,358,0,64,True
2010-07-08,319,1,64,True
2010-07-09,316,0,64,True
2010-07-12,302,0,64,True
2010-07-13,324,0,64,True
2010-07-14,308,0,64,True
2010-07-15,320,0,64,True
2010-07-16,282,0,64,True
2010-07-19,299,0,64,True
2010-07-20,298,1,64,True
2010-07-21,314,0,64,True
2010-07-22,310,0,64,True
2010-07-23,301,0,64,True
2010-07-26,291,0,64,True
2010-07-27,320,0,64,True
2010-07-28,276,0,64,True
2010-07-29,321,0,64,True
2010-07-30,305,1,64,True
2010-08-02,336,1,64,True
2010-08-03,274,1,64,True
2010-08-04,281,0,64,True
2010-08-05,301,0,64,True
2010-08-06,319,1,64,True
2010-08-09,321,0,64,True
2010-08-10,306,0,64,True
2010-08-11,320,0,64,True
2010-08-12,333,1,64,True
2010-08-13,312,1,64,True
2010-08-16,328,0,64,True
2010-08-17,316,1,64,True
2010-08-18,326,1,64,True
2010-08-19,338,1,64,True
2010-08-20,309,0,64,True
2010-08-23,320,0,64,True
2010-08-24,343,0,64,True
2010-08-25,359,0,64,True
2010-08-26,318,0,64,True
2010-08-27,350,1,64,True
2010-08-30,322,4,64,True
2010-08-31,337,0,64,True
2010-09-01,362,0,64,True
2010-09-02,350,0,64,True
2010-09-03,359,0,64,True
2010-09-07,340,1,64,True
2010-09-08,351,0,64,True
2010-09-09,375,0,64,True
2010-09-10,344,1,64,True
2010-09-13,374,0,64,True
2010-09-14,370,0,64,True
2010-09-15,390,0,64,True
2010-09-16,370,0,64,True
2010-09-17,341,0,64,True
2010-09-20,395,0,64,True
2010-09-21,394,0,64,True
2010-09-22,342,0,64,True
2010-09-23,348,0,64,True
2010-09-24,360,0,64,True
2010-09-27,323,0,64,True
2010-09-28,354,0,64,True
2010-09-29,338,0,64,True
2010-09-30,357,0,64,True
2010-10-01,325,0,64,True
2010-10-04,337,0,64,True
2010-10-05,368,0,64,True
2010-10-06,337,0,64,True
2010-10-07,329,0,64,True
2010-10-08,318,0,64,True
2010-10-11,312,0,64,True
2010-10-12,311,0,64,True
2010-10-13,344,0,64,True
2010-10-14,318,0,64,True
2010-10-15,281,0,64,True
2010-10-18,306,0,64,True
2010-10-19,335,0,64,True
2010-10-20,337,0,64,True
2010-10-21,337,0,64,True
2010-10-22,317,0,64,True
2010-10-25,346,0,64,True
2010-10-26,301,0,64,True
2010-10-27,327,1,64,True
2010-10-28,331,0,64,True
2010-10-29,294,0,64,True
2010-11-01,332,0,64,True
2010-11-02,324,0,64,True
2010-11-03,342,1,64,True
2010-11-04,394,0,64,True
2010-11-05,389,0,64,True
2010-11-08,337,0,64,True
2010-11-09,361,0,64,True
2010-11-10,316,0,64,True
2010-11-11,322,0,64,True
2010-11-12,319,0,64,True
2010-11-15,302,0,64,True
2010-11-16,346,0,64,True
2010-11-17,324,2,64,True
2010-11-18,271,1,64,True
2010-11-19,275,0,64,True
2010-11-22,308,0,64,True
2010-11-23,341,0,64,True
2010-11-24,308,0,64,True
2010-11-26,252,3,64,True
2010-11-29,304,0,64,True
2010-11-30,303,2,64,True
2010-12-01,352,0,64,True
2010-12-02,358,0,64,True
2010-12-03,328,1,64,True
2010-12-06,316,0,64,True
2010-12-07,366,0,64,True
2010-12-08,329,1,64,True
2010-12-09,315,1,64,True
2010-12-10,342,0,64,True
2010-12-13,352,0,64,True
2010-12-14,325,0,64,True
2010-12-15,338,0,64,True
2010-12-16,330,0,64,True
2010-12-17,330,0,64,True
2010-12-20,367,0,64,True
2010-12-21,371,0,64,True
2010-12-22,361,0,64,True
2010-12-23,289,0,64,True
2010-12-27,277,1,64,True
2010-12-28,280,0,64,True
2010-12-29,294,1,64,True
2010-12-30,319,0,64,True
2010-12-31,257,2,64,True
2011-01-03,357,0,64,True
2011-01-04,324,1,64,True
2011-01-05,308,1,64,True
2011-01-06,349,0,64,True
2011-01-07,329,1,64,True
2011-01-10,309,2,64,True
2011-01-11,323,0,64,True
2011-01-12,338,1,64,True
2011-01-13,316,1,64,True
2011-01-14,299,0,64,True
2011-01-18,321,1,64,True
2011-01-19,366,0,64,True
2011-01-20,298,0,64,True
2011-01-21,300,0,64,True
2011-01-24,322,0,64,True
2011-01-25,312,0,64,True
2011-01-26,306,1,64,True
2011-01-27,366,0,64,True
2011-01-28,394,0,64,True
2011-01-31,324,0,64,True
2011-02-01,366,0,64,True
2011-02-02,308,3,64,True
2011-02-03,349,1,64,True
2011-02-04,310,1,64,True
2011-02-07,354,0,64,True
2011-02-08,335,0,64,True
2011-02-09,342,0,64,True
2011-02-10,309,1,64,True
2011-02-11,340,0,64,True
2011-02-14,301,0,64,True
2011-02-15,298,2,64,True
2011-02-16,385,0,64,True
2011-02-17,355,1,64,True
2011-02-18,341,0,64,True
2011-02-22,427,0,64,True
2011-02-23,380,0,64,True
2011-02-24,395,0,64,True
2011-02-25,343,3,64,True
2011-02-28,356,0,64,True
2011-03-01,399,0,64,True
2011-03-02,368,0,64,True
2011-03-03,424,3,64,True
2011-03-04,391,0,64,True
2011-03-07,385,1,64,True
2011-03-08,383,0,64,True
2011-03-09,372,0,64,True
2011-03-10,425,0,64,True
2011-03-11,364,1,64,True
2011-03-14,383,0,64,True
2011-03-15,471,0,64,True
2011-03-16,495,0,64,True
2011-03-17,463,0,64,True
2011-03-18,399,0,64,True
2011-03-21,422,0,64,True
2011-03-22,414,0,64,True
2011-03-23,424,0,64,True
2011-03-24,444,0,64,True
2011-03-25,421,0,64,True
2011-03-28,398,1,64,True
2011-03-29,368,0,64,True
2011-03-30,409,0,64,True
2011-03-31,352,0,64,True
2011-04-01,381,0,64,True
2011-04-04,341,4,64,True
2011-04-05,354,0,64,True
2011-04-06,349,2,64,True
2011-04-07,352,3,64,True
2011-04-08,327,0,64,True
2011-04-11,311,0,64,True
2011-04-12,326,0,64,True
2011-04-13,317,0,64,True
2011-04-14,334,0,64,True
2011-04-15,339,2,64,True
2011-04-18,374,0,64,True
2011-04-19,349,0,64,True
2011-04-20,386,0,64,True
2011-04-21,352,0,64,True
2011-04-25,356,0,64,True
2011-04-26,376,0,64,True
2011-04-27,389,0,64,True
2011-04-28,403,0,64,True
2011-04-29,441,0,64,True
2011-05-02,393,0,64,True
2011-05-03,386,0,64,True
2011-05-04,373,0,64,True
2011-05-05,436,0,64,True
2011-05-06,410,1,64,True
2011-05-09,349,1,64,True
2011-05-10,379,2,64,True
2011-05-11,375,2,64,True
2011-05-12,357,3,64,True
2011-05-13,316,0,64,True
2011-05-16,357,0,64,True
2011-05-17,345,0,64,True
2011-05-18,377,1,64,True
2011-05-19,357,0,64,True
2011-05-20,339,0,64,True
2011-05-23,378,0,64,True
2011-05-24,337,0,64,True
2011-05-25,348,0,64,True
2011-05-26,381,0,64,True
2011-05-27,366,0,64,True
2011-05-31,373,1,64,True
2011-06-01,383,0,64,True
2011-06-02,405,1,64,True
2011-06-03,386,0,64,True
2011-06-06,391,0,64,True
2011-06-07,409,0,64,True
2011-06-08,401,0,64,True
2011-06-09,402,0,64,True
2011-06-10,404,0,64,True
2011-06-13,410,0,64,True
2011-06-14,473,0,64,True
2011-06-15,481,0,64,True
2011-06-16,441,0,64,True
2011-06-17,407,0,64,True
2011-06-20,410,0,64,True
2011-06-21,404,0,64,True
2011-06-22,383,0,64,True
2011-06-23,462,0,64,True
2011-06-24,398,0,64,True
2011-06-27,399,0,64,True
2011-06-28,404,1,64,True
2011-06-29,431,0,64,True
2011-06-30,418,1,64,True
2011-07-01,430,0,64,True
2011-07-05,371,0,64,True
2011-07-06,346,0,64,True
2011-07-07,404,0,64,True
2011-07-08,338,0,64,True
2011-07-11,345,0,64,True
2011-07-12,347,0,64,True
2011-07-13,313,0,64,True
2011-07-14,395,0,64,True
2011-07-15,340,1,64,True
2011-07-18,394,0,64,True
2011-07-19,363,0,64,True
2011-07-20,375,0,64,True
2011-07-21,423,0,64,True
2011-07-22,373,0,64,True
2011-07-25,349,3,64,True
2011-07-26,333,0,64,True
2011-07-27,412,0,64,True
2011-07-28,394,0,64,True
2011-07-29,430,0,64,True
2011-08-01,441,0,64,True
2011-08-02,460,0,64,True
2011-08-03,465,0,64,True
2011-08-04,540,0,64,True
2011-08-05,534,0,64,True
2011-08-08,565,0,64,True
2011-08-09,565,0,64,True
2011-08-10,538,0,64,True
2011-08-11,517,0,64,True
2011-08-12,429,0,64,True
2011-08-15,396,0,64,True
2011-08-16,396,0,64,True
2011-08-17,444,0,64,True
2011-08-18,482,0,64,True
2011-08-19,431,0,64,True
2011-08-22,427,0,64,True
2011-08-23,402,0,64,True
2011-08-24,383,0,64,True
2011-08-25,434,0,64,True
2011-08-26,406,0,64,True
2011-08-29,457,0,64,True
2011-08-30,402,0,64,True
2011-08-31,447,0,64,True
2011-09-01,445,0,64,True
2011-09-02,438,1,64,True
2011-09-06,459,0,64,True
2011-09-07,443,0,64,True
2011-09-08,460,0,64,True
2011-09-09,437,1,64,True
2011-09-12,449,0,64,True
2011-09-13,386,1,64,True
2011-09-14,417,0,64,True
2011-09-15,448,0,64,True
2011-09-16,418,0,64,True
2011-09-19,444,0,64,True
2011-09-20,434,0,64,True
2011-09-21,472,0,64,True
2011-09-22,522,0,64,True
2011-09-23,412,0,64,True
2011-09-26,394,2,64,True
2011-09-27,448,0,64,True
2011-09-28,406,0,64,True
2011-09-29,422,1,64,True
2011-09-30,419,0,64,True
2011-10-03,471,0,64,True
2011-10-04,477,0,64,True
2011-10-05,424,0,64,True
2011-10-06,461,0,64,True
2011-10-07,417,0,64,True
2011-10-10,431,0,64,True
2011-10-11,422,1,64,True
2011-10-12,449,0,64,True
2011-10-13,382,0,64,True
2011-10-14,381,0,64,True
2011-10-17,357,0,64,True
2011-10-18,353,0,64,True
2011-10-19,391,0,64,True
2011-10-20,369,1,64,True
2011-10-21,362,0,64,True
2011-10-24,410,0,64,True
2011-10-25,373,0,64,True
2011-10-26,352,0,64,True
2011-10-27,499,0,64,True
2011-10-28,401,0,64,True
2011-10-31,419,0,64,True
2011-11-01,484,0,64,True
2011-11-02,404,0,64,True
2011-11-03,433,0,64,True
2011-11-04,364,0,64,True
2011-11-07,398,0,64,True
2011-11-08,395,0,64,True
2011-11-09,448,0,64,True
2011-11-10,427,0,64,True
2011-11-11,354,0,64,True
2011-11-14,348,0,64,True
2011-11-15,369,0,64,True
2011-11-16,387,0,64,True
2011-11-17,435,0,64,True
2011-11-18,390,0,64,True
2011-11-21,432,0,64,True
2011-11-22,408,0,64,True
2011-11-23,469,0,64,True
2011-11-25,356,1,64,True
2011-11-28,411,0,64,True
2011-11-29,401,0,64,True
2011-11-30,453,0,64,True
2011-12-01,469,0,64,True
2011-12-02,439,0,64,True
2011-12-05,454,0,64,True
2011-12-06,430,0,64,True
2011-12-07,452,0,64,True
2011-12-08,466,0,64,True
2011-12-09,400,1,64,True
2011-12-12,417,0,64,True
2011-12-13,436,0,64,True
2011-12-14,443,0,64,True
2011-12-15,429,1,64,True
2011-12-16,416,0,64,True
2011-12-19,456,0,64,True
2011-12-20,473,0,64,True
2011-12-21,437,0,64,True
2011-12-22,408,0,64,True
2011-12-23,355,0,64,True
2011-12-27,334,0,64,True
2011-12-28,351,0,64,True
2011-12-29,380,0,64,True
2011-12-30,331,0,64,True
2012-01-03,433,0,64,True
2012-01-04,385,0,64,True
2012-01-05,435,0,64,True
2012-01-06,385,0,64,True
2012-01-09,383,0,64,True
2012-01-10,425,1,64,True
2012-01-11,372,0,64,True
2012-01-12,356,1,64,True
2012-01-13,351,0,64,True
2012-01-17,334,0,64,True
2012-01-18,372,0,64,True
2012-01-19,392,0,64,True
2012-01-20,338,0,64,True
2012-01-23,390,0,64,True
2012-01-24,353,0,64,True
2012-01-25,383,0,64,True
2012-01-26,445,0,64,True
2012-01-27,373,0,64,True
2012-01-30,413,0,64,True
2012-01-31,381,0,64,True
2012-02-01,426,0,64,True
2012-02-02,409,1,64,True
2012-02-03,444,0,64,True
2012-02-06,369,0,64,True
2012-02-07,382,0,64,True
2012-02-08,388,0,64,True
2012-02-09,385,0,64,True
2012-02-10,404,0,64,True
2012-02-13,354,0,64,True
2012-02-14,359,0,64,True
2012-02-15,425,0,64,True
2012-02-16,397,0,64,True
2012-02-17,396,0,64,True
2012-02-21,422,0,64,True
2012-02-22,392,1,64,True
2012-02-23,449,0,64,True
2012-02-24,446,0,64,True
2012-02-27,419,0,64,True
2012-02-28,401,0,64,True
2012-02-29,448,0,64,True
2012-03-01,465,0,64,True
2012-03-02,421,0,64,True
2012-03-05,419,0,64,True
2012-03-06,481,0,64,True
2012-03-07,428,0,64,True
2012-03-08,487,0,64,True
2012-03-09,452,1,64,True
2012-03-12,365,0,64,True
2012-03-13,463,1,64,True
2012-03-14,515,0,64,True
2012-03-15,467,0,64,True
2012-03-16,449,0,64,True
2012-03-19,486,0,64,True
2012-03-20,426,2,64,True
2012-03-21,478,0,64,True
2012-03-22,444,0,64,True
2012-03-23,393,2,64,True
2012-03-26,426,0,64,True
2012-03-27,387,0,64,True
2012-03-28,371,0,64,True
2012-03-29,423,1,64,True
2012-03-30,396,0,64,True
2012-04-02,421,0,64,True
2012-04-03,387,0,64,True
2012-04-04,379,0,64,True
2012-04-05,370,0,64,True
2012-04-09,395,0,64,True
2012-04-10,465,0,64,True
2012-04-11,394,0,64,True
2012-04-12,387,0,64,True
2012-04-13,334,0,64,True
2012-04-16,326,1,64,True
2012-04-17,316,0,64,True
2012-04-18,368,0,64,True
2012-04-19,384,0,64,True
2012-04-20,335,0,64,True
2012-04-23,382,0,64,True
2012-04-24,343,0,64,True
2012-04-25,354,2,64,True
2012-04-26,423,0,64,True
2012-04-27,349,0,64,True
2012-04-30,343,1,64,True
2012-05-01,403,0,64,True
2012-05-02,332,1,64,True
2012-05-03,402,0,64,True
2012-05-04,430,0,64,True
2012-05-07,395,0,64,True
2012-05-08,378,0,64,True
2012-05-09,393,0,64,True
2012-05-10,387,0,64,True
2012-05-11,328,1,64,True
2012-05-14,392,0,64,True
2012-05-15,403,0,64,True
2012-05-16,425,0,64,True
2012-05-17,480,0,64,True
2012-05-18,462,0,64,True
2012-05-21,445,0,64,True
2012-05-22,421,0,64,True
2012-05-23,450,0,64,True
2012-05-24,455,0,64,True
2012-05-25,415,0,64,True
2012-05-29,434,0,64,True
2012-05-30,418,0,64,True
2012-05-31,491,0,64,True
2012-06-01,560,0,64,True
2012-06-04,514,0,64,True
2012-06-05,483,0,64,True
2012-06-06,516,0,64,True
2012-06-07,567,0,64,True
2012-06-08,497,0,64,True
2012-06-11,512,0,64,True
2012-06-12,515,1,64,True
2012-06-13,546,0,64,True
2012-06-14,517,0,64,True
2012-06-15,492,0,64,True
2012-06-18,545,0,64,True
2012-06-19,581,0,64,True
2012-06-20,582,0,64,True
2012-06-21,576,0,64,True
2012-06-22,484,1,64,True
2012-06-25,578,0,64,True
2012-06-26,516,0,64,True
2012-06-27,500,1,64,True
2012-06-28,523,0,64,True
2012-06-29,573,0,64,True
2012-07-02,504,0,64,True
2012-07-03,501,1,64,True
2012-07-05,539,1,64,True
2012-07-06,509,1,64,True
2012-07-09,499,0,64,True
2012-07-10,519,0,64,True
2012-07-11,474,0,64,True
2012-07-12,521,0,64,True
2012-07-13,525,0,64,True
2012-07-16,495,0,64,True
2012-07-17,537,0,64,True
2012-07-18,559,1,64,True
2012-07-19,548,0,64,True
2012-07-20,525,0,64,True
2012-07-23,585,0,64,True
2012-07-24,572,0,64,True
2012-07-25,524,0,64,True
2012-07-26,549,0,64,True
2012-07-27,592,0,64,True
2012-07-30,549,0,64,True
2012-07-31,520,1,64,True
2012-08-01,514,2,64,True
2012-08-02,574,3,64,True
2012-08-03,555,0,64,True
2012-08-06,534,1,64,True
2012-08-07,545,0,64,True
2012-08-08,487,1,64,True
2012-08-09,494,1,64,True
2012-08-10,498,3,64,True
2012-08-13,507,2,64,True
2012-08-14,554,1,64,True
2012-08-15,496,0,64,True
2012-08-16,571,3,64,True
2012-08-17,526,0,64,True
2012-08-20,532,0,64,True
2012-08-21,585,0,64,True
2012-08-22,564,1,64,True
2012-08-23,578,0,64,True
2012-08-24,541,0,64,True
2012-08-27,497,0,64,True
2012-08-28,502,0,64,True
2012-08-29,493,0,64,True
2012-08-30,569,0,64,True
2012-08-31,511,2,64,True
2012-09-04,512,0,64,True
2012-09-05,501,0,64,True
2012-09-06,592,1,64,True
2012-09-07,527,0,64,True
2012-09-10,555,0,64,True
2012-09-11,497,0,64,True
2012-09-12,490,0,64,True
2012-09-13,624,2,64,True
2012-09-14,596,0,64,True
2012-09-17,525,1,64,True
2012-09-18,516,0,64,True
2012-09-19,576,0,64,True
2012-09-20,530,2,64,True
2012-09-21,539,1,64,True
2012-09-24,550,0,64,True
2012-09-25,612,0,64,True
2012-09-26,590,0,64,True
2012-09-27,579,0,64,True
2012-09-28,543,1,64,True
2012-10-01,563,0,64,True
2012-10-02,506,2,64,True
2012-10-03,491,2,64,True
2012-10-04,568,0,64,True
2012-10-05,555,0,64,True
2012-10-08,453,1,64,True
2012-10-09,537,0,64,True
2012-10-10,579,0,64,True
2012-10-11,518,0,64,True
2012-10-12,525,0,64,True
2012-10-15,541,0,64,True
2012-10-16,526,0,64,True
2012-10-17,563,0,64,True
2012-10-18,564,1,64,True
2012-10-19,610,0,64,True
2012-10-22,588,0,64,True
2012-10-23,636,0,64,True
2012-10-24,574,0,64,True
2012-10-25,585,0,64,True
2012-10-26,551,0,64,True
2012-10-31,566,0,64,True
2012-11-01,599,0,64,True
2012-11-02,570,0,64,True
2012-11-05,596,1,64,True
2012-11-06,598,0,64,True
2012-11-07,693,0,64,True
2012-11-08,690,0,64,True
2012-11-09,661,0,64,True
2012-11-12,617,0,64,True
2012-11-13,635,0,64,True
2012-11-14,691,0,64,True
2012-11-15,678,0,64,True
2012-11-16,637,0,64,True
2012-11-19,634,0,64,True
2012-11-20,593,0,64,True
2012-11-21,620,0,64,True
2012-11-23,515,1,64,True
2012-11-26,586,0,64,True
2012-11-27,587,1,64,True
2012-11-28,581,0,64,True
2012-11-29,617,0,64,True
2012-11-30,536,0,64,True
2012-12-03,556,0,64,True
2012-12-04,533,0,64,True
2012-12-05,563,0,64,True
2012-12-06,548,1,64,True
2012-12-07,562,0,64,True
2012-12-10,560,0,64,True
2012-12-11,599,0,64,True
2012-12-12,585,0,64,True
2012-12-13,562,1,64,True
2012-12-14,541,0,64,True
2012-12-17,532,0,64,True
2012-12-18,626,0,64,True
2012-12-19,672,0,64,True
2012-12-20,659,0,64,True
2012-12-21,698,0,64,True
2012-12-24,528,0,64,True
2012-12-26,639,1,64,True
2012-12-27,743,0,64,True
2012-12-28,689,0,64,True
2012-12-31,651,0,64,True
2013-01-02,634,0,64,True
2013-01-03,632,2,64,True
2013-01-04,582,0,64,True
2013-01-07,616,2,64,True
2013-01-08,564,2,64,True
2013-01-09,598,0,64,True
2013-01-10,587,1,64,True
2013-01-11,539,0,64,True
2013-01-14,562,0,64,True
2013-01-15,563,0,64,True
2013-01-16,623,0,64,True
2013-01-17,650,0,64,True
2013-01-18,567,0,64,True
2013-01-22,596,0,64,True
2013-01-23,607,0,64,True
2013-01-24,679,0,64,True
2013-01-25,629,0,64,True
2013-01-28,598,0,64,True
2013-01-29,617,0,64,True
2013-01-30,609,0,64,True
2013-01-31,608,0,64,True
2013-02-01,621,0,64,True
2013-02-04,669,0,64,True
2013-02-05,574,0,64,True
2013-02-06,567,0,64,True
2013-02-07,645,0,64,True
2013-02-08,640,0,64,True
2013-02-11,575,1,64,True
2013-02-12,594,1,64,True
2013-02-13,645,0,64,True
2013-02-14,586,1,64,True
2013-02-15,680,0,64,True
2013-02-19,654,0,64,True
2013-02-20,727,2,64,True
2013-02-21,736,0,64,True
2013-02-22,623,0,64,True
2013-02-25,698,0,64,True
2013-02-26,655,0,64,True
2013-02-27,618,0,64,True
2013-02-28,676,0,64,True
2013-03-01,594,0,64,True
2013-03-04,577,0,64,True
2013-03-05,676,0,64,True
2013-03-06,605,0,64,True
2013-03-07,640,0,64,True
2013-03-08,680,0,64,True
2013-03-11,632,0,64,True
2013-03-12,687,0,64,True
2013-03-13,619,1,64,True
2013-03-14,626,0,64,True
2013-03-15,648,0,64,True
2013-03-18,696,0,64,True
2013-03-19,724,0,64,True
2013-03-20,603,0,64,True
2013-03-21,651,0,64,True
2013-03-22,587,0,64,True
2013-03-25,662,1,64,True
2013-03-26,571,1,64,True
2013-03-27,627,0,64,True
2013-03-28,624,0,64,True
2013-04-01,634,0,64,True
2013-04-02,634,2,64,True
2013-04-03,667,0,64,True
2013-04-04,589,1,64,True
2013-04-05,641,0,64,True
2013-04-08,589,1,64,True
2013-04-09,618,0,64,True
2013-04-10,678,0,64,True
2013-04-11,670,0,64,True
2013-04-12,632,0,64,True
2013-04-15,784,0,64,True
2013-04-16,645,0,64,True
2013-04-17,731,0,64,True
2013-04-18,735,0,64,True
2013-04-19,623,0,64,True
2013-04-22,668,0,64,True
2013-04-23,678,0,64,True
2013-04-24,583,0,64,True
2013-04-25,651,0,64,True
2013-04-26,668,0,64,True
2013-04-29,680,0,64,True
2013-04-30,636,2,64,True
2013-05-01,667,0,64,True
2013-05-02,622,0,64,True
2013-05-03,688,1,64,True
2013-05-06,656,2,64,True
2013-05-07,714,0,64,True
2013-05-08,736,0,64,True
2013-05-09,748,0,64,True
2013-05-10,681,0,64,True
2013-05-13,656,2,64,True
2013-05-14,769,0,64,True
2013-05-15,771,0,64,True
2013-05-16,797,1,64,True
2013-05-17,762,0,64,True
2013-05-20,744,0,64,True
2013-05-21,743,0,64,True
2013-05-22,870,0,64,True
2013-05-23,802,0,64,True
2013-05-24,659,0,64,True
2013-05-28,698,2,64,True
2013-05-29,685,0,64,True
2013-05-30,659,2,64,True
2013-05-31,786,0,64,True
2013-06-03,749,0,64,True
2013-06-04,693,0,64,True
2013-06-05,742,0,64,True
2013-06-06,777,0,64,True
2013-06-07,703,0,64,True
2013-06-10,682,0,64,True
2013-06-11,679,1,64,True
2013-06-12,752,0,64,True
2013-06-13,726,0,64,True
2013-06-14,626,0,64,True
2013-06-17,676,1,64,True
2013-06-18,631,3,64,True
2013-06-19,689,0,64,True
2013-06-20,868,0,64,True
2013-06-21,774,0,64,True
2013-06-24,854,0,64,True
2013-06-25,728,0,64,True
2013-06-26,699,0,64,True
2013-06-27,742,0,64,True
2013-06-28,698,0,64,True
2013-07-01,690,0,64,True
2013-07-02,724,0,64,True
2013-07-03,573,0,64,True
2013-07-05,650,0,64,True
2013-07-08,715,0,64,True
2013-07-09,727,0,64,True
2013-07-10,684,0,64,True
2013-07-11,775,0,64,True
2013-07-12,664,0,64,True
2013-07-15,650,0,64,True
2013-07-16,655,1,64,True
2013-07-17,657,0,64,True
2013-07-18,707,0,64,True
2013-07-19,619,0,64,True
2013-07-22,645,0,64,True
2013-07-23,635,0,64,True
2013-07-24,683,2,64,True
2013-07-25,621,0,64,True
2013-07-26,649,0,64,True
2013-07-29,633,0,64,True
2013-07-30,669,0,64,True
2013-07-31,680,0,64,True
2013-08-01,701,0,64,True
2013-08-02,706,0,64,True
2013-08-05,653,0,64,True
2013-08-06,658,0,64,True
2013-08-07,698,0,64,True
2013-08-08,650,0,64,True
2013-08-09,682,1,64,True
2013-08-12,666,0,64,True
2013-08-13,710,0,64,True
2013-08-14,686,2,64,True
2013-08-15,801,0,64,True
2013-08-16,762,0,64,True
2013-08-19,759,0,64,True
2013-08-20,703,0,64,True
2013-08-21,745,0,64,True
2013-08-22,656,2,64,True
2013-08-23,629,2,64,True
2013-08-26,700,0,64,True
2013-08-27,816,0,64,True
2013-08-28,701,0,64,True
2013-08-29,661,2,64,True
2013-08-30,718,0,64,True
2013-09-03,725,0,64,True
2013-09-04,672,0,64,True
2013-09-05,668,1,64,True
2013-09-06,762,0,64,True
2013-09-09,701,0,64,True
2013-09-10,728,1,64,True
2013-09-11,695,0,64,True
2013-09-12,699,0,64,True
2013-09-13,703,2,64,True
2013-09-16,749,1,64,True
2013-09-17,685,0,64,True
2013-09-18,853,0,64,True
2013-09-19,818,0,64,True
2013-09-20,818,0,64,True
2013-09-23,784,0,64,True
2013-09-24,708,0,64,True
2013-09-25,742,2,64,True
2013-09-26,752,2,64,True
2013-09-27,808,2,64,True
2013-09-30,744,0,64,True
2013-10-01,740,1,64,True
2013-10-02,719,1,64,True
2013-10-03,780,0,64,True
2013-10-04,715,0,64,True
2013-10-07,733,0,64,True
2013-10-08,837,0,64,True
2013-10-09,791,0,64,True
2013-10-10,787,1,64,True
2013-10-11,700,0,64,True
2013-10-14,676,0,64,True
2013-10-15,678,3,64,True
2013-10-16,782,0,64,True
2013-10-17,762,0,64,True
2013-10-18,776,0,64,True
2013-10-21,705,2,64,True
2013-10-22,717,0,64,True
2013-10-23,709,0,64,True
2013-10-24,695,0,64,True
2013-10-25,732,0,64,True
2013-10-28,689,1,64,True
2013-10-29,708,0,64,True
2013-10-30,772,0,64,True
2013-10-31,758,1,64,True
2013-11-01,730,0,64,True
2013-11-04,676,0,64,True
2013-11-05,709,0,64,True
2013-11-06,671,1,64,True
2013-11-07,783,0,64,True
2013-11-08,690,0,64,True
2013-11-11,660,5,64,True
2013-11-12,707,0,64,True
2013-11-13,746,0,64,True
2013-11-14,786,2,64,True
2013-11-15,802,0,64,True
2013-11-18,785,0,64,True
2013-11-19,699,0,64,True
2013-11-20,777,0,64,True
2013-11-21,715,0,64,True
2013-11-22,722,0,64,True
2013-11-25,774,0,64,True
2013-11-26,665,1,64,True
2013-11-27,740,0,64,True
2013-11-29,670,0,64,True
2013-12-02,710,1,64,True
2013-12-03,711,0,64,True
2013-12-04,733,0,64,True
2013-12-05,726,0,64,True
2013-12-06,709,0,64,True
2013-12-09,701,0,64,True
2013-12-10,677,2,64,True
2013-12-11,759,0,64,True
2013-12-12,778,0,64,True
2013-12-13,736,0,64,True
2013-12-16,708,1,64,True
2013-12-17,649,0,64,True
2013-12-18,814,1,64,True
2013-12-19,863,1,64,True
2013-12-20,854,0,64,True
2013-12-23,813,0,64,True
2013-12-24,661,3,64,True
2013-12-26,791,3,64,True
2013-12-27,769,0,64,True
2013-12-30,715,2,64,True
2013-12-31,707,1,64,True
2014-01-02,836,0,64,True
2014-01-03,725,0,64,True
2014-01-06,721,0,64,True
2014-01-07,686,0,64,True
2014-01-08,695,0,64,True
2014-01-09,701,2,64,True
2014-01-10,723,0,64,True
2014-01-13,871,0,64,True
2014-01-14,713,0,64,True
2014-01-15,757,2,64,True
2014-01-16,705,0,64,True
2014-01-17,852,0,64,True
2014-01-21,809,2,64,True
2014-01-22,758,0,64,True
2014-01-23,959,0,64,True
2014-01-24,1035,0,64,True
2014-01-27,994,0,64,True
2014-01-28,880,0,64,True
2014-01-29,942,0,64,True
2014-01-30,900,0,64,True
2014-01-31,832,0,64,True
2014-02-03,1054,0,64,True
2014-02-04,935,0,64,True
2014-02-05,906,1,64,True
2014-02-06,891,1,64,True
2014-02-07,967,1,64,True
2014-02-10,848,1,64,True
2014-02-11,959,3,64,True
2014-02-12,883,0,64,True
2014-02-13,861,0,64,True
2014-02-14,871,0,64,True
2014-02-18,822,0,64,True
2014-02-19,919,0,64,True
2014-02-20,822,0,64,True
2014-02-21,838,0,64,True
2014-02-24,941,0,64,True
2014-02-25,777,0,64,True
2014-02-26,802,0,64,True
2014-02-27,809,0,64,True
2014-02-28,957,0,64,True
2014-03-03,950,0,64,True
2014-03-04,894,0,64,True
2014-03-05,811,0,64,True
2014-03-06,922,2,64,True
2014-03-07,868,1,64,True
2014-03-10,908,0,64,True
2014-03-11,939,0,64,True
2014-03-12,896,0,64,True
2014-03-13,1024,0,64,True
2014-03-14,990,0,64,True
2014-03-17,874,0,64,True
2014-03-18,982,2,64,True
2014-03-19,937,1,64,True
2014-03-20,842,2,64,True
2014-03-21,1040,0,64,True
2014-03-24,951,0,64,True
2014-03-25,944,1,64,True
2014-03-26,926,0,64,True
2014-03-27,955,0,64,True
2014-03-28,906,0,64,True
2014-03-31,877,0,64,True
2014-04-01,911,2,64,True
2014-04-02,863,2,64,True
2014-04-03,900,0,64,True
2014-04-04,999,0,64,True
2014-04-07,992,0,64,True
2014-04-08,844,0,64,True
2014-04-09,893,0,64,True
2014-04-10,1093,0,64,True
2014-04-11,1113,0,64,True
2014-04-14,1006,0,64,True
2014-04-15,1014,0,64,True
2014-04-16,957,2,64,True
2014-04-17,896,0,64,True
2014-04-21,868,3,64,True
2014-04-22,944,3,64,True
2014-04-23,773,0,64,True
2014-04-24,860,0,64,True
2014-04-25,896,1,64,True
2014-04-28,929,0,64,True
2014-04-29,792,1,64,True
2014-04-30,829,0,64,True
2014-05-01,861,0,64,True
2014-05-02,815,1,64,True
2014-05-05,874,1,64,True
2014-05-06,887,0,64,True
2014-05-07,874,1,64,True
2014-05-08,917,0,64,True
2014-05-09,833,1,64,True
2014-05-12,1005,0,64,True
2014-05-13,898,0,64,True
2014-05-14,871,0,64,True
2014-05-15,1098,0,64,True
2014-05-16,988,3,64,True
2014-05-19,944,0,64,True
2014-05-20,971,0,64,True
2014-05-21,999,0,64,True
2014-05-22,962,1,64,True
2014-05-23,873,1,64,True
2014-05-27,922,2,64,True
2014-05-28,857,0,64,True
2014-05-29,909,1,64,True
2014-05-30,856,0,64,True
2014-06-02,911,3,64,True
2014-06-03,808,1,64,True
2014-06-04,856,2,64,True
2014-06-05,973,1,64,True
2014-06-06,895,2,64,True
2014-06-09,915,3,64,True
2014-06-10,845,3,64,True
2014-06-11,877,3,64,True
2014-06-12,963,2,64,True
2014-06-13,834,3,64,True
2014-06-16,892,2,64,True
2014-06-17,819,1,64,True
2014-06-18,997,3,64,True
2014-06-19,899,2,64,True
2014-06-20,948,0,64,True
2014-06-23,869,1,64,True
2014-06-24,1010,1,64,True
2014-06-25,845,2,64,True
2014-06-26,964,1,64,True
2014-06-27,911,1,64,True
2014-06-30,933,1,64,True
2014-07-01,1002,1,64,True
2014-07-02,852,2,64,True
2014-07-03,766,2,64,True
2014-07-07,949,4,64,True
2014-07-08,1006,3,64,True
2014-07-09,880,0,64,True
2014-07-10,952,1,64,True
2014-07-11,787,0,64,True
2014-07-14,909,0,64,True
2014-07-15,926,0,64,True
2014-07-16,900,5,64,True
2014-07-17,1128,1,64,True
2014-07-18,977,2,64,True
2014-07-21,952,2,64,True
2014-07-22,951,0,64,True
2014-07-23,951,0,64,True
2014-07-24,931,1,64,True
2014-07-25,998,2,64,True
2014-07-28,905,1,64,True
2014-07-29,987,0,64,True
2014-07-30,1019,3,64,True
2014-07-31,1367,0,64,True
2014-08-01,1237,0,64,True
2014-08-04,1046,0,64,True
2014-08-05,1208,0,64,True
2014-08-06,1031,0,64,True
2014-08-07,1158,2,64,True
2014-08-08,1109,0,64,True
2014-08-11,1050,0,64,True
2014-08-12,1013,2,64,True
2014-08-13,1030,1,64,True
2014-08-14,1042,0,64,True
2014-08-15,1162,0,64,True
2014-08-18,1050,2,64,True
2014-08-19,1046,2,64,True
2014-08-20,1034,3,64,True
2014-08-21,1058,2,64,True
2014-08-22,988,1,64,True
2014-08-25,1058,0,64,True
2014-08-26,1019,2,64,True
2014-08-27,899,3,64,True
2014-08-28,947,0,64,True
2014-08-29,926,2,64,True
2014-09-02,981,2,64,True
2014-09-03,955,1,64,True
2014-09-04,1048,1,64,True
2014-09-05,977,0,64,True
2014-09-08,925,0,64,True
2014-09-09,1138,0,64,True
2014-09-10,1010,0,64,True
2014-09-11,967,1,64,True
2014-09-12,1109,1,64,True
2014-09-15,1045,0,64,True
2014-09-16,1071,1,64,True
2014-09-17,1142,2,64,True
2014-09-18,1075,4,64,True
2014-09-19,1111,2,64,True
2014-09-22,1196,0,64,True
2014-09-23,1176,3,64,True
2014-09-24,1133,0,64,True
2014-09-25,1332,0,64,True
2014-09-26,1084,2,64,True
2014-09-29,1091,2,64,True
2014-09-30,1055,0,64,True
2014-10-01,1257,0,64,True
2014-10-02,1229,0,64,True
2014-10-03,1095,0,64,True
2014-10-06,1045,0,64,True
2014-10-07,1139,0,64,True
2014-10-08,1215,0,64,True
2014-10-09,1234,0,64,True
2014-10-10,1206,0,64,True
2014-10-13,1409,0,64,True
2014-10-14,1338,0,64,True
2014-10-15,1634,0,64,True
2014-10-16,1362,0,64,True
2014-10-17,1337,0,64,True
2014-10-20,1232,0,64,True
2014-10-21,1392,0,64,True
2014-10-22,1343,0,64,True
2014-10-23,1271,0,64,True
2014-10-24,1109,1,64,True
2014-10-27,1084,0,64,True
2014-10-28,1203,0,64,True
2014-10-29,1226,0,64,True
2014-10-30,1124,0,64,True
2014-10-31,1188,0,64,True
2014-11-03,1075,2,64,True
2014-11-04,1002,0,64,True
2014-11-05,1027,0,64,True
2014-11-06,1015,2,64,True
2014-11-07,988,1,64,True
2014-11-10,1081,0,64,True
2014-11-11,1006,2,64,True
2014-11-12,948,0,64,True
2014-11-13,1124,0,64,True
2014-11-14,895,1,64,True
2014-11-17,936,0,64,True
2014-11-18,1153,0,64,True
2014-11-19,1047,1,64,True
2014-11-20,972,2,64,True
2014-11-21,1073,0,64,True
2014-11-24,1030,2,64,True
2014-11-25,981,4,64,True
2014-11-26,974,1,64,True
2014-11-28,858,1,64,True
2014-12-01,1044,0,64,True
2014-12-02,889,6,64,True
2014-12-03,1036,1,64,True
2014-12-04,940,0,64,True
2014-12-05,948,1,64,True
2014-12-08,1150,0,64,True
2014-12-09,1213,0,64,True
2014-12-10,1241,0,64,True
2014-12-11,1144,1,64,True
2014-12-12,1296,0,64,True
2014-12-15,1336,0,64,True
2014-12-16,1307,0,64,True
2014-12-17,1403,0,64,True
2014-12-18,1282,0,64,True
2014-12-19,1270,0,64,True
2014-12-22,1168,0,64,True
2014-12-23,1139,0,64,True
2014-12-24,932,0,64,True
2014-12-26,992,0,64,True
2014-12-29,1025,0,64,True
2014-12-30,1000,0,64,True
2014-12-31,1186,0,64,True
2015-01-02,1075,2,64,True
2015-01-05,1273,0,64,True
2015-01-06,1361,0,64,True
2015-01-07,1177,0,64,True
2015-01-08,1193,0,64,True
2015-01-09,1028,0,64,True
2015-01-12,1162,0,64,True
2015-01-13,1299,1,64,True
2015-01-14,1276,0,64,True
2015-01-15,1099,0,64,True
2015-01-16,1198,0,64,True
2015-01-20,1188,0,64,True
2015-01-21,1224,1,64,True
2015-01-22,1312,0,64,True
2015-01-23,1153,0,64,True
2015-01-26,1173,2,64,True
2015-01-27,1268,0,64,True
2015-01-28,1281,0,64,True
2015-01-29,1314,0,64,True
2015-01-30,1207,0,64,True
2015-02-02,1294,0,64,True
2015-02-03,1237,0,64,True
2015-02-04,1183,1,64,True
2015-02-05,1224,0,64,True
2015-02-06,1244,0,64,True
2015-02-09,1134,0,64,True
2015-02-10,1165,0,64,True
2015-02-11,1106,0,64,True
2015-02-12,1271,0,64,True
2015-02-13,1271,0,64,True
2015-02-17,1198,0,64,True
2015-02-18,1190,0,64,True
2015-02-19,1068,0,64,True
2015-02-20,1229,0,64,True
2015-02-23,1126,0,64,True
2015-02-24,1204,0,64,True
2015-02-25,1148,0,64,True
2015-02-26,1095,2,64,True
2015-02-27,1038,1,64,True
2015-03-02,1122,0,64,True
2015-03-03,1163,1,64,True
2015-03-04,1203,1,64,True
2015-03-05,1046,0,64,True
2015-03-06,1401,0,64,True
2015-03-09,1116,0,64,True
2015-03-10,1442,0,64,True
2015-03-11,1229,0,64,True
2015-03-12,1191,0,64,True
2015-03-13,1195,0,64,True
2015-03-16,1299,0,64,True
2015-03-17,1098,2,64,True
2015-03-18,1385,4,64,True
2015-03-19,1167,1,64,True
2015-03-20,1372,1,64,True
2015-03-23,1297,0,64,True
2015-03-24,1314,1,64,True
2015-03-25,1535,0,64,True
2015-03-26,1494,0,64,True
2015-03-27,1191,0,64,True
2015-03-30,1337,0,64,True
2015-03-31,1263,0,64,True
2015-04-01,1310,2,64,True
2015-04-02,1117,0,64,True
2015-04-06,1361,0,64,True
2015-04-07,1139,0,64,True
2015-04-08,1071,2,64,True
2015-04-09,1209,1,64,True
2015-04-10,1216,0,64,True
2015-04-13,1294,0,64,True
2015-04-14,1108,0,64,True
2015-04-15,1278,0,64,True
2015-04-16,1006,0,64,True
2015-04-17,1419,0,64,True
2015-04-20,1210,0,64,True
2015-04-21,1119,3,64,True
2015-04-22,1231,0,64,True
2015-04-23,1274,0,64,True
2015-04-24,1190,0,64,True
2015-04-27,1266,0,64,True
2015-04-28,1181,0,64,True
2015-04-29,1224,0,64,True
2015-04-30,1415,0,64,True
2015-05-01,1210,0,64,True
2015-05-04,1215,0,64,True
2015-05-05,1334,0,64,True
2015-05-06,1508,0,64,True
2015-05-07,1222,0,64,True
2015-05-08,1344,0,64,True
2015-05-11,1216,0,64,True
2015-05-12,1219,0,64,True
2015-05-13,1183,0,64,True
2015-05-14,1229,0,64,True
2015-05-15,1163,1,64,True
2015-05-18,1311,1,64,True
2015-05-19,1121,0,64,True
2015-05-20,1287,0,64,True
2015-05-21,1164,2,64,True
2015-05-22,1156,0,64,True
2015-05-26,1430,0,64,True
2015-05-27,1306,2,64,True
2015-05-28,1145,0,64,True
2015-05-29,1239,0,64,True
2015-06-01,1238,0,64,True
2015-06-02,1218,1,64,True
2015-06-03,1182,1,64,True
2015-06-04,1381,0,64,True
2015-06-05,1232,1,64,True
2015-06-08,1365,0,64,True
2015-06-09,1245,0,64,True
2015-06-10,1520,0,64,True
2015-06-11,1285,1,64,True
2015-06-12,1282,0,64,True
2015-06-15,1386,0,64,True
2015-06-16,1220,0,64,True
2015-06-17,1372,0,64,True
2015-06-18,1462,0,64,True
2015-06-19,1305,1,64,True
2015-06-22,1443,0,64,True
2015-06-23,1312,0,64,True
2015-06-24,1414,0,64,True
2015-06-25,1295,0,64,True
2015-06-26,1385,0,64,True
2015-06-29,1965,0,64,True
2015-06-30,1489,0,64,True
2015-07-01,1355,0,64,True
2015-07-02,1355,1,64,True
2015-07-06,1519,0,64,True
2015-07-07,1620,0,64,True
2015-07-08,1531,0,64,True
2015-07-09,1409,0,64,True
2015-07-10,1351,0,64,True
2015-07-13,1596,0,64,True
2015-07-14,1478,0,64,True
2015-07-15,1339,0,64,True
2015-07-16,1379,0,64,True
2015-07-17,1310,0,64,True
2015-07-20,1428,1,64,True
2015-07-21,1305,0,64,True
2015-07-22,1365,0,64,True
2015-07-23,1499,0,64,True
2015-07-24,1599,0,64,True
2015-07-27,1609,0,64,True
2015-07-28,1571,0,64,True
2015-07-29,1506,2,64,True
2015-07-30,1354,1,64,True
2015-07-31,1315,0,64,True
2015-08-03,1478,0,64,True
2015-08-04,1316,0,64,True
2015-08-05,1476,0,64,True
2015-08-06,1541,0,64,True
2015-08-07,1492,0,64,True
2015-08-10,1591,0,64,True
2015-08-11,1613,0,64,True
2015-08-12,1840,0,64,True
2015-08-13,1472,0,64,True
2015-08-14,1318,0,64,True
2015-08-17,1612,1,64,True
2015-08-18,1339,0,64,True
2015-08-19,1799,0,64,True
2015-08-20,1820,0,64,True
2015-08-21,2231,0,64,True
2015-08-24,2057,0,64,True
2015-08-25,2175,0,64,True
2015-08-26,2242,0,64,True
2015-08-27,2082,0,64,True
2015-08-28,1709,0,64,True
2015-08-31,1564,0,64,True
2015-09-01,1943,0,64,True
2015-09-02,1750,0,64,True
2015-09-03,1652,0,64,True
2015-09-04,1645,0,64,True
2015-09-08,1781,0,64,True
2015-09-09,1716,0,64,True
2015-09-10,1528,0,64,True
2015-09-11,1465,0,64,True
2015-09-14,1443,0,64,True
2015-09-15,1682,0,64,True
2015-09-16,1573,0,64,True
2015-09-17,1560,0,64,True
2015-09-18,1772,0,64,True
2015-09-21,1724,0,64,True
2015-09-22,1762,0,64,True
2015-09-23,1600,0,64,True
2015-09-24,1766,0,64,True
2015-09-25,1521,0,64,True
2015-09-28,1798,0,64,True
2015-09-29,1583,0,64,True
2015-09-30,1577,0,64,True
2015-10-01,1428,0,64,True
2015-10-02,1633,0,64,True
2015-10-05,1760,0,64,True
2015-10-06,1506,0,64,True
2015-10-07,1587,0,64,True
2015-10-08,1596,0,64,True
2015-10-09,1410,0,64,True
2015-10-12,1448,0,64,True
2015-10-13,1469,0,64,True
2015-10-14,1441,0,64,True
2015-10-15,1402,0,64,True
2015-10-16,1400,1,64,True
2015-10-19,1358,0,64,True
2015-10-20,1319,0,64,True
2015-10-21,1419,0,64,True
2015-10-22,1480,2,64,True
2015-10-23,1584,2,64,True
2015-10-26,1306,0,64,True
2015-10-27,1246,0,64,True
2015-10-28,1583,1,64,True
2015-10-29,1331,2,64,True
2015-10-30,1325,0,64,True
2015-11-02,1510,2,64,True
2015-11-03,1447,0,64,True
2015-11-04,1362,0,64,True
2015-11-05,1220,0,64,True
2015-11-06,1289,0,64,True
2015-11-09,1458,0,64,True
2015-11-10,1241,0,64,True
2015-11-11,1256,0,64,True
2015-11-12,1546,0,64,True
2015-11-13,1637,0,64,True
2015-11-16,1463,0,64,True
2015-11-17,1415,0,64,True
2015-11-18,1515,0,64,True
2015-11-19,1183,0,64,True
2015-11-20,1415,0,64,True
2015-11-23,1327,0,64,True
2015-11-24,1431,0,64,True
2015-11-25,1176,1,64,True
2015-11-27,1057,1,64,True
2015-11-30,1211,2,64,True
2015-12-01,1324,0,64,True
2015-12-02,1332,0,64,True
2015-12-03,1586,0,64,True
2015-12-04,1556,0,64,True
2015-12-07,1367,0,64,True
2015-12-08,1352,0,64,True
2015-12-09,1575,0,64,True
2015-12-10,1269,0,64,True
2015-12-11,1782,0,64,True
2015-12-14,1579,0,64,True
2015-12-15,1408,0,64,True
2015-12-16,1507,0,64,True
2015-12-17,1463,0,64,True
2015-12-18,1612,0,64,True
2015-12-21,1451,0,64,True
2015-12-22,1431,0,64,True
2015-12-23,1511,0,64,True
2015-12-24,1057,0,64,True
2015-12-28,1327,0,64,True
2015-12-29,1415,1,64,True
2015-12-30,1308,0,64,True
2015-12-31,1356,0,64,True
2016-01-04,1856,0,64,True
2016-01-05,1443,0,64,True
2016-01-06,1684,0,64,True
2016-01-07,1961,0,64,True
2016-01-08,1763,0,64,True
2016-01-11,1901,0,64,True
2016-01-12,1663,0,64,True
2016-01-13,1864,0,64,True
2016-01-14,1723,0,64,True
2016-01-15,1926,0,64,True
2016-01-19,1767,0,64,True
2016-01-20,2115,0,64,True
2016-01-21,1646,0,64,True
2016-01-22,1605,0,64,True
2016-01-25,1581,0,64,True
2016-01-26,1489,0,64,True
2016-01-27,1696,0,64,True
2016-01-28,1422,0,64,True
2016-01-29,1727,0,64,True
2016-02-01,1607,0,64,True
2016-02-02,1539,0,64,True
2016-02-03,1721,0,64,True
2016-02-04,1460,0,64,True
2016-02-05,1580,0,64,True
2016-02-08,1849,0,64,True
2016-02-09,1563,0,64,True
2016-02-10,1519,0,64,True
2016-02-11,1840,0,64,True
2016-02-12,1596,0,64,True
2016-02-16,1754,0,64,True
2016-02-17,1885,0,64,True
2016-02-18,1512,0,64,True
2016-02-19,1564,0,64,True
2016-02-22,1717,0,64,True
2016-02-23,1670,0,64,True
2016-02-24,1796,0,64,True
2016-02-25,1643,0,64,True
2016-02-26,1664,0,64,True
2016-02-29,1606,0,64,True
2016-03-01,1840,0,64,True
2016-03-02,1659,0,64,True
2016-03-03,1615,0,64,True
2016-03-04,1720,0,64,True
2016-03-07,1557,1,64,True
2016-03-08,1680,0,64,True
2016-03-09,1487,0,64,True
2016-03-10,1682,0,64,True
2016-03-11,1718,0,64,True
2016-03-14,1500,0,64,True
2016-03-15,1519,0,64,True
2016-03-16,1701,0,64,True
2016-03-17,1642,0,64,True
2016-03-18,1633,0,64,True
2016-03-21,1520,0,64,True
2016-03-22,1659,0,64,True
2016-03-23,1609,0,64,True
2016-03-24,1583,0,64,True
2016-03-28,1421,0,64,True
2016-03-29,1633,1,64,True
2016-03-30,1683,0,64,True
2016-03-31,1439,0,64,True
2016-04-01,1529,0,64,True
2016-04-04,1500,2,64,True
2016-04-05,1596,0,64,True
2016-04-06,1511,0,64,True
2016-04-07,1723,0,64,True
2016-04-08,1468,0,64,True
2016-04-11,1571,0,64,True
2016-04-12,1616,0,64,True
2016-04-13,1716,0,64,True
2016-04-14,1448,0,64,True
2016-04-15,1442,0,64,True
2016-04-18,1758,0,64,True
2016-04-19,1652,0,64,True
2016-04-20,1696,0,64,True
2016-04-21,1572,0,64,True
2016-04-22,1532,0,64,True
2016-04-25,1618,0,64,True
2016-04-26,1384,0,64,True
2016-04-27,1535,0,64,True
2016-04-28,1676,0,64,True
2016-04-29,1844,1,64,True
2016-05-02,1577,0,64,True
2016-05-03,1645,0,64,True
2016-05-04,1624,0,64,True
2016-05-05,1526,0,64,True
2016-05-06,1663,0,64,True
2016-05-09,1635,0,64,True
2016-05-10,1790,0,64,True
2016-05-11,1666,0,64,True
2016-05-12,1554,0,64,True
2016-05-13,1722,0,64,True
2016-05-16,1625,0,64,True
2016-05-17,1760,0,64,True
2016-05-18,1730,0,64,True
2016-05-19,1682,0,64,True
2016-05-20,1618,0,64,True
2016-05-23,1563,0,64,True
2016-05-24,1727,0,64,True
2016-05-25,1676,0,64,True
2016-05-26,1507,0,64,True
2016-05-27,1499,0,64,True
2016-05-31,1526,0,64,True
2016-06-01,1450,0,64,True
2016-06-02,1477,0,64,True
2016-06-03,1469,0,64,True
2016-06-06,1512,0,64,True
2016-06-07,1709,0,64,True
2016-06-08,1522,0,64,True
2016-06-09,1541,1,64,True
2016-06-10,1828,0,64,True
2016-06-13,1880,0,64,True
2016-06-14,1861,0,64,True
2016-06-15,1700,0,64,True
2016-06-16,1750,0,64,True
2016-06-17,1637,0,64,True
2016-06-20,1779,0,64,True
2016-06-21,1666,0,64,True
2016-06-22,1681,0,64,True
2016-06-23,1623,0,64,True
2016-06-24,1988,0,64,True
2016-06-27,2054,0,64,True
2016-06-28,1867,0,64,True
2016-06-29,1853,0,64,True
2016-06-30,1773,0,64,True
2016-07-01,1679,0,64,True
2016-07-05,1767,0,64,True
2016-07-06,1741,0,64,True
2016-07-07,1593,0,64,True
2016-07-08,1791,0,64,True
2016-07-11,1745,0,64,True
2016-07-12,1703,0,64,True
2016-07-13,1579,0,64,True
2016-07-14,1661,0,64,True
2016-07-15,1614,0,64,True
2016-07-18,1497,0,64,True
2016-07-19,1567,0,64,True
2016-07-20,1674,1,64,True
2016-07-21,1716,1,64,True
2016-07-22,1613,0,64,True
2016-07-25,1529,0,64,True
2016-07-26,1475,0,64,True
2016-07-27,1581,0,64,True
2016-07-28,1463,1,64,True
2016-07-29,1524,0,64,True
2016-08-01,1614,0,64,True
2016-08-02,1646,1,64,True
2016-08-03,1360,1,64,True
2016-08-04,1340,0,64,True
2016-08-05,1594,1,64,True
2016-08-08,1483,0,64,True
2016-08-09,1558,0,64,True
2016-08-10,1527,0,64,True
2016-08-11,1566,0,64,True
2016-08-12,1373,1,64,True
2016-08-15,1482,0,64,True
2016-08-16,1566,0,64,True
2016-08-17,1598,0,64,True
2016-08-18,1352,0,64,True
2016-08-19,1492,0,64,True
2016-08-22,1455,2,64,True
2016-08-23,1446,0,64,True
2016-08-24,1563,3,64,True
2016-08-25,1463,1,64,True
2016-08-26,1666,0,64,True
2016-08-29,1550,0,64,True
2016-08-30,1621,0,64,True
2016-08-31,1725,0,64,True
2016-09-01,1590,0,64,True
2016-09-02,1706,0,64,True
2016-09-06,1664,1,64,True
2016-09-07,1655,0,64,True
2016-09-08,1602,0,64,True
2016-09-09,2185,0,64,True
2016-09-12,1911,0,64,True
2016-09-13,1998,0,64,True
2016-09-14,1771,0,64,True
2016-09-15,1633,1,64,True
2016-09-16,1836,1,64,True
2016-09-19,1641,0,64,True
2016-09-20,1658,0,64,True
2016-09-21,1823,0,64,True
2016-09-22,1886,1,64,True
2016-09-23,1725,0,64,True
2016-09-26,1832,0,64,True
2016-09-27,1731,2,64,True
2016-09-28,1782,1,64,True
2016-09-29,1830,0,64,True
2016-09-30,1778,0,64,True
2016-10-03,1774,0,64,True
2016-10-04,1900,1,64,True
2016-10-05,1733,1,64,True
2016-10-06,1699,1,64,True
2016-10-07,1918,0,64,True
2016-10-10,1829,0,64,True
2016-10-11,2180,0,64,True
2016-10-12,1822,0,64,True
2016-10-13,2174,0,64,True
2016-10-14,2007,0,64,True
2016-10-17,1848,0,64,True
2016-10-18,1946,0,64,True
2016-10-19,1886,0,64,True
2016-10-20,1816,0,64,True
2016-10-21,1941,0,64,True
2016-10-24,1863,0,64,True
2016-10-25,1766,0,64,True
2016-10-26,1890,1,64,True
2016-10-27,1746,0,64,True
2016-10-28,1966,0,64,True
2016-10-31,1801,0,64,True
2016-11-01,2118,0,64,True
2016-11-02,1932,0,64,True
2016-11-03,2101,0,64,True
2016-11-04,2018,0,64,True
2016-11-07,2043,0,64,True
2016-11-08,2038,0,64,True
2016-11-09,2254,0,64,True
2016-11-10,2184,0,64,True
2016-11-11,2041,0,64,True
2016-11-14,2052,0,64,True
2016-11-15,2087,0,64,True
2016-11-16,1943,0,64,True
2016-11-17,1838,0,64,True
2016-11-18,1883,0,64,True
2016-11-21,1958,0,64,True
2016-11-22,1852,0,64,True
2016-11-23,1823,0,64,True
2016-11-25,1704,0,64,True
2016-11-28,1939,0,64,True
2016-11-29,1861,0,64,True
2016-11-30,1861,0,64,True
2016-12-01,1935,0,64,True
2016-12-02,1898,0,64,True
2016-12-05,1976,0,64,True
2016-12-06,1944,0,64,True
2016-12-07,2187,0,64,True
2016-12-08,2195,0,64,True
2016-12-09,2044,0,64,True
2016-12-12,2046,0,64,True
2016-12-13,2100,0,64,True
2016-12-14,2166,0,64,True
2016-12-15,1880,0,64,True
2016-12-16,1990,0,64,True
2016-12-19,1926,0,64,True
2016-12-20,1974,0,64,True
2016-12-21,1767,0,64,True
2016-12-22,1817,0,64,True
2016-12-23,1625,0,64,True
2016-12-27,1806,0,64,True
2016-12-28,2027,0,64,True
2016-12-29,1829,0,64,True
2016-12-30,2175,0,64,True
2017-01-03,2176,0,64,True
2017-01-04,2082,0,64,True
2017-01-05,1876,0,64,True
2017-01-06,2113,0,64,True
2017-01-09,1939,0,64,True
2017-01-10,2014,0,64,True
2017-01-11,1984,0,64,True
2017-01-12,2025,0,64,True
2017-01-13,1959,0,64,True
2017-01-17,2085,0,64,True
2017-01-18,1965,0,64,True
2017-01-19,1840,0,64,True
2017-01-20,1969,0,64,True
2017-01-23,2005,0,64,True
2017-01-24,2072,0,64,True
2017-01-25,2073,0,64,True
2017-01-26,1849,1,64,True
2017-01-27,1906,0,64,True
2017-01-30,2084,0,64,True
2017-01-31,1930,0,64,True
2017-02-01,1882,0,64,True
2017-02-02,1794,2,64,True
2017-02-03,1975,0,64,True
2017-02-06,1816,0,64,True
2017-02-07,1845,0,64,True
2017-02-08,1792,0,64,True
2017-02-09,2019,1,64,True
2017-02-10,1965,0,64,True
2017-02-13,2098,0,64,True
2017-02-14,2116,0,64,True
2017-02-15,2228,0,64,True
2017-02-16,2102,0,64,True
2017-02-17,2075,0,64,True
2017-02-21,2332,1,64,True
2017-02-22,2060,0,64,True
2017-02-23,2070,0,64,True
2017-02-24,2081,2,64,True
2017-02-27,2003,1,64,True
2017-02-28,1945,0,64,True
2017-03-01,2257,1,64,True
2017-03-02,1995,0,64,True
2017-03-03,1946,0,64,True
2017-03-06,1884,0,64,True
2017-03-07,1864,0,64,True
2017-03-08,1984,0,64,True
2017-03-09,1893,0,64,True
2017-03-10,1864,0,64,True
2017-03-13,1760,0,64,True
2017-03-14,1838,0,64,True
2017-03-15,1983,2,64,True
2017-03-16,1837,2,64,True
2017-03-17,2045,1,64,True
2017-03-20,1887,0,64,True
2017-03-21,2202,0,64,True
2017-03-22,1983,1,64,True
2017-03-23,1875,0,64,True
2017-03-24,1981,0,64,True
2017-03-27,2092,0,64,True
2017-03-28,2142,1,64,True
2017-03-29,1899,0,64,True
2017-03-30,1921,0,64,True
2017-03-31,1926,1,64,True
2017-04-03,2055,1,64,True
2017-04-04,1849,0,64,True
2017-04-05,2123,0,64,True
2017-04-06,1837,0,64,True
2017-04-07,1856,0,64,True
2017-04-10,1930,0,64,True
2017-04-11,2164,1,64,True
2017-04-12,1957,0,64,True
2017-04-13,2171,0,64,True
2017-04-17,2041,0,64,True
2017-04-18,2014,0,64,True
2017-04-19,2145,0,64,True
2017-04-20,2019,0,64,True
2017-04-21,2149,0,64,True
2017-04-24,2364,0,64,True
2017-04-25,2372,0,64,True
2017-04-26,2146,0,64,True
2017-04-27,1898,0,64,True
2017-04-28,2040,0,64,True
2017-05-01,2225,0,64,True
2017-05-02,2024,1,64,True
2017-05-03,2199,0,64,True
2017-05-04,2070,1,64,True
2017-05-05,2268,1,64,True
2017-05-08,2336,0,64,True
2017-05-09,2276,0,64,True
2017-05-10,2104,0,64,True
2017-05-11,2295,0,64,True
2017-05-12,2153,0,64,True
2017-05-15,2249,0,64,True
2017-05-16,2124,0,64,True
2017-05-17,2738,1,64,True
2017-05-18,2490,2,64,True
2017-05-19,2381,1,64,True
2017-05-22,2248,2,64,True
2017-05-23,2181,0,64,True
2017-05-24,2103,0,64,True
2017-05-25,2311,0,64,True
2017-05-26,1989,2,64,True
2017-05-30,2180,0,64,True
2017-05-31,2258,0,64,True
2017-06-01,2325,0,64,True
2017-06-02,2407,1,64,True
2017-06-05,2134,0,64,True
2017-06-06,2086,2,64,True
2017-06-07,1981,0,64,True
2017-06-08,2007,1,64,True
2017-06-09,2437,0,64,True
2017-06-12,2238,2,64,True
2017-06-13,2105,1,64,True
2017-06-14,2158,0,64,True
2017-06-15,2228,0,64,True
2017-06-16,2157,1,64,True
2017-06-19,2427,0,64,True
2017-06-20,2253,1,64,True
2017-06-21,2200,2,64,True
2017-06-22,1953,0,64,True
2017-06-23,2158,1,64,True
2017-06-26,2168,0,64,True
2017-06-27,2337,0,64,True
2017-06-28,2191,0,64,True
2017-06-29,2705,0,64,True
2017-06-30,2188,0,64,True
2017-07-03,1981,1,64,True
2017-07-05,2242,0,64,True
2017-07-06,2395,0,64,True
2017-07-07,2336,0,64,True
2017-07-10,2212,2,64,True
2017-07-11,2271,0,64,True
2017-07-12,2359,0,64,True
2017-07-13,2179,0,64,True
2017-07-14,2353,0,64,True
2017-07-17,2229,0,64,True
2017-07-18,2186,0,64,True
2017-07-19,2398,0,64,True
2017-07-20,2152,3,64,True
2017-07-21,2159,1,64,True
2017-07-24,2041,0,64,True
2017-07-25,2135,0,64,True
2017-07-26,1960,0,64,True
2017-07-27,2399,1,64,True
2017-07-28,2158,0,64,True
2017-07-31,2089,3,64,True
2017-08-01,2115,0,64,True
2017-08-02,2180,1,64,True
2017-08-03,2137,2,64,True
2017-08-04,2094,1,64,True
2017-08-07,2152,3,64,True
2017-08-08,2545,0,64,True
2017-08-09,2526,1,64,True
2017-08-10,2971,0,64,True
2017-08-11,2718,1,64,True
2017-08-14,2473,1,64,True
2017-08-15,2334,3,64,True
2017-08-16,2425,0,64,True
2017-08-17,2652,0,64,True
2017-08-18,2572,0,64,True
2017-08-21,2401,2,64,True
2017-08-22,2433,2,64,True
2017-08-23,2245,0,64,True
2017-08-24,2239,0,64,True
2017-08-25,2361,1,64,True
2017-08-28,2199,0,64,True
2017-08-29,2268,1,64,True
2017-08-30,2315,1,64,True
2017-08-31,2483,0,64,True
2017-09-01,2355,1,64,True
2017-09-05,2728,2,64,True
2017-09-06,2288,1,64,True
2017-09-07,2245,1,64,True
2017-09-08,2326,0,64,True
2017-09-11,2594,1,64,True
2017-09-12,2569,0,64,True
2017-09-13,2387,3,64,True
2017-09-14,2153,2,64,True
2017-09-15,2316,0,64,True
2017-09-18,2459,1,64,True
2017-09-19,2202,0,64,True
2017-09-20,2422,0,64,True
2017-09-21,2347,0,64,True
2017-09-22,2254,0,64,True
2017-09-25,2464,0,64,True
2017-09-26,2244,1,64,True
2017-09-27,2364,2,64,True
2017-09-28,2229,2,64,True
2017-09-29,2554,0,64,True
2017-10-02,2588,0,64,True
2017-10-03,2408,1,64,True
2017-10-04,2490,3,64,True
2017-10-05,2621,2,64,True
2017-10-06,2497,0,64,True
2017-10-09,2342,0,64,True
2017-10-10,2285,2,64,True
2017-10-11,2265,0,64,True
2017-10-12,2323,0,64,True
2017-10-13,2440,0,64,True
2017-10-16,2360,0,64,True
2017-10-17,2204,0,64,True
2017-10-18,2467,2,64,True
2017-10-19,2299,1,64,True
2017-10-20,2660,0,64,True
2017-10-23,2439,1,64,True
2017-10-24,2243,0,64,True
2017-10-25,2649,0,64,True
2017-10-26,2189,0,64,True
2017-10-27,2488,0,64,True
2017-10-30,2364,1,64,True
2017-10-31,2165,0,64,True
2017-11-01,2370,0,64,True
2017-11-02,2235,0,64,True
2017-11-03,2387,1,64,True
2017-11-06,2482,0,64,True
2017-11-07,2482,0,64,True
2017-11-08,2262,0,64,True
2017-11-09,2775,0,64,True
2017-11-10,2500,0,64,True
2017-11-13,2418,0,64,True
2017-11-14,2493,1,64,True
2017-11-15,2856,0,64,True
2017-11-16,2529,0,64,True
2017-11-17,2468,0,64,True
2017-11-20,2401,0,64,True
2017-11-21,2683,0,64,True
2017-11-22,2358,0,64,True
2017-11-24,2125,0,64,True
2017-11-27,2330,0,64,True
2017-11-28,2604,0,64,True
2017-11-29,2588,0,64,True
2017-11-30,2685,0,64,True
2017-12-01,2771,0,64,True
2017-12-04,2664,0,64,True
2017-12-05,2435,0,64,True
2017-12-06,2171,0,64,True
2017-12-07,2290,0,64,True
2017-12-08,2440,0,64,True
2017-12-11,2376,0,64,True
2017-12-12,2442,0,64,True
2017-12-13,2334,0,64,True
2017-12-14,2316,0,64,True
2017-12-15,2446,0,64,True
2017-12-18,2585,0,64,True
2017-12-19,2373,0,64,True
2017-12-20,2318,0,64,True
2017-12-21,2220,0,64,True
2017-12-22,2263,0,64,True
2017-12-26,2084,1,64,True
2017-12-27,2323,3,64,True
2017-12-28,2136,2,64,True
2017-12-29,2431,0,64,True
2018-01-02,2455,1,64,True
2018-01-03,2469,0,64,True
2018-01-04,2677,2,64,True
2018-01-05,2533,0,64,True
2018-01-08,2620,1,64,True
2018-01-09,2703,0,64,True
2018-01-10,2504,0,64,True
2018-01-11,2554,0,64,True
2018-01-12,2819,1,64,True
2018-01-16,3157,0,64,True
2018-01-17,2881,0,64,True
2018-01-18,2658,0,64,True
2018-01-19,2648,0,64,True
2018-01-22,2792,2,64,True
2018-01-23,2884,0,64,True
2018-01-24,2931,1,64,True
2018-01-25,2638,0,64,True
2018-01-26,2915,0,64,True
2018-01-29,3023,0,64,True
2018-01-30,3197,0,64,True
2018-01-31,2875,0,64,True
2018-02-01,2676,0,64,True
2018-02-02,3437,0,64,True
2018-02-05,3326,0,64,True
2018-02-06,3784,0,64,True
2018-02-07,3367,0,64,True
2018-02-08,3296,0,64,True
2018-02-09,3635,0,64,True
2018-02-12,3294,0,64,True
2018-02-13,2886,0,64,True
2018-02-14,3216,0,64,True
2018-02-15,3075,0,64,True
2018-02-16,3056,0,64,True
2018-02-20,2895,0,64,True
2018-02-21,2873,0,64,True
2018-02-22,2629,0,64,True
2018-02-23,2769,0,64,True
2018-02-26,3043,0,64,True
2018-02-27,3083,0,64,True
2018-02-28,2896,0,64,True
2018-03-01,3333,0,64,True
2018-03-02,3068,0,64,True
2018-03-05,2867,0,64,True
2018-03-06,2646,0,64,True
2018-03-07,2693,0,64,True
2018-03-08,2621,0,64,True
2018-03-09,3217,0,64,True
2018-03-12,3188,0,64,True
2018-03-13,3184,0,64,True
2018-03-14,3098,0,64,True
2018-03-15,2768,0,64,True
2018-03-16,2713,0,64,True
2018-03-19,3361,0,64,True
2018-03-20,2718,0,64,True
2018-03-21,2790,0,64,True
2018-03-22,3483,0,64,True
2018-03-23,3521,0,64,True
2018-03-26,3461,0,64,True
2018-03-27,3103,0,64,True
2018-03-28,3060,0,64,True
2018-03-29,2974,0,64,True
2018-04-02,3487,0,64,True
2018-04-03,3077,0,64,True
2018-04-04,3051,0,64,True
2018-04-05,3076,0,64,True
2018-04-06,3205,0,64,True
2018-04-09,2910,0,64,True
2018-04-10,2847,0,64,True
2018-04-11,2665,0,64,True
2018-04-12,2927,0,64,True
2018-04-13,3093,0,64,True
2018-04-16,3203,0,64,True
2018-04-17,3258,0,64,True
2018-04-18,2948,0,64,True
2018-04-19,2856,0,64,True
2018-04-20,2916,0,64,True
2018-04-23,2823,0,64,True
2018-04-24,3296,0,64,True
2018-04-25,2912,0,64,True
2018-04-26,2691,0,64,True
2018-04-27,2690,0,64,True
2018-04-30,2957,0,64,True
2018-05-01,2915,0,64,True
2018-05-02,2726,0,64,True
2018-05-03,3166,0,64,True
2018-05-04,3027,0,64,True
2018-05-07,2942,0,64,True
2018-05-08,2660,0,64,True
2018-05-09,3000,0,64,True
2018-05-10,3212,0,64,True
2018-05-11,3050,0,64,True
2018-05-14,2869,0,64,True
2018-05-15,2933,0,64,True
2018-05-16,2703,0,64,True
2018-05-17,2453,0,64,True
2018-05-18,2489,0,64,True
2018-05-21,2733,1,64,True
2018-05-22,2653,0,64,True
2018-05-23,2688,0,64,True
2018-05-24,2605,1,64,True
2018-05-25,2391,0,64,True
2018-05-29,3332,0,64,True
2018-05-30,2744,0,64,True
2018-05-31,2626,0,64,True
2018-06-01,2857,0,64,True
2018-06-04,2727,1,64,True
2018-06-05,2683,0,64,True
2018-06-06,2922,0,64,True
2018-06-07,2816,1,64,True
2018-06-08,2493,0,64,True
2018-06-11,2805,1,64,True
2018-06-12,2554,0,64,True
2018-06-13,2658,0,64,True
2018-06-14,2502,0,64,True
2018-06-15,2727,0,64,True
2018-06-18,2618,0,64,True
2018-06-19,2822,0,64,True
2018-06-20,2569,0,64,True
2018-06-21,2844,0,64,True
2018-06-22,2645,0,64,True
2018-06-25,3706,0,64,True
2018-06-26,2867,0,64,True
2018-06-27,3159,0,64,True
2018-06-28,2980,0,64,True
2018-06-29,2829,0,64,True
2018-07-02,2892,0,64,True
2018-07-03,2325,0,64,True
2018-07-05,2854,0,64,True
2018-07-06,3102,0,64,True
2018-07-09,3216,0,64,True
2018-07-10,2988,0,64,True
2018-07-11,2903,0,64,True
2018-07-12,2798,1,64,True
2018-07-13,2651,0,64,True
2018-07-16,2767,0,64,True
2018-07-17,2879,0,64,True
2018-07-18,2721,0,64,True
2018-07-19,2685,0,64,True
2018-07-20,2660,0,64,True
2018-07-23,2590,0,64,True
2018-07-24,2909,0,64,True
2018-07-25,2833,0,64,True
2018-07-26,2752,0,64,True
2018-07-27,3119,0,64,True
2018-07-30,2823,0,64,True
2018-07-31,2506,0,64,True
2018-08-01,2488,0,64,True
2018-08-02,2544,0,64,True
2018-08-03,2581,0,64,True
2018-08-06,2820,0,64,True
2018-08-07,2758,0,64,True
2018-08-08,2562,0,64,True
2018-08-09,2372,0,64,True
2018-08-10,3160,0,64,True
2018-08-13,3067,0,64,True
2018-08-14,2520,0,64,True
2018-08-15,3250,0,64,True
2018-08-16,2592,0,64,True
2018-08-17,2749,0,64,True
2018-08-20,2644,1,64,True
2018-08-21,2899,1,64,True
2018-08-22,2569,0,64,True
2018-08-23,2509,0,64,True
2018-08-24,2736,1,64,True
2018-08-27,3065,0,64,True
2018-08-28,2749,0,64,True
2018-08-29,2925,0,64,True
2018-08-30,2911,1,64,True
2018-08-31,2880,1,64,True
2018-09-04,2794,0,64,True
2018-09-05,2974,0,64,True
2018-09-06,3055,0,64,True
2018-09-07,2875,0,64,True
2018-09-10,2764,0,64,True
2018-09-11,2728,0,64,True
2018-09-12,2766,0,64,True
2018-09-13,2806,0,64,True
2018-09-14,2902,0,64,True
2018-09-17,3015,0,64,True
2018-09-18,2680,0,64,True
2018-09-19,2748,0,64,True
2018-09-20,2999,0,64,True
2018-09-21,2837,0,64,True
2018-09-24,2709,1,64,True
2018-09-25,2456,0,64,True
2018-09-26,2657,0,64,True
2018-09-27,2542,0,64,True
2018-09-28,2601,0,64,True
2018-10-01,2724,0,64,True
2018-10-02,2522,0,64,True
2018-10-03,2689,0,64,True
2018-10-04,3409,0,64,True
2018-10-05,3233,0,64,True
2018-10-08,3117,0,64,True
2018-10-09,2849,0,64,True
2018-10-10,3568,0,64,True
2018-10-11,4001,0,64,True
2018-10-12,3507,0,64,True
2018-10-15,3179,0,64,True
2018-10-16,3354,0,64,True
2018-10-17,3045,0,64,True
2018-10-18,2930,0,64,True
2018-10-19,2844,0,64,True
2018-10-22,2885,0,64,True
2018-10-23,3522,0,64,True
2018-10-24,3350,0,64,True
2018-10-25,3402,0,64,True
2018-10-26,3586,0,64,True
2018-10-29,3356,0,64,True
2018-10-30,3114,0,64,True
2018-10-31,3174,0,64,True
2018-11-01,2948,0,64,True
2018-11-02,2893,0,64,True
2018-11-05,2628,0,64,True
2018-11-06,2576,0,64,True
2018-11-07,3445,0,64,True
2018-11-08,2937,0,64,True
2018-11-09,3051,0,64,True
2018-11-12,3169,0,64,True
2018-11-13,2986,0,64,True
2018-11-14,3024,0,64,True
2018-11-15,3029,0,64,True
2018-11-16,2722,1,64,True
2018-11-19,3038,0,64,True
2018-11-20,3335,0,64,True
2018-11-21,2896,0,64,True
2018-11-23,2265,0,64,True
2018-11-26,2927,0,64,True
2018-11-27,2673,0,64,True
2018-11-28,3225,0,64,True
2018-11-29,2753,0,64,True
2018-11-30,2702,0,64,True
2018-12-03,3130,0,64,True
2018-12-04,3374,0,64,True
2018-12-06,3626,0,64,True
2018-12-07,3315,0,64,True
2018-12-10,3561,0,64,True
2018-12-11,3100,0,64,True
2018-12-12,2890,0,64,True
2018-12-13,2775,0,64,True
2018-12-14,3275,0,64,True
2018-12-17,3672,0,64,True
2018-12-18,3295,0,64,True
2018-12-19,3395,0,64,True
2018-12-20,3788,0,64,True
2018-12-21,3529,0,64,True
2018-12-24,3532,0,64,True
2018-12-26,3862,0,64,True
2018-12-27,3544,0,64,True
2018-12-28,3349,0,64,True
2018-12-31,3067,0,64,True
2019-01-02,3253,0,64,True
2019-01-03,3470,0,64,True
2019-01-04,3352,0,64,True
2019-01-07,3222,0,64,True
2019-01-08,3051,0,64,True
2019-01-09,3006,0,64,True
2019-01-10,2853,0,64,True
2019-01-11,2859,0,64,True
2019-01-14,2810,0,64,True
2019-01-15,2970,0,64,True
2019-01-16,3006,0,64,True
2019-01-17,2681,0,64,True
2019-01-18,3255,0,64,True
2019-01-22,3140,0,64,True
2019-01-23,2809,0,64,True
2019-01-24,2537,1,64,True
2019-01-25,2846,0,64,True
2019-01-28,2699,0,64,True
2019-01-29,2318,0,64,True
2019-01-30,2874,0,64,True
2019-01-31,3042,0,64,True
2019-02-01,2933,0,64,True
2019-02-04,2887,0,64,True
2019-02-05,3003,0,64,True
2019-02-06,2580,0,64,True
2019-02-07,3130,0,64,True
2019-02-08,2779,0,64,True
2019-02-11,2625,0,64,True
2019-02-12,2980,0,64,True
2019-02-13,2948,0,64,True
2019-02-14,2537,0,64,True
2019-02-15,2756,0,64,True
2019-02-19,2846,0,64,True
2019-02-20,2554,0,64,True
2019-02-21,2694,0,64,True
2019-02-22,2692,0,64,True
2019-02-25,2983,0,64,True
2019-02-26,2592,0,64,True
2019-02-27,2523,0,64,True
2019-02-28,2375,0,64,True
2019-03-01,2614,0,64,True
2019-03-04,3101,0,64,True
2019-03-05,2512,1,64,True
2019-03-06,2820,0,64,True
2019-03-07,3196,0,64,True
2019-03-08,3120,0,64,True
2019-03-11,2925,0,64,True
2019-03-12,2794,0,64,True
2019-03-13,3067,0,64,True
2019-03-14,2409,0,64,True
2019-03-15,2902,1,64,True
2019-03-18,2915,0,64,True
2019-03-19,3080,0,64,True
2019-03-20,2636,0,64,True
2019-03-21,2795,0,64,True
2019-03-22,3238,0,64,True
2019-03-25,2900,0,64,True
2019-03-26,2712,0,64,True
2019-03-27,2934,0,64,True
2019-03-28,2437,0,64,True
2019-03-29,2832,0,64,True
2019-04-01,2993,0,64,True
2019-04-02,2614,0,64,True
2019-04-03,2901,0,64,True
2019-04-04,2429,0,64,True
2019-04-05,2783,0,64,True
2019-04-08,2588,0,64,True
2019-04-09,2762,0,64,True
2019-04-10,2352,0,64,True
2019-04-11,2504,0,64,True
2019-04-12,2849,0,64,True
2019-04-15,2602,0,64,True
2019-04-16,2673,0,64,True
2019-04-17,2553,0,64,True
2019-04-18,2545,0,64,True
2019-04-22,2448,0,64,True
2019-04-23,2849,0,64,True
2019-04-24,2501,0,64,True
2019-04-25,2522,0,64,True
2019-04-26,2505,0,64,True
2019-04-29,2807,0,64,True
2019-04-30,2693,0,64,True
2019-05-01,2741,0,64,True
2019-05-02,2942,0,64,True
2019-05-03,2666,0,64,True
2019-05-06,3040,0,64,True
2019-05-07,3579,0,64,True
2019-05-08,3054,0,64,True
2019-05-09,3388,0,64,True
2019-05-10,3228,0,64,True
2019-05-13,3382,0,64,True
2019-05-14,3051,0,64,True
2019-05-15,2850,0,64,True
2019-05-16,2947,0,64,True
2019-05-17,2800,0,64,True
2019-05-20,2761,0,64,True
2019-05-21,2579,0,64,True
2019-05-22,2591,0,64,True
2019-05-23,3142,0,64,True
2019-05-24,2640,0,64,True
2019-05-28,2993,0,64,True
2019-05-29,3492,0,64,True
2019-05-30,2990,0,64,True
2019-05-31,3567,0,64,True
2019-06-03,3493,0,64,True
2019-06-04,3365,0,64,True
2019-06-05,3278,0,64,True
2019-06-06,3284,0,64,True
2019-06-07,3573,0,64,True
2019-06-10,3394,0,64,True
2019-06-11,3148,0,64,True
2019-06-12,2800,0,64,True
2019-06-13,2730,0,64,True
2019-06-14,2855,0,64,True
2019-06-17,2836,0,64,True
2019-06-18,3303,0,64,True
2019-06-19,3091,0,64,True
2019-06-20,3572,0,64,True
2019-06-21,3193,0,64,True
2019-06-24,2966,0,64,True
2019-06-25,3332,0,64,True
2019-06-26,2826,0,64,True
2019-06-27,2690,0,64,True
2019-06-28,3014,0,64,True
2019-07-01,3402,0,64,True
2019-07-02,3101,0,64,True
2019-07-03,2998,0,64,True
2019-07-05,3098,0,64,True
2019-07-08,3100,0,64,True
2019-07-09,2835,0,64,True
2019-07-10,2966,0,64,True
2019-07-11,2814,0,64,True
2019-07-12,2962,0,64,True
2019-07-15,2968,0,64,True
2019-07-16,2862,1,64,True
2019-07-17,2951,0,64,True
2019-07-18,2827,0,64,True
2019-07-19,3037,0,64,True
2019-07-22,2834,0,64,True
2019-07-23,2757,0,64,True
2019-07-24,2755,0,64,True
2019-07-25,2982,0,64,True
2019-07-26,2679,0,64,True
2019-07-29,2761,0,64,True
2019-07-30,2797,0,64,True
2019-07-31,3209,0,64,True
2019-08-01,3588,0,64,True
2019-08-02,3738,0,64,True
2019-08-05,4013,0,64,True
2019-08-06,3580,0,64,True
2019-08-07,3456,0,64,True
2019-08-08,3437,0,64,True
2019-08-09,3287,0,64,True
2019-08-12,3383,0,64,True
2019-08-13,3461,0,64,True
2019-08-14,3670,0,64,True
2019-08-15,3176,0,64,True
2019-08-16,3173,0,64,True
2019-08-19,3278,0,64,True
2019-08-20,2933,0,64,True
2019-08-21,3060,0,64,True
2019-08-22,2989,0,64,True
2019-08-23,3643,0,64,True
2019-08-26,3359,0,64,True
2019-08-27,3265,0,64,True
2019-08-28,3160,0,64,True
2019-08-29,3209,0,64,True
2019-08-30,3156,0,64,True
2019-09-03,3214,0,64,True
2019-09-04,3127,0,64,True
2019-09-05,3472,0,64,True
2019-09-06,3152,0,64,True
2019-09-09,3121,0,64,True
2019-09-10,3040,0,64,True
2019-09-11,3329,0,64,True
2019-09-12,3461,0,64,True
2019-09-13,3020,0,64,True
2019-09-16,3097,0,64,True
2019-09-17,2833,0,64,True
2019-09-18,3240,0,64,True
2019-09-19,3107,0,64,True
2019-09-20,3142,0,64,True
2019-09-23,3038,0,64,True
2019-09-24,3597,0,64,True
2019-09-25,3134,0,64,True
2019-09-26,2900,0,64,True
2019-09-27,3365,0,64,True
2019-09-30,3068,0,64,True
2019-10-01,3528,0,64,True
2019-10-02,3842,0,64,True
2019-10-03,3676,0,64,True
2019-10-04,3483,0,64,True
2019-10-07,3144,0,64,True
2019-10-08,3483,0,64,True
2019-10-09,3083,0,64,True
2019-10-10,3204,0,64,True
2019-10-11,3727,0,64,True
2019-10-14,3326,0,64,True
2019-10-15,3456,0,64,True
2019-10-16,3111,0,64,True
2019-10-17,2968,0,64,True
2019-10-18,2974,0,64,True
2019-10-21,2973,0,64,True
2019-10-22,3075,0,64,True
2019-10-23,2760,0,64,True
2019-10-24,2911,0,64,True
2019-10-25,3303,0,64,True
2019-10-28,3251,0,64,True
2019-10-29,2920,0,64,True
2019-10-30,2940,0,64,True
2019-10-31,3087,0,64,True
2019-11-01,3301,1,64,True
2019-11-04,3350,0,64,True
2019-11-05,2867,0,64,True
2019-11-06,2734,0,64,True
2019-11-07,3166,0,64,True
2019-11-08,2808,0,64,True
2019-11-11,2820,1,64,True
2019-11-12,3039,1,64,True
2019-11-13,2840,0,64,True
2019-11-14,2592,0,64,True
2019-11-15,3170,0,64,True
2019-11-18,3099,0,64,True
2019-11-19,2913,0,64,True
2019-11-20,3131,0,64,True
2019-11-21,2793,0,64,True
2019-11-22,2821,0,64,True
2019-11-25,3296,0,64,True
2019-11-26,2922,0,64,True
2019-11-27,3173,0,64,True
2019-11-29,2640,0,64,True
2019-12-02,3555,0,64,True
2019-12-03,3761,0,64,True
2019-12-04,3133,0,64,True
2019-12-05,2770,0,64,True
2019-12-06,3411,0,64,True
2019-12-09,3310,0,64,True
2019-12-10,3066,0,64,True
2019-12-11,2828,0,64,True
2019-12-12,3622,0,64,True
2019-12-13,3688,0,64,True
2019-12-16,3839,0,64,True
2019-12-17,3046,0,64,True
2019-12-18,3214,0,64,True
2019-12-19,3121,1,64,True
2019-12-20,3499,2,64,True
2019-12-23,3041,0,64,True
2019-12-24,2257,0,64,True
2019-12-26,2914,0,64,True
2019-12-27,3262,0,64,True
2019-12-30,3314,0,64,True
2019-12-31,3204,0,64,True
2020-01-02,3483,0,64,True
2020-01-03,3496,1,64,True
2020-01-06,3294,0,64,True
2020-01-07,3023,0,64,True
2020-01-08,3516,1,64,True
2020-01-09,3358,0,64,True
2020-01-10,3454,0,64,True
2020-01-13,3427,1,64,True
2020-01-14,3344,0,64,True
2020-01-15,3193,0,64,True
2020-01-16,3339,0,64,True
2020-01-17,3462,0,64,True
2020-01-21,3310,0,64,True
2020-01-22,3354,0,64,True
2020-01-23,3236,0,64,True
2020-01-24,3727,0,64,True
2020-01-27,4010,0,64,True
2020-01-28,3369,0,64,True
2020-01-29,2981,0,64,True
2020-01-30,3451,0,64,True
2020-01-31,4127,0,64,True
2020-02-03,3577,0,64,True
2020-02-04,3597,0,64,True
2020-02-05,3640,0,64,True
2020-02-06,3360,0,64,True
2020-02-07,3504,0,64,True
2020-02-10,3320,0,64,True
2020-02-11,3840,0,64,True
2020-02-12,3593,0,64,True
2020-02-13,3440,0,64,True
2020-02-14,3361,2,64,True
2020-02-18,3611,0,64,True
2020-02-19,3550,0,64,True
2020-02-20,3492,0,64,True
2020-02-21,3912,0,64,True
2020-02-24,4885,0,64,True
2020-02-25,5117,0,64,True
2020-02-26,4719,0,64,True
2020-02-27,5433,0,64,True
2020-02-28,5340,0,64,True
2020-03-02,4976,0,64,True
2020-03-03,4625,0,64,True
2020-03-04,4610,0,64,True
2020-03-05,4356,0,64,True
2020-03-06,4580,0,64,True
2020-03-09,4774,0,64,True
2020-03-10,5155,0,64,True
2020-03-11,4544,0,64,True
2020-03-12,5005,0,64,True
2020-03-13,5039,0,64,True
2020-03-16,4325,0,64,True
2020-03-17,4734,0,64,True
2020-03-18,4481,0,64,True
2020-03-19,4141,0,64,True
2020-03-20,3879,0,64,True
2020-03-23,4015,0,64,True
2020-03-24,4637,0,64,True
2020-03-25,4903,0,64,True
2020-03-26,4596,0,64,True
2020-03-27,4264,0,64,True
2020-03-30,4031,0,64,True
2020-03-31,4068,0,64,True
2020-04-01,4205,0,64,True
2020-04-02,3779,0,64,True
2020-04-03,3773,0,64,True
2020-04-06,4192,0,64,True
2020-04-07,4478,0,64,True
2020-04-08,3814,0,64,True
2020-04-09,4178,0,64,True
2020-04-13,3869,0,64,True
2020-04-14,4174,0,64,True
2020-04-15,3942,0,64,True
2020-04-16,3267,0,64,True
2020-04-17,3729,0,64,True
2020-04-20,3783,0,64,True
2020-04-21,3827,0,64,True
2020-04-22,3419,0,64,True
2020-04-23,3498,0,64,True
2020-04-24,3559,0,64,True
2020-04-27,3750,0,64,True
2020-04-28,3415,0,64,True
2020-04-29,3660,0,64,True
2020-04-30,3284,0,64,True
2020-05-01,3708,0,64,True
2020-05-04,3340,0,64,True
2020-05-05,3394,0,64,True
2020-05-06,3015,0,64,True
2020-05-07,3044,0,64,True
2020-05-08,3226,0,64,True
2020-05-11,3520,0,64,True
2020-05-12,3476,0,64,True
2020-05-13,3860,0,64,True
2020-05-14,3610,0,64,True
2020-05-15,3089,0,64,True
2020-05-18,3553,0,64,True
2020-05-19,3106,0,64,True
2020-05-20,3153,0,64,True
2020-05-21,3096,0,64,True
2020-05-22,2994,0,64,True
2020-05-26,3511,0,64,True
2020-05-27,3230,0,64,True
2020-05-28,3572,0,64,True
2020-05-29,3402,0,64,True
2020-06-01,3046,0,64,True
2020-06-02,3251,0,64,True
2020-06-03,3586,0,64,True
2020-06-04,3380,0,64,True
2020-06-05,4042,0,64,True
2020-06-08,3480,0,64,True
2020-06-09,3583,0,64,True
2020-06-10,3477,0,64,True
2020-06-11,4726,0,64,True
2020-06-12,4468,0,64,True
2020-06-15,4145,0,64,True
2020-06-16,4145,0,64,True
2020-06-17,3563,0,64,True
2020-06-18,3174,0,64,True
2020-06-19,3677,0,64,True
2020-06-22,3438,0,64,True
2020-06-23,3431,0,64,True
2020-06-24,3914,0,64,True
2020-06-25,3590,0,64,True
2020-06-26,3736,0,64,True
2020-06-29,3587,0,64,True
2020-06-30,3650,0,64,True
2020-07-01,3425,0,64,True
2020-07-02,3604,0,64,True
2020-07-06,3343,0,64,True
2020-07-07,3362,0,64,True
2020-07-08,3324,0,64,True
2020-07-09,3299,0,64,True
2020-07-10,3348,0,64,True
2020-07-13,3800,0,64,True
2020-07-14,3476,0,64,True
2020-07-15,3366,0,64,True
2020-07-16,2955,0,64,True
2020-07-17,3112,0,64,True
2020-07-20,3405,0,64,True
2020-07-21,3397,0,64,True
2020-07-22,2989,0,64,True
2020-07-23,3447,0,64,True
2020-07-24,3550,0,64,True
2020-07-27,2998,0,64,True
2020-07-28,3091,0,64,True
2020-07-29,3013,0,64,True
2020-07-30,3269,0,64,True
2020-07-31,3383,0,64,True
2020-08-03,3318,0,64,True
2020-08-04,3023,0,64,True
2020-08-05,3180,0,64,True
2020-08-06,3318,0,64,True
2020-08-07,3169,0,64,True
2020-08-10,3051,0,64,True
2020-08-11,3401,0,64,True
2020-08-12,3047,0,64,True
2020-08-13,3280,0,64,True
2020-08-14,3057,0,64,True
2020-08-17,2905,0,64,True
2020-08-18,3079,0,64,True
2020-08-19,3314,0,64,True
2020-08-20,2941,0,64,True
2020-08-21,3068,0,64,True
2020-08-24,3347,0,64,True
2020-08-25,3251,0,64,True
2020-08-26,3539,0,64,True
2020-08-27,4076,0,64,True
2020-08-28,3515,0,64,True
2020-08-31,3476,0,64,True
2020-09-01,3291,0,64,True
2020-09-02,3788,0,64,True
2020-09-03,4256,0,64,True
2020-09-04,4240,0,64,True
2020-09-08,4147,0,64,True
2020-09-09,4096,0,64,True
2020-09-10,3670,0,64,True
2020-09-11,3829,0,64,True
2020-09-14,3594,0,64,True
2020-09-15,3366,0,64,True
2020-09-16,3407,0,64,True
2020-09-17,3724,0,64,True
2020-09-18,3701,0,64,True
2020-09-21,4256,0,64,True
2020-09-22,3697,0,64,True
2020-09-23,3762,0,64,True
2020-09-24,3838,0,64,True
2020-09-25,3532,0,64,True
2020-09-28,3770,0,64,True
2020-09-29,3517,0,64,True
2020-09-30,3788,0,64,True
2020-10-01,3346,0,64,True
2020-10-02,3514,0,64,True
2020-10-05,3543,0,64,True
2020-10-06,3843,0,64,True
2020-10-07,3408,0,64,True
2020-10-08,3463,0,64,True
2020-10-09,3601,0,64,True
2020-10-12,4023,0,64,True
2020-10-13,3536,0,64,True
2020-10-14,3301,0,64,True
2020-10-15,3373,0,64,True
2020-10-16,3174,0,64,True
2020-10-19,3372,0,64,True
2020-10-20,3185,0,64,True
2020-10-21,3156,0,64,True
2020-10-22,3190,0,64,True
2020-10-23,3150,0,64,True
2020-10-26,3895,0,64,True
2020-10-27,3382,0,64,True
2020-10-28,4283,0,64,True
2020-10-29,3990,0,64,True
2020-10-30,3996,0,64,True
2020-11-02,3851,0,64,True
2020-11-03,3910,0,64,True
2020-11-04,4178,0,64,True
2020-11-05,3772,0,64,True
2020-11-06,3498,0,64,True
2020-11-09,4458,0,64,True
2020-11-10,3838,0,64,True
2020-11-11,3420,0,64,True
2020-11-12,3658,0,64,True
2020-11-13,3609,0,64,True
2020-11-16,3772,0,64,True
2020-11-17,3460,0,64,True
2020-11-18,3617,0,64,True
2020-11-19,3102,0,64,True
2020-11-20,3255,0,64,True
2020-11-23,3401,0,64,True
2020-11-24,3598,0,64,True
2020-11-25,3498,0,64,True
2020-11-27,3241,0,64,True
2020-11-30,3641,0,64,True
2020-12-01,3864,0,64,True
2020-12-02,3305,0,64,True
2020-12-03,3425,0,64,True
2020-12-04,3530,0,64,True
2020-12-07,3537,0,64,True
2020-12-08,3483,0,64,True
2020-12-09,3773,0,64,True
2020-12-10,3428,0,64,True
2020-12-11,3869,0,64,True
2020-12-14,3880,0,64,True
2020-12-15,3681,0,64,True
2020-12-16,3498,0,64,True
2020-12-17,3423,0,64,True
2020-12-18,3406,0,64,True
2020-12-21,3911,0,64,True
2020-12-22,3549,0,64,True
2020-12-23,3334,0,64,True
2020-12-24,2887,0,64,True
2020-12-28,3591,0,64,True
2020-12-29,3556,0,64,True
2020-12-30,3366,0,64,True
2020-12-31,3502,0,64,True
2021-01-04,4109,0,64,True
2021-01-05,3605,0,64,True
2021-01-06,4033,0,64,True
2021-01-07,3953,0,64,True
2021-01-08,3817,0,64,True
2021-01-11,3806,0,64,True
2021-01-12,3547,0,64,True
2021-01-13,3444,0,64,True
2021-01-14,3353,0,64,True
2021-01-15,3896,0,64,True
2021-01-19,3651,0,64,True
2021-01-20,3889,0,64,True
2021-01-21,3568,0,64,True
2021-01-22,3505,0,64,True
2021-01-25,4122,0,64,True
2021-01-26,3678,0,64,True
2021-01-27,4551,0,64,True
2021-01-28,4134,0,64,True
2021-01-29,4604,0,64,True
2021-02-01,4164,0,64,True
2021-02-02,4120,0,64,True
2021-02-03,3792,0,64,True
2021-02-04,3819,0,64,True
2021-02-05,3960,0,64,True
2021-02-08,4045,0,64,True
2021-02-09,3747,0,64,True
2021-02-10,3623,0,64,True
2021-02-11,3654,0,64,True
2021-02-12,3865,0,64,True
2021-02-16,4109,0,64,True
2021-02-17,3798,0,64,True
2021-02-18,3833,0,64,True
2021-02-19,3845,0,64,True
2021-02-22,3791,0,64,True
2021-02-23,4037,0,64,True
2021-02-24,3752,0,64,True
2021-02-25,4276,0,64,True
2021-02-26,4161,0,64,True
2021-03-01,4165,0,64,True
2021-03-02,3660,0,64,True
2021-03-03,3700,0,64,True
2021-03-04,4433,0,64,True
2021-03-05,4212,0,64,True
2021-03-08,4151,0,64,True
2021-03-09,3862,0,64,True
2021-03-10,3537,0,64,True
2021-03-11,3980,0,64,True
2021-03-12,3675,0,64,True
2021-03-15,3838,0,64,True
2021-03-16,3776,0,64,True
2021-03-17,3731,0,64,True
2021-03-18,3815,0,64,True
2021-03-19,3894,0,64,True
2021-03-22,3808,0,64,True
2021-03-23,4092,0,64,True
2021-03-24,3653,0,64,True
2021-03-25,4035,0,64,True
2021-03-26,3875,0,64,True
2021-03-29,4076,0,64,True
2021-03-30,3617,0,64,True
2021-03-31,4118,0,64,True
2021-04-01,4198,0,64,True
2021-04-05,4534,0,64,True
2021-04-06,4079,0,64,True
2021-04-07,3909,0,64,True
2021-04-08,4017,0,64,True
2021-04-09,4171,0,64,True
2021-04-12,4069,0,64,True
2021-04-13,3840,0,64,True
2021-04-14,3656,0,64,True
2021-04-15,3681,0,64,True
2021-04-16,3866,0,64,True
2021-04-19,4114,0,64,True
2021-04-20,3981,0,64,True
2021-04-21,3851,0,64,True
2021-04-22,3839,0,64,True
2021-04-23,4007,0,64,True
2021-04-26,3702,0,64,True
2021-04-27,3298,0,64,True
2021-04-28,3593,0,64,True
2021-04-29,3882,0,64,True
2021-04-30,4100,0,64,True
2021-05-03,3763,0,64,True
2021-05-04,4380,0,64,True
2021-05-05,3857,0,64,True
2021-05-06,3646,0,64,True
2021-05-07,4272,0,64,True
2021-05-10,4176,0,64,True
2021-05-11,4821,0,64,True
2021-05-12,5095,0,64,True
2021-05-13,4617,0,64,True
2021-05-14,4583,0,64,True
2021-05-17,4417,0,64,True
2021-05-18,4297,0,64,True
2021-05-19,4867,0,64,True
2021-05-20,4155,0,64,True
2021-05-21,3841,0,64,True
2021-05-24,4169,0,64,True
2021-05-25,3739,0,64,True
2021-05-26,3622,0,64,True
2021-05-27,3600,0,64,True
2021-05-28,3846,0,64,True
2021-06-01,3788,0,64,True
2021-06-02,3436,0,64,True
2021-06-03,3690,0,64,True
2021-06-04,3827,0,64,True
2021-06-07,3657,0,64,True
2021-06-08,3383,0,64,True
2021-06-09,3203,0,64,True
2021-06-10,3876,0,64,True
2021-06-11,3994,0,64,True
2021-06-14,3661,0,64,True
2021-06-15,3501,0,64,True
2021-06-16,3879,0,64,True
2021-06-17,3901,0,64,True
2021-06-18,4384,0,64,True
2021-06-21,4393,0,64,True
2021-06-22,4156,0,64,True
2021-06-23,3786,0,64,True
2021-06-24,4056,0,64,True
2021-06-25,3950,0,64,True
2021-06-28,3957,0,64,True
2021-06-29,3601,0,64,True
2021-06-30,3638,0,64,True
2021-07-01,3896,0,64,True
2021-07-02,4342,1,64,True
2021-07-06,4151,0,64,True
2021-07-07,3875,0,64,True
2021-07-08,4324,0,64,True
2021-07-09,3965,1,64,True
2021-07-12,4395,0,64,True
2021-07-13,3971,0,64,True
2021-07-14,3683,0,64,True
2021-07-15,3839,0,64,True
2021-07-16,4239,1,64,True
2021-07-19,5219,0,64,True
2021-07-20,4384,0,64,True
2021-07-21,4252,0,64,True
2021-07-22,3838,0,64,True
2021-07-23,4889,0,64,True
2021-07-26,4484,0,64,True
2021-07-27,4339,0,64,True
2021-07-28,4084,0,64,True
2021-07-29,3910,0,64,True
2021-07-30,4011,0,64,True
2021-08-02,4185,0,64,True
2021-08-03,4114,1,64,True
2021-08-04,3800,0,64,True
2021-08-05,4055,0,64,True
2021-08-06,4224,0,64,True
2021-08-09,4173,0,64,True
2021-08-10,4131,0,64,True
2021-08-11,4342,0,64,True
2021-08-12,4229,0,64,True
2021-08-13,4241,0,64,True
2021-08-16,4497,0,64,True
2021-08-17,4657,0,64,True
2021-08-18,4349,0,64,True
2021-08-19,4740,0,64,True
2021-08-20,4320,0,64,True
2021-08-23,4683,0,64,True
2021-08-24,4081,0,64,True
2021-08-25,4143,0,64,True
2021-08-26,4170,0,64,True
2021-08-27,4502,0,64,True
2021-08-30,4666,0,64,True
2021-08-31,3921,0,64,True
2021-09-01,4084,0,64,True
2021-09-02,3995,0,64,True
2021-09-03,3918,0,64,True
2021-09-07,4452,0,64,True
2021-09-08,4360,0,64,True
2021-09-09,4279,0,64,True
2021-09-10,4765,0,64,True
2021-09-13,5125,0,64,True
2021-09-14,4630,0,64,True
2021-09-15,4695,0,64,True
2021-09-16,4589,0,64,True
2021-09-17,4757,0,64,True
2021-09-20,5965,0,64,True
2021-09-21,4875,0,64,True
2021-09-22,4663,0,64,True
2021-09-23,5270,0,64,True
2021-09-24,4421,0,64,True
2021-09-27,4827,0,64,True
2021-09-28,5465,0,64,True
2021-09-29,4658,0,64,True
2021-09-30,5233,0,64,True
2021-10-01,5511,0,64,True
2021-10-04,5139,0,64,True
2021-10-05,5019,0,64,True
2021-10-06,4886,0,64,True
2021-10-07,5268,0,64,True
2021-10-08,4696,0,64,True
2021-10-11,4863,0,64,True
2021-10-12,4457,0,64,True
2021-10-13,4656,0,64,True
2021-10-14,5102,0,64,True
2021-10-15,5040,0,64,True
2021-10-18,5143,0,64,True
2021-10-19,5112,0,64,True
2021-10-20,4745,0,64,True
2021-10-21,4275,0,64,True
2021-10-22,4974,0,64,True
2021-10-25,4640,0,64,True
2021-10-26,5205,0,64,True
2021-10-27,4363,0,64,True
2021-10-28,4392,0,64,True
2021-10-29,4970,0,64,True
2021-11-01,4829,0,64,True
2021-11-02,4756,0,64,True
2021-11-03,4883,0,64,True
2021-11-04,5111,0,64,True
2021-11-05,5642,0,64,True
2021-11-08,4742,0,64,True
2021-11-09,4797,0,64,True
2021-11-10,4841,0,64,True
2021-11-11,4112,0,64,True
2021-11-12,4620,0,64,True
2021-11-15,4726,0,64,True
2021-11-16,4682,0,64,True
2021-11-17,4303,0,64,True
2021-11-18,4258,0,64,True
2021-11-19,4497,0,64,True
2021-11-22,4884,0,64,True
2021-11-23,4701,0,64,True
2021-11-24,4351,0,64,True
2021-11-26,5535,0,64,True
2021-11-29,5384,0,64,True
2021-11-30,5344,0,64,True
2021-12-01,5042,0,64,True
2021-12-02,5271,0,64,True
2021-12-03,5397,0,64,True
2021-12-06,4959,0,64,True
2021-12-07,5124,0,64,True
2021-12-08,4636,0,64,True
2021-12-09,4478,0,64,True
2021-12-10,4542,0,64,True
2021-12-13,4800,0,64,True
2021-12-14,4820,0,64,True
2021-12-15,4980,0,64,True
2021-12-16,4823,0,64,True
2021-12-17,4814,0,64,True
2021-12-20,5476,0,64,True
2021-12-21,5012,0,64,True
2021-12-22,4906,0,64,True
2021-12-23,5926,0,64,True
2021-12-27,5985,0,64,True
2021-12-28,5539,0,64,True
2021-12-29,5476,0,64,True
2021-12-30,4891,0,64,True
2021-12-31,4617,0,64,True
2022-01-03,4895,0,64,True
2022-01-04,4950,0,64,True
2022-01-05,5459,0,64,True
2022-01-06,5290,0,64,True
2022-01-07,5158,0,64,True
2022-01-10,5914,0,64,True
2022-01-11,5061,0,64,True
2022-01-12,4868,0,64,True
2022-01-13,4698,0,64,True
2022-01-14,5265,0,64,True
2022-01-18,5755,0,64,True
2022-01-19,5163,0,64,True
2022-01-20,5099,0,64,True
2022-01-21,5885,0,64,True
2022-01-24,6564,0,64,True
2022-01-25,5452,0,64,True
2022-01-26,5177,0,64,True
2022-01-27,4876,0,64,True
2022-01-28,5433,0,64,True
2022-01-31,5604,0,64,True
2022-02-01,5151,0,64,True
2022-02-02,5144,0,64,True
2022-02-03,5197,0,64,True
2022-02-04,4562,0,64,True
2022-02-07,4800,0,64,True
2022-02-08,4347,0,64,True
2022-02-09,4946,0,64,True
2022-02-10,4918,0,64,True
2022-02-11,5261,0,64,True
2022-02-14,5339,0,64,True
2022-02-15,4971,0,64,True
2022-02-16,4724,0,64,True
2022-02-17,4771,0,64,True
2022-02-18,4903,0,64,True
2022-02-22,5181,0,64,True
2022-02-23,5287,0,64,True
2022-02-24,6010,0,64,True
2022-02-25,5511,0,64,True
2022-02-28,4911,0,64,True
2022-03-01,5083,0,64,True
2022-03-02,5001,0,64,True
2022-03-03,4484,0,64,True
2022-03-04,4909,0,64,True
2022-03-07,5124,0,64,True
2022-03-08,5362,0,64,True
2022-03-09,4781,0,64,True
2022-03-10,4866,0,64,True
2022-03-11,5226,0,64,True
2022-03-14,5281,0,64,True
2022-03-15,5198,0,64,True
2022-03-16,5409,0,64,True
2022-03-17,5132,0,64,True
2022-03-18,5376,0,64,True
2022-03-21,5224,0,64,True
2022-03-22,5672,0,64,True
2022-03-23,4899,0,64,True
2022-03-24,4835,0,64,True
2022-03-25,5177,0,64,True
2022-03-28,5307,0,64,True
2022-03-29,5328,0,64,True
2022-03-30,5367,0,64,True
2022-03-31,5068,0,64,True
2022-04-01,5191,0,64,True
2022-04-04,4573,0,64,True
2022-04-05,4957,0,64,True
2022-04-06,5223,0,64,True
2022-04-07,4434,0,64,True
2022-04-08,4673,0,64,True
2022-04-11,5003,0,64,True
2022-04-12,5007,0,64,True
2022-04-13,4320,0,64,True
2022-04-14,4370,0,64,True
2022-04-18,4676,0,64,True
2022-04-19,4981,0,64,True
2022-04-20,4658,0,64,True
2022-04-21,4995,0,64,True
2022-04-22,5699,0,64,True
2022-04-25,5984,0,64,True
2022-04-26,5599,0,64,True
2022-04-27,5143,0,64,True
2022-04-28,5439,0,64,True
2022-04-29,5129,0,64,True
2022-05-02,5825,0,64,True
2022-05-03,5060,0,64,True
2022-05-04,5200,0,64,True
2022-05-05,5235,0,64,True
2022-05-06,5206,0,64,True
2022-05-09,5539,0,64,True
2022-05-10,5633,0,64,True
2022-05-11,5246,0,64,True
2022-05-12,5945,0,64,True
2022-05-13,5544,0,64,True
2022-05-16,5475,0,64,True
2022-05-17,5600,0,64,True
2022-05-18,5813,0,64,True
2022-05-19,5526,0,64,True
2022-05-20,5785,0,64,True
2022-05-23,5303,0,64,True
2022-05-24,5033,0,64,True
2022-05-25,4777,0,64,True
2022-05-26,5100,0,64,True
2022-05-27,5473,0,64,True
2022-05-31,4954,0,64,True
2022-06-01,5197,0,64,True
2022-06-02,4983,0,64,True
2022-06-03,4776,0,64,True
2022-06-06,4726,0,64,True
2022-06-07,4857,0,64,True
2022-06-08,4605,0,64,True
2022-06-09,4898,0,64,True
2022-06-10,5937,0,64,True
2022-06-13,6271,0,64,True
2022-06-14,6097,0,64,True
2022-06-15,5601,0,64,True
2022-06-16,5732,0,64,True
2022-06-17,5296,0,64,True
2022-06-21,5426,0,64,True
2022-06-22,5036,0,64,True
2022-06-23,4741,0,64,True
2022-06-24,5487,0,64,True
2022-06-27,4966,0,64,True
2022-06-28,5165,0,64,True
2022-06-29,4639,0,64,True
2022-06-30,5042,0,64,True
2022-07-01,4981,0,64,True
2022-07-05,5027,0,64,True
2022-07-06,4832,0,64,True
2022-07-07,5146,0,64,True
2022-07-08,4850,0,64,True
2022-07-11,4552,0,64,True
2022-07-12,4748,0,64,True
2022-07-13,5111,0,64,True
2022-07-14,5092,0,64,True
2022-07-15,4832,0,64,True
2022-07-18,4908,0,64,True
2022-07-19,4986,0,64,True
2022-07-20,4904,0,64,True
2022-07-21,4951,0,64,True
2022-07-22,4995,0,64,True
2022-07-25,4386,0,64,True
2022-07-26,4523,0,64,True
2022-07-27,4877,0,64,True
2022-07-28,5207,0,64,True
2022-07-29,5278,0,64,True
2022-08-01,5149,0,64,True
2022-08-02,5065,0,64,True
2022-08-03,5364,0,64,True
2022-08-04,4550,0,64,True
2022-08-05,4849,0,64,True
2022-08-08,4948,0,64,True
2022-08-09,4638,0,64,True
2022-08-10,5277,0,64,True
2022-08-11,5190,0,64,True
2022-08-12,5163,0,64,True
2022-08-15,5045,0,64,True
2022-08-16,4829,0,64,True
2022-08-17,5268,0,64,True
2022-08-18,4513,0,64,True
2022-08-19,4637,0,64,True
2022-08-22,5208,0,64,True
2022-08-23,4667,0,64,True
2022-08-24,4451,0,64,True
2022-08-25,4369,0,64,True
2022-08-26,5361,0,64,True
2022-08-29,5465,0,64,True
2022-08-30,5306,0,64,True
2022-08-31,5120,0,64,True
2022-09-01,5555,0,64,True
2022-09-02,5325,0,64,True
2022-09-06,5095,0,64,True
2022-09-07,5053,0,64,True
2022-09-08,4773,0,64,True
2022-09-09,5567,0,64,True
2022-09-12,5469,0,64,True
2022-09-13,5832,0,64,True
2022-09-14,5196,0,64,True
2022-09-15,5154,0,64,True
2022-09-16,5468,0,64,True
2022-09-19,5119,0,64,True
2022-09-20,5073,0,64,True
2022-09-21,5109,0,64,True
2022-09-22,5733,0,64,True
2022-09-23,6263,0,64,True
2022-09-26,5593,0,64,True
2022-09-27,5722,0,64,True
2022-09-28,5686,0,64,True
2022-09-29,5572,0,64,True
2022-09-30,5561,0,64,True
2022-10-03,5879,0,64,True
2022-10-04,5845,0,64,True
2022-10-05,5372,0,64,True
2022-10-06,5037,0,64,True
2022-10-07,5486,0,64,True
2022-10-10,5477,0,64,True
2022-10-11,5514,0,64,True
2022-10-12,4968,0,64,True
2022-10-13,6150,0,64,True
2022-10-14,5544,0,64,True
2022-10-17,5417,0,64,True
2022-10-18,5633,0,64,True
2022-10-19,5091,0,64,True
2022-10-20,5116,0,64,True
2022-10-21,5305,0,64,True
2022-10-24,5492,0,64,True
2022-10-25,5580,0,64,True
2022-10-26,5386,0,64,True
2022-10-27,4916,0,64,True
2022-10-28,5378,0,64,True
2022-10-31,5097,0,64,True
2022-11-01,5015,0,64,True
2022-11-02,5223,0,64,True
2022-11-03,5524,0,64,True
2022-11-04,5455,0,64,True
2022-11-07,5033,0,64,True
2022-11-08,5255,0,64,True
2022-11-09,4895,0,64,True
2022-11-10,5723,0,64,True
2022-11-11,5542,0,64,True
2022-11-14,5037,0,64,True
2022-11-15,5284,0,64,True
2022-11-16,4735,0,64,True
2022-11-17,4768,0,64,True
2022-11-18,4785,0,64,True
2022-11-21,4752,0,64,True
2022-11-22,4784,0,64,True
2022-11-23,4897,0,64,True
2022-11-25,3774,0,64,True
2022-11-28,4982,0,64,True
2022-11-29,4669,0,64,True
2022-11-30,5431,0,64,True
2022-12-01,5198,0,64,True
2022-12-02,5208,0,64,True
2022-12-05,5290,0,64,True
2022-12-06,5611,0,64,True
2022-12-07,5054,0,64,True
2022-12-08,4716,0,64,True
2022-12-09,4752,0,64,True
2022-12-12,4979,0,64,True
2022-12-13,5385,0,64,True
2022-12-14,5093,0,64,True
2022-12-15,5631,0,64,True
2022-12-16,5517,0,64,True
2022-12-19,5408,0,64,True
2022-12-20,5168,0,64,True
2022-12-21,5339,0,64,True
2022-12-22,5797,0,64,True
2022-12-23,4814,0,64,True
2022-12-27,4734,0,64,True
2022-12-28,5172,0,64,True
2022-12-29,5093,0,64,True
2022-12-30,4941,0,64,True
2023-01-03,5402,0,64,True
2023-01-04,5127,0,64,True
2023-01-05,4970,0,64,True
2023-01-06,5507,0,64,True
2023-01-09,5464,0,64,True
2023-01-10,4993,0,64,True
2023-01-11,5452,0,64,True
2023-01-12,5591,0,64,True
2023-01-13,5284,0,64,True
2023-01-17,5245,0,64,True
2023-01-18,5635,0,64,True
2023-01-19,5452,0,64,True
2023-01-20,5422,0,64,True
2023-01-23,5492,0,64,True
2023-01-24,4931,0,64,True
2023-01-25,5338,0,64,True
2023-01-26,5289,0,64,True
2023-01-27,5456,0,64,True
2023-01-30,5206,0,64,True
2023-01-31,4812,0,64,True
2023-02-01,5429,0,64,True
2023-02-02,5872,0,64,True
2023-02-03,5538,0,64,True
2023-02-06,5245,0,64,True
2023-02-07,5243,0,64,True
2023-02-08,5196,0,64,True
2023-02-09,5339,0,64,True
2023-02-10,5341,0,64,True
2023-02-13,5060,0,64,True
2023-02-14,5534,0,64,True
2023-02-15,5207,0,64,True
2023-02-16,5273,0,64,True
2023-02-17,5427,0,64,True
2023-02-21,5669,0,64,True
2023-02-22,5399,0,64,True
2023-02-23,5544,0,64,True
2023-02-24,5656,0,64,True
2023-02-27,5546,0,64,True
2023-02-28,5289,0,64,True
2023-03-01,5584,0,64,True
2023-03-02,5552,0,64,True
2023-03-03,5766,0,64,True
2023-03-06,5639,0,64,True
2023-03-07,5770,0,64,True
2023-03-08,5080,0,64,True
2023-03-09,5834,0,64,True
2023-03-10,6705,0,64,True
2023-03-13,6479,0,64,True
2023-03-14,6318,0,64,True
2023-03-15,6125,0,64,True
2023-03-16,5584,0,64,True
2023-03-17,5528,0,64,True
2023-03-20,5375,0,64,True
2023-03-21,5858,0,64,True
2023-03-22,5673,0,64,True
2023-03-23,5692,0,64,True
2023-03-24,5515,0,64,True
2023-03-27,5262,0,64,True
2023-03-28,5144,0,64,True
2023-03-29,5448,0,64,True
2023-03-30,5324,0,64,True
2023-03-31,5702,0,64,True
2023-04-03,5374,0,64,True
2023-04-04,5378,0,64,True
2023-04-05,5018,0,64,True
2023-04-06,5218,0,64,True
2023-04-10,5168,0,64,True
2023-04-11,5091,0,64,True
2023-04-12,5290,0,64,True
2023-04-13,5293,0,64,True
2023-04-14,5489,0,64,True
2023-04-17,5582,0,64,True
2023-04-18,5174,0,64,True
2023-04-19,5288,0,64,True
2023-04-20,5417,0,64,True
2023-04-21,5013,0,64,True
2023-04-24,4920,0,64,True
2023-04-25,5596,0,64,True
2023-04-26,5570,0,64,True
2023-04-27,5641,0,64,True
2023-04-28,5622,0,64,True
2023-05-01,5422,0,64,True
2023-05-02,5847,0,64,True
2023-05-03,5142,0,64,True
2023-05-04,5940,0,64,True
2023-05-05,5624,0,64,True
2023-05-08,5121,0,64,True
2023-05-09,4978,0,64,True
2023-05-10,5405,0,64,True
2023-05-11,5030,0,64,True
2023-05-12,5425,0,64,True
2023-05-15,5308,0,64,True
2023-05-16,5141,0,64,True
2023-05-17,5600,0,64,True
2023-05-18,5401,0,64,True
2023-05-19,5498,0,64,True
2023-05-22,5096,0,64,True
2023-05-23,5324,0,64,True
2023-05-24,5597,0,64,True
2023-05-25,4854,0,64,True
2023-05-26,5433,0,64,True
2023-05-30,5410,0,64,True
2023-05-31,5289,0,64,True
2023-06-01,5510,0,64,True
2023-06-02,6105,0,64,True
2023-06-05,5722,0,64,True
2023-06-06,5427,0,64,True
2023-06-07,5421,0,64,True
2023-06-08,5371,0,64,True
2023-06-09,5660,0,64,True
2023-06-12,5641,0,64,True
2023-06-13,6040,0,64,True
2023-06-14,5806,0,64,True
2023-06-15,5920,0,64,True
2023-06-16,5818,0,64,True
2023-06-20,5729,0,64,True
2023-06-21,5666,0,64,True
2023-06-22,5182,0,64,True
2023-06-23,5649,0,64,True
2023-06-26,5493,0,64,True
2023-06-27,5530,0,64,True
2023-06-28,5225,0,64,True
2023-06-29,5023,0,64,True
2023-06-30,5998,0,64,True
2023-07-03,4256,0,64,True
2023-07-05,4923,0,64,True
2023-07-06,5796,0,64,True
2023-07-07,5367,0,64,True
2023-07-10,5016,0,64,True
2023-07-11,5031,0,64,True
2023-07-12,5621,0,64,True
2023-07-13,5592,0,64,True
2023-07-14,5684,0,64,True
2023-07-17,5484,0,64,True
2023-07-18,5734,0,64,True
2023-07-19,5917,0,64,True
2023-07-20,5467,0,64,True
2023-07-21,5131,0,64,True
2023-07-24,5089,0,64,True
2023-07-25,4987,0,64,True
2023-07-26,5090,0,64,True
2023-07-27,5819,0,64,True
2023-07-28,5204,0,64,True
2023-07-31,5076,0,64,True
2023-08-01,4957,0,64,True
2023-08-02,5873,0,64,True
2023-08-03,5443,0,64,True
2023-08-04,5757,0,64,True
2023-08-07,5416,0,64,True
2023-08-08,5581,0,64,True
2023-08-09,5445,0,64,True
2023-08-10,5712,0,64,True
2023-08-11,5529,0,64,True
2023-08-14,5498,0,64,True
2023-08-15,5482,0,64,True
2023-08-16,5817,0,64,True
2023-08-17,5537,0,64,True
2023-08-18,5927,0,64,True
2023-08-21,5534,0,64,True
2023-08-22,5062,0,64,True
2023-08-23,5303,0,64,True
2023-08-24,5407,0,64,True
2023-08-25,5384,0,64,True
2023-08-28,5166,0,64,True
2023-08-29,5886,0,64,True
2023-08-30,5707,0,64,True
2023-08-31,5333,0,64,True
2023-09-01,5454,0,64,True
2023-09-05,5334,0,64,True
2023-09-06,5865,0,64,True
2023-09-07,5593,0,64,True
2023-09-08,5495,0,64,True
2023-09-11,5347,0,64,True
2023-09-12,5308,0,64,True
2023-09-13,5233,0,64,True
2023-09-14,5435,0,64,True
2023-09-15,5862,0,64,True
2023-09-18,5358,0,64,True
2023-09-19,5482,0,64,True
2023-09-20,5629,0,64,True
2023-09-21,6583,0,64,True
2023-09-22,6174,0,64,True
2023-09-25,6181,0,64,True
2023-09-26,6571,0,64,True
2023-09-27,6532,0,64,True
2023-09-28,5984,0,64,True
2023-09-29,6314,0,64,True
2023-10-02,6008,0,64,True
2023-10-03,6416,0,64,True
2023-10-04,5923,0,64,True
2023-10-05,5682,0,64,True
2023-10-06,6297,0,64,True
2023-10-09,5961,0,64,True
2023-10-10,6416,0,64,True
2023-10-11,5541,0,64,True
2023-10-12,6016,0,64,True
2023-10-13,5982,0,64,True
2023-10-16,5824,0,64,True
2023-10-17,5508,0,64,True
2023-10-18,5976,0,64,True
2023-10-19,5973,0,64,True
2023-10-20,6265,0,64,True
2023-10-23,6339,0,64,True
2023-10-24,5690,0,64,True
2023-10-25,6410,0,64,True
2023-10-26,6493,0,64,True
2023-10-27,6476,0,64,True
2023-10-30,5983,0,64,True
2023-10-31,5929,0,64,True
2023-11-01,6235,0,64,True
2023-11-02,6588,0,64,True
2023-11-03,6395,0,64,True
2023-11-06,5873,0,64,True
2023-11-07,5787,0,64,True
2023-11-08,5483,0,64,True
2023-11-09,5701,0,64,True
2023-11-10,6080,0,64,True
2023-11-13,5705,0,64,True
2023-11-14,6630,0,64,True
2023-11-15,6087,0,64,True
2023-11-16,5264,0,64,True
2023-11-17,5529,0,64,True
2023-11-20,6058,0,64,True
2023-11-21,5160,0,64,True
2023-11-22,5415,0,64,True
2023-11-24,4557,0,64,True
2023-11-27,5274,0,64,True
2023-11-28,5312,0,64,True
2023-11-29,5443,0,64,True
2023-11-30,4974,0,64,True
2023-12-01,5861,0,64,True
2023-12-04,5556,0,64,True
2023-12-05,5042,0,64,True
2023-12-06,5388,0,64,True
2023-12-07,5023,0,64,True
2023-12-08,5538,0,64,True
2023-12-11,5494,0,64,True
2023-12-12,5655,0,64,True
2023-12-13,6002,0,64,True
2023-12-14,6501,0,64,True
2023-12-15,5683,0,64,True
2023-12-18,5497,0,64,True
2023-12-19,5642,0,64,True
2023-12-20,6460,0,64,True
2023-12-21,5659,0,64,True
2023-12-22,5493,0,64,True
2023-12-26,5361,0,64,True
2023-12-27,5710,0,64,True
2023-12-28,5169,0,64,True
2023-12-29,5664,0,64,True
2024-01-02,5982,0,64,True
2024-01-03,5899,0,64,True
2024-01-04,5625,0,64,True
2024-01-05,5994,0,64,True
2024-01-08,6234,0,64,True
2024-01-09,5649,0,64,True
2024-01-10,5754,0,64,True
2024-01-11,5912,0,64,True
2024-01-12,5900,0,64,True
2024-01-16,5990,0,64,True
2024-01-17,5957,0,64,True
2024-01-18,5418,0,64,True
2024-01-19,6121,0,64,True
2024-01-22,6280,0,64,True
2024-01-23,5607,0,64,True
2024-01-24,6424,0,64,True
2024-01-25,5437,0,64,True
2024-01-26,5598,0,64,True
2024-01-29,5772,0,64,True
2024-01-30,5619,0,64,True
2024-01-31,6202,0,64,True
2024-02-01,5812,0,64,True
2024-02-02,6536,0,64,True
2024-02-05,6267,0,64,True
2024-02-06,5563,1,64,True
2024-02-07,6304,1,64,True
2024-02-08,5461,0,64,True
2024-02-09,6208,0,64,True
2024-02-12,6311,0,64,True
2024-02-13,6947,0,64,True
2024-02-14,6020,0,64,True
2024-02-15,5561,0,64,True
2024-02-16,5603,0,64,True
2024-02-20,5909,0,64,True
2024-02-21,5376,0,64,True
2024-02-22,6621,0,64,True
2024-02-23,6391,0,64,True
2024-02-26,5998,0,64,True
2024-02-27,5779,0,64,True
2024-02-28,5586,0,64,True
2024-02-29,5764,0,64,True
2024-03-01,6204,0,64,True
2024-03-04,6174,0,64,True
2024-03-05,6434,0,64,True
2024-03-06,5854,0,64,True
2024-03-07,6000,0,64,True
2024-03-08,6459,0,64,True
2024-03-11,5942,0,64,True
2024-03-12,6242,0,64,True
2024-03-13,5730,0,64,True
2024-03-14,5792,0,64,True
2024-03-15,5742,0,64,True
2024-03-18,5627,0,64,True
2024-03-19,5361,0,64,True
2024-03-20,6062,0,64,True
2024-03-21,6378,0,64,True
2024-03-22,5545,0,64,True
2024-03-25,5720,1,64,True
2024-03-26,5595,0,64,True
2024-03-27,5423,0,64,True
2024-03-28,5672,0,64,True
2024-04-01,5634,0,64,True
2024-04-02,5964,0,64,True
2024-04-03,5430,0,64,True
2024-04-04,6322,0,64,True
2024-04-05,5904,0,64,True
2024-04-08,5499,0,64,True
2024-04-09,5780,0,64,True
2024-04-10,6152,0,64,True
2024-04-11,6143,0,64,True
2024-04-12,7026,0,64,True
2024-04-15,7039,0,64,True
2024-04-16,6590,0,64,True
2024-04-17,6837,0,64,True
2024-04-18,6549,0,64,True
2024-04-19,7089,0,64,True
2024-04-22,6980,0,64,True
2024-04-23,6539,0,64,True
2024-04-24,5817,0,64,True
2024-04-25,6135,0,64,True
2024-04-26,6181,0,64,True
2024-04-29,5944,0,64,True
2024-04-30,6043,0,64,True
2024-05-01,6209,0,64,True
2024-05-02,5835,0,64,True
2024-05-03,6428,0,64,True
2024-05-06,6228,0,64,True
2024-05-07,6018,0,64,True
2024-05-08,5445,0,64,True
2024-05-09,5843,0,64,True
2024-05-10,6077,0,64,True
2024-05-13,5583,0,64,True
2024-05-14,5436,0,64,True
2024-05-15,6656,0,64,True
2024-05-16,5946,0,64,True
2024-05-17,5365,0,64,True
2024-05-20,5593,0,64,True
2024-05-21,5083,0,64,True
2024-05-22,5766,0,64,True
2024-05-23,6232,0,64,True
2024-05-24,5514,0,64,True
2024-05-28,5680,0,64,True
2024-05-29,5676,0,64,True
2024-05-30,5573,0,64,True
2024-05-31,6037,0,64,True
2024-06-03,5939,0,64,True
2024-06-04,5188,0,64,True
2024-06-05,6003,0,64,True
2024-06-06,5506,0,64,True
2024-06-07,5805,0,64,True
2024-06-10,5536,0,64,True
2024-06-11,5332,0,64,True
2024-06-12,6745,0,64,True
2024-06-13,6056,0,64,True
2024-06-14,5784,0,64,True
2024-06-17,6867,0,64,True
2024-06-18,6418,0,64,True
2024-06-20,6345,0,64,True
2024-06-21,5908,0,64,True
2024-06-24,5664,0,64,True
2024-06-25,5121,0,64,True
2024-06-26,5269,0,64,True
2024-06-27,5177,0,64,True
2024-06-28,6093,0,64,True
2024-07-01,5711,0,64,True
2024-07-02,5473,0,64,True
2024-07-03,5152,0,64,True
2024-07-05,6106,0,64,True
2024-07-08,6016,0,64,True
2024-07-09,5640,0,64,True
2024-07-10,6197,0,64,True
2024-07-11,6459,0,64,True
2024-07-12,6816,0,64,True
2024-07-15,6375,0,64,True
2024-07-16,5880,0,64,True
2024-07-17,6663,0,64,True
2024-07-18,6600,0,64,True
2024-07-19,6367,0,64,True
2024-07-22,6374,0,64,True
2024-07-23,5543,0,64,True
2024-07-24,7348,0,64,True
2024-07-25,6996,0,64,True
2024-07-26,6237,0,64,True
2024-07-29,5875,0,64,True
2024-07-30,6315,0,64,True
2024-07-31,6562,0,64,True
2024-08-01,7226,0,64,True
2024-08-02,7852,0,64,True
2024-08-05,8442,0,64,True
2024-08-06,8006,0,64,True
2024-08-07,7468,0,64,True
2024-08-08,7062,0,64,True
2024-08-09,6920,0,64,True
2024-08-12,6976,0,64,True
2024-08-13,6818,0,64,True
2024-08-14,6644,0,64,True
2024-08-15,6865,0,64,True
2024-08-16,6235,0,64,True
2024-08-19,6518,0,64,True
2024-08-20,6347,0,64,True
2024-08-21,6148,0,64,True
2024-08-22,6313,0,64,True
2024-08-23,6341,0,64,True
2024-08-26,5923,0,64,True
2024-08-27,5459,0,64,True
2024-08-28,5922,0,64,True
2024-08-29,6185,0,64,True
2024-08-30,5921,0,64,True
2024-09-03,7147,0,64,True
2024-09-04,6572,0,64,True
2024-09-05,6422,0,64,True
2024-09-06,7467,0,64,True
2024-09-09,6636,0,64,True
2024-09-10,6163,0,64,True
2024-09-11,6881,0,64,True
2024-09-12,6703,0,64,True
2024-09-13,6477,0,64,True
2024-09-16,6029,0,64,True
2024-09-17,6392,0,64,True
2024-09-18,6247,0,64,True
2024-09-19,6671,0,64,True
2024-09-20,6163,0,64,True
2024-09-23,5951,0,64,True
2024-09-24,5882,0,64,True
2024-09-25,5766,0,64,True
2024-09-26,5764,0,64,True
2024-09-27,5686,0,64,True
2024-09-30,5758,0,64,True
2024-10-01,6383,0,64,True
2024-10-02,5791,0,64,True
2024-10-03,5706,0,64,True
2024-10-04,5608,0,64,True
2024-10-07,5864,0,64,True
2024-10-08,5481,0,64,True
2024-10-09,6081,0,64,True
2024-10-10,5618,0,64,True
2024-10-11,6480,0,64,True
2024-10-14,6612,0,64,True
2024-10-15,6247,0,64,True
2024-10-16,5739,0,64,True
2024-10-17,5582,0,64,True
2024-10-18,5847,0,64,True
2024-10-21,5923,0,64,True
2024-10-22,5243,0,64,True
2024-10-23,6206,0,64,True
2024-10-24,5283,0,64,True
2024-10-25,5923,0,64,True
2024-10-28,5351,0,64,True
2024-10-29,5344,0,64,True
2024-10-30,5366,0,64,True
2024-10-31,6884,0,64,True
2024-11-01,5913,0,64,True
2024-11-04,6243,0,64,True
2024-11-05,5926,0,64,True
2024-11-06,7675,0,64,True
2024-11-07,6990,0,64,True
2024-11-08,7021,0,64,True
2024-11-11,6280,0,64,True
2024-11-12,6054,0,64,True
2024-11-13,5982,0,64,True
2024-11-14,5916,0,64,True
2024-11-15,7138,0,64,True
2024-11-18,5960,0,64,True
2024-11-19,5897,0,64,True
2024-11-20,5975,0,64,True
2024-11-21,5878,0,64,True
2024-11-22,5636,0,64,True
2024-11-25,6199,0,64,True
2024-11-26,5935,0,64,True
2024-11-27,5876,0,64,True
2024-11-29,5330,0,64,True
2024-12-02,6102,0,64,True
2024-12-03,5787,0,64,True
2024-12-04,6012,0,64,True
2024-12-05,5644,0,64,True
2024-12-06,5797,0,64,True
2024-12-09,5872,0,64,True
2024-12-10,5417,0,64,True
2024-12-11,5799,0,64,True
2024-12-12,5599,0,64,True
2024-12-13,5648,0,64,True
2024-12-16,6104,0,64,True
2024-12-17,6169,0,64,True
2024-12-18,7378,0,64,True
2024-12-19,7477,0,64,True
2024-12-20,7239,0,64,True
2024-12-23,6493,0,64,True
2024-12-24,6107,0,64,True
2024-12-26,5983,0,64,True
2024-12-27,6667,0,64,True
2024-12-30,6686,0,64,True
2024-12-31,6435,0,64,True
2025-01-02,6912,0,64,True
2025-01-03,6752,0,64,True
2025-01-06,7243,0,64,True
2025-01-07,6834,0,64,True
2025-01-08,6535,0,64,True
2025-01-10,7710,0,64,True
2025-01-13,7147,0,64,True
2025-01-14,6706,0,64,True
2025-01-15,7030,0,64,True
2025-01-16,6189,0,64,True
2025-01-17,6790,0,64,True
2025-01-21,6940,0,64,True
2025-01-22,7213,0,64,True
2025-01-23,6299,0,64,True
2025-01-24,6515,0,64,True
2025-01-27,7767,0,64,True
2025-01-28,6470,0,64,True
2025-01-29,6140,0,64,True
2025-01-30,6263,0,64,True
2025-01-31,7158,0,64,True
2025-02-03,7360,0,64,True
2025-02-04,6163,0,64,True
2025-02-05,6223,0,64,True
2025-02-06,6046,0,64,True
2025-02-07,6825,0,64,True
2025-02-10,6012,0,64,True
2025-02-11,5790,0,64,True
2025-02-12,6198,0,64,True
2025-02-13,6299,0,64,True
2025-02-14,6342,0,64,True
2025-02-18,6321,0,64,True
2025-02-19,6828,0,64,True
2025-02-20,6423,0,64,True
2025-02-21,7360,0,64,True
2025-02-24,7434,0,64,True
2025-02-25,7743,0,64,True
2025-02-26,6974,0,64,True
2025-02-27,7405,0,64,True
2025-02-28,7792,0,64,True
2025-03-03,7696,0,64,True
2025-03-04,8456,0,64,True
2025-03-05,7502,0,64,True
2025-03-06,7860,0,64,True
2025-03-07,8085,0,64,True
2025-03-10,8523,0,64,True
2025-03-11,8489,0,64,True
2025-03-12,7874,0,64,True
2025-03-13,8054,0,64,True
2025-03-14,7870,0,64,True
2025-03-17,7701,0,64,True
2025-03-18,7027,0,64,True
2025-03-19,7114,0,64,True
2025-03-20,6587,0,64,True
2025-03-21,6420,0,64,True
2025-03-24,7369,0,64,True
2025-03-25,6493,0,64,True
2025-03-26,6468,0,64,True
2025-03-27,6058,0,64,True
2025-03-28,7386,0,64,True
2025-03-31,7058,0,64,True
2025-04-01,6348,0,64,True
2025-04-02,6225,0,64,True
2025-04-03,7421,0,64,True
2025-04-04,8048,0,64,True
2025-04-07,8858,0,64,True
2025-04-08,8301,0,64,True
2025-04-09,9185,0,64,True
2025-04-10,8567,0,64,True
2025-04-11,8132,0,64,True
2025-04-14,8351,0,64,True
2025-04-15,7725,0,64,True
2025-04-16,7560,0,64,True
2025-04-17,6849,0,64,True
2025-04-21,7532,0,64,True
2025-04-22,7428,0,64,True
2025-04-23,7399,0,64,True
2025-04-24,7064,0,64,True
2025-04-25,6984,0,64,True
2025-04-28,6948,0,64,True
2025-04-29,6773,0,64,True
2025-04-30,6871,0,64,True
2025-05-01,7129,0,64,True
2025-05-02,6956,0,64,True
2025-05-05,6514,0,64,True
2025-05-06,6290,0,64,True
2025-05-07,5951,0,64,True
2025-05-08,6813,0,64,True
2025-05-09,6302,0,64,True
2025-05-12,7301,0,64,True
2025-05-13,7131,0,64,True
2025-05-14,6246,0,64,True
2025-05-15,6306,0,64,True
2025-05-16,6666,0,64,True
2025-05-19,6373,0,64,True
2025-05-20,6044,0,64,True
2025-05-21,6862,0,64,True
2025-05-22,6101,0,64,True
2025-05-23,6626,0,64,True
2025-05-27,6603,0,64,True
2025-05-28,5717,0,64,True
2025-05-29,6057,0,64,True
2025-05-30,6213,0,64,True
2025-06-02,5945,0,64,True
2025-06-03,6259,0,64,True
2025-06-04,5651,0,64,True
2025-06-05,5999,0,64,True
2025-06-06,6134,0,64,True
2025-06-09,5814,0,64,True
2025-06-10,5802,0,64,True
2025-06-11,6251,0,64,True
2025-06-12,5899,0,64,True
2025-06-13,6941,0,64,True
2025-06-16,6331,0,64,True
2025-06-17,6356,0,64,True
2025-06-18,6248,0,64,True
2025-06-20,6584,0,64,True
2025-06-23,6597,0,64,True
2025-06-24,6979,0,64,True
2025-06-25,6254,0,64,True
2025-06-26,6809,0,64,True
2025-06-27,7338,0,64,True
2025-06-30,6860,0,64,True
2025-07-01,6212,0,64,True
2025-07-02,6209,0,64,True
2025-07-03,6594,0,64,True
2025-07-07,6892,0,64,True
2025-07-08,6332,0,64,True
2025-07-09,6411,0,64,True
2025-07-10,6581,0,64,True
2025-07-11,6464,0,64,True
2025-07-14,6264,0,64,True
2025-07-15,6387,0,64,True
2025-07-16,6908,0,64,True
2025-07-17,6370,0,64,True
2025-07-18,6325,0,64,True
2025-07-21,6900,0,64,True
2025-07-22,6060,0,64,True
2025-07-23,6566,0,64,True
2025-07-24,6678,0,64,True
2025-07-25,6969,1,64,True
2025-07-28,6587,0,64,True
2025-07-29,6734,0,64,True
2025-07-30,6525,0,64,True
2025-07-31,6840,0,64,True
2025-08-01,7976,0,64,True
2025-08-04,7349,0,64,True
2025-08-05,6565,0,64,True
2025-08-06,6424,0,64,True
2025-08-07,6723,0,64,True
2025-08-08,7095,0,64,True
2025-08-11,6882,0,64,True
2025-08-12,7272,0,64,True
2025-08-13,7418,0,64,True
2025-08-14,6492,0,64,True
2025-08-15,6670,0,64,True
2025-08-18,6194,0,64,True
2025-08-19,6644,0,64,True
2025-08-20,7114,0,64,True
2025-08-21,6325,0,64,True
2025-08-22,7246,0,64,True
2025-08-25,6627,0,64,True
2025-08-26,6035,0,64,True
2025-08-27,6203,0,64,True
2025-08-28,6688,0,64,True
2025-08-29,6875,0,64,True
