date,forward_ref,iv_-0.2_0.04,iv_-0.1429_0.04,iv_-0.0857_0.04,iv_-0.0286_0.04,iv_0.0286_0.04,iv_0.0857_0.04,iv_0.1429_0.04,iv_0.2_0.04,iv_-0.2_0.0634,iv_-0.1429_0.0634,iv_-0.0857_0.0634,iv_-0.0286_0.0634,iv_0.0286_0.0634,iv_0.0857_0.0634,iv_0.1429_0.0634,iv_0.2_0.0634,iv_-0.2_0.1003,iv_-0.1429_0.1003,iv_-0.0857_0.1003,iv_-0.0286_0.1003,iv_0.0286_0.1003,iv_0.0857_0.1003,iv_0.1429_0.1003,iv_0.2_0.1003,iv_-0.2_0.1589,iv_-0.1429_0.1589,iv_-0.0857_0.1589,iv_-0.0286_0.1589,iv_0.0286_0.1589,iv_0.0857_0.1589,iv_0.1429_0.1589,iv_0.2_0.1589,iv_-0.2_0.2517,iv_-0.1429_0.2517,iv_-0.0857_0.2517,iv_-0.0286_0.2517,iv_0.0286_0.2517,iv_0.0857_0.2517,iv_0.1429_0.2517,iv_0.2_0.2517,iv_-0.2_0.3986,iv_-0.1429_0.3986,iv_-0.0857_0.3986,iv_-0.0286_0.3986,iv_0.0286_0.3986,iv_0.0857_0.3986,iv_0.1429_0.3986,iv_0.2_0.3986,iv_-0.2_0.6314,iv_-0.1429_0.6314,iv_-0.0857_0.6314,iv_-0.0286_0.6314,iv_0.0286_0.6314,iv_0.0857_0.6314,iv_0.1429_0.6314,iv_0.2_0.6314,iv_-0.2_1.0,iv_-0.1429_1.0,iv_-0.0857_1.0,iv_-0.0286_1.0,iv_0.0286_1.0,iv_0.0857_1.0,iv_0.1429_1.0,iv_0.2_1.0
2018-01-02,2696.4684,0.3045964639420933,0.23080889271080954,0.14826859079805085,0.08543265646376388,0.06716278607331135,0.06235349098779522,0.08901783345009306,0.08901783345009306,0.2733725862326196,0.20858248273620578,0.14117229118153732,0.0880365343575576,0.06921098808368724,0.06309170287995326,0.0881572726259587,0.19511943034332768,0.249499139072196,0.19367241352002626,0.13866112754459284,0.09287075771900309,0.07319132881881071,0.06599904646726353,0.07751567424313514,0.13919992707969872,0.2298874804514581,0.18551145033058877,0.13954180516057677,0.1002436796957012,0.08001308375945351,0.07139668525602906,0.07697222826374166,0.0948572788229131,0.21688977746076848,0.1835183827549195,0.14335791140673215,0.10867688468959794,0.0878324772227671,0.07758269661063592,0.08050671149618663,0.09011181457174461,0.2111242877112111,0.18300961176350578,0.15057419652928633,0.11793167944449343,0.09726584892784428,0.08414274298064253,0.08544099704073552,0.09049325621179367,0.20522674357096712,0.18325651127407386,0.1562766612954242,0.13016629659990067,0.11378188304513127,0.09682492435912682,0.09149827752941829,0.09296166034023132,0.1991801735299095,0.1834477772618477,0.16064050476451458,0.13981496787756179,0.1252369731896235,0.10506075060310412,0.09613178663367378,0.09585630605638935
2018-01-03,2714.094,0.29986610497966487,0.2202829582401461,0.13738001294644256,0.08011007866622183,0.06492725974927678,0.06318408030325821,0.08224571313857053,0.11742283253730895,0.2613464088826584,0.19873624910822504,0.1333325634432793,0.0835109660530398,0.06738847447022209,0.06435088564171654,0.07661097323803402,0.10360623766049167,0.23804941421197626,0.1889702996638706,0.13431288961517154,0.08938572682146642,0.07205049401511862,0.06784014471503037,0.07511920591876345,0.0879999940575215,0.2260263224323887,0.1829623889152715,0.13689868543618436,0.09685966272354248,0.07842339777952355,0.07209894849846012,0.0754721168817168,0.0846151261255915,0.21650197893838127,0.180552561161977,0.1421233448476549,0.10453249901621361,0.08456471049430403,0.07626455958957774,0.07910225771366491,0.08884091885941116,0.20775302908729595,0.18060746352015164,0.1485845165228921,0.11531217738955177,0.09337445922397784,0.08255574231723743,0.08448701381754836,0.09051027043715808,0.20162050687546262,0.17985675396311443,0.15459882042292952,0.12882868893282112,0.1111906237150146,0.09609345271674362,0.09149008055263264,0.09149357969542937,0.19732458481055373,0.17917735776898597,0.1589288039808735,0.1359687630836961,0.12112022452540086,0.10261868060499242,0.09539604899052608,0.09322688867892505
2018-01-04,2725.2652,0.2981719326271819,0.22084308893800317,0.13320486227848607,0.07991784738867315,0.06744959473129122,0.06782040216867243,0.08713221712038378,0.08713221712038378,0.2633890511106919,0.19601605690983473,0.1306415866923807,0.08383674523605132,0.07023572163016743,0.06862342926535171,0.08371480704389206,0.1994115012347459,0.238560614046495,0.18386170274902647,0.133195486756042,0.0900509806312693,0.07465375494173608,0.07116380806601626,0.0833392661904193,0.1994115012347459,0.22211633962042338,0.1786112144057445,0.13631187267021566,0.09754951713454585,0.08030616087318035,0.07441631485766784,0.082894857255737,0.1165435573217028,0.21288080224876113,0.17872752869077171,0.1407703866295957,0.10498729784449921,0.08676227991774738,0.07865644245674114,0.08224428259124093,0.09454367215994078,0.20574110153547673,0.17892602943140354,0.1478123045118957,0.114655394435684,0.09576333443391018,0.08499540880777517,0.08534530492791435,0.09473585434167076,0.20021845557924206,0.17841812063874307,0.1536367991138063,0.12792489825008027,0.10971390815904804,0.09638096856762143,0.09210010507802541,0.09488340489120259,0.19673023893673672,0.17767815939269585,0.15821871432566398,0.1356701165245037,0.12070053080974986,0.10500323401166005,0.09625220580647026,0.09547291053824672
2018-01-05,2743.6188,0.29940869840158385,0.20907176288264195,0.12970453862273723,0.08094968133814495,0.06898089727577841,0.06859629748611656,0.09246203313613101,0.13481166113713075,0.2572344591336103,0.18815440981096346,0.1274238253143545,0.08470543053396817,0.07186388533100085,0.06987998648773755,0.08182314016063105,0.1042344791650558,0.23639812733600563,0.17915076408315583,0.12994081227632415,0.09073097054011331,0.0764073450284827,0.07302529192682525,0.08008732896938939,0.09437777734094469,0.22190939151046482,0.17449095424074443,0.13398659202013924,0.09768110061840725,0.08174688172234476,0.07630011804942524,0.08039451033743773,0.09522408059510797,0.21329925697746455,0.17522096429085418,0.1389189963370664,0.10507914878072312,0.08790454124988537,0.08030958818942582,0.08216467193800774,0.0932537724085491,0.20525371540005405,0.1762586941975886,0.1462596974916328,0.11424206303878387,0.09710190436341117,0.0864674936762248,0.08684508529447639,0.09469749042694392,0.19914572718038465,0.17735852277736716,0.15249826352898574,0.12767457675339045,0.11251997794492773,0.09885074567529767,0.09360113103924818,0.0961217782998576,0.19488108671504406,0.17710821900867882,0.15700332630104194,0.13617095917418984,0.12289743008426132,0.1071916351636366,0.09866499607351814,0.0974078030189636
2018-01-08,2748.918,0.28896633012107314,0.2085613087240719,0.13057726806990055,0.08086193349940098,0.06939250815430947,0.07021360630560929,0.09120887610801454,0.09120887610801454,0.25482240802964706,0.18903390210014137,0.13003602863368502,0.08517390224505146,0.07220273654779535,0.07061266707896677,0.0857670042908648,0.18975324376693437,0.23683627641762095,0.1824978000468432,0.1323093270540751,0.0910585869344026,0.07645708223014004,0.07332682377463637,0.08415488575397093,0.11158122848466857,0.22417932122749604,0.1771499369598785,0.13530828725381744,0.09801931877143201,0.08191429731578902,0.0766821803803475,0.0824617331578545,0.09715950682309638,0.21636111890130302,0.17597370722541986,0.13973197502235962,0.10547197946913273,0.08793343791785611,0.08028604772956154,0.08242769760373635,0.09248297786031989,0.20755931817166962,0.17640790852485785,0.14544407607987964,0.11433079258867618,0.09687611627706443,0.08614150335818742,0.08615422221086537,0.0936537507263553,0.1983401969309086,0.1763033824939528,0.153167665884671,0.12664751701940732,0.11246474935421553,0.09894749680736334,0.09336229181082385,0.09471234633455171,0.19395208152775412,0.17717258401784053,0.15634801148565472,0.13530778079934552,0.12295307437106776,0.10767700304651824,0.09875686113729046,0.09666436423825372
2018-01-09,2753.6707,0.29891258456652314,0.20628507977888538,0.1317121368437952,0.08627861466496099,0.07538527066255564,0.07546538318485052,0.10020834541340871,0.15513577648759916,0.255605398723148,0.19109699566893745,0.132551868220448,0.09024415322616398,0.0777259294583217,0.07594189153878539,0.10028560227822322,0.14393353842282966,0.23487532423778723,0.18890339360217068,0.13501504229329414,0.09426888108984588,0.08015307054845154,0.07667591908528527,0.08966701282436791,0.11944039872590764,0.22606979621078624,0.18807542141793898,0.13893701155064295,0.09997240799539861,0.08398180778097453,0.07864541152648556,0.08431474604784858,0.10564988272635958,0.2178109162500774,0.18531255396628443,0.14472995213653225,0.10670093479281029,0.08942842180260042,0.08169423558946085,0.0842040925991291,0.09372763091550008,0.21059009786436061,0.18084736613499777,0.14907788313316517,0.11491260054259547,0.0968448097918097,0.0861036050510935,0.08708814916390556,0.09326631319169376,0.20140288867760509,0.17823314935061593,0.15315149724424093,0.12660980234069868,0.11164747871138726,0.09838384985380244,0.09252357925174282,0.09486952547332965,0.1953196032079222,0.17848959650167126,0.15693328910510645,0.1355485988258979,0.12218793222588328,0.10577753961497052,0.09686014472638665,0.09748294804701049
2018-01-10,2749.68,0.2845350481828396,0.2076206552327,0.12853309692699155,0.08424089984358929,0.07311400113562015,0.07091155909809435,0.09025126193171688,0.35149146421370275,0.26449628702049777,0.19852834219680632,0.13220975311606364,0.0893267940330485,0.07635990935813819,0.07283855526957526,0.08941008404540796,0.1406076357126994,0.24483081715634228,0.1892887984312093,0.13553295192125783,0.0941603414523757,0.0793704094566606,0.07431797832708342,0.08212381453943576,0.11652607339841106,0.21985088699606803,0.18251108183272213,0.1390690845626338,0.10062668221945627,0.08371947831685392,0.0769670352806913,0.07949448275659236,0.08725708160957958,0.2113552246432244,0.18069764228852506,0.14336123224932262,0.10857513397903445,0.08932310094598332,0.08028828182945204,0.08121756838523984,0.08615493363623968,0.2063820557596762,0.17846025717615108,0.1478806373186858,0.11679838010530456,0.09749218919344424,0.08627192025981957,0.08531191860250552,0.09202526346595308,0.1998235518845822,0.17620810398691966,0.15256866181025544,0.12713726014156881,0.11019969636272807,0.09832311054111838,0.09362839080755606,0.095748512200773,0.19616597810791525,0.1757277684797833,0.15570370827796967,0.1367220361694856,0.12093760499708262,0.1056661279548559,0.09671830868640445,0.09652440691793339
2018-01-11,2768.2304,0.2795217086018257,0.2007722446529561,0.13021951338572205,0.0842011631253183,0.07346480075756372,0.0740260752043283,0.09510898621493256,0.35173284861112153,0.25862178117986123,0.19000654114935947,0.13150725202115332,0.08972432797751777,0.07694926497108283,0.0750978740392261,0.09356608631842078,0.13393834356985798,0.23671183289375808,0.1829740538217997,0.13325779648486705,0.09386937245043427,0.07966813401104404,0.07597454296608556,0.08629756904717603,0.10893172471851703,0.22268238177155542,0.18043028260175842,0.1355314610336889,0.09850386462664833,0.08347765498101233,0.07828736111137172,0.08511749947656863,0.0963067073437737,0.21252565242374757,0.17881065707315588,0.13979675214591558,0.10556022988496551,0.08873037116680851,0.08153125689394268,0.08616653189542489,0.09540090052254825,0.2031607830698506,0.17597083930078378,0.14494920334991174,0.11518927622848639,0.0971352287883458,0.08603643381077575,0.0881229555615907,0.09601332282931282,0.19457881096749838,0.1752011537662882,0.14976474980404525,0.12648150728431012,0.11174477808313019,0.09775840760413197,0.094132489553956,0.09749293215534197,0.19056689405652968,0.17567524979402685,0.15386932634397343,0.13378753221821893,0.12165611172404031,0.10564289294101216,0.09799505378442659,0.0981790629596025
2018-01-12,2786.4776,0.28678721011303177,0.20513281487838814,0.13428321810185273,0.08867358500353434,0.07805344335547686,0.07911856342069457,0.11503331681284228,0.21370679198833015,0.25957027588582027,0.19273014899992333,0.1351696322299468,0.09272992051579723,0.08012758253380853,0.07860627183797317,0.10231589394602443,0.21370679198833015,0.23826484320059924,0.1841026072461976,0.13544096589368465,0.09593298099710873,0.08189089141417842,0.0790436652163762,0.09603182018947154,0.15551208886196263,0.22562891826377823,0.1791667286589691,0.13651813376849595,0.10059310234528607,0.08523872884378168,0.08075188640350818,0.09216390183341756,0.12104168344030647,0.2141502943390089,0.1766859002467044,0.13991606243499574,0.10703130363067183,0.09045326722898138,0.0837233527833347,0.08840341431225547,0.1024642709499877,0.20452995317376033,0.17539031195753,0.1445480925035975,0.11456571358186432,0.09805580630908331,0.0882539067332218,0.08930842647886625,0.099200109025139,0.1968718520431796,0.17459439157452733,0.15023523645193881,0.12513844646941097,0.11203432996987962,0.10020450758665822,0.09523136029961678,0.09850524205086929,0.19169923493553767,0.1752528822598485,0.15390601699969209,0.13255709598262824,0.12107856499665093,0.10695051765800011,0.09938849234750015,0.10043413767537097
2018-01-16,2778.3912,0.3121385638620562,0.23647274281359196,0.15993593277770005,0.10760782047537877,0.09200281232075734,0.0888270495133421,0.10288119989041021,0.1313823957462721,0.2804969332456119,0.21499217716016372,0.15323711268507173,0.10780688856432787,0.09139453297278552,0.08595234172633762,0.09709241105559553,0.12679029932984107,0.25463483013507127,0.20030058963877842,0.14994842859046448,0.10885662712286563,0.0919753896032236,0.08547401717013217,0.09598826914746403,0.12408327877195177,0.23508415617687023,0.1912808939667842,0.14995348018410057,0.11226851065819951,0.09441378752384551,0.08668466376453655,0.0934385845021366,0.11444951411275418,0.22298451352782128,0.18651789934735358,0.15163661410349547,0.11724237350311416,0.09798774408221955,0.08853437577533872,0.09277893312631519,0.10632350336049133,0.21280510094546498,0.18309973885364464,0.15363518584275382,0.1233279070364124,0.10456371642507807,0.0932287325747574,0.09476382997952633,0.10426151229747849,0.20242705530289692,0.18055123980841284,0.15740215736408883,0.13200404424196405,0.11779791811628502,0.1035626570475944,0.09806751079370273,0.10155090518458443,0.196169189109207,0.17989367264853484,0.16083847420478453,0.13867557263511918,0.12548564987426855,0.11106000441743102,0.1009728484311423,0.10279986587182481
2018-01-17,2803.4969,0.31787472281192036,0.23626370857068077,0.15572156782750787,0.10591131808305354,0.09198023404577821,0.08955803630465867,0.1113894497836682,0.15827507637119764,0.28779249434608156,0.21680531829574848,0.1500912525340675,0.10574818112570836,0.09110471553074956,0.08847525880718074,0.10916779095175576,0.13841101354944485,0.26258512719729243,0.20009333467587181,0.1463529591559405,0.10641440584263485,0.09141925382720134,0.08776443868642865,0.10310622621039742,0.1273064547077958,0.23448829787880923,0.18824001478335323,0.14711000673605343,0.10962471592451577,0.0937672530034595,0.08792365529722634,0.09422818543371655,0.1198515850559684,0.22082597945942012,0.18388085366793164,0.1500582644722354,0.11415764949165039,0.09704857943191254,0.08935227461454336,0.09285605658067825,0.11238554355063488,0.21025570305352795,0.18166999741375883,0.151316051407612,0.12079893731093805,0.103619799737254,0.09358916583491898,0.09490620419139936,0.10171759695535708,0.2001801229727192,0.1794907736665475,0.15552602391087328,0.1306646000234923,0.11596196109998638,0.10343710760004123,0.09860608908735204,0.10217985704958286,0.19657591352175222,0.1783102770324256,0.15909619207804115,0.13662120657963034,0.12433187755725272,0.10960170323721037,0.10038849008088495,0.10336349200041707
2018-01-18,2800.3458,0.3411843765962391,0.24166181437589226,0.15953147520723174,0.11019885057790857,0.09486571812417009,0.09131412006968284,0.10692799312576944,0.14866711153996426,0.2902856554226054,0.21143422435977288,0.1521898564240839,0.10929215347344491,0.0933077714895893,0.08884049906914929,0.10191371163923982,0.1416925469604786,0.2548747199374341,0.1989942295089678,0.14944325314317697,0.10977281348469879,0.09364552661315921,0.08810502547582902,0.09590102813276474,0.13103681924884608,0.23344292940809508,0.1943780548299211,0.15071188335585517,0.1125317350452198,0.09612583413756033,0.08915858161519243,0.09009134044456994,0.10107290388900923,0.22379565113864286,0.19148271816816634,0.15271415220832774,0.11695592011601645,0.09927105642912466,0.09054498800358958,0.08935598987533867,0.0971945416579492,0.21478185931759639,0.1856125997119197,0.15418303600510933,0.123253529670562,0.10559803851655893,0.09509750802399468,0.09369065743912018,0.10383611418284372,0.2033151095566373,0.1808090789981056,0.15861674770484158,0.13206695417526274,0.11684147157010652,0.10419449741193787,0.09953817220020071,0.10360864386241056,0.1981778497113283,0.17852926510426426,0.16232192456375313,0.1380865062972848,0.12472688260566647,0.10918803823935033,0.10123899835928317,0.1033392339382773
2018-01-19,2811.7704,0.3143584577086679,0.22896216416414264,0.15216791150889247,0.10030600389795268,0.08614959647887539,0.08289551391964388,0.10505864721142627,0.14527349747772156,0.2822750165280496,0.21326372952267714,0.14866731382095483,0.10203699603159491,0.08646552313385084,0.08242521996916531,0.10257531416926308,0.13893825885005864,0.2502360347244198,0.20008821769846222,0.1455406359692691,0.10389349399484887,0.08790959367640334,0.08281188499510984,0.09583462446053566,0.12115734821816168,0.23373650268312673,0.19214376500737795,0.14641580841895535,0.1080343536405381,0.09104042540786784,0.08442835926624905,0.0912814848609623,0.11389639474779158,0.22203169484205507,0.18409216503009118,0.1486911946770778,0.11306368968054556,0.09425624384330611,0.08618993993361991,0.08920503758880813,0.1056587382074741,0.21085799161880622,0.18092737520416607,0.15225278887550206,0.12069504434311637,0.1013288134905601,0.09125616749100525,0.09264767709506012,0.1010673441941427,0.2013430132099498,0.1784190187699658,0.15802601122831994,0.13281400905572335,0.11513759418809155,0.10237225548401066,0.09899990707539341,0.10094094766564737,0.19818968514256802,0.1769096353826156,0.1601232843444817,0.14007475427060442,0.12551595374120558,0.10811007371981327,0.10173341293278408,0.10227231827736138
2018-01-22,2833.6422,0.30130964407079946,0.22649398554436564,0.15571440946044066,0.10524127033134634,0.08968574201095708,0.08737555653230186,0.11029754385787228,0.11029754385787228,0.2774130787072095,0.21005464720520897,0.1500663354209568,0.10503834498506859,0.08873392725691273,0.08561008423009316,0.10916886895769468,0.10916886895769468,0.24693816597935034,0.19605164859313595,0.14700908984333325,0.10635294052495894,0.08981024800521582,0.08465408589642696,0.09764616761652811,0.14298862864945797,0.231397347724682,0.19056245369548536,0.14776117430717384,0.1102261145549212,0.09289790488942892,0.08542219172907929,0.09146429502955765,0.12393429531889391,0.21974858987621312,0.1841484881073943,0.14774761447345858,0.11447445072059398,0.09678803898948812,0.08695533117153609,0.088399926960966,0.09825040792099815,0.2113535418780167,0.18128849049587586,0.14977375169395118,0.11955159346456401,0.10274546194367767,0.09126180880293676,0.09170382277525485,0.09826326677727415,0.1997035175356219,0.18047837605999534,0.15476043498486472,0.13053004656874304,0.11676555743260734,0.1024415617710345,0.09725896915725256,0.09997886011695942,0.19602320979244325,0.179617155502799,0.1602035877151295,0.13897908430718853,0.12581633015342736,0.10942727826480843,0.10089965952737397,0.1014663104716242
2018-01-23,2841.5829,0.30392320284351043,0.2210592776919831,0.15225237995427865,0.10337081393214875,0.08994844259255373,0.08969061083025996,0.11015320777423718,0.14926816446087712,0.27209421171500625,0.20426061305688387,0.1459038774744518,0.10333177175161812,0.08951826086600581,0.08835573785220548,0.10626798357113143,0.13977201430980382,0.23999794765753327,0.1923442946809367,0.14474189211306282,0.10535097720269605,0.09089398300307402,0.08801050756504875,0.09892478730404806,0.11301135814903548,0.22736026651562155,0.18771854365118312,0.1473489684087347,0.1101773697937581,0.09390887952585701,0.08828091624579683,0.09329236097163812,0.09953133094667073,0.21948812119175348,0.1843784548687369,0.14822895015004312,0.11502065459034488,0.09687177216656696,0.0884141740821887,0.09118577824406497,0.09866368520833235,0.21229991120371974,0.18236255192585624,0.15096362289319612,0.12058048534464981,0.10261688846986156,0.09222333320225787,0.0929950416877941,0.09976557733421242,0.20311530660773527,0.1803528859346755,0.15661065769076457,0.1308897764878244,0.11623690265084329,0.10290564437205298,0.09753194027023498,0.10106468826802525,0.19914480169069076,0.1793905377291289,0.16112435137381748,0.13829254077562286,0.1250957767472852,0.11050186609979962,0.1017388244342486,0.1032763116254478
2018-01-24,2840.0778,0.2974670427607426,0.22275491174797665,0.15310299921145012,0.10971870174124985,0.09712361555806227,0.09563920172464863,0.11331921317444515,0.11331921317444515,0.26741749877679866,0.20714302896357178,0.14859018663901288,0.1093927236864942,0.09608078290207843,0.0939658293766649,0.11027251648454874,0.17549523451721974,0.2444905476908357,0.19616372422573625,0.1475899523607254,0.11084063502747468,0.09696601406939494,0.09409032648582466,0.10309898580197135,0.13347533089081814,0.22679210024359245,0.18926973545291303,0.15051473876626267,0.11489335734215686,0.09920316536605271,0.09392016843884744,0.09724998173330962,0.10542396038041502,0.21883160467465537,0.18671424359491473,0.15258243909721367,0.11861114822712762,0.10099067727272179,0.09271990174854895,0.09437173804086171,0.10103660645613709,0.21343671590692054,0.18502218920741098,0.15501749700015197,0.12367167802955845,0.10600644350673831,0.09571938091622402,0.0965559979185239,0.10233285082687027,0.20418366982590208,0.18309931101281574,0.1591726846617511,0.1327240318823465,0.11855359681877528,0.10493122485205379,0.10031906230222559,0.10303991144118907,0.199690751361788,0.18318941197323158,0.16230123084385925,0.13863989074766297,0.12632176423784391,0.11227230214567069,0.10413430343582794,0.10349707393172068
2018-01-25,2840.0923,0.3043564633600071,0.2272570946349228,0.15338052678348424,0.11035954950800575,0.09709877599053995,0.0932810415069953,0.09933171802167165,0.12065466102897345,0.27299631370252225,0.2116239139122812,0.14830175854666203,0.11025019365341872,0.09614206606001392,0.09213999916642417,0.10122893618555606,0.11919545705639527,0.24812999306696618,0.2003018081650763,0.14712151783098404,0.11200769323322561,0.09743298896904425,0.0936816946836009,0.10283229532593312,0.11594302906105186,0.2340123009485674,0.1928378437922313,0.15088130826171767,0.11637174934675579,0.09980006035314493,0.09420938274456714,0.09855472168928507,0.10743806001104168,0.22212313968157102,0.1874705347207007,0.15299271326679212,0.12040432464152959,0.10235005334198541,0.09360846189073473,0.09496536684644058,0.10270463103282235,0.21620934852688609,0.18489861990356482,0.15571501690538575,0.1256460958891636,0.1079234264285699,0.09657559558358741,0.09718393535161592,0.10413197446825757,0.205876687211356,0.18327972021136207,0.15940808213851942,0.13379914922234948,0.11897985771209531,0.10543810178397933,0.10126086284409051,0.10440750471159861,0.2009945180463989,0.18285354366309126,0.16327650825547974,0.14070242629832014,0.1285837994149648,0.111891098711081,0.10440336006891134,0.10443667530659725
2018-01-26,2871.6062,0.2901650365839582,0.21682404636371483,0.15233355532454704,0.1070915141726127,0.09461846950215823,0.09296404436691498,0.11716166723291897,0.1502110059488222,0.26067136576175026,0.20195026568570715,0.14647610277570322,0.10788452152146573,0.09496672841348071,0.09208280965659386,0.11073680305200129,0.13978991436570978,0.23881129308135507,0.19195457083549147,0.1453571904404661,0.11079705254212405,0.09750669448782061,0.09385971473905264,0.10428105879771862,0.12815366725971214,0.2264077615031716,0.1885055029052334,0.14853225741228784,0.11541039821872778,0.10041703507953266,0.09466844567955578,0.09942871850639418,0.11083824308912715,0.2178878528768117,0.18698844680891122,0.15033745114699607,0.11936869592089723,0.10275869694107934,0.09458953730560217,0.09789031798515131,0.10795684653691767,0.21187113926109288,0.18497427517662257,0.15277029963374902,0.12404338496400044,0.10774213016736227,0.09755755844677484,0.09926752691659091,0.10686315739040964,0.20239004537407834,0.18217769780414061,0.15755194632262998,0.13390615093289665,0.11971135755410224,0.10626608606471727,0.10195971144447853,0.1053501830533607,0.1979450641346314,0.18164125769566014,0.16119792841989738,0.1411190845642868,0.12879616869988217,0.11263045622136632,0.10566156960635639,0.10583018685404323
2018-01-29,2855.8349,0.3187200860235185,0.2491653429563507,0.18205614896177721,0.13398084069642985,0.11709109639978174,0.11174182103419597,0.12794284739271258,0.17000236810105243,0.28399949340660235,0.22549209582083804,0.17059113575625182,0.13008613341126551,0.11328723688033843,0.10703116544584068,0.11812411312769913,0.14071390273640352,0.2565339841571738,0.21146676214789253,0.16793763657700078,0.12982051575634632,0.11262482122479792,0.10596550849337129,0.11369797419070975,0.12789651456625403,0.242634687755185,0.20497359757701536,0.16781851176035922,0.1313509792662395,0.11254006677417545,0.1039345611624923,0.10820663769605143,0.12266527066473193,0.2306170752731607,0.1988992845871733,0.16527656578902236,0.13245625689442403,0.11229471733234613,0.10158313723037264,0.10480866495702534,0.11790098967891711,0.22253082372066307,0.19432276085645295,0.16484422244899402,0.13510193768491366,0.11552069800407462,0.1032353266743591,0.10441948226686722,0.11299912211465678,0.2085037614316863,0.18916758118533852,0.16526579677737988,0.14293992572023886,0.125993475065815,0.1111113059600132,0.10574162681609786,0.10727489267471861,0.20427947100620222,0.18826518365005526,0.1662475387913189,0.14709082664597808,0.13266948400409487,0.11671194049595447,0.10797231981898096,0.10724297754697318
2018-01-30,2825.841,0.34560131816999967,0.2790136080852562,0.20008929950034163,0.1428247791585416,0.12277171418084057,0.11590771209127218,0.12625782682638134,0.16435064124757082,0.3015778986600111,0.24760894225357977,0.18399258318746786,0.13760135347861488,0.11776736967440943,0.10884329825503995,0.11453644307640462,0.16582934205383876,0.27029515257754927,0.22618166810518872,0.17723323869340643,0.13662133005818164,0.11597918172562047,0.10626551313332731,0.11357377185516876,0.15372310305420614,0.2536001808186667,0.215706885421432,0.17487107797695994,0.13678408550375953,0.11529127070992963,0.10417888643177496,0.10840105538968335,0.12723346426301993,0.2403866820113262,0.2073047451845168,0.17248639398211696,0.1373683169141622,0.1152927459252254,0.10265066043530374,0.1045146186558141,0.1153623133931607,0.23023908027960094,0.20135769934041456,0.1720485135831528,0.14039545187747823,0.11842073776307573,0.10460453696482132,0.10468339718614543,0.11253040615398299,0.21503754437631942,0.19437377038248232,0.1716211834018848,0.14770381842103336,0.12863049814764244,0.11234863962548526,0.10715522057096001,0.108144479670319,0.20828804106265905,0.19137906477811564,0.17215151338421944,0.15241604786080654,0.1353874031636862,0.11777959776863375,0.109485338936601,0.10843590531341701
2018-01-31,2825.8368,0.32596988156114115,0.25560130608513804,0.18492530004048202,0.13289965901583775,0.11458402459267268,0.10837594437595445,0.12817729830486174,0.1801326058483148,0.2922209883299206,0.23426486635509564,0.17329773122240733,0.12971060626921396,0.11139350850378102,0.10326017556748494,0.11990635719442434,0.1645390815286724,0.27150725183818514,0.21984763773773416,0.16978735975364562,0.13099869253389013,0.11147305908425922,0.10221924381135317,0.11415191815047064,0.15433087725273142,0.25194941089258077,0.20865285812344678,0.1691135843000998,0.13274250362821832,0.11188614801979374,0.10105455578072728,0.10626828963929282,0.14458497116297922,0.23491850810160955,0.2022628096648091,0.1689973071561403,0.1336547783878887,0.11228993479001789,0.10017951872759558,0.10020806702732103,0.11698670075719819,0.22653150991532542,0.1975832397690285,0.1696357396900054,0.13706869870192204,0.11597986715039689,0.10274344292225042,0.10120567678163671,0.10843582554999222,0.21589499186847766,0.18983966151175916,0.16928462411633893,0.14430371548722118,0.12765927692773724,0.11171516193653441,0.10432841635914894,0.10522602322073132,0.21046261099533695,0.18766088165898342,0.16986881082861682,0.14839141541766504,0.1339428576259992,0.11847285118172436,0.10720266252418882,0.10545094693285069
2018-02-01,2821.9423,0.3233816457392577,0.24519111541611754,0.17564029470772055,0.12966354864734994,0.11313740988958901,0.10689662379209519,0.12368156893283662,0.15543704933684863,0.2804567423141557,0.2169577807540247,0.1643301444798343,0.12597674961011526,0.10973936369682202,0.10192268945471505,0.10984465497481387,0.14041514179868358,0.25512045135775624,0.204958087973732,0.16330455307345332,0.12755320086953958,0.10971127408671512,0.10092069630863489,0.10587596125634804,0.12424158764177337,0.23907032337228226,0.19985265242740813,0.16400926616799927,0.12985676240699037,0.11001797452887997,0.09953667384850938,0.10199677879105908,0.1195019377240074,0.2276584223190194,0.19627088571659204,0.16313458855237184,0.13049274483169968,0.11083960292924572,0.09894238725894659,0.09889884807706253,0.11672468735287808,0.21744517945989394,0.19338248301225328,0.16556556312387982,0.1332467555843631,0.11370027884531142,0.10114236904606237,0.09961967412358468,0.10882391634639824,0.20844927638336783,0.18887655337549483,0.1688734142657265,0.1412568084926498,0.12400586999597546,0.10919874344430888,0.10338872056358529,0.10474859539923895,0.20496869321176966,0.18618629949564275,0.17146158472684894,0.14636336870128946,0.13165159852714786,0.11549055110785796,0.10617702896391755,0.10634883199163228
2018-02-02,2761.0595,0.38881262612567125,0.31120162156742687,0.2347762242817702,0.1698711920162097,0.13977962557716414,0.12719892044958506,0.14907200906718274,0.1978196726303171,0.32509499056315827,0.2663605462840786,0.2113830077602092,0.1610045858906612,0.13297181207102798,0.1172938334984454,0.1247975993485436,0.1773527422223601,0.29179860818291353,0.2464012911171773,0.20114245641954198,0.15729859562911516,0.13013156079578425,0.1133184014731767,0.1180522896304947,0.15656419078109887,0.2682413639418779,0.23246732405884327,0.19416102936828183,0.1548260751814901,0.1283196564032023,0.11021141305805064,0.11032249210069942,0.13191391964751598,0.2510748638663039,0.22096641473208173,0.18848336604153113,0.1524189142481386,0.12719799578290117,0.10919002114563443,0.1059819685727915,0.12122547712162607,0.23796054634049532,0.2129021553866807,0.18483766245917085,0.15306020070445306,0.12780762545490076,0.11082126268569313,0.10651870622523314,0.11648601175221172,0.22182643512514388,0.2039441544057107,0.18133995332776767,0.15681651588318155,0.13517183481011974,0.11775669724034017,0.10941630119446792,0.10810363831131808,0.21548974202149518,0.19934082124015193,0.18080629627949957,0.15845754185591202,0.1420892601646025,0.12324974295688577,0.11168886232600006,0.1077706889098193
2018-02-05,2651.845,0.7033343638293192,0.5888505266987594,0.48473447896538524,0.3811246487838421,0.30596737503326005,0.2512139198322575,0.2537184929505592,0.268557098079871,0.5353366506845878,0.47047203130729154,0.4001316030457363,0.32505337695795294,0.26488970816680135,0.21551671894714053,0.21906969321169673,0.2553684566094678,0.4492024143699858,0.4043566765998524,0.35403351587101745,0.2922605253652788,0.24079897482370882,0.19463854704021727,0.19136655106635275,0.23945237497475028,0.3874274753390884,0.3500693832218452,0.30934768862523204,0.2585351151912199,0.21542330948031985,0.1706263706910523,0.15581937275374566,0.18440553786945055,0.34406676382648044,0.3097156956092471,0.27528673534851617,0.2329089379757893,0.1931821904387605,0.15239976994079743,0.13939363529517562,0.14341329314820533,0.3140246616067316,0.28557832574358627,0.2531448977270276,0.21888377668086378,0.18383156968149322,0.1482604180746979,0.1343200718362422,0.132804320566188,0.2702141103720636,0.2501199788768052,0.22804132677257727,0.20104908762468565,0.17448958821231575,0.14748972914078332,0.1306564231585889,0.12447682307896717,0.25593648122768625,0.23897359774740545,0.21885874023480645,0.19454329959468947,0.17219153104676357,0.14913803252128197,0.13165669345884595,0.1247066230958623
2018-02-06,2688.0652,0.5939181325285903,0.48206514727051214,0.37440374485703826,0.28922239181282056,0.24892564198323147,0.24093932051802752,0.25267351952092393,0.29949567166871655,0.4704747160622341,0.3978483642106183,0.3236338319766131,0.2562690403181246,0.22247313233107274,0.21759788039289843,0.22784887524394454,0.26858928099847756,0.41615723424585493,0.3515071749676647,0.28808102548705666,0.22875978443746212,0.1994876129482459,0.1955829465156354,0.2078731777709815,0.23430275973250364,0.36281160969406584,0.3108898899469748,0.25614559278249166,0.2067494877797377,0.17987823388757787,0.1734119527576543,0.18275476098731325,0.19588921052480796,0.3190003652813394,0.2773390476507288,0.23249865831970998,0.1937413823432969,0.16599640521703782,0.15469558494942262,0.15906807602942374,0.16897534675016676,0.286865338840179,0.25321152621923576,0.21903380542174075,0.18694021954854698,0.1614463701133366,0.1455582141625605,0.14299310750112784,0.15169135424171362,0.2538854855004945,0.22823557317764295,0.20570886912823988,0.18116047112997727,0.16107939161667595,0.14365789354092962,0.13555157384486258,0.13474438727373528,0.23890620828934642,0.21737450371148034,0.20016220553007316,0.17963725024110172,0.16242403108572415,0.14496762191998697,0.136077633168479,0.1316007814320763
2018-02-07,2684.282,0.5003795074469688,0.40390696628524775,0.3051350101974561,0.2171427605873638,0.1748535389819163,0.16312372530086958,0.18023421576083504,0.21822253860138074,0.41537716177196865,0.34914995987176417,0.27401715170074786,0.20243292450868558,0.16423556423462812,0.1519011221901892,0.16383004546919025,0.20731614449875446,0.3798373004288178,0.3194841388579273,0.2527966901681077,0.19053794211636926,0.1568822342498607,0.14442045798488526,0.15497840095044582,0.19352231470120584,0.33767022554848597,0.2881811682627206,0.233997796229662,0.18139904658027858,0.15068030157583623,0.1362144664234713,0.1406280853358763,0.1596383041042613,0.301861066511647,0.26565297563602003,0.22109206567893028,0.1779011741687482,0.14873495172458376,0.13106234306649367,0.13241610743396592,0.14327008804230842,0.28033230256083563,0.24855010984004014,0.2137396650087296,0.17830425655662008,0.15045203479122407,0.13015541323188914,0.1271896704690102,0.132417456215214,0.25431572897871113,0.22659055797031566,0.2026279402881601,0.17650508757971733,0.15484176918002496,0.1342670874051083,0.12617914737928634,0.12359932539740502,0.23781034128129575,0.21486474908686606,0.19667414351628948,0.1749914962400059,0.15843133723320246,0.13778531367247812,0.12764730037248212,0.12310953884266061
2018-02-08,2584.4102,0.5871149412188036,0.5022687446724236,0.4156219897961087,0.33410559662690786,0.27941687325964465,0.23861490089940143,0.23374537062191594,0.28341134349632363,0.5025555287592044,0.43621894732085353,0.3665554243448851,0.3026489200243934,0.25307626639066383,0.21541525476994075,0.20526660440221475,0.22322035955228675,0.4505684759936221,0.3958927936034827,0.3370740885546726,0.28030926103044207,0.23455311378571025,0.199545422081533,0.18846280484626024,0.19868617932378954,0.39978780308383827,0.35677684962573275,0.3073595266739169,0.2589261558752704,0.2179759266141014,0.18528245196373003,0.17405304010750677,0.17889861207882357,0.3632268704908814,0.3244379084925583,0.2850333854681009,0.24462682821708037,0.20894141175884032,0.17711149685482425,0.16419683262158172,0.16479921620291288,0.32853420563556324,0.2964313181226724,0.2664140299307919,0.23358582941910053,0.20306586963980025,0.17112555509008032,0.15617793851852882,0.15406150900988302,0.2872028336596238,0.26666351382569303,0.24368207886044269,0.21751069223125807,0.19468128166382792,0.16670494654812698,0.15274904652453403,0.145795329384927,0.2694209685386278,0.2511266675077748,0.22897154194306948,0.20806947011219837,0.19106243864786407,0.16721772028992143,0.153237413206936,0.14509329140220972
2018-02-09,2615.13,0.5079521720672229,0.42979622726324757,0.3490733512019043,0.27179025828582287,0.22804116949489053,0.20152018005353628,0.21169256039494433,0.2565793271227576,0.44852598943649336,0.3833186216966647,0.3194176137101175,0.2549741292989702,0.21277941071822232,0.1837317090557806,0.18288882056154074,0.21213338960916392,0.40572876583227774,0.35220596512003866,0.2973906720198053,0.24094349727185063,0.20134329886106542,0.17203056756640475,0.16660042287589188,0.18353055164505472,0.3623954838945173,0.32095276356879743,0.27582012403698525,0.22895971339604745,0.19253443840758697,0.16175114620290762,0.15390121736791934,0.15824537939987243,0.33322375378526253,0.29857840924066775,0.2619013112459683,0.22140284099611715,0.1871642868179548,0.15625113259835743,0.14585969124945986,0.1455673704830196,0.30472040792174926,0.27665901313207925,0.24806818837761146,0.21350561040001964,0.18266811968851263,0.1544051582107142,0.14129324635359755,0.13786330957435447,0.26927203694908197,0.2497517040506777,0.22778167191067658,0.2023983184516626,0.1791152073347717,0.15524253850058964,0.14065993298808221,0.13167316521585543,0.2529220334403562,0.23736762552874105,0.21835886440922708,0.19774559217737833,0.1772510217688763,0.1564137225972148,0.14149648546026158,0.13142721024597503
2018-02-12,2653.952,0.4622980187557354,0.37985000379396167,0.2980083439048794,0.2257190723227287,0.18778568570228185,0.17328067540069889,0.1907220412595881,0.21969152648772614,0.4095398419923973,0.34391725142855806,0.2781594669011965,0.21259729065410277,0.17532769023355868,0.1588828933132902,0.1702157835662193,0.19795092270496073,0.3776179061741398,0.32003919358570276,0.2627783670824317,0.202704046544536,0.16788820950155917,0.15044167828254967,0.15780576831201304,0.18897234277797334,0.33806283534493786,0.2909248564886164,0.24461400441468809,0.1945685707483872,0.16244230144644628,0.14190298294753279,0.14023785524501942,0.15617505977059112,0.31053806432267095,0.27308475281108796,0.23472115666926283,0.19172170050700021,0.16106663326406404,0.1383368149268644,0.13270290295712356,0.13618238986481288,0.2843224563014301,0.2564011590606737,0.22614153714496582,0.1890093739459438,0.162498334038964,0.13784768614556667,0.1286705350551893,0.12849126707198272,0.2569385890512496,0.23535329788183904,0.21225733701353183,0.1857305759494002,0.16482227759442217,0.13913893333147176,0.12806667305556255,0.12380721827288221,0.24347246183233115,0.22524340287346173,0.20509524390405398,0.1839110753216776,0.16754470343265976,0.14181180425697812,0.12951422272685895,0.12414899692007433
2018-02-13,2662.7982,0.46506838504295783,0.37250975134263453,0.2801773557801676,0.2102887856448088,0.17641493079651863,0.1621912587117591,0.17221700681882857,0.20521014033589,0.4105218982722398,0.3381097659197336,0.26544585229922874,0.20129687558377482,0.1678511723678439,0.15323233623968904,0.16654789731952005,0.2044170474527074,0.3793027891265258,0.31656626342419725,0.25526495429527796,0.19496339281082065,0.16211001488755028,0.14659143180245549,0.1566001768651351,0.19294111499856345,0.3342012522789472,0.29051959604253236,0.23842441163350586,0.18853094239784163,0.15825852294772288,0.13773444870472973,0.1375176205834207,0.1555796744708217,0.30550285191226806,0.27097113401227985,0.2287897045677326,0.1875019964746305,0.15832040072159215,0.13393852648211496,0.12971154063965631,0.14017025878739361,0.2833429176557149,0.2546992906483373,0.22137217640778425,0.18655061014364502,0.15944390441437434,0.1326200494238589,0.1253282177523342,0.12900412422181762,0.25701801986647466,0.2342274242024911,0.20985038440362877,0.18183747530740801,0.1619122251997512,0.13594598299273733,0.12664172424191528,0.12464016843216985,0.23766341676987288,0.22156002577402764,0.20198355590937042,0.17996659197183804,0.1641760268586412,0.14048115965797228,0.1310078136072003,0.12550307916509942
2018-02-14,2698.6841,0.3745986657868802,0.3021276725823071,0.23018203693822423,0.17208631718856907,0.147567140965061,0.14125393122498694,0.15667025321247874,0.18134674296688097,0.35094508411751885,0.2856584379983216,0.22384228509460904,0.1689054277423058,0.14373175375653227,0.1365801068856767,0.15278368703995615,0.17426952312260263,0.32607946093962553,0.26991465359897243,0.21716777204160423,0.16609981209110758,0.14078065613162868,0.13172363137445467,0.14266496241006138,0.16057797524764228,0.29375711857879994,0.2528282445857568,0.20744870647941238,0.16435223456068973,0.1382708895372471,0.12449760241557671,0.12720943607049404,0.13798955768059684,0.2778435491351585,0.2422663620805011,0.20336870903743334,0.16506801027940815,0.13910764723859395,0.12227161833836642,0.12081078523186653,0.12537816287458567,0.2623067263329163,0.2307820864142577,0.2007590215695069,0.16663388131380877,0.14158699980478626,0.12407574174261353,0.11963244000921028,0.12139575298692089,0.24015895869903284,0.21558393638786125,0.1941929319686499,0.16944219912010322,0.14785212131582892,0.12948830027804453,0.12177645546085401,0.11906373467145345,0.22961978729492946,0.20942964578501327,0.18936556220960976,0.1712299532374757,0.153400051035744,0.13182623863442913,0.12290192809641377,0.11871260911742651
2018-02-15,2729.5865,0.3954853030803261,0.3036405876146158,0.2277546396781456,0.16599330388727665,0.14232647684425254,0.14088031341007687,0.16731825623644497,0.20158012307979548,0.3500029642801683,0.2819990975015668,0.21877599435466275,0.16441556835840723,0.1414196140290681,0.13871386669133423,0.16253048347431853,0.19315900927653892,0.3181513358958652,0.2655040376466512,0.2117143586959177,0.16232713309820188,0.1396056841704809,0.1334840326961095,0.14934357451645477,0.17824605234881025,0.29128679909201244,0.24750953998282615,0.20449220599990936,0.16035943949647932,0.13703521163095791,0.12580177454363708,0.13091554169337613,0.1486602438734838,0.273809836912951,0.23707282372668453,0.20062456389157943,0.16211698549844133,0.13772300060428852,0.12340273742337433,0.1231863755092496,0.12805816556380462,0.25540581853549055,0.2261010439159618,0.19614152344180294,0.16464555896476307,0.14102366673126132,0.12377604325682569,0.11973166042059363,0.12144174322328342,0.23608048366689194,0.21404700082006775,0.19203222722658564,0.16629423894132908,0.1460348583374105,0.128454893887827,0.12050849093043536,0.11859385408496201,0.22653668656554185,0.20842322753876333,0.18919580170011366,0.16689238761410613,0.150626049559982,0.13306847689079554,0.12236390970885376,0.11798411996487701
2018-02-16,2735.3705,0.41235574410271203,0.3228348142780635,0.2381450610460196,0.16661265184857163,0.1392042220622453,0.1298852222671389,0.14784463107927062,0.1835334892523571,0.366461597504792,0.29217180723789404,0.22473088007189124,0.16275565670793785,0.13691084821902724,0.12806995766477533,0.14330937487118264,0.16918642869896602,0.32963137244704876,0.27228279421200174,0.21514061809104473,0.16104223314410548,0.13560014025199554,0.12528482329357843,0.1334683075493843,0.15497000633546382,0.2961308133838493,0.2526278876354378,0.20500120728662335,0.16014433648992643,0.13427844574063835,0.12132930706262811,0.12120558982366263,0.1294978356516142,0.27284540767439946,0.23956948807668754,0.1997640744914501,0.16070404726238116,0.13578493405263442,0.12042077801859362,0.11835848457184922,0.1237778003094237,0.2534566576652743,0.22644002834885502,0.1961831724143571,0.1628495328012785,0.14079694281437924,0.12208982186466688,0.11746242031658756,0.11866727333180895,0.23550431848276773,0.21390589123694465,0.19048647959619716,0.1651225344208398,0.1479572308453748,0.1279663660672179,0.11971394382697713,0.11704464437125821,0.22639619370103262,0.2062676134707261,0.18801807831576267,0.16673896508503014,0.15200035548555818,0.13282471708599664,0.12263749226861073,0.11767442139124383
2018-02-20,2716.8673,0.4190903876343959,0.3331685579628562,0.25058578481640764,0.17990674444707885,0.14900936244776186,0.13548566160538686,0.14628443950271752,0.1994141887315701,0.38861706484330905,0.30770512767649666,0.23928340710710644,0.17545213094223097,0.14536298638408715,0.1320185494495575,0.14019982770744366,0.18930438150296694,0.3424143176826307,0.2800086378764583,0.22642841996366195,0.17062296029109747,0.14204957758256873,0.1270786158088058,0.12783616910314663,0.1555615196322679,0.30918423388027877,0.26028452652793255,0.2159886401794902,0.16843649868392857,0.13989751582621998,0.12283531539296046,0.11975561118818845,0.1322655304902026,0.28446382829316197,0.24510406861670786,0.21026279283824523,0.1687573112388744,0.14096778975099358,0.12139609859424513,0.11747294643803816,0.12592283694539808,0.2595864469258595,0.2323560415957673,0.20438139226956467,0.1688930374805263,0.14413155354430326,0.12231017092566497,0.11683022887613059,0.11950692106769388,0.23804823726262256,0.21821485301172228,0.19630915624858336,0.167894362705955,0.14950035881539675,0.12943859547164524,0.1207427090267161,0.11792844358141691,0.22864035770899008,0.2114976775924743,0.19272865427257357,0.16804335204044712,0.15344281245185057,0.13408839299809316,0.1252075850298235,0.11857016873072898
2018-02-21,2704.9771,0.3906831915408962,0.3065290788767989,0.23770049291052017,0.17727008641265615,0.14973497910218123,0.1370010599232987,0.14557474273361518,0.1969942456435714,0.3636252569096728,0.29080366597717683,0.23038097266625196,0.17239880176698053,0.14482601876740847,0.13175407227205738,0.14018998132509217,0.17426431346087626,0.3307075425523407,0.27230717078745714,0.2209127781987547,0.16783820750311992,0.14101098542706003,0.12610721153864027,0.1289895665654025,0.15167834206896538,0.3052490460240736,0.25628254670296824,0.2133311200263285,0.16610580911752498,0.1390035129773417,0.12133393327627097,0.118661689532168,0.13376435365107248,0.28498761548587875,0.2453808051895477,0.20757888729702934,0.1671073289572484,0.1404288356832034,0.11997340625733359,0.11568013076756126,0.12215816178805267,0.26427786761504607,0.230125338345239,0.2010390615567486,0.1674269719590982,0.14419225626185592,0.12222188377350185,0.11546241701435929,0.11778160591296478,0.23708838375228336,0.21604351984026518,0.19483364217695032,0.16717481715216248,0.14864656579484783,0.12807169763738918,0.118429132400598,0.11738027295230663,0.22727886480005108,0.21222421903938385,0.19175233581504694,0.16806857164400024,0.15251656623815657,0.13202543623798038,0.12103160811118249,0.11783131040274404
2018-02-22,2704.4773,0.3868322607222023,0.2988076172395779,0.23521335105666788,0.1755173978223652,0.14491764543980928,0.13107257872135997,0.1405714532470606,0.1826108824304096,0.35270863856130924,0.2869117784843587,0.22717701989576713,0.16991131613470342,0.1405053810523097,0.12698322283789346,0.1346730536105513,0.17273765132757382,0.3226046159310603,0.2707952574296393,0.21625855222648896,0.16516059915191897,0.1369725845777098,0.12206250245169915,0.12201028320553102,0.13538465796484012,0.30366435082643417,0.2574082316298848,0.20875581599749782,0.16349493059202075,0.1359584454415802,0.11911526939396493,0.11713850902841352,0.12545523007163173,0.28225627051381563,0.24364809437411575,0.2046325333698691,0.16334266895100988,0.13790778395115097,0.11921612918497888,0.11522828668524784,0.12574548289231843,0.2576932258239231,0.23062760728412351,0.19975581126099753,0.1651515031951867,0.14175842683924458,0.12107792772983902,0.11444681262564851,0.12039749236974166,0.23640650517245307,0.21845617336655193,0.19153509191220544,0.16552566807024038,0.14720329584775946,0.12613412983891814,0.11760982726603512,0.11651247522853667,0.22712673092296948,0.210283571029121,0.1885360778428142,0.16541860905699282,0.15040759045959493,0.1292718789744904,0.12063080723117413,0.11697336434009113
2018-02-23,2747.6372,0.3734870946228335,0.28329767183453103,0.2025047896778957,0.14119297914343573,0.11902153209701137,0.11410534029040649,0.13608600209237948,0.20639945078040567,0.34267583642147,0.2628246494139105,0.19689168890254066,0.1408168250091842,0.1184299442979479,0.11214618728989087,0.12819448780913628,0.20015290161556687,0.3032200679130463,0.24504515874877866,0.18990987914801116,0.140345174696825,0.11828860648183902,0.10945363292026962,0.11927841821685345,0.17668542591940256,0.2826446952547143,0.23364298880210257,0.18719533850788314,0.1423064091904816,0.11939135913418217,0.10793418984396601,0.1146748684475361,0.14332463160270262,0.26106523173979995,0.22374047421281462,0.18645996177303298,0.1459249026751188,0.12229695847175036,0.10788267005237673,0.10984637085245715,0.12497390671581446,0.24167239277189634,0.21368565707019857,0.18541407030851803,0.14940296818144191,0.12675250194024792,0.10999415059350637,0.1075644605077421,0.11718520406070762,0.22417124676392255,0.2033223802902293,0.18052273240258815,0.15303546744163896,0.13392040967857616,0.11685990668997301,0.10997319088349958,0.11282536923341038,0.2174839151059142,0.19795016223932316,0.17788040048881218,0.15543618365462292,0.1387763508568705,0.12081062658627265,0.11206068902057043,0.11269128531331807
2018-02-26,2779.52,0.35713538195797767,0.28025072895775416,0.19901041684362047,0.14051962276218571,0.12136062681601345,0.12002263539197713,0.1435093791288038,0.21058035333539102,0.3268862918658643,0.25938618558359905,0.1897267251234121,0.13839170032547565,0.11988073220677897,0.11632386231786898,0.13155907991575633,0.17501442056070532,0.291314105013781,0.23891071608540584,0.1844861326101981,0.13859530219295113,0.11926523253032606,0.11281846510337702,0.12248372055855615,0.14108667583835316,0.2720591923577529,0.22833632110751764,0.18351348258269595,0.1411786455746728,0.11987647638909009,0.11064627401419537,0.11643548178205844,0.13412186777760832,0.2544492018710947,0.21983520524795216,0.18192349353422024,0.14353790048143011,0.12187218103072014,0.10924399791533745,0.11045379240195789,0.12746227442062208,0.2368078584811248,0.2095057439249915,0.17885764250460928,0.14634907554866777,0.12599678307003861,0.11059460259795256,0.10733952008691472,0.11522986106815457,0.22164261341501107,0.19916323904278763,0.17581847727398356,0.15117517307852868,0.13149680179169176,0.11654533749624431,0.10835149504165448,0.11024092096991704,0.21279638397211342,0.19509177688493715,0.17415153748355763,0.15316373723213259,0.13485817515084736,0.12026518267652982,0.11005560804267699,0.11097936993547435
2018-02-27,2748.152,0.38606908947284874,0.3096032612975847,0.23060172410107457,0.16757174531006078,0.1412707759907497,0.1339210136664231,0.1542287009786445,0.21592002005174382,0.3498241187023884,0.2871303878343066,0.22023541194569868,0.162540959792532,0.1370435819359687,0.12824582228914827,0.13962539337129282,0.17775924036695112,0.31714988319733944,0.2658383213885051,0.21085027225737935,0.15880462197444015,0.13393118676444074,0.12300640704912914,0.12773055346495307,0.15396678972702277,0.29844936661566385,0.2534732804733474,0.2064974197464991,0.15958537122327843,0.13351264644790625,0.12045634414986554,0.12087052132977733,0.1351851687486284,0.27619088079810333,0.23887635352646108,0.20094491079224278,0.1607095782574433,0.13376910611415083,0.11887228791094243,0.11631814677965265,0.12290671970957301,0.2530783546327902,0.2248800149157985,0.1950818010684771,0.16086357388844252,0.13567313504602707,0.11835109035619999,0.1127854346701834,0.11633837845050905,0.23454534316629913,0.21210062370236238,0.18770769910841004,0.1607693427637595,0.14183339654128643,0.12095057562641384,0.1128309813526047,0.1142295125547237,0.2228955444895638,0.20549120531276338,0.1840351980792753,0.16258966789166834,0.14791719328304528,0.12558180316256132,0.11395390365077901,0.11374679970766255
2018-02-28,2717.3743,0.42361259266325246,0.32277212306917813,0.23925377960852554,0.17581667420236644,0.14598332566911051,0.13568199505326345,0.15213964061377253,0.26923739174155814,0.3729890254094739,0.2973541020927695,0.2291138205097385,0.170704690053962,0.14148646636510503,0.1299971725964816,0.13672566249544077,0.2070936308414309,0.32889497489490793,0.27514156603990614,0.21921947325098198,0.16696944809934244,0.13886873967234556,0.1253445141501171,0.1262079181009998,0.14411275600578952,0.3084481099407533,0.2632628996358152,0.21380342783390038,0.1666441649338591,0.1395725035030579,0.12352116415016985,0.12214612603361269,0.13342046213137704,0.28385363003763586,0.24803670755055,0.2070598824708852,0.1667354991396549,0.1405304966244605,0.12204844676916007,0.1187213548899522,0.13246217309646519,0.26210901591664515,0.23240370960779874,0.2007170335200979,0.16724809378799282,0.1431846035570005,0.12366093253552732,0.11638119510796889,0.12411483750559023,0.24145768809191653,0.21906122538681239,0.1929827390276571,0.16505328923014023,0.14619027677442226,0.12810535594246364,0.11726692638951317,0.11551136875213736,0.2307333490774132,0.21178479665543146,0.1880067416623838,0.16306418502565767,0.14865087142172329,0.1305613913351987,0.11972216373673164,0.11576607499059854
2018-03-01,2678.1095,0.4555239165557766,0.34654668285106843,0.265449215513795,0.1991186519661435,0.163716567045164,0.14864956309291832,0.16416737444798954,0.19629323597189738,0.3932118794296694,0.3148240361253057,0.25043989583399134,0.18964039656001686,0.15564084700453712,0.13919164809704443,0.14560762444708938,0.1665044333511396,0.34584282409795325,0.29286430832998495,0.23715502160571972,0.18267869105071236,0.1515253282223031,0.1334788665549889,0.13272730475212396,0.1416173484043805,0.32600743018718437,0.2787906853398603,0.22928049812233556,0.18103373431448244,0.1525602845447197,0.131712920819194,0.1273156677615982,0.13332281227793466,0.3027178641202714,0.2614229276670555,0.22218252064282593,0.18067917878326897,0.15333959983721768,0.13034715257030702,0.1240168932264813,0.1267290326957439,0.27439455882988506,0.24454138494166747,0.2140106756155757,0.17922931529660965,0.15354197413476445,0.13126093079816567,0.12264688507740507,0.12172169148828978,0.24851357703425847,0.22588783572658366,0.20323030618745233,0.17498251234091977,0.15567780349084268,0.13418300311386536,0.1242920492980805,0.11941316588991124,0.23831707274845043,0.21809063951397573,0.19784216388434786,0.17414740203751136,0.15771331096184082,0.13659537440237712,0.12633303371675628,0.11872576723987202
2018-03-02,2692.8047,0.40127007032109013,0.31034972626471546,0.2360418690498326,0.17775085304966387,0.14791703324725863,0.1368753352978658,0.15689648241399906,0.2461969102069366,0.357525101409232,0.288345180740384,0.22677669967849176,0.1721470668262064,0.14228656036999043,0.12882826618301996,0.13537375887414546,0.16954913408261088,0.322620065972203,0.2717549946034834,0.21924682354692507,0.16905610666714735,0.1404997239754862,0.12486602648570863,0.12586309727220682,0.13947614231838718,0.3044928665297709,0.26126208678648444,0.2155596407224688,0.1707974303574881,0.14218815148527697,0.12357605135178235,0.12170817014864141,0.1348674628596353,0.28376743137689486,0.2477795296694076,0.21030640645321566,0.17280696684072475,0.14392006297992999,0.12279096899194342,0.1189189429987035,0.13139199499314083,0.259507002446064,0.23186708646503304,0.20404455941090777,0.17309269181008366,0.14690479871343187,0.12432430028326642,0.11780344376452091,0.12164633809070916,0.23871538393718997,0.2173817888981825,0.19750656534316124,0.171011223186705,0.1498962839668904,0.1273256701517605,0.11978912347749282,0.11643762034930956,0.2293591927303073,0.21125331105591688,0.19402602511541653,0.16934046004383152,0.15206895468857395,0.1299275795751824,0.1221578138353617,0.115718159512524
2018-03-05,2724.3179,0.38980774457592177,0.294337911543012,0.2256110910712874,0.16672406289757796,0.14110994673679803,0.13318721436303976,0.1440735450280985,0.1848307953363881,0.33963549242619906,0.2736562661779379,0.2139040285185188,0.16083320326959252,0.13527111346055995,0.12469635426928045,0.12824426526250096,0.14333186473564413,0.31870040944084016,0.26288229942578684,0.2085818994715596,0.1597559994121979,0.13406437803308302,0.12081934573088438,0.12169045087641349,0.13480704901597731,0.30002129138737277,0.2526782504974138,0.20577643797448145,0.16229307920982966,0.1358277631741808,0.11959541274081677,0.11727278954555014,0.12944032990153892,0.27493046014024397,0.2401983330766507,0.20008146208071212,0.16368498601497933,0.13795234656649955,0.11926755709299165,0.11483838285186872,0.12798911563721535,0.25483464493982366,0.22707592955779227,0.1959361174516804,0.1640582194056383,0.1410413498017473,0.12135811885080001,0.11490006950917424,0.11815528335470889,0.23605323249252821,0.2154311755155946,0.19104705547740763,0.16499520663039788,0.14598603856554115,0.1250501520898869,0.1168995925719581,0.11293277189010455,0.22859472931729252,0.20975871174474323,0.18652440246836446,0.16553848670579652,0.149689613466161,0.1271401147968859,0.11822042621654556,0.11395026950275736
2018-03-06,2727.7384,0.390713639946502,0.3002787732045496,0.21924346007752704,0.16220404311910422,0.13786350670604716,0.12974613689339148,0.14135337014834007,0.21952892350344752,0.33442641065534745,0.27631854821157487,0.21133707799099347,0.15764707473361084,0.13384048439789067,0.12349844624062278,0.12592257365277937,0.14846585799171164,0.31090343687347155,0.26346642552241556,0.20758297195848405,0.15679500345322478,0.13282678457776292,0.12076166264083045,0.12098152381391515,0.1332734972194587,0.2978057811359312,0.251925803518976,0.20558868025640503,0.16119754303365563,0.1355844214841471,0.12042998961369308,0.11879711289898391,0.12689717641768275,0.2769704617401802,0.23959763765262065,0.20008820962243376,0.16479362965948688,0.13936374138936375,0.1214140950430793,0.11786849024575205,0.12496752258612034,0.2563822262478656,0.22687050516168478,0.19387723595509432,0.16475964005168145,0.1431291010322628,0.12484071265230764,0.1156743390210448,0.1161730104085294,0.23542005531441992,0.21646993722572985,0.1912858135100171,0.16607215735720443,0.14711944839186314,0.12725810669851165,0.11624929681425719,0.11361936233424645,0.22920781925417816,0.21158356906320389,0.18962986683498492,0.16878298847055453,0.1518983726624192,0.13171792268418578,0.11875798848348695,0.11365722285575051
2018-03-07,2728.4155,0.3758286298368774,0.28977602069634645,0.2188380983614346,0.15903063667557865,0.1337743016293393,0.12439902534495684,0.1361862768414445,0.15908994283960431,0.3295067331273258,0.27021021580362714,0.20957699710188846,0.15445886658092203,0.13024223990073483,0.11947539877102363,0.12485979381473288,0.14365544801127778,0.3069593271352058,0.2562245866457469,0.20478232256146853,0.15519909182621863,0.1303933620024177,0.1175971614929801,0.11918693555335336,0.13290874257512644,0.290780073048099,0.2462875433957196,0.2032540296735948,0.15934918096937364,0.13356886730870735,0.11772946594062707,0.11474246979110804,0.1194144457838246,0.2732731313874583,0.23752426361485207,0.20044949928457995,0.16192472277383035,0.13715604419705527,0.11903566626000933,0.11325501950377413,0.11467644695049345,0.25366483576891186,0.2266678714261067,0.19552919177041184,0.16381460716513022,0.14059273967241498,0.12312496459480513,0.11470521795829891,0.11270749864488663,0.23794752993700052,0.21610260453838676,0.19135309167345527,0.1667987900784891,0.14757715304789018,0.1257837577595135,0.11750947915228077,0.11448324722722222,0.2291621660373254,0.21043583109943922,0.18815131510929442,0.16840561174512395,0.15347948926261648,0.12803737435193938,0.120037487544163,0.1168213498649581
2018-03-08,2738.115,0.3824055757884378,0.28609346476441233,0.2073052891364864,0.15100269963833066,0.12834192286744808,0.12134215024000143,0.13543567861813444,0.24244030247221404,0.3247550287676855,0.25990733696351825,0.19830144935130326,0.14633467191132715,0.12460116112764182,0.11610650080384811,0.12199037461795345,0.1404750870586184,0.2996520291874108,0.250033413541757,0.19618989213815335,0.14767277425108222,0.12530182645945576,0.11457581281785595,0.11783286905692598,0.13459240383613705,0.28517672508907405,0.24022774325389773,0.19648736887930973,0.15254268614473612,0.12944463985468738,0.11514209037580883,0.11502866127344567,0.1380268629895664,0.26658181263475,0.23212988625307968,0.19535587437585492,0.15648711245468064,0.13252606334451095,0.11670006781857814,0.11201044439012967,0.14194165273463522,0.2516747528517486,0.22294148779816234,0.19233605347815003,0.1597946064583863,0.1356794627235708,0.12086644872820813,0.11430148376621059,0.11723990463847592,0.23483264060704268,0.21399910920834747,0.1897104637370714,0.1628747772119224,0.1430005034044776,0.12580041444158516,0.11635276026644241,0.11447476659417967,0.22869946748752856,0.21105847106014053,0.18628007650301953,0.16387940213518132,0.14795704709650437,0.12926330613180748,0.11738790230357371,0.11469405395127073
2018-03-09,2787.577,0.3468095449359446,0.2657980663612198,0.18366414835568665,0.1270502764904917,0.11251247370584118,0.11430996239000657,0.14618383814501892,0.2020528212664905,0.30926103725566423,0.24334988131380988,0.17536571581310523,0.12661708417081816,0.11047121825729395,0.10891320827670375,0.13024104826492125,0.17834699003975768,0.2864322112904876,0.22906221734689577,0.17472654606492144,0.13011612006744364,0.11152124138272054,0.10644232794859622,0.12140639496991099,0.15476045482635967,0.2652132511792309,0.22064285245070941,0.17695010463778293,0.13613332792919164,0.11562190530590026,0.10624542383215223,0.11246590030300994,0.13469189682564023,0.24995415528664225,0.2171522901177501,0.1785797895503688,0.14140415117158042,0.11995725116900029,0.10706117314174589,0.10573817101539922,0.11600123397419553,0.2384174967082649,0.2113254781281619,0.17846794515954698,0.14653205231141977,0.1266369305428874,0.11188722420338199,0.10550856505991651,0.11044066924313342,0.22412966504657017,0.20350220235242722,0.17904877923115653,0.15191051120135565,0.13419374398457576,0.11852723441974623,0.10830545501441811,0.10799000134199216,0.2187663519977711,0.2016440641937796,0.17810703327275332,0.15553508797205273,0.13942617154986728,0.12385360618028625,0.11093423972459267,0.10838862193850082
2018-03-12,2788.3404,0.3551044956889639,0.26915926780454635,0.18452851449954424,0.1336241615793914,0.12161330287952739,0.12258601383828543,0.14570427146743167,0.22948516131648153,0.31639349850066995,0.2527088447190861,0.18070054362307633,0.1325946512107289,0.11723063918877986,0.11388790196563225,0.13092764127679352,0.165806657396714,0.29392393756650287,0.240609674602627,0.1831713022663277,0.13679974135419928,0.11787973726096206,0.110849662259136,0.12554848392126622,0.15847030839779222,0.27200843690978455,0.23000890503816782,0.18474512120624126,0.14334249255920284,0.12165162740697724,0.1096574531642774,0.1136563203764329,0.14465434504913424,0.25873519723537935,0.22361182414265993,0.1848706915754478,0.1497317160085277,0.12594040824759806,0.10967547682429181,0.10704948617510213,0.11991735126582997,0.24373838086294067,0.21536541391967567,0.18506251225469086,0.15371265069960863,0.13132525117773164,0.1142970779282757,0.10708858787624356,0.11436325461350406,0.23192566863387523,0.20971489879448632,0.18556266487535522,0.1562799861260096,0.13648330887593255,0.12008283748170648,0.11141873076320886,0.11011859255638569,0.22541337952844945,0.2061798485377337,0.1831350651028905,0.15806209164764587,0.1426325878226674,0.12496551745005449,0.11579118678550607,0.11031357987192167
2018-03-13,2768.4173,0.3724575538300601,0.27516548926219125,0.19658127097452968,0.1398731494169134,0.12227553877501128,0.11896796552042709,0.14570734557257103,0.21263099041059527,0.32258573609849767,0.2527997824385408,0.19122294281623503,0.13957417470593783,0.12003865026174952,0.11413321680242458,0.12843484291897952,0.16834812979785904,0.29964634859293504,0.24454972768023595,0.19222184451370586,0.14408683350434792,0.12210994480869475,0.11323158462340988,0.1244715081502667,0.1556465819408927,0.2785802096504419,0.2357974955363969,0.1923000230359279,0.14980813676317845,0.12601678776163922,0.11268547096460117,0.11395961275753684,0.1380005402493255,0.265828324950741,0.23047046210088723,0.19183188440461404,0.15352175284000896,0.12940735305606443,0.11312099193833677,0.1085196347265944,0.11228479358022006,0.2507475331428591,0.221224914270831,0.19046154849401978,0.15622803902221552,0.13337800734859626,0.1170649059470426,0.10919055761212217,0.10805300776285719,0.23582282523536377,0.21218635424095372,0.18909024718686412,0.15990186575734233,0.13901089866749894,0.12195465290798813,0.11143721219802268,0.1075725927969037,0.22854907115575157,0.2083884358670043,0.18582971785370417,0.16168879683656812,0.14360115675579618,0.12459866153138006,0.11386237785631906,0.10800508204352054
2018-03-14,2751.2083,0.38160027680687064,0.2962625717286582,0.20450493773891887,0.14416245137053119,0.12201615639756264,0.11675980718535563,0.1302983168683777,0.1881534717848818,0.333339478735859,0.2659845501349394,0.19720296892622333,0.14388817523453934,0.12081205441258351,0.11316911257258896,0.1236966833811835,0.18801564806461493,0.3108493610985714,0.2541611019649255,0.19726066737058243,0.14899228666558936,0.12450894507310568,0.11387590768418024,0.118098532508734,0.17197369177059832,0.2856208302444898,0.24127171459196622,0.19775381712126924,0.15479408429535288,0.12962904067968742,0.115125531441231,0.11262772836805897,0.12386977761080696,0.26865989334993473,0.23466216812002536,0.19974187296597182,0.15892576931994992,0.13366222226138802,0.1161493929671176,0.11150895978890091,0.11742527977989371,0.25338451633849074,0.22713585715472234,0.19963484063237352,0.16241829833327465,0.13778080474113683,0.11805779916156016,0.11081863662299231,0.11074640534594547,0.23899367167264585,0.21742604178018354,0.19451746511868442,0.16559474507086674,0.14590138616526302,0.12360135255504907,0.1133540326802609,0.11100528192573691,0.23018923653663403,0.21153931166017206,0.1915475431584326,0.16594653483386648,0.1502711270457272,0.12849212402061042,0.11679123717783954,0.11275741193834557
2018-03-15,2752.0855,0.38499819334111346,0.2983371222453011,0.19496838141150252,0.13248914553689492,0.11209973332194191,0.10703607791491156,0.12081445043267593,0.1879702071450136,0.3317857384424881,0.2599454402016288,0.18737706349419714,0.13410380791360227,0.11300447961853662,0.10586554767530518,0.11658415196476071,0.17666091304360645,0.30153397635514917,0.24480163484045298,0.1898727199363507,0.14088672341654357,0.11758023595105997,0.10835390731953276,0.11608297199476303,0.1589572124411002,0.27623858219027336,0.23548009673149703,0.19171649737551427,0.1486157036635525,0.12346524957963323,0.11128764294153526,0.1116924113470998,0.13373602261437686,0.2643501271514552,0.23163618716214793,0.19391887935169086,0.1553875594828773,0.1284805889623095,0.1129117421166961,0.11005490225881373,0.11785138592394144,0.2517859648304559,0.22420618110843515,0.19486394092505924,0.1606130953368588,0.13447917753832403,0.11624666274083092,0.11120779849394,0.1114422687703729,0.23507188530068243,0.2132654102785594,0.19331283987703887,0.1647816373529496,0.1443230380312817,0.12360079860267674,0.1147123227612154,0.11140202999300627,0.22649190229078608,0.20885266469459737,0.19275458235931817,0.16633624321951157,0.14837237502086817,0.12912370901453743,0.11810837024109487,0.11291263384306992
2018-03-16,2756.9449,0.3784050508394934,0.29212031142685957,0.18659412760836983,0.12241590149967777,0.10313761346904213,0.09871774692722901,0.11177569110686586,0.1524572111667469,0.33119510063454627,0.25991450673187955,0.18131469635791952,0.12640561122277744,0.10576182431777509,0.09989054051954484,0.11128837253007257,0.15357189241213026,0.3046104529622885,0.24378527749198456,0.1815120770339681,0.1335042716567506,0.11143654817695546,0.10328955424129263,0.11136895140237936,0.14333888833940797,0.27513453200532745,0.23047724422730642,0.1828409031733472,0.1418124711112545,0.11824703482456976,0.10657448203837848,0.10865780560675126,0.12881579314847072,0.25945351491403085,0.22580164693260696,0.18517790254559424,0.14930913084778147,0.12443927403841745,0.10901121899750639,0.10751617990941943,0.12477686269688906,0.2460559924725673,0.21843663459392496,0.18874687419920572,0.15538857905171666,0.13233221680342738,0.11358598833839034,0.10789135996341763,0.1095336055711185,0.23336673885094178,0.20960715063079016,0.1891707741037222,0.16080837510943946,0.1419543644961605,0.1202683686888966,0.11189224706339886,0.10976916095301187,0.22684442102185845,0.2051107038942712,0.18777428909990923,0.16385667402457738,0.14716226715371564,0.12290842918081571,0.11476885990005257,0.11220350375792446
2018-03-19,2717.2206,0.4452822340949862,0.3327719736522505,0.23881264465102528,0.1693131674161981,0.13665251650484292,0.12158414443386467,0.13142336921779416,0.18745536552463343,0.35983507758174366,0.28876707306377747,0.22129895974585945,0.16265578688529164,0.13180778391878867,0.11734526771427664,0.12366024570270086,0.15764260155335572,0.3276244734085617,0.26990936358224016,0.2130654942818856,0.16082869658584545,0.13185123126084314,0.11719077248179306,0.12138174846969185,0.14872477146618923,0.29633044133798464,0.2518127599078662,0.2074153296668326,0.16243385787688616,0.1352183863104255,0.11879609013521385,0.1181897456008651,0.13715342422846594,0.27525124087248276,0.24127104589290516,0.20474658345278757,0.16495068809121866,0.1390157482651727,0.12028798559447892,0.11635542496380993,0.12939260413932774,0.25573181243029997,0.23175946707530595,0.20168367308949922,0.16744478877009192,0.14395561305733545,0.12305075084687901,0.11516927850792828,0.115806084298734,0.24135059663687852,0.22191230770133255,0.19518996070105687,0.17034915644554396,0.15038062882917408,0.12973073355048445,0.11791065557375893,0.11473060169797343,0.2318850144117414,0.2145423242435421,0.19225639993470542,0.1719248763175196,0.15310853825149745,0.13432626001898687,0.12098486575724147,0.11623143912371893
2018-03-20,2720.046,0.41554649826413526,0.31594831367014187,0.22601201345121186,0.1612421814125125,0.13210942184394167,0.1191600283511401,0.12221918438164592,0.14957558940957077,0.3501347324354908,0.2822813453938987,0.21587139859269663,0.1582132499310181,0.1299948170888483,0.11716042748186452,0.12389274987100357,0.1530734976737804,0.3251442176095711,0.2668439131848182,0.20905530024954344,0.1581247061003435,0.1305159350737521,0.1170480381364824,0.12235458118205375,0.1539709858506274,0.2946125868687739,0.2503284259447091,0.20297251067442207,0.16018669151883766,0.13373503278420812,0.11800893834722805,0.1189922485457846,0.1465929513217247,0.27444867023683833,0.2397247879209283,0.20059725474117568,0.16413437630142858,0.13764457847749315,0.11906634140445073,0.11596132759961938,0.12521420904722144,0.25796412463285073,0.22823743038295385,0.19964279981656438,0.166936532609849,0.14059428951557035,0.12140003219721875,0.1142559902164625,0.11462370702112096,0.24253467188316988,0.21887606713235747,0.19470854155091036,0.1695227899250361,0.14608761682111693,0.12556626190700831,0.11673577205604904,0.11443937635742561,0.23381539153462993,0.21058546367114997,0.1910145285490626,0.17115484307811726,0.15148902510579662,0.13056312034629777,0.12017427730482626,0.11504058389667107
2018-03-21,2716.1372,0.387034263160088,0.3150350419818145,0.2146359211397255,0.15603696944417636,0.12847396155778792,0.11669400135502721,0.1347194279253107,0.1733156035979842,0.3506931037721898,0.28247130307014273,0.20926715241319108,0.15574100074486805,0.12732801273079802,0.1157110779185303,0.13831637979222758,0.1719914565214712,0.3248808898019109,0.26344405326643455,0.2052766351232286,0.1560692273585277,0.12816915692320408,0.1149499398498101,0.12924681716759295,0.16342277670438016,0.2894085632042418,0.24584933720353574,0.20187627964597082,0.15762485602512763,0.13127997441486214,0.11490014419573212,0.11593093170794919,0.14442027980098057,0.27109937724048455,0.23766858023605966,0.20065318206108695,0.15992687126486374,0.13579797722951734,0.11559009332372729,0.11162597126862817,0.1221245304357014,0.25571122700725507,0.22768371234492488,0.19694288253469908,0.16311033316614365,0.14241366881305198,0.11812597462993012,0.1119392291658765,0.11288877280888825,0.2391453262267862,0.215279394250099,0.19205887868247282,0.16519392019969345,0.14965709634129598,0.12464170682932381,0.11523299801544494,0.11362390764908219,0.23211234077239212,0.2085291510985775,0.1900664148093597,0.16656776136123325,0.1521430278474726,0.12908000599265418,0.11759568875423874,0.11389496397535352
2018-03-22,2646.5955,0.43553674502956374,0.35582734040152253,0.281394126324078,0.21510645788305888,0.174870647787067,0.15069679877721537,0.15445021430768746,0.18221681728575229,0.39092149526572156,0.32940951217052034,0.2665372899409963,0.20581311623672105,0.16736842813806635,0.14388374308170146,0.14744154582082175,0.17600788008638948,0.3550758915188227,0.3071015533342066,0.25114584652813643,0.19816355168547786,0.16215213058668398,0.1388208909183129,0.1389916209271823,0.16013870196011826,0.32440140582278704,0.2852318727504858,0.23697553188476597,0.1922049669641817,0.1599373214715487,0.13483215362311635,0.13123436161885785,0.140908372852648,0.3028759296361213,0.26686691912886173,0.22645406274104016,0.18898013496324842,0.16028105300127965,0.1325081407455398,0.12563509801529013,0.12740106691333708,0.27530675346950917,0.2473835970588528,0.21816555776064714,0.18765403796961097,0.159833253124783,0.13242329618414841,0.12159837934593669,0.11848269937838389,0.2529009589196901,0.2326929571354804,0.20958022908106827,0.1820557138444727,0.15986267789638653,0.1360897709155227,0.12289642729648351,0.11821610195327653,0.2457999784493532,0.22704037833966784,0.20239017753670963,0.1795802825161149,0.16199943330925018,0.13945631784922746,0.12419033491158783,0.11924445274166474
2018-03-23,2591.1228,0.44399745190088086,0.3709836637148002,0.30693469359183473,0.2447007509959127,0.2028624958987598,0.17337032025384358,0.1768761808375878,0.21224212580840898,0.4029074131529304,0.3424507422258616,0.286003337816325,0.2307905144503878,0.19106899534725386,0.16321632477892015,0.16671094145051674,0.2097379138867434,0.37305980877629263,0.32001457436497294,0.2689482458682415,0.21951825516862047,0.1831496400173038,0.15637017854548207,0.1546170712499252,0.18256490403926492,0.33650753300546726,0.2955413267792853,0.2530105485717577,0.21066770533057474,0.1777198795277391,0.15112221999610678,0.1449906760203976,0.15148327075801737,0.31101484592878365,0.2765481398626497,0.24132544645577428,0.20640757385676015,0.1745545739144942,0.14788972537747364,0.13855958261705695,0.13932770711284145,0.2820887084462258,0.25719862956291506,0.23123059034278837,0.20344724271402814,0.17290957417223896,0.1459959098318174,0.13292140451880338,0.12697628935964475,0.2601386523027385,0.2408346164459159,0.220072711267148,0.19589453504313512,0.17084083835108888,0.14694205633629942,0.13278278021945225,0.12470026522381944,0.24929657641547923,0.23071241547433977,0.21410606410388341,0.1917782787212403,0.1712294404148366,0.14921193707109842,0.13387627736245528,0.12475994070133761
2018-03-26,2660.2287,0.3923617422134447,0.3198662414371583,0.25035509405156203,0.1952661509003261,0.16658068001171722,0.15149369336657648,0.1626512488305563,0.20606948427791125,0.3557318156645341,0.2961964976898614,0.23990466290256804,0.18920526117054026,0.16077674138757425,0.14560582530363184,0.15803967420073042,0.2005302459624687,0.32451267002846473,0.278273439494163,0.2319731052264925,0.18504597041108767,0.1564831237164149,0.1398406002537517,0.14359516100888284,0.16992266486119628,0.30194748640736224,0.26470229290578523,0.22509053799823187,0.18289944550333165,0.15510774889604917,0.1359924540876159,0.13434057444772662,0.14759122771393796,0.28483581755594445,0.2516281784922571,0.22026807177073562,0.18233111694932708,0.15495800189878095,0.1334951929089895,0.12841527624814963,0.13580287582010347,0.26453502287536285,0.23899249532021088,0.21467816618280666,0.18284483139593152,0.15556955546421075,0.13334609483307672,0.12468370947115869,0.1205223388141041,0.24730071527899433,0.227648255908919,0.20507192070756644,0.18173617165574646,0.16012067807505076,0.13662159876021668,0.125613464778239,0.11973418023063324,0.24111387144188617,0.21975835799374607,0.20061993413819132,0.1813323843270087,0.16379647320070007,0.13902646795191645,0.12711926760680967,0.12026701123999178
2018-03-27,2608.0535,0.40115062985945243,0.3257203810026895,0.26755955120350855,0.22211369228426037,0.19023358163950527,0.16896427792513338,0.174012669488587,0.21918907366303833,0.3643153558866467,0.30812545960322146,0.2591240915023811,0.21549650965727377,0.18309531751204672,0.16214323562197236,0.1661696291884398,0.2128356677613958,0.33922608573231955,0.29523641150209906,0.2504474676900873,0.2087582883066471,0.1767426836190932,0.15437695487625622,0.15110928752299604,0.17499672168320793,0.32015225235747846,0.2841349623248737,0.24412483008948585,0.20360652382990693,0.17300936726020708,0.14891434446847457,0.14182754845601028,0.14486272694589342,0.3012323749119412,0.2720848366111878,0.23731175794591647,0.20064434804309422,0.17041735919915996,0.1456786950075263,0.13546872940587087,0.13379149016772232,0.2784512208479623,0.2549336606145826,0.22978416279390018,0.1972814762884385,0.16956873432513045,0.14437002641095137,0.13155334170267985,0.12485939129202067,0.2621372871966217,0.24278896839050612,0.2192753210468899,0.19209993197381536,0.1714143200036948,0.14761548522614354,0.1335119021601167,0.12479848613741283,0.24862919248578047,0.23235338672872552,0.2125579025946411,0.18967890029579274,0.17303375678606867,0.15111791461148902,0.13625228757019056,0.1265041959583755
2018-03-28,2607.3368,0.38666897698164143,0.3244365268490729,0.2670408050052321,0.22070000987293031,0.19335820049813343,0.1762422466952884,0.18389212219857992,0.21988730794396885,0.36468687748793616,0.3054706767034456,0.255431617333406,0.21144402554403224,0.18450105056376423,0.16649115265512418,0.17224110379856236,0.20671882613944392,0.33301961561884513,0.29053992810355705,0.24561655511705432,0.2050227088836409,0.17736574605213845,0.1574290961949119,0.15565970326517695,0.175635856378384,0.31187590312429053,0.281021688838839,0.23943973422942283,0.20199948523980024,0.1741062819644435,0.1526961394972064,0.14724950422906502,0.15489791332838354,0.29589088423510607,0.26954144136490693,0.23392158249594483,0.199595359130851,0.17359290351626913,0.14992151996141195,0.13963802601970438,0.13942213666534556,0.2749467489595828,0.25438811627184055,0.227187305056815,0.19757043635496752,0.17466161928529408,0.14782232799464984,0.13473629252102018,0.12842754857645208,0.259404787941226,0.2395439159977534,0.21819395888524612,0.1935231419588624,0.17460698380809578,0.15189392284095982,0.13676957649397095,0.12842032199169287,0.25156488009578837,0.23116860122304891,0.21399970261020285,0.191762734909901,0.17449768029037302,0.15644995123230776,0.1396441817145575,0.131507894843077
2018-03-29,2644.4648,0.36674832303798716,0.2934580466088875,0.23190371569908932,0.19108906756441763,0.1716928775471778,0.16091948647912416,0.1727520978656826,0.22504613236957657,0.3353676742350841,0.27345726316868463,0.2254718236869454,0.1866747728731458,0.16621409363492015,0.15422300976040226,0.16165746222344524,0.20675301718132777,0.30742894412824634,0.2603876244235627,0.2193721567817404,0.18315511644636442,0.1609978931939459,0.14651559932784564,0.14664206766791604,0.1740443510039232,0.29454601769287203,0.2549625714018397,0.21725271362637652,0.18313174346751016,0.15985699514949925,0.142900384380389,0.13983171731734548,0.15406564054531138,0.27951566173287895,0.24733438025173557,0.2146516146569829,0.18358837798853286,0.16002267393498157,0.14079777736353533,0.13289599636592106,0.13897463104928198,0.2631037446096378,0.23860578780064293,0.21331914143605288,0.18434383825801443,0.16039090783704457,0.13900065167057063,0.12724046260898536,0.12313691254548974,0.24858289396498964,0.2285062233114811,0.20757083667052662,0.18288584285611204,0.16460237350547513,0.1425419923322781,0.1291606659511026,0.12244582034858582,0.23704799383278083,0.222678186288867,0.20267713006756335,0.18349754587803818,0.16775728571349097,0.14811120561340965,0.13243247925258944,0.12337014314389301
2018-04-02,2581.2907,0.3917366939383471,0.32077635883640293,0.2715075846466273,0.23283253685108585,0.20876092872290222,0.18888809390382416,0.18759508064927763,0.21057271626625018,0.35176184917992376,0.29950279368396676,0.25778342426652195,0.2204755736585742,0.1962957465750548,0.17634887414067216,0.17326477201720902,0.18992460332893993,0.3261934471909264,0.2863162868509098,0.2483741155512356,0.21151692530943667,0.18618517627959047,0.1656021321009989,0.16119561658832288,0.16902887616317241,0.3120275829670104,0.2773089642434557,0.24336912677680594,0.20756674534642142,0.18208136665154875,0.1590455183845689,0.15183246986196686,0.15339777766616225,0.29238420586905367,0.26565438774021,0.23652249970329098,0.2043683340166044,0.17950039146686275,0.15415912196557235,0.142612015083398,0.1408204995084762,0.2773694158035994,0.25304081993843336,0.22846897866349514,0.20119456349029555,0.17760677186347593,0.1525412975479981,0.1369883481377674,0.13155175776052674,0.2627372771124494,0.24041104768878357,0.22001644491203115,0.19587110442956618,0.17914262582550605,0.15541382222983144,0.1378064275355042,0.13060303901329048,0.25196882491159445,0.2321955016187374,0.2129977497591097,0.19350615774906862,0.1806134649982452,0.1591017448958266,0.13977026738274015,0.13262377739465678
2018-04-03,2614.7342,0.36380724047041063,0.2971476010535335,0.25275754094851366,0.2141972727447837,0.19022569824749153,0.16971261445622868,0.1672437560230485,0.19316229781594207,0.3282534463784309,0.2801552450008792,0.2394241560247573,0.20363816100447862,0.1797100625027805,0.16009439433398692,0.15537556887643328,0.18048842099478496,0.3100245592611673,0.27159364584312273,0.23208775513313004,0.1959427633447898,0.17162301539834657,0.15249613847066723,0.1477405369684438,0.15848552125023396,0.2972508868970258,0.2634157469169171,0.2287222180871194,0.19313911275670093,0.16830277360204757,0.14753106021220064,0.14071275643404946,0.14453261047643542,0.28315622930558554,0.2529559279747405,0.224956581503092,0.1911441686201265,0.1676033695729732,0.14391839060249442,0.1340055085461389,0.13262366294632905,0.26665976687145554,0.2420881861324754,0.21942239257187302,0.19011003658083253,0.16778170340201076,0.14376393797659795,0.1293698490812452,0.12318537769619337,0.24922396236267552,0.2307156497553804,0.21167779190739477,0.1881457158416322,0.1687882715627865,0.14787070954718173,0.1308289937753681,0.12320024785586144,0.24018883923087972,0.2225802874116151,0.20711074321570774,0.1863392785801558,0.17068548249098325,0.15134475627344068,0.13235913883938627,0.12375538133769147
2018-04-04,2648.6839,0.36128343413532066,0.2968866076027392,0.24366057396599602,0.20154966997743773,0.17889767999784545,0.16225471651045006,0.1705405873694183,0.21798240421499868,0.3317533387121755,0.2784230738642537,0.23194708574178843,0.19216126007294176,0.16895437564730387,0.1526855430558817,0.15203402209894812,0.18001424264554794,0.3151338274917845,0.26832337816082036,0.22579789700287306,0.18686393920977407,0.1620842779053215,0.14567990645546275,0.14332474030563577,0.15527591505868812,0.2970341092371503,0.25783859462504144,0.22052432320183996,0.18557162992450046,0.16012387838398956,0.14102363339745103,0.13678484813490321,0.14354347477283846,0.2762244586159833,0.2473966627779476,0.21654111158773115,0.1849461913415525,0.15961125411246685,0.13838478242127333,0.12963642546287382,0.13217351002795363,0.25951474462463725,0.2374943352428117,0.21322953439017772,0.18398800887166034,0.15920383132061572,0.13726541117657162,0.12613644428707185,0.11982765813404235,0.24505039876645285,0.22890458026455623,0.20589751040492443,0.18220894944810037,0.16157508128854872,0.14059042165890717,0.12796669875135291,0.11904597339958224,0.23912215603857456,0.2218975177007213,0.1990631275352088,0.1823189291221884,0.16540759952969952,0.14263615501162905,0.12967443512706597,0.11898291228237484
2018-04-05,2665.1872,0.3525311648186369,0.27980490801911323,0.22767382795878313,0.1855447112985395,0.161813164851185,0.14602349336444972,0.15667149409916983,0.2709923982163149,0.31687661938651357,0.2637516443432357,0.21935025121482551,0.1787151172795233,0.15522039429304288,0.13937145408434223,0.14037447096698988,0.18535601480193545,0.30275058406727945,0.2571700600614012,0.2157617144853475,0.176000793797116,0.15178375463273666,0.13494451994109982,0.1328585012182057,0.14933177705984693,0.28956491309324045,0.24955795466869388,0.212287761350484,0.17578646131121214,0.15014060024274767,0.13183560663268848,0.12680382963942632,0.14161424674510711,0.27214710177087303,0.23983033781231605,0.209133732526035,0.1757765448859502,0.14976182550400108,0.13070222297868775,0.12214039131576424,0.12575742004017745,0.256602583507827,0.23082465060773757,0.2073225966563827,0.17583770227524387,0.15196105837271015,0.13157885920651172,0.12005202081072378,0.11442895428225625,0.24381727740567544,0.22368568197718378,0.20226687525375817,0.175572591182941,0.15687083828883758,0.13611455160615887,0.12370786180222182,0.11514173060897517,0.23410398903210666,0.21894080962221457,0.1977934403869798,0.1757129696584033,0.15920866188252356,0.14034770670404662,0.12645547328732212,0.11699779025769923
2018-04-06,2606.1221,0.39647619993079813,0.32193930083108097,0.2551160565516482,0.20931779497526745,0.18182986598775516,0.16623205981493103,0.1851205646112699,0.23226337089510699,0.3445677093502617,0.28671507661897216,0.23898025538542741,0.19998885931360133,0.17326236731630434,0.15642938859504535,0.15992145648007858,0.190744957931171,0.31667432357651065,0.27198211076592316,0.23313090862565283,0.195670665424141,0.16947922419274292,0.15151140198360272,0.1510673005457392,0.1671632093535135,0.29830648054641573,0.26342201988099245,0.22941405312436805,0.19369061300325874,0.16812299686909538,0.1474630440431042,0.1440408918727585,0.1516567040340482,0.2836233942973816,0.25434173718787617,0.2253667502606473,0.1923856594315126,0.16618656934398468,0.14489543134231633,0.13580460226799496,0.13584545606680976,0.26946382814160164,0.24402627272315086,0.2195307504710124,0.19001502897886569,0.16460832248643523,0.14477484489067455,0.12882188128656538,0.1252078233409326,0.25191987105521535,0.23123130918212872,0.2106634977104575,0.1867406004225577,0.16746015720054988,0.14634369962349916,0.12985789313106588,0.1233746015695345,0.24055430845420714,0.22404406208834676,0.20659445128936735,0.18529064160533054,0.17134471095064535,0.14858502534696846,0.13270353083869707,0.12426707036339164
2018-04-09,2613.9792,0.3776695831653516,0.3087310853450499,0.2585733504502069,0.21828297197063973,0.1926070472141202,0.1730801534378042,0.17210699643185448,0.19433135313125613,0.3484996529359301,0.28796375120587164,0.2433862670551671,0.20541150795126467,0.18130253535200772,0.16301156341239376,0.15856085129805103,0.17911848482380552,0.32303669816697106,0.2753990291933653,0.2369624757151292,0.20010052518259447,0.17465679609261392,0.15554313100812459,0.15121083902805105,0.16444602000679515,0.29959452851604224,0.2665884874203924,0.23184874384082158,0.19666410778562218,0.1701531860533449,0.14969596777350544,0.1429693779768056,0.14942793090376114,0.28334841073359335,0.2573874189427507,0.22734784146677212,0.19452892125328797,0.1675316900618945,0.14595400471729952,0.13500948855302486,0.13461468730772527,0.26808297653667607,0.2466972675400066,0.22247029426203216,0.19073424390306237,0.16592074481971456,0.14375714694272682,0.13060785362755295,0.12471441768726794,0.2524464989631253,0.23654279971217976,0.21257124095808422,0.1853317168348428,0.1691227334993089,0.1465852754662334,0.13267808619538066,0.12442644955827688,0.24383785121770243,0.22591103958924155,0.20541948114327743,0.1855598478269452,0.17200806243791802,0.15131303315872457,0.1362853455289768,0.12470709489437432
2018-04-10,2656.4648,0.3687727938853088,0.29499904106193114,0.23700702533236961,0.1964664346278238,0.17508173830982582,0.16161514958617185,0.16711629829021546,0.22833316245345536,0.3318734593633642,0.2727903384380042,0.22750535668560026,0.1900529581982297,0.1691701288841866,0.15390155005710007,0.15218644800735232,0.16195720821219062,0.3094349917927946,0.2635104945280606,0.22277850573093125,0.18704058973972307,0.1647120115120967,0.14818724364879485,0.1452779726983267,0.15077470013727803,0.29251425587343605,0.25580593359187104,0.2187986404673468,0.1850390955330463,0.16177953131660863,0.14369062109100025,0.13881079650357514,0.1431082656199817,0.2783352682887962,0.2479428882448751,0.21662798566790395,0.18376383377146896,0.16024747139057538,0.14085731622795467,0.1324137918749661,0.12862499774951192,0.26201498441476817,0.23734524264378218,0.21288578346113965,0.18348277357734996,0.16061085960101198,0.13938887790534543,0.12815909900818834,0.12227796266814499,0.24523426409874502,0.22654490749346642,0.20655230089039792,0.1826412619740116,0.16492105139099048,0.1435461642433179,0.1295814907809141,0.12295094598747948,0.2381499748612029,0.22084866801589767,0.2038238517702317,0.18130826646311146,0.16625877150169033,0.14850198173137186,0.1321907468405362,0.12413649559036756
2018-04-11,2642.9268,0.35737865218940057,0.293664504275091,0.23549922170477472,0.1910473892152686,0.1681273403652296,0.15583465301552626,0.16183460383765946,0.20088147914275437,0.32463328097211525,0.2746444838880277,0.22639387954080836,0.1868653744968241,0.16391977074950298,0.14970790461468234,0.15196248231791937,0.1683048678995542,0.30742682938856125,0.2655984807257939,0.22141920949256919,0.1857654141848074,0.16178569276734786,0.1455464506514391,0.1451165819979831,0.15936983187145443,0.2888324525295712,0.2542865343909246,0.2176674617091089,0.1851218133368992,0.16124591826943016,0.14145770244969202,0.13651829300171114,0.14199790230246445,0.27558218753719277,0.24589782189834125,0.21604529338456793,0.18465559393284053,0.16121204131659803,0.13836341228011106,0.1304173034282176,0.1270676843716044,0.26200781220362596,0.2362848421328988,0.21357557442115663,0.1843260059629281,0.1623964211942975,0.13741815933017223,0.12712977768734915,0.1228024619323615,0.24880877983142707,0.22786904191744112,0.20699114795421733,0.18171835400696304,0.16595777709731227,0.14472658487211038,0.12907274088324325,0.1222848907971431,0.24163986861328704,0.22443650325186001,0.20057916754370025,0.18049221308915261,0.16798515693823451,0.15104915676588043,0.132377717908052,0.12319295836290585
2018-04-12,2665.1191,0.34086878502862367,0.27395681123048793,0.21664568691153246,0.1725544625402076,0.15185598804239364,0.14176208732005072,0.1539049558824571,0.19515231775059474,0.31054494447346187,0.25862533339885496,0.21111085171629196,0.1707171774579032,0.15033324876542664,0.1383488960996453,0.14309531370977294,0.15982043071023214,0.29625835114975385,0.25073089985420904,0.2080936856842593,0.17084116808816086,0.14986789512029083,0.1354050303973333,0.13541316925533503,0.14965806760586256,0.27873447091549913,0.24382674967865078,0.2064198010732706,0.17218074722000087,0.15029638670154566,0.13248186240873427,0.1281323851568724,0.13940628120986887,0.26708296022075706,0.23858575996849157,0.20579009421061248,0.17375386237919802,0.1507533143129749,0.1309282958729652,0.12374441426032955,0.1273646388398841,0.2542038135613766,0.23054827014322116,0.20506111966427334,0.17579278391437647,0.15290734869869987,0.1316419513994478,0.12253702530582587,0.11742639781214607,0.23957058051883506,0.2232122033237353,0.20114987102691168,0.17690372147768105,0.1593016813169711,0.1364736550380271,0.12427043689681477,0.1158669003246359,0.23286899854129536,0.21851386834837452,0.1968940891669654,0.17766498407335948,0.16438043092191498,0.14126669303287767,0.1283705886555381,0.11674353049398113
2018-04-13,2657.3197,0.3447901593696191,0.27109134774994864,0.20449136576879554,0.16138000478706585,0.14155300802639112,0.13260002778971858,0.15241810690104093,0.19872083093730528,0.31135665479934244,0.25469080736038346,0.20013129708245303,0.16142872934939298,0.14045787474817967,0.12922913350580884,0.13907046227993713,0.1766456771716588,0.29373764898213534,0.24392599917919652,0.1983194863540964,0.16223287991201468,0.14034938973147484,0.12743283509363904,0.13145100123951212,0.16170075600521466,0.2730638673052512,0.23509260793984857,0.19849051605012671,0.16373555379473406,0.14174735324875753,0.12612635175715095,0.12328127372643882,0.1404790356381753,0.2590391549537787,0.23063590028271183,0.19938096406455483,0.16481535844243456,0.14448395882969733,0.12558236867507286,0.11783931300367842,0.1168297109111342,0.24841263377498132,0.22401557763324076,0.19861225464768534,0.16512090717089525,0.14878853154993638,0.12787987144722548,0.11650915617741979,0.11294528732366987,0.2351653594087089,0.2170910748557036,0.1963428490999784,0.1671334699870087,0.15238958264905503,0.1322659504096829,0.11956182136299294,0.11373700554776797,0.22834483562883354,0.21336807540528882,0.19640183690364937,0.17100967523656252,0.1574187530899081,0.1389473933666304,0.1232486135926516,0.11573094288354466
2018-04-16,2679.7587,0.3631032718986733,0.29460538806325537,0.2076001180973535,0.14893243966025574,0.12729090931592793,0.12381165318616685,0.1479552708923577,0.1729191049219455,0.321555149107141,0.2584071442907212,0.19481514080420112,0.14800556744462542,0.12676281939119247,0.12040349502914016,0.1342310333628485,0.15843945744381913,0.2931065862503921,0.239457472223778,0.19048550679829657,0.14841266115206844,0.12720658165910645,0.11857536387495933,0.1263093812563506,0.14949511934791457,0.26768280387710247,0.22883168577661303,0.18876633082330377,0.1507674582331354,0.12946371111118443,0.1173325594076085,0.11887807526224763,0.1420127812408799,0.25369084700809214,0.22399824147197417,0.1897109983884746,0.1542612557329522,0.13312439040239096,0.11667771279093285,0.1136251992717673,0.12082655949536555,0.2428046482547239,0.21796283635395963,0.1908747042584134,0.1582879224983448,0.13684255281543892,0.11895522617606355,0.11290558659439039,0.11135570846901521,0.2314117891589314,0.2117448140500743,0.1880185650722603,0.163428884917472,0.14407655988738347,0.1262199416837879,0.116636341461514,0.11108250544060322,0.2263509862431877,0.20758845488852676,0.18685686966487747,0.16563752798133202,0.15056537633005218,0.1317989407133785,0.12220787303869249,0.1136261536588433
2018-04-17,2707.9178,0.34232716592765466,0.2699596231876027,0.19828589382629297,0.14064349182934843,0.12054458755012365,0.11786265170720407,0.14706786795098664,0.18745517778574933,0.30844429200924145,0.2462428987637417,0.1874548291904342,0.13825879500910285,0.11895206583082099,0.11413653306027914,0.13360018648165592,0.1604499163635482,0.2857447451501553,0.23148733131046606,0.18145189093868425,0.13786175460745134,0.1183084409157998,0.11132043772821054,0.12437241269733051,0.15016691343718883,0.26479277341708024,0.22156560666431074,0.1796825495057389,0.1407696220139726,0.11993555010776327,0.10934941911242455,0.11207347311879298,0.1375619102587182,0.24922781127176113,0.21590835642157044,0.18050269706293218,0.14610158732739867,0.1241887072740671,0.10887876761167342,0.10580712489320784,0.11663926982926132,0.23645246235175138,0.2099504887670902,0.18153816497680944,0.15016107424551822,0.1291239924649099,0.11163474350219045,0.10620527910898529,0.10651721732098231,0.22526980526624354,0.20302719512275091,0.18203929075938127,0.15533842088134267,0.13701974781348567,0.11781814364341783,0.10923872907021859,0.10592918473240605,0.2186674941470155,0.2012042500923631,0.1821867913317087,0.1580102242564448,0.14295486162708287,0.12384599371064395,0.11335333467939619,0.10837017541724334
2018-04-18,2710.0827,0.35370576332811215,0.26794472451432694,0.18789243109611767,0.13716997512678117,0.11746103244932415,0.11392026341923682,0.1433936169113133,0.1933691411351218,0.3173488619694113,0.24095887290702994,0.1829191811669674,0.136341068243795,0.11654595056188655,0.11322393280145689,0.14910214721444115,0.1930481008134765,0.29309342915733233,0.2288854223698268,0.1804722280225631,0.13654222998211354,0.11626854665396598,0.11032409118722324,0.13721114353314837,0.18679062714977498,0.2655160508304666,0.22013387415850316,0.17933467574886097,0.14027316071431312,0.11855434033404694,0.10785345968976319,0.1130708906057041,0.15311710731187667,0.24882235678780545,0.21532808800788938,0.18079496296179165,0.14461203720055094,0.12282315431304901,0.10751252790309404,0.1041346516858272,0.1186862271831292,0.23524924796799734,0.21073735251748993,0.18195013243429042,0.1472890729420438,0.1276346290779694,0.1086817414794675,0.1038199332926789,0.10957488096237636,0.22457562683935947,0.204374417370872,0.1809445250520748,0.1534382288514455,0.13537263547585585,0.11288901857804202,0.10573568329367214,0.10524417582373266,0.21900737528585293,0.19967504180156906,0.1803602750603093,0.15976506627630757,0.1433537942048736,0.12023840102392244,0.10819786891200942,0.10544169342934216
2018-04-19,2692.9525,0.3429850597601068,0.2680330290906323,0.1966171285766719,0.14643345676889002,0.12445890168130098,0.11612321205846987,0.13534160807900883,0.18241797358723963,0.3100972702506482,0.245461941945665,0.18941946369361198,0.14458472636431347,0.12246085783718684,0.11375724011538214,0.12989155178701664,0.17512653765914962,0.2826445726188782,0.23476965588004067,0.18667590567165915,0.14455794791371734,0.12133342958254605,0.1113183179504144,0.1227644165027341,0.16325357284311115,0.2643486036594621,0.22803337602038823,0.18666630360456307,0.14682005780344867,0.12288566778018056,0.11034983090558273,0.11500891274233871,0.14246180106722528,0.2551786409144458,0.22258611817067103,0.18738351466525632,0.14943395310467758,0.12547496494730448,0.10997634331427539,0.10822870810773356,0.11552714658224797,0.24230358222153517,0.21519818125245554,0.18593271010260323,0.15336153087661056,0.12924926550224383,0.11235168066376096,0.10656756934683644,0.10635431035840197,0.22706104925779386,0.2081882936206071,0.1831890990273449,0.15838911149185622,0.13753609385673524,0.1192114020632205,0.109464013240023,0.10685024486261997,0.22122436919627153,0.20477684543400992,0.18198215552992594,0.16145559705224558,0.14350467831204813,0.12247291587352538,0.11257205219263523,0.10865984513056141
2018-04-20,2669.3791,0.35072185744329126,0.27198438251781204,0.2042854480720813,0.15779749038297886,0.13420044951962137,0.12239004749264656,0.1385205939658304,0.17937823570723077,0.31488624293038664,0.25166356702759424,0.19879180164142676,0.15495879566549803,0.13126571684729438,0.11992694002050874,0.13834838545387165,0.17751481283320794,0.2881469060602472,0.24103218161924794,0.19532209882230486,0.15378097513718936,0.12964011684384502,0.11702784382319245,0.12772755951253434,0.16487951669380588,0.2723076733697573,0.23421494167632992,0.19397286275403772,0.15501722405069493,0.13081480554981884,0.1156079514967448,0.11764569723949644,0.15059082367501814,0.258951081017109,0.22769588574974323,0.1928120154312702,0.15658866371867797,0.1334708916100366,0.11493187007920386,0.11019841662048374,0.11839490029806098,0.2431033973985612,0.2205568657894646,0.19090481650744784,0.15860226100709407,0.13654309827378353,0.11665958949354915,0.10903246681907981,0.10856344587300153,0.23165640143231134,0.21422793883103772,0.1878462848829204,0.1609178566727818,0.1432290722219587,0.12147539597061865,0.11112194625436278,0.10843868510344105,0.22749510376145934,0.21062754415509088,0.1867065091011625,0.16143500456112106,0.14948461585245576,0.12661447867317202,0.1131617614190046,0.11083618451292448
2018-04-23,2669.8232,0.3403857649177739,0.26425009603581495,0.19857566527199091,0.15531859020840555,0.13379472309389553,0.12182231394300663,0.13670499407622183,0.18288892095903744,0.3107900283260478,0.24608493210384583,0.19412191652271446,0.15296079819220804,0.13042531712360148,0.1188617465269414,0.13419274259641262,0.1807853414856012,0.28057444346200106,0.23558705756794468,0.19140347950031125,0.15157911135190752,0.1286158647698427,0.11567116441692551,0.1226411060399397,0.15631251885244402,0.26527237023273287,0.22905381816316067,0.19150484785544664,0.15346734151565528,0.12925837842184673,0.11422228694736988,0.11586519933041142,0.13769373120741424,0.24996087912071163,0.22208603145319727,0.19100016923057528,0.15597261412745966,0.13104735905749795,0.11297931764229308,0.1087730942083894,0.11862897835937188,0.23988317322273325,0.216606715646908,0.19012817117976843,0.15805422818842735,0.13437239522779526,0.11447725674742942,0.10766719112626497,0.10812519777918594,0.2305214557610941,0.20817959778022216,0.18787745836332076,0.16173520941838662,0.14045651750933547,0.11997174752723139,0.11124477465314017,0.10784480202248929,0.22476240937992636,0.20430666729649155,0.18637127030795364,0.1649441719558439,0.14273742416553656,0.12378838591444156,0.11558260504724002,0.10850676711799151
2018-04-24,2632.0496,0.3636197841883093,0.2837543716907016,0.2158444257310914,0.17528701469707136,0.1519896817715511,0.1368093505270708,0.14400915180089424,0.1910563024461444,0.33580286431481227,0.26094955455197305,0.2088667180800676,0.17002588193058613,0.1458127944518583,0.1310534960712156,0.13653095132851692,0.17553619586883173,0.2962042159817852,0.2454116876901348,0.20396588129649781,0.16643522181904777,0.1413777671482343,0.1257356478057088,0.127028701107598,0.14839241560623223,0.27480834119626596,0.23839470618585887,0.2017941581119134,0.16560006206099467,0.14024471233176528,0.12268298914466788,0.11963172299125767,0.12889053427348682,0.2595619235355844,0.23055871817462859,0.1987273679025293,0.16590287299966686,0.14062242432386005,0.12086952600851471,0.11311823691010921,0.11343528224080031,0.24528483450094352,0.22312762013497192,0.19686205822074093,0.1665718641603421,0.14170993880651578,0.12149643831857664,0.112383628839594,0.1114455044561347,0.2337490473323022,0.215049757020719,0.194008120352094,0.16810950446022324,0.1443116557976634,0.12484752312516113,0.11479424138026546,0.11148450616286272,0.22604660138422256,0.20988747890053316,0.19105264973733443,0.1707605182558878,0.1498455119330018,0.12717585600505918,0.11792110102884519,0.11334110976856686
2018-04-25,2636.4729,0.34988300717328347,0.2738514891249378,0.21539646301172907,0.17637443031804345,0.15361725846920826,0.136089380443952,0.1332391131000283,0.16374678662509812,0.315536166530713,0.257519645715086,0.20803389168890962,0.17074536448785543,0.1478603042975905,0.13084250060733374,0.13022369093888325,0.1629209914418321,0.28989121195819206,0.24529706067479737,0.2036533493110213,0.16703469956440947,0.1433565593617772,0.12618422993949993,0.12389420793953573,0.14516073736441998,0.27233906628222415,0.2382279528917652,0.2023138195725919,0.16669924007259343,0.14210590186124927,0.1237894917611032,0.11962032018733935,0.1302057125012144,0.25814780438430324,0.23116301203018344,0.19909747712530654,0.1670976883842147,0.1432039725723281,0.12201746566304103,0.11395645247431409,0.11594846997807427,0.24809536362567153,0.2235398149491029,0.19706544999909198,0.1679144437772638,0.14455152577208272,0.12267460077295958,0.11340117508419224,0.11238241046062417,0.23582483001814533,0.2130075747197319,0.19244610883181698,0.16983796508927426,0.14645769408250014,0.12775819114159476,0.11685658399708274,0.11194160929215637,0.22800632376769156,0.20689985344976686,0.1894014738327655,0.17108660354815552,0.1501715569288319,0.1313943610289066,0.12038658634692422,0.1138814913708288
2018-04-26,2666.9596,0.34125160935830967,0.25680561167378735,0.19732603583120592,0.15526950936995232,0.13409689808956562,0.12257560410938285,0.1299358218716231,0.15428089566252426,0.3061977290992839,0.2405074660922663,0.19213909314253125,0.15318951793534197,0.13174613160843948,0.11990853933666869,0.1256878664561081,0.1453083730891015,0.2774281895330835,0.2307586310885821,0.18971403167084064,0.15209519063995172,0.13017751956880771,0.11751414760029509,0.11871331278426066,0.1352610143356459,0.264092125830375,0.2268088304815664,0.19014417058519426,0.1542749579750327,0.13122812791792213,0.1159356925332072,0.11304874220627091,0.12434732891872781,0.24898719351824064,0.22019061510510246,0.18882415432743138,0.15656452457209966,0.13345483830297072,0.11366352446989071,0.1085378205437705,0.11138763497883396,0.2383512056105043,0.2148826150566228,0.1878267475140477,0.15891780432208974,0.13692163767584817,0.11495318637850585,0.10914732605364268,0.10844659757433948,0.23034398629161898,0.20717141417731064,0.18568515109402858,0.1612580177624746,0.1425208019089645,0.11915431145784114,0.1110237154002884,0.10846025787550044,0.22808337406566928,0.2008461790768805,0.18398576666672659,0.16218838178219921,0.1475133138580544,0.12376238239612435,0.1122435741611114,0.10829846899815597
2018-04-27,2671.7984,0.3295298215733356,0.25713278427211717,0.18711116298878316,0.1416528309904452,0.12246854466741779,0.11346507880576484,0.12870723615979676,0.16299945394532328,0.303423285693074,0.23667376735872242,0.1824615713878927,0.14277699596487142,0.12289202296460228,0.11219814774786956,0.11931648816318731,0.1679526886772858,0.27587408972497773,0.224145675858199,0.18066728024217743,0.14444950347994964,0.12359629538740814,0.11156776288846433,0.11425544874506019,0.1543669150389598,0.26187586176493816,0.22015788067183675,0.18383817283066572,0.1486731893156775,0.12666224712408497,0.1121613938764532,0.11059369996941916,0.13488254465766059,0.247298739864545,0.21584586469103317,0.18500051193625267,0.15218085215087873,0.13025124360529103,0.11187672648131768,0.10671035622450101,0.12233358164725447,0.23480495869391121,0.21161788993554495,0.1849943516978707,0.15499713213422295,0.13371609444410712,0.11431167734649282,0.10675914510562876,0.10963045037132069,0.22581503197313915,0.20578266788720526,0.1856272407895564,0.1572776748980644,0.13937928274908618,0.12397152203834738,0.11116060127163581,0.10796096761404031,0.22181472943744085,0.20227380979722662,0.18683193951294755,0.1585083550984966,0.14357994924918724,0.1303687590524933,0.1157162689775082,0.10982513925295327
2018-04-30,2649.1694,0.3466353963831911,0.272997628996077,0.19575550744920148,0.15206874505506646,0.1320154159047625,0.12162871467748372,0.13532299359023864,0.1821892191835443,0.31864260542054634,0.24460742451115425,0.18627444566160975,0.14874902985244798,0.1280101603943373,0.1165163478020833,0.12398952612083591,0.1624940890730662,0.28146648395089213,0.22741423878460287,0.18479195238416896,0.14906475618916698,0.1277405697769611,0.11496289933437352,0.11744536363314938,0.1519347370885718,0.2647372840339057,0.22303772725384668,0.18780941327476136,0.1533591047333674,0.13120999621465287,0.1152414359219225,0.11278604997541777,0.13387011061473536,0.2528041198931321,0.21773326650725314,0.18847281251136358,0.15616804043964558,0.13430316794891423,0.11477549070874621,0.10889566112304506,0.1136664361401732,0.24229345802370428,0.21362690477340737,0.18808421652404586,0.15841986098654381,0.1380397734083437,0.11755798445300536,0.11042244592332479,0.11168185373561988,0.23065716165391653,0.20622924746262597,0.1871558604968371,0.16005652375191962,0.1434747905894766,0.12406280930375557,0.11383350246082975,0.11069537913348748,0.22222772429545562,0.20180678865370458,0.18752492244363414,0.16247454658814484,0.14689897222174003,0.1279628559448526,0.11457586529882077,0.11060210943586045
2018-05-01,2653.2865,0.36164531367235053,0.2557865639284977,0.18895527499516446,0.14796000803572779,0.12803582456129323,0.11783409947650353,0.13269987269826802,0.1803413240965539,0.3091476682103302,0.2321788447811091,0.18086406558645418,0.14511516296459914,0.1247409645384141,0.11281393586975537,0.11795665700986402,0.16966270233014571,0.2712507761294247,0.22309875299927442,0.180687696690667,0.14587424029514928,0.12472378908071065,0.1114901135323137,0.11287436741517777,0.13975762705807546,0.2573666885675448,0.21913133731624754,0.18294917781874395,0.1493637824490136,0.12798953495526785,0.11218047571229957,0.11082618418105976,0.1258886427412942,0.24422339789752767,0.21390642072255847,0.18290861089315857,0.15253920627093343,0.1311987646424921,0.11272454755331837,0.10738074532657345,0.11722544482195289,0.23479482881486022,0.20996298325430876,0.1836638225557095,0.15728127036497835,0.13515009066546127,0.11513603222083467,0.1078562525681619,0.11035222082601905,0.2267345268498762,0.20430685793052827,0.18395184356036473,0.158523498683808,0.1414693020789033,0.119611555286705,0.11080162248717136,0.10957049869019564,0.22002923324933923,0.19954691975918123,0.1846645791138746,0.15972205677625287,0.14665121312279514,0.12321547040147776,0.11397396682933268,0.11077797796870958
2018-05-02,2633.1232,0.3406344832418081,0.25816812458226956,0.1910143625434086,0.15126205651014965,0.13234726269292166,0.12237021890712858,0.1316106395441756,0.20073318708722077,0.2995695560007843,0.2363839038181438,0.18430871170705976,0.14743362255655534,0.12798614413216208,0.11672463767995889,0.12011605491128952,0.1625075350394132,0.27968073356856565,0.22919724450989365,0.1846156711082563,0.14817010446450143,0.12744448475164094,0.11509616305501076,0.11766743261801048,0.15539429797341445,0.26381890865535523,0.22410596118682238,0.18588990469266908,0.152283163092526,0.1299352286488962,0.11482622566263703,0.11380693282909693,0.1325588885370846,0.24768418585176463,0.21718976603243673,0.18510296462166623,0.15527903075572086,0.13248081934428074,0.11448530942649912,0.1096588157182514,0.11704421411893856,0.23737648726895988,0.21114984276416957,0.18653400331275427,0.15911150075051106,0.1364057222005866,0.11597742498158632,0.10951136035053388,0.11306735011983503,0.22815639346964428,0.20479475910002895,0.18554411136645058,0.1614899570487006,0.14511903965855236,0.12131863756811517,0.11163372703893072,0.11207788524020819,0.21965714382504328,0.20523986741037314,0.18207597882547166,0.1627525950083471,0.15059977444054806,0.1278742543235819,0.11416876905737162,0.1119120734390954
2018-05-03,2626.2977,0.3610925625420925,0.27374332554444103,0.20027600335426887,0.15644387283392394,0.1353041270750306,0.12299751170723708,0.1340291712759152,0.17969298182206406,0.3160240941457889,0.2419190636093735,0.19041323700720197,0.15199395293099768,0.13129355593015044,0.11812555739210973,0.12328785010937246,0.17912832231885747,0.28513270565537496,0.23082286563466628,0.1892417917660605,0.15271162891237505,0.1312182493245434,0.11742298005388817,0.1184121566485881,0.16625363158476136,0.26271323156879306,0.2237900688392502,0.18901856440989406,0.15619819895836923,0.13325631219815032,0.11697708664773634,0.11321615756998256,0.13953005444241331,0.24665933582893299,0.21793322329004713,0.18774083390169494,0.15816643363211677,0.1346019868108291,0.11635977861522066,0.11051376668433215,0.11839281052431246,0.23813249992903404,0.21286957782982152,0.1873119745658395,0.1607970126404697,0.13773734750476072,0.11881870590595478,0.11141981423856691,0.11296869528914535,0.22916123245406486,0.20659952623972172,0.18688019357646946,0.16244737320235644,0.14279300453325822,0.12397081584295597,0.11316912309301475,0.11089256391629537,0.22085346372730424,0.20292641870318226,0.18810782327595987,0.16292078823813327,0.14668562656871154,0.12794151459054648,0.11452482067818145,0.11027759336070073
2018-05-04,2661.2716,0.34016793512548893,0.2609297441826177,0.18615956131953,0.1374175268152631,0.11806163922373664,0.11156609116119258,0.12790263593320494,0.24559890881117105,0.3029365606788515,0.2339674963347572,0.17775598060282538,0.13666699597056012,0.11738434967784044,0.1089339270241187,0.11995365648050865,0.16067622636663204,0.2787126844350132,0.22224558899621089,0.1786567151775334,0.14045745821262867,0.11985240468309448,0.11007417453899598,0.11574040700867604,0.1418025408241832,0.259150458967326,0.21666818785796405,0.18042252109206594,0.14621623781006957,0.12428690942421709,0.11113880629213103,0.11131035637417913,0.12394370218441036,0.2464751267674999,0.21280390954205416,0.18040205214437538,0.149661277723041,0.12812271742091183,0.11154269187306178,0.10719328637082108,0.11528757304049321,0.23588916176047425,0.20873591362465826,0.18211945602254415,0.15342978073959035,0.131539170481104,0.11338269273921028,0.1077262632212887,0.11209527854796392,0.22508367656325495,0.2029467607967913,0.1832062613131451,0.1573853742295406,0.13596627925126015,0.11827015039516627,0.10985508372424081,0.10849800461924385,0.21803203565689544,0.19826173602540403,0.18306196937735975,0.15939010754294644,0.14204227453002055,0.12391906908913393,0.11153827149250396,0.10845506981655106
2018-05-07,2671.578,0.32830780064470144,0.2430081282389608,0.18036143463747523,0.13869046875767427,0.12045954394726789,0.113825463892663,0.13270473666558422,0.1737851890634225,0.2937108722294356,0.22734963126332727,0.17598782415865483,0.1374847814172444,0.11902732179440671,0.11014731262573116,0.11796878582122754,0.15248003788195397,0.2766989312603331,0.22300897764269315,0.17821154705689005,0.14071030517107724,0.12135837487547466,0.11103896238224192,0.1154053211185042,0.14600377051763536,0.2599949099081916,0.21732256545126355,0.179092815760267,0.14563588564169871,0.12441936954629397,0.11073390086783633,0.1096713322508162,0.12237690707798693,0.24914424013852235,0.2116798253095138,0.18046882592901434,0.1492513373303877,0.127306732806868,0.11067758694377251,0.10646475014406047,0.11005930537937113,0.2379700461383449,0.20625571740554913,0.18190618301663886,0.1538970135073721,0.13152590143712112,0.1131606114719307,0.10720851604067944,0.10816340500328753,0.22576153590557133,0.19986534417257115,0.181769357840844,0.1578669231675605,0.13856572304344747,0.1190810472700411,0.10971126322642084,0.10853134736487927,0.21706316979435372,0.1964443580239263,0.18257177029491023,0.1589834197506948,0.14366157171087152,0.12459040894066277,0.11323706111723578,0.10940681224078759
2018-05-08,2669.1006,0.32995396591524756,0.2469964377990869,0.17811553015789902,0.13673844047694925,0.11833503705490507,0.11036184670276823,0.1263735524633385,0.17177239150579557,0.28736199141527624,0.2261433004070269,0.17483993496027864,0.1365162876259646,0.11753617318320764,0.10787230182020516,0.11247364916379651,0.12746040085288488,0.27415624266080263,0.22258615214927416,0.1785600038865713,0.1401972168861532,0.12014288853099822,0.10926452686538861,0.11212476496578948,0.12376746085248228,0.25723696084210823,0.2157476590122371,0.1801120577205899,0.14512202850167774,0.122965145668565,0.10938897507869981,0.10698963605355107,0.11341600791973223,0.24803156597465495,0.21069366367136175,0.18035115135920926,0.14869585612647115,0.12514205551365035,0.10957795548858078,0.10478824593779748,0.109915809739715,0.23667352396867547,0.20647571801617404,0.1812365736290793,0.15239362153750807,0.1290456446422323,0.11143799480158711,0.10553993344407986,0.10788667288041091,0.22359747311123823,0.20260986017662289,0.18091324699057745,0.15478233377209488,0.13887366039366184,0.11728137745624907,0.10839517620300973,0.10737679766845541,0.21586504415383895,0.20143677097202872,0.17971443045660845,0.15700958859222375,0.14443910199745752,0.12336460439487804,0.11418524757506526,0.10883260786194267
2018-05-09,2696.6044,0.3115866369074358,0.23435039116248815,0.16633297592111815,0.12181362083064615,0.10641295215914297,0.10223365884891174,0.11944786897447514,0.14731148381489612,0.2835717501809202,0.22086215292036263,0.16432219729310735,0.12421109180213055,0.10804639209199358,0.10229828683884426,0.11796891460456231,0.14478580133226174,0.26855542568519547,0.21465419726787927,0.16737972448395871,0.12928946300002178,0.1122939786294512,0.1045795674260342,0.11498101744863055,0.13682701659477553,0.2476499422759487,0.20752964272411153,0.17012433867479215,0.13609192080026114,0.1161907228691226,0.10451759985399899,0.10630648341006749,0.1212947280407621,0.23656706917406736,0.20280409670636967,0.17225923038849233,0.14173318960114029,0.12016291862287122,0.10556176900855833,0.10171133264044474,0.10992391299724714,0.22765882228966916,0.20048885560983748,0.17452822302466245,0.14629468067454804,0.12445616230626756,0.10959176652792363,0.10350863097910981,0.10592004504489574,0.2158905452779283,0.19772560425635788,0.17624976817664767,0.15098779843328058,0.13170564497895695,0.1155226432557339,0.10669312905275688,0.1044842087420152,0.2094497541081231,0.19557026495784777,0.17842107084072112,0.15336522550211693,0.1364017438520203,0.11817891661671487,0.10901358794047875,0.10517398918212023
2018-05-10,2721.8393,0.3020160882245184,0.2344630870964228,0.1641330009899135,0.1163613615588147,0.10196745054443386,0.10164102299803435,0.129746729148805,0.16126823405749252,0.2811820272607876,0.22049172219101962,0.1606666649515392,0.11805447222103983,0.10296725202936756,0.10133979610289905,0.12470269612549628,0.1539829339184255,0.2687000324946691,0.21190042045245056,0.1630480226130323,0.12333214636535901,0.10694789662645764,0.10296606178456695,0.12133888500252704,0.14794178599264268,0.24630301278132266,0.20306527453627937,0.16359755646235277,0.12869908496117424,0.11040139310602606,0.10119528241373876,0.10775120848030417,0.12974363343831144,0.23324385019750035,0.19947721156528112,0.1646283408439454,0.13344453389149033,0.11375503462451647,0.10121899150286684,0.10056583906068127,0.11090717601300835,0.22193634092395026,0.19715259346530795,0.16795895617582038,0.13996203877268074,0.11931170468484717,0.10478719891056938,0.10152112727474968,0.10449906386281704,0.21365794351516787,0.19265531604605507,0.17082199010866544,0.14733086695621728,0.12758020465040812,0.11055895267420318,0.10418248267939723,0.10372452269613663,0.21086256150816352,0.1900660462258531,0.17086131375288668,0.15146433038003868,0.13413234874386212,0.11423178711246144,0.10821528803969926,0.10481550331367794
2018-05-11,2727.1971,0.30439804295185197,0.23905428019300354,0.16385560418532877,0.11167654042884483,0.09716319743230255,0.0956501397573884,0.12147406379354245,0.1473041154395619,0.28256043303540646,0.22459859602495916,0.15939666617385845,0.11413954814629039,0.09896771480973325,0.09594308735293304,0.115549120452877,0.14418081129699653,0.2691637307706226,0.21119721031239108,0.1599505084462117,0.11962929123807213,0.10269472107855565,0.09743001191538189,0.11103783031885771,0.13924382812792568,0.24555755340496108,0.20006202773541695,0.16213023142648028,0.12554902038032312,0.10623425605714229,0.09733697443246592,0.10140283075943138,0.11587423776799537,0.23258068169088597,0.19690425746740403,0.1642715991898965,0.13123131046461814,0.10948709046492175,0.09777899551355716,0.09812618205612582,0.10821259920675039,0.22177478768572942,0.1951755286661579,0.16632741463972506,0.139683013618616,0.1164956786975059,0.10236134983025434,0.10038839595272205,0.10621170603091212,0.21364036543390466,0.1911839569711504,0.16869493873566077,0.14647808696178813,0.12795199265482138,0.108872538062954,0.1030988510469062,0.10539662126398844,0.21214270523745216,0.18800771137549074,0.17096306041952924,0.1482344187968405,0.13662204910238743,0.11265796109166976,0.10508956405655599,0.10461393015626519
2018-05-14,2730.1096,0.3198872511090267,0.2326061151305712,0.1604335691848768,0.11192048964818462,0.09686237946025848,0.09384123553354105,0.11346133452092083,0.15062172687621023,0.28846802170945707,0.21942688592028498,0.1595277952889644,0.11419125472472001,0.09837864753225739,0.09506751790888461,0.11119774524382504,0.1470867670600257,0.26639385211010375,0.2102707548391934,0.16010450107025348,0.1185878994876835,0.10117420658760293,0.09613746140787259,0.10717999052744226,0.13541590161257855,0.24252386707292015,0.20103784423666363,0.1587852778528719,0.12148831209010212,0.10315413227161858,0.0951293414796752,0.09986319432160554,0.1144976176043237,0.23161489300315213,0.19687765808739283,0.15995360121631935,0.12502854265938504,0.10635968962511352,0.09567702274097085,0.09641147495367869,0.10322185877533305,0.21989631500500623,0.19185174973201521,0.16354109034315312,0.13239233130027944,0.11268690945820788,0.10091050207395127,0.09858992533001457,0.1027658275587853,0.2105340980006686,0.18744496176876954,0.1679346324001881,0.14114138386681657,0.12201673258952889,0.10707173196939807,0.10196618934756005,0.10376577376933926,0.208254065091553,0.18529340662926339,0.16963715157076711,0.14520091303386265,0.12944738924196855,0.11179431060115522,0.10681418324471491,0.10346010209201349
2018-05-15,2711.0846,0.33727601688628533,0.2529372889672315,0.17723966960997362,0.12725441688493117,0.10775765545078546,0.09985121224775535,0.11766404924684573,0.1805111784093242,0.3084693149825371,0.2356825716248552,0.17533517150457295,0.12936003230760446,0.10829528960134518,0.09956262735579707,0.11198279967466418,0.13799595607830428,0.2860571894257737,0.22446166922969504,0.17491626630148308,0.13173938440559485,0.10924223901545412,0.09901502145397696,0.10701689611744775,0.1268928245456383,0.2576131400658881,0.2119722391054343,0.17199972792211873,0.13302821048362892,0.1099633445167557,0.0975990779056891,0.1013022743433522,0.11800502568997559,0.24244904983958593,0.2061679534819596,0.1726620800484231,0.1361081111319404,0.11316723225499686,0.0982788372399734,0.09751141604291534,0.11049998469478892,0.2277922773628619,0.2006532349987932,0.17390791010550155,0.1413041813710335,0.119031183813478,0.10327415223247198,0.09927587102993382,0.10522242790231352,0.21799569009861328,0.19508830979966835,0.17263861152377963,0.1471702055675378,0.1254525807982348,0.10978630278448964,0.10224432465974437,0.10413800205285154,0.21172262669564298,0.192915283151693,0.1724459152683563,0.15192031795690653,0.13231724689422528,0.11279168358008723,0.10561998104042694,0.10451854037272565
2018-05-16,2722.4865,0.32593955562118976,0.24616364064786764,0.1670077208343118,0.11482538103708707,0.09788449525224413,0.09246112351658195,0.10926909197614595,0.14986662593019684,0.3061000464737174,0.23513266188424434,0.16627871956653234,0.11947700399308502,0.10038483968949677,0.09419162195613912,0.11136253900909558,0.14971776137520704,0.2886531605958228,0.22087575031079884,0.16595468490447246,0.12390068556091009,0.10261704079217297,0.09429084798680021,0.10563104053201278,0.13641693760526705,0.25665217743490504,0.20632493077072342,0.1653235095826821,0.1271035149288397,0.1044323253738768,0.0934759821217258,0.09703537114304069,0.11299727790458193,0.24136900563372435,0.2013890594417641,0.16865335657538788,0.13152575587937934,0.10747470757762013,0.09490167603805533,0.0941335018090779,0.10455496519664494,0.22527891982357365,0.19635199946317128,0.17071005673694403,0.13870585528591947,0.11501085367929735,0.10105919829865988,0.09699832744562734,0.10139875729094555,0.21328611374102932,0.1921339793734932,0.16979624292200465,0.1436585014649353,0.12504985227125898,0.10825354439774168,0.10002658844377256,0.10118541418395714,0.20910612249799218,0.1891645666447419,0.17089654861659057,0.14630645802476264,0.13084668741010536,0.11317813515457545,0.10246830947793291,0.10136297462271965
2018-05-17,2721.5596,0.33434218036311075,0.24382452545086075,0.16071817953027576,0.11180960057286007,0.09550723874581087,0.09105734693744083,0.10719249595862475,0.13539170828246144,0.3014040283486211,0.227134166821272,0.16303663529077317,0.11737710106875729,0.09851710211928671,0.0920782012786663,0.10410822033776813,0.12995776582328458,0.27779879591275447,0.21264668745129092,0.16342202427627592,0.12163557909311769,0.10059087501963711,0.09197270281609515,0.09969858974956673,0.12333504322412976,0.2516692787769579,0.201789350255667,0.16257625061979072,0.12555770203663627,0.10252611498113492,0.0918488039590604,0.09653072094476509,0.11296242449269189,0.23674907813167861,0.1969860602157702,0.164150828529662,0.13088296216264955,0.10685598051461309,0.0937694351354015,0.09491453010167812,0.10295206807451769,0.2230039453400162,0.1930167958467406,0.16774018422447898,0.13666058858846078,0.11375922474864368,0.09923753646854715,0.09660654257206727,0.10151765815696673,0.21166449430676101,0.19030111339663736,0.17020096096774032,0.14289863220453417,0.12336624925162011,0.10790465011264992,0.10059546016969097,0.10156169817017849,0.2062938242474121,0.18992621718627045,0.16965288904177198,0.14914927957957042,0.13232404324889296,0.11389956815418366,0.10455579665970598,0.10164567642252018
2018-05-18,2715.3206,0.3156041155072042,0.24437876840922113,0.16418906964164634,0.11159865635479946,0.09506710294070517,0.0904617702512106,0.10466275741943541,0.1352311067429319,0.29744054048240287,0.230430807723707,0.16616961464122357,0.11876771901479673,0.09874988640314872,0.09183470745419156,0.10669206682010533,0.13212280968750806,0.2790279281193093,0.21674804393044836,0.165462895673839,0.12355800836451235,0.10122099199465488,0.0922063382172806,0.10328711014689608,0.12230695850691499,0.2529776301243135,0.2047017608082159,0.16538951712755925,0.12745185795907657,0.1035598794396439,0.09239758638655936,0.09855239613459929,0.1162306329895843,0.2381920978931467,0.199095393447686,0.1669066008825588,0.1314856560849322,0.10729324374132258,0.09376272556729838,0.09342085188440796,0.10511222057819716,0.22477556945074548,0.19583965816477575,0.16974010278727236,0.1386322648739319,0.11445575931329786,0.09754053799217675,0.09552450753498394,0.09947553656708559,0.21536982255487772,0.1930547224171828,0.17097627433508897,0.14530518202750822,0.12770176062138783,0.10663499198477279,0.10170358062382001,0.1008519625489983,0.21103569295184424,0.19050406231879702,0.1721154759317027,0.14905805146594228,0.1349231316791379,0.1153745813223677,0.10628998296101803,0.1036763032308223
2018-05-21,2734.1268,0.3210290649475155,0.24133140752906157,0.1621781868940106,0.11060310217809233,0.09461334715030438,0.0909533367267538,0.10711223077425035,0.1611363160728068,0.29630000831986897,0.22992278343178726,0.16377376850175082,0.11590823536367352,0.09785441620828932,0.09199225975349111,0.10418657512670228,0.1611363160728068,0.27246360500490313,0.21502237339904828,0.16231467549425993,0.11854625212945603,0.09901007438222732,0.09104146535461699,0.10085450922222705,0.1396614943659872,0.24952082386078436,0.20316893233218747,0.16070838595706788,0.12180798911428918,0.10082592433870939,0.09072434702085634,0.09727165338965137,0.11896461698386984,0.23224548370147294,0.19918647593899705,0.1612393134044458,0.1265196409968834,0.10457036461590737,0.09177917925123265,0.09283000970279405,0.1061139293955529,0.22272690313354473,0.19618665564485563,0.16394145646379746,0.1329812757103812,0.11009435580553573,0.09559514916693637,0.09352868814929333,0.10112032095479596,0.21401811220952982,0.1898488822987282,0.16613322360134444,0.14130427748932073,0.12208407308841637,0.1029188335006907,0.09769835336537704,0.09984745123493156,0.2120757391280587,0.1851062876472173,0.1673387525001883,0.14526320675371282,0.13124439871353663,0.10707728682440666,0.10060794348388828,0.09819397684487126
2018-05-22,2726.479,0.32069796123058325,0.24495356943722327,0.15642016917335003,0.10968767330304602,0.09487740303329671,0.09087567490172464,0.11167629893302798,0.18023036552649915,0.3072406849269085,0.2279656645437726,0.1621947393177866,0.11661232546098797,0.09875847110267026,0.09236438212715267,0.10887686148471992,0.1564579563398867,0.27545511708346104,0.2105921474165187,0.1617002643855248,0.11974817602037226,0.09976793047307188,0.0909865097135206,0.10257357082383257,0.13147573911463678,0.25292924043987763,0.2028439209166788,0.1620505638794682,0.12301579091088959,0.1015739192345288,0.09079183872402262,0.09687719940194621,0.11498512332094056,0.23781477356377245,0.19923875203394575,0.16453316092114575,0.12814087263920435,0.10534325052721474,0.09261991436702802,0.09278567301026494,0.11064747146702351,0.22453802405292586,0.19572597119216098,0.16744862283719567,0.13591901026207684,0.11081196118001539,0.09641281568539281,0.0943118650188271,0.10472292845211707,0.21500749859639076,0.19239945899874453,0.16953626640366168,0.14418998551258716,0.12374917183365272,0.10421583767040468,0.09778879111270865,0.10176538123836014,0.21007132429988323,0.1902715768443157,0.17247795243353972,0.14855343582645847,0.13327708695114654,0.11234107965482178,0.10242238380831539,0.10179708440788326
2018-05-23,2733.7726,0.3234110222451412,0.23611351673283082,0.15848229200527134,0.10600844266299206,0.08896533712590914,0.08462320322934813,0.09861513136648044,0.12940854552906525,0.3014632525842136,0.2252487957550478,0.16104244686445834,0.11189160689935126,0.09271990884411756,0.08667784759178555,0.09968293332710602,0.12530264064348337,0.2667891060523799,0.2092998640817999,0.1602217175940777,0.1144264256733266,0.09404810930371828,0.08601182354009347,0.09363325488376259,0.11557174692230375,0.2417385092487981,0.20150708455075958,0.16006190511453036,0.1184152776156514,0.09688868369452731,0.08647936046440179,0.09159527243790576,0.11347797549369967,0.2272533713389437,0.19671765700717464,0.16176512903582513,0.1252311453567891,0.10147323475973301,0.08843418936131298,0.09068367797808063,0.10674563015450421,0.21723788486342774,0.1934365770839808,0.16429834172141872,0.134427829759088,0.10905708322509602,0.09370645960460204,0.09308475161205677,0.09813861312424013,0.21101933583974952,0.1904494261375428,0.16629047157277205,0.1432481772305511,0.12194803307192008,0.10271136533359902,0.09576822364695171,0.0962295633234015,0.2089710178625793,0.1898638497018303,0.1666150003104055,0.14879558210302699,0.13022338784099255,0.10938264527072394,0.09763174489282325,0.0962642729524303
2018-05-24,2728.253,0.32184341083598056,0.24418465118198615,0.15787111655394592,0.10564187182638748,0.08818064853232126,0.08362108290614773,0.10637760960909558,0.1317906831351251,0.29896540707635916,0.22702221446238327,0.16162107701417622,0.11181809829121887,0.09133411177227743,0.08493234413672357,0.10281099947761635,0.12855755390035084,0.2652369757332823,0.2093567330030264,0.16083824019407236,0.11534073493454314,0.09307934919121333,0.08401100792183967,0.09198220578993102,0.1284699944527319,0.24088219732920158,0.20097551389531443,0.16075744284134424,0.11938927068576412,0.09630759450806425,0.08533955328583966,0.08841081340823687,0.1247073008211643,0.22800732072479624,0.19782064170323863,0.16342881977192952,0.12482434701778453,0.1011507494379639,0.08900497609196405,0.08776261293424277,0.09903269514248927,0.2186968294714535,0.1949129712549718,0.16621298585029598,0.13150575895624403,0.10763112756075026,0.0944388387829314,0.09201891326834079,0.09658622603447184,0.2140973737099587,0.19051327439012836,0.1675995228822498,0.14053297069900678,0.1202266976100778,0.10335826623238797,0.09786706854171355,0.09827306688142076,0.21233298221552588,0.18787918791611383,0.16886179109204605,0.14665234625597895,0.13159555653719426,0.1082630558597294,0.10395924147112226,0.09827306688142076
2018-05-25,2722.5313,0.335283336840598,0.2549602380823783,0.16678525724997686,0.11222060911658935,0.09334552692152905,0.0869232216502751,0.11618785149837471,0.24137319690427758,0.307634171487805,0.23379907242340103,0.16558433758173166,0.11586869310880057,0.09465292756027835,0.08621655605614384,0.10749759885039613,0.20818494950953123,0.2706199767205716,0.2128219443441902,0.16285640687830463,0.11765868561483059,0.09500946950060098,0.08476879698448955,0.09584842635234976,0.15974911302247485,0.24886681555245976,0.2035285338282329,0.16348674090189896,0.12044664036938457,0.09802589334836112,0.08605583609132725,0.09303822152849305,0.14122599622029808,0.23271528771903854,0.19938602720394527,0.16491636200545182,0.12599079057114712,0.1038463630334236,0.0896100603938489,0.09350331098102867,0.11695031537747852,0.22152149177118668,0.19575230915472278,0.16731066437343473,0.13423437388147044,0.11156697165886723,0.09477897044172348,0.09462956774087528,0.10655286333471255,0.21456433424680205,0.1922625805238117,0.16992475817000266,0.14369097036435716,0.12332851579542246,0.10107591494682124,0.09588967930206864,0.10001730154455633,0.21033490311696545,0.1924364784622066,0.17150309217096318,0.14749282009057949,0.13650862143394363,0.10983660571654413,0.09632630956355342,0.09877230000458843
2018-05-29,2691.7242,0.4090628306988317,0.3029919642068646,0.2147467074194547,0.15330101643491456,0.12666214324203626,0.11394724323889031,0.1323703697567305,0.16609579764851165,0.35634082476272244,0.26763544214224017,0.20207627804574266,0.14918450140242293,0.12155651739445683,0.10691547518543852,0.11403874002380089,0.151241389231593,0.2963532230538962,0.2426497656287963,0.19328039245507808,0.14588595307971444,0.11774893402025072,0.10172061779700411,0.10385229693590024,0.14839783663649822,0.27075718374109764,0.23068539157621812,0.18836724205280173,0.14466473871868565,0.11827293732002238,0.10097879527570293,0.1012651758773649,0.13668389089021224,0.2518724960993444,0.21997458860785885,0.1851690216977792,0.146341703870782,0.12021223193466789,0.10185479045342026,0.09910797839963846,0.1202146611434118,0.23656187484326568,0.21189413589926862,0.18330453792737583,0.15050749273153657,0.12391074509469917,0.10554325207409261,0.1011147231724042,0.1072498079914435,0.22683818653431068,0.2038795315171119,0.18093980499835588,0.15497370211647052,0.13250030811267402,0.11166652247289371,0.10328391538454414,0.10379385026171495,0.22144439335095842,0.19864509296566896,0.18102561572094808,0.15835287570005438,0.1390471133892404,0.11747800919572099,0.10566991378328505,0.10357753445404931
2018-05-30,2727.1034,0.3654720120512484,0.27577036464073124,0.18769965157370425,0.12650789984646918,0.10492381686607911,0.0980132591305851,0.12101481835218109,0.17287539878019115,0.3201869941976496,0.2464114298875763,0.17768250994869747,0.12574452259166777,0.10359221909411581,0.0942805458884744,0.10849532580804738,0.15602360881056399,0.28586518631345986,0.22514513792512214,0.1744341545193985,0.1268616962029615,0.10331977680550482,0.0928393770288647,0.105531909695113,0.13959166911118864,0.2685522746788975,0.21712623569997982,0.17298512371654423,0.13046847848336895,0.1058755631175049,0.09392190724454695,0.10353917977329159,0.12783786034300046,0.24906481315253287,0.20877845676536025,0.17255356015267911,0.13480838137661486,0.10959519196798598,0.09667806693352386,0.09871749113558857,0.11647405200656259,0.23237882844198895,0.20283517002267046,0.17502784121207496,0.14056169649675287,0.11558909269796282,0.10137345710105634,0.0991579503151621,0.10699611133344365,0.2208789675903203,0.19906664088707457,0.17730463802189217,0.1463512098382112,0.12563340123229788,0.10675352655609384,0.10148639748111836,0.10504721515991566,0.2152197404087054,0.19732939656504575,0.17634770622179582,0.1515808687735286,0.1346416061735402,0.11252666989934712,0.1053206120723992,0.10254593278365756
2018-05-31,2708.3331,0.3830893019087345,0.27852065982272844,0.19155122424772913,0.1335067722460652,0.10997098445039538,0.10050865795060623,0.11236713246224882,0.1559204748418947,0.33610752044360903,0.2484323547158129,0.1832929259924382,0.1322865961461963,0.1075160560213666,0.09644553662624998,0.10426119613765072,0.1586555736667727,0.28864489514025893,0.22780068490012464,0.1790998368342965,0.13301314307682763,0.10718798219173402,0.09506327504784785,0.10226586816520254,0.15136396553803944,0.2666644822946721,0.2195523424706462,0.17747646678237766,0.13483814397466556,0.10962136708612355,0.09656912623827402,0.10050865211710358,0.13041099912805948,0.2499757901402914,0.21312922333958684,0.17653429082044092,0.13903808857322916,0.11394853892620103,0.09919805431852269,0.09884400514058776,0.11124221454391926,0.23442175728071774,0.20685396905839482,0.17799375693632774,0.1445767583690761,0.12023099914992053,0.10345914170596064,0.10084077191258148,0.10786082935040704,0.22189301048882892,0.20294471047273854,0.17927831656141902,0.15155403497371903,0.13015618600693574,0.10897367317310167,0.10286184727943679,0.10682554019077109,0.21533517473453265,0.20059928758921952,0.17753546223209102,0.15689828695311295,0.14113469550930813,0.11460546549880038,0.10379640878610955,0.10359717997544521
2018-06-01,2735.4326,0.35876714092978745,0.2608186655116568,0.174942574049401,0.1177500816504619,0.09756474550611807,0.09322701621965061,0.12416442038859263,0.1718689698731968,0.30275142914542047,0.23547459092741746,0.1692939484586211,0.11839064532814816,0.09646727133489003,0.08849397344357339,0.10569858239314106,0.14820316017759094,0.27381641207853064,0.21888006532739232,0.16626864198852626,0.12090443070289693,0.09802876289135608,0.08886133122863864,0.10117691043265427,0.12830955545234837,0.25868663441770295,0.21050111808316435,0.16600903790275295,0.12507037703855012,0.1026844189466449,0.09142539817881075,0.10088647853732015,0.11937786810978893,0.2392698102958531,0.20467934435040033,0.16650396825126548,0.13067632719332412,0.1085063305810385,0.0949339376787251,0.09822022478002862,0.11382624843630519,0.225144795613132,0.20063407094156757,0.16881859532127338,0.13715528196626806,0.11503355615922341,0.09978215368392099,0.09752238895661576,0.10648372182833958,0.21560809553195834,0.19578323562669386,0.17152969207147803,0.14343608120561982,0.12592311950177193,0.10696550583629033,0.09953511024679688,0.10345463378126006,0.21071540189345916,0.19349513187516473,0.1733960722799496,0.14733320873154232,0.13225140327176385,0.11430483483460287,0.10275481483743094,0.10023128986623164
2018-06-04,2748.9436,0.34250177680295973,0.2568690232997812,0.1721991662739714,0.115708683202876,0.09593140841661683,0.09017352892241738,0.10678859871551362,0.17990075168505423,0.2969235678812048,0.2308060602396019,0.16561002610222,0.11414986801330577,0.09308778970498663,0.08593148380206768,0.09781079274340126,0.14614990922094492,0.26950849272301863,0.21457480259079434,0.163183640287691,0.11588394765466327,0.09490545522637404,0.08712816551624523,0.0982440684475761,0.133336474517699,0.2526012983911305,0.20602097070919187,0.16229866497341847,0.12025220428049506,0.09961010311283154,0.08999255196772295,0.09692800277376368,0.12882007176502233,0.23138156869303275,0.19964250375520431,0.16284741832036317,0.12655419804558155,0.10503226152607917,0.09303175241645642,0.0943648635203951,0.10977864790440063,0.22114062904857215,0.19535169237947403,0.16470633803295312,0.13578376610443477,0.11311275062058157,0.09815216312350417,0.09672711942939989,0.10059777190622346,0.21247327396488724,0.19076176986827534,0.1665533512818261,0.14315990577527793,0.1227720102596426,0.10401674929766129,0.09893062428272067,0.09949444024550735,0.20754121421684651,0.19042642837221888,0.1700403911502863,0.147811715117941,0.13060007930504194,0.10893590971194819,0.1021945246872912,0.09949444024550735
2018-06-05,2751.0854,0.3256021452382917,0.2529053983961707,0.1698667877776553,0.11396448878106981,0.09418964451413722,0.08807357422800419,0.1050127951779601,0.14177390843282137,0.2824941546749478,0.2306099735357607,0.16409063332899892,0.11400950998292902,0.09227077975675599,0.08517486004353922,0.09623962850249657,0.11762853294254322,0.2702310264830707,0.21468008788915266,0.1618505702500609,0.11627373671075002,0.09432973992617075,0.0861002167668888,0.0945058234180537,0.11289069048138228,0.2552576496212386,0.20546296611540552,0.16171101915789704,0.12013848024321794,0.0988614701673467,0.08883953450630468,0.09476401476978183,0.11042261861888143,0.23557342308805496,0.19754676904841031,0.16400459401464507,0.12739279827366246,0.10519213658347812,0.09248481122749926,0.09678941846509717,0.10861583872654644,0.2228916937644099,0.19416858838735984,0.1663246373485358,0.1356721146049359,0.1140562755725275,0.09838210924755969,0.09817255325025678,0.10612488181606884,0.2116584326535955,0.19143737429787072,0.16820355264787096,0.14179466894918893,0.12295561159745126,0.10310001453584931,0.0983538220639614,0.10396100884204834,0.20554914968945784,0.19018871172873536,0.16949246058346765,0.14725647905018713,0.132006996387224,0.10754842383224773,0.10101710485696645,0.101035055003599
2018-06-06,2773.422,0.32916785951641303,0.2518877766198687,0.16683555803554698,0.10687502458863332,0.08765256488250177,0.08258190949562766,0.10133623797318214,0.13454346299047287,0.29286471804718234,0.22998713013862637,0.15803035316195443,0.10570283536543232,0.0862478679124332,0.08027703928042969,0.09231491427352818,0.11415292518692928,0.27212833982108325,0.21127780264700347,0.15583780996636332,0.10881845780501116,0.08843763093447239,0.08208332732713403,0.09457913609108018,0.11917505726298894,0.2512580701357377,0.20066297019170026,0.15507069983875008,0.11427392120283518,0.093727811365245,0.08604042743436034,0.09689505764972643,0.12250598747005488,0.23044788445760533,0.19445864985800063,0.15593881582531466,0.1202057118045458,0.10025095507170338,0.09117566057334449,0.0959694233930371,0.1135814397011257,0.21654544163082906,0.190293649265326,0.1599817438602847,0.1283622182538939,0.10848486205432017,0.09743166549842291,0.09570384224940444,0.10356233621954011,0.20854024625972126,0.1881403625953508,0.16323613717744073,0.13689736807295727,0.11853461465397284,0.10201016785403828,0.09665309419403126,0.10004330187150376,0.20510543812528942,0.1876219315233016,0.16549644768700478,0.14198758666260627,0.1266377873796538,0.10745850823436402,0.09979816125435963,0.09882014210442905
2018-06-07,2771.8562,0.3304045256036326,0.2649872373134612,0.17558575924835898,0.11380036157587925,0.09289312813822136,0.08652465577975516,0.11047327941951286,0.11047327941951286,0.2989419106662952,0.23030985457930736,0.16375360734323496,0.11235354262200498,0.09082371696888046,0.08315659096397392,0.1003486914483996,0.16587116280945183,0.27756031131800285,0.20959406666282518,0.15971913427256798,0.11396058810877263,0.09209844587151318,0.08429237277764572,0.09428962527999869,0.1224919542446727,0.25491075309212075,0.20009834826356335,0.15892540204559236,0.11758401554331088,0.0960603513295196,0.08734033208146706,0.09534606179803967,0.11415979254448717,0.23298985760577828,0.19536856181474907,0.15987181197662859,0.12268056654620804,0.10195084605574531,0.09149407004984324,0.09704266424413323,0.11337101265163459,0.21936944202131134,0.19256560819453972,0.16271991354221346,0.1311355139215559,0.11052843928807586,0.09779088423375253,0.0973436942376835,0.1071613784440692,0.21242264012347048,0.18975499259115472,0.16534579305917582,0.14062677302631044,0.12182374874155058,0.10403709699909508,0.0981396040713873,0.10450650531817009,0.21170979719078387,0.18649456127167677,0.16480323823116855,0.14502464881078467,0.1296427693290633,0.11213039840726054,0.10136447961166645,0.1004662678799751
2018-06-08,2780.8952,0.3306100694374392,0.25570697992055513,0.16907582354300818,0.10964734470412545,0.09072274211173531,0.08564167648140018,0.12566734879472918,0.16282033984691682,0.2965748145841449,0.22752059155973306,0.15975390268563944,0.10884085454169803,0.0891835889850451,0.08287489771618622,0.11755012568726413,0.15437327098928905,0.27150798962958345,0.20969131003460403,0.15806147991314928,0.11182578717706679,0.09068122004943965,0.08354705174537935,0.10649169014361363,0.13791356000323907,0.25117573729179576,0.20203901128584273,0.15778058131078398,0.11676432965732313,0.0955689615203334,0.08637582694790855,0.10009523838008817,0.11883830800050708,0.23300134381396642,0.19584192643522508,0.1578682459804323,0.12254504578030119,0.10298470278838438,0.09150290791277164,0.09627449583586546,0.10806946106063457,0.21876004313563874,0.1913880530673045,0.16209242733839435,0.1299311026095447,0.11164925923860977,0.09887461166558001,0.09618765505712243,0.10430990355037403,0.21247719410676205,0.18802306793307738,0.16663490880892903,0.1383918222288956,0.12109761720828101,0.10502500749776433,0.09870728621649859,0.1018763034810904,0.21003690724041277,0.1880301304760529,0.1670540957652191,0.14309227391334076,0.1278782104022319,0.10864259244089843,0.10069000280221405,0.09902152019434188
2018-06-11,2786.1651,0.329080071130331,0.25473786588351033,0.17021599979804442,0.11275512106397702,0.0935354314247588,0.08925539681800475,0.12437976734491366,0.19165758964439508,0.2941491322442311,0.23004882492472684,0.16028198161957538,0.11009294889100774,0.09048705794559977,0.08440715877802671,0.11194604565866331,0.15286513325603113,0.2734562415109317,0.21163552520270418,0.15822924000942504,0.1121552744632098,0.09148464464710815,0.08484438795613737,0.10626276867106127,0.14029492731713383,0.2541704486257283,0.20088183737470683,0.15736794008656665,0.11639843675750791,0.0951637601452538,0.08675003458373694,0.09518583930504464,0.12230570375364075,0.23711695192558105,0.19378989798123356,0.15894337170029826,0.12233328100529602,0.10153301354904475,0.09110163100874596,0.09303557315065684,0.10032152222224303,0.2207352131725225,0.19024652723774665,0.16266040117584457,0.13161277269332064,0.1111075556859831,0.0972538916191489,0.09475318760578369,0.09739644177136625,0.21099113044550666,0.18813729769563828,0.16540779353638924,0.13926709302380902,0.12096853594149315,0.10280723281401827,0.09651270027155139,0.09776367864166102,0.20626673928878206,0.18738146024806207,0.16724661545777927,0.14355524051980278,0.12915127505534157,0.11097015150053414,0.10179327697124015,0.09776367864166102
2018-06-12,2790.4263,0.3213636753512029,0.257458492550701,0.1698013162904863,0.10919988996161101,0.0906322209915839,0.0887212205969263,0.1339489521770579,0.1887076514496835,0.2911508290675567,0.22714110945542315,0.15706744083056753,0.10712763375129568,0.08870287029545444,0.08439853049405463,0.10435734323989025,0.16134750930497568,0.269152424597197,0.20970433150338408,0.15498503573046085,0.11023481131217745,0.09061293108387125,0.08521833921313902,0.09599285947080283,0.1527177728486364,0.2516166225821973,0.20123701613925882,0.15527342072339553,0.11547443854281568,0.09462330716378006,0.08722331307444874,0.09672973144900154,0.13341780462961714,0.23731156737079093,0.19380710325960335,0.1578159080899549,0.1219055663483559,0.10160926578994475,0.09162795923770914,0.09690324345290298,0.11255277638373899,0.220712697368148,0.19053930325726667,0.1626443569015589,0.13036335083155093,0.11149930264406825,0.09780790737504648,0.09589972606419914,0.10219972185513708,0.21045350732951626,0.1884418728137797,0.16621320985439617,0.13907021668633,0.12130135497611434,0.1023579380410642,0.09688924639184973,0.09909490028038864,0.20674685121229658,0.1878335558417122,0.16719906528902176,0.1469534783162484,0.13045823969405476,0.10811405277215648,0.09937158847621363,0.09826308428895315
2018-06-13,2779.0689,0.34110027688156447,0.269510044729228,0.1746100374181608,0.11282936076786475,0.09436253188527868,0.09118605582636823,0.12971749948448189,0.19097296755066456,0.30083190478220956,0.23329246525664846,0.1627147242332392,0.1114735537071724,0.09290457377531355,0.08836271899079827,0.11159703279220735,0.16013571254532216,0.28011610263500114,0.21685361427252475,0.16052477009906033,0.11483344037735577,0.09462423963944307,0.08892571398453554,0.1083095185667961,0.1551793062923464,0.25435693496919487,0.2036464061921032,0.15944318706452248,0.11961677857542434,0.09814335772501613,0.0904687620980862,0.09795205999907482,0.14620615122455155,0.23683461510604067,0.19674697195747592,0.1607072132600527,0.12636425336790974,0.10453510824251357,0.09457389791947368,0.09541537578010229,0.12568668012552103,0.2235485265225352,0.19323748166485022,0.1636067967547645,0.1347167172230536,0.11376766922396898,0.1012225201139726,0.09839203068834908,0.10737061416942273,0.2131585561324786,0.19065404835265667,0.16631450809846254,0.14097341306772346,0.12285612883586457,0.10750865063063707,0.10062312107676502,0.1017494226915015,0.2084216437569305,0.19126402418842833,0.16902683137876826,0.14477597773369152,0.12949709955690247,0.11336937424651791,0.10199208977640979,0.10014311504226868
2018-06-14,2786.6205,0.3363872594176973,0.26456621409852193,0.1674181769074288,0.1031203164896957,0.08687811361699393,0.08602629591035779,0.14220491848049918,0.20083452624098355,0.2951956057643508,0.23074676314568893,0.15510151312631978,0.10384132959191027,0.08739109922341183,0.08493847245280779,0.12539469419017085,0.1655717289029614,0.27444723256288894,0.21261810058845404,0.1548507450325598,0.10872233576384029,0.09025118303754655,0.08629008870852216,0.1177857559593283,0.15734735306868267,0.2504803482090966,0.1980681519052189,0.15544081168204407,0.11434882336753932,0.09457603486848232,0.08790745435059369,0.10153780461996813,0.14060059416235665,0.23090983294571113,0.19187258476353186,0.15916269324078447,0.12133784472601004,0.10139080670434468,0.092075934204739,0.0964716778992394,0.10977708982888214,0.21804743966016285,0.19023608403043132,0.1632589958633532,0.13156404066509264,0.11079719106862013,0.09750253465465132,0.09672047337360132,0.10619226524538182,0.20980926888341847,0.18889129796426216,0.1659683025114812,0.13949494158459727,0.12148882589530909,0.10355812025354498,0.09891562525747792,0.10187592357297703,0.20749377647747547,0.18725542254592292,0.16971990310140306,0.1440620588482909,0.1290324310731139,0.1095532449784993,0.10126404446981775,0.09906324472987241
2018-06-15,2782.0104,0.33181062338425366,0.25698622004620936,0.16491281777968372,0.10324826696369181,0.08544985440992932,0.0833375942291302,0.14123217695628507,0.2377632027764449,0.2896083351138302,0.22386830775570604,0.15539920990991737,0.10471052089366753,0.08583793120504353,0.0817001025368436,0.11514373459850387,0.17186743777628422,0.2698261361521115,0.20940095466659742,0.1552503264099057,0.10916815899432425,0.08903273076540329,0.08372731681347563,0.10853225348372883,0.1567995647849086,0.24255653993449777,0.19925397590603208,0.15534372319478498,0.11471379510193223,0.09447890493812355,0.08719314588263016,0.0983288915484735,0.13459861167431142,0.228708536540999,0.19525900211779545,0.1579905412008921,0.12225738852247627,0.10211493043328715,0.09194065074705504,0.09454147967416911,0.10655472291306144,0.21890346950211093,0.1918198774703201,0.16361727449573688,0.13249885622737367,0.11138139872820252,0.09780512001572929,0.09589102527804683,0.10315653778801902,0.2130366743677656,0.19015274997599285,0.16834285623536055,0.14221361819151424,0.12315927500424385,0.10439770790908039,0.0979020801607165,0.10310346609078294,0.2108533687673005,0.19055505313388468,0.17130049428924915,0.14840378864097994,0.13361401056653985,0.11730403714886113,0.10318165082674091,0.10254792824044268
2018-06-18,2777.0627,0.33444930229988395,0.24811859289699037,0.16323387669703082,0.1077931612879959,0.08908075235937911,0.08456008768104425,0.1262510894267344,0.20915881215444387,0.2955813990197488,0.22426234035642656,0.1584466540540656,0.10840285370272823,0.08844467228286657,0.08280540765754868,0.11247367162967616,0.16953038889635408,0.27013587697059105,0.21136980325450322,0.15748167861063478,0.11203392845646999,0.0907842036873224,0.08413517850618027,0.10491809357494007,0.13797711507740507,0.2454465390182004,0.20040379191312052,0.15673880233623025,0.11606557234916408,0.09482179201224583,0.0865448183249547,0.09736879719648141,0.12579823171787438,0.229531708773751,0.19495563914598352,0.1603151939035805,0.12371149349059617,0.10239584609275092,0.09098980594778651,0.0938793834414269,0.10998941578292037,0.21955991672297798,0.19351561183784582,0.16520019376308206,0.13317309153319926,0.11099163933452698,0.09754061202870148,0.09626777961321972,0.10560672886204554,0.2144893469072093,0.19220134614517317,0.16850975448301608,0.14367737450944038,0.12085627047154716,0.10375824767092165,0.09766694541741841,0.10087436901359002,0.21178541537788526,0.1918734888154234,0.1716774989408027,0.15140290689296956,0.1337056308194902,0.11661159858760224,0.10041884008335729,0.09915599375956145
2018-06-19,2765.4558,0.34185873918400916,0.2577806637285586,0.1708382398373258,0.11557250844138843,0.09552959912381682,0.08775242037183249,0.13295856223420677,0.20797559023091747,0.3058060442868782,0.2355500909347439,0.1686641770115924,0.11742562866549004,0.09509552960930072,0.08691538700319261,0.1109119292823192,0.16458063119384028,0.28308277890537437,0.22255296318897194,0.16723367587841695,0.12014190383190589,0.09678456475914056,0.08728868126288422,0.10224505464397685,0.13192243688990174,0.25316792661159687,0.20841464091176,0.16572335777263106,0.12270832617921076,0.10044224188719246,0.08959584428304128,0.09644013434749794,0.11657209009482991,0.23450203744665318,0.201463829031892,0.16706703366972614,0.1283189587915527,0.10705562943693982,0.09440762842648272,0.09515086774771256,0.10472756445367269,0.22285434072676727,0.19780269646766035,0.17119784126732418,0.13656952958621887,0.11562263274488531,0.10136922891232243,0.09821480359444139,0.10388206035919052,0.21807115171104402,0.1964355961579948,0.17334929670361562,0.14580794033680033,0.12699836575694562,0.10768806105695261,0.10009525859778676,0.10183936748740013,0.21233473532228794,0.1956389660092187,0.17459687171014446,0.15343408817507054,0.13823516767780247,0.11706207210167721,0.10206673111795145,0.10036264748954773
2018-06-20,2770.4116,0.3248864682482245,0.25800519053079357,0.17070890190118276,0.10945644150237702,0.09033894594448562,0.08418352498108811,0.11871389182893152,0.18323771223666901,0.3040739259089069,0.23811004648025974,0.1645892155415154,0.11216959772690034,0.09104673433373255,0.08403319644608477,0.1135345181994405,0.16351613663774614,0.2841423370212674,0.22093780718346206,0.16249915226949727,0.115722738844501,0.09319405294884388,0.08440787605301318,0.10282089933131801,0.15251457132393642,0.2581620227490423,0.20534943509359926,0.161408962623026,0.11945488333127975,0.09727026372810435,0.08672586209378787,0.0940727959555159,0.11817033935893982,0.2410041523680824,0.1985784552034843,0.16288000839372063,0.1264209563352346,0.1049354128899004,0.09190432946838271,0.09510191248887939,0.11275546600555428,0.22872024009691733,0.1954670082357286,0.16583210459880535,0.13431421315085873,0.11529531837170814,0.0996196403204608,0.0962958017945024,0.10144622834837308,0.21790897631242548,0.19482146037101392,0.1689376318486297,0.14188105211859905,0.12461422908890088,0.10664634179379652,0.09900424897599616,0.10013356835193092,0.21098058108742854,0.19496637732222707,0.17265769836728898,0.15083744187919343,0.13487117586930333,0.11929719561267048,0.10826466473502123,0.10647068026925578
2018-06-21,2751.9697,0.3546851081622899,0.27815915085064535,0.1890879981430752,0.13008990527118067,0.10564862719644778,0.09532570840838382,0.10533224863476226,0.15248709499316473,0.3241302366660137,0.24804140409406972,0.1830692849711509,0.12921598983989266,0.10443598578695558,0.0927473070884904,0.10502845320002381,0.1555112746103691,0.2922375889848877,0.23279109775672752,0.17966618969766415,0.13028036152114864,0.10438404851337138,0.09177546937655219,0.10097945314678915,0.14170971927907997,0.26555749012244895,0.21798371004770087,0.1754031095003895,0.13091452702365156,0.10625350771935928,0.09325047499236838,0.09878428433932751,0.1253306062625326,0.2459331029461422,0.20730395008907765,0.1743211975195521,0.13477965079549334,0.11240912179497982,0.09676711838929976,0.09750899763900486,0.11599270792585645,0.2305148275564473,0.20181606199398147,0.17522304187205381,0.142506644311864,0.1200066746851491,0.10187519862734053,0.09868781910296426,0.10508527813447406,0.22001778990538184,0.1990400468801901,0.175078327272201,0.15063285950030003,0.12835009919557458,0.10716628512426822,0.09968709032060925,0.10200385463567428,0.2115254637943049,0.19685821814460064,0.17695929465759744,0.1570729040754694,0.14081139860458228,0.12134804382037441,0.10648850964686327,0.10120053980167965
2018-06-22,2757.7402,0.3469246402219516,0.2676860371764856,0.17678877040768143,0.11774596109252695,0.09566964175245925,0.0875272857186447,0.11759103082946504,0.21167859414854326,0.3322367505107772,0.24421336585715203,0.17378957069621803,0.1219975074675053,0.09706756901793805,0.08739598290038707,0.10770040246402747,0.1889688029485428,0.29880025514385383,0.2248983776829676,0.17123304072664988,0.12527081407377116,0.09865817075186407,0.0876442253874896,0.099416694850542,0.16118426328629998,0.26757768832004664,0.21521569065264082,0.16926476128428491,0.12705701993049678,0.1021613297114798,0.09008883796605185,0.09643470935486566,0.1298561748546347,0.2497905767987648,0.20746009179687763,0.17006482404393852,0.1322402556392555,0.11047368955170823,0.0956856652772708,0.09721220170234217,0.11402808051102246,0.2347126564798762,0.200656279845499,0.17349843638134482,0.13991350047980336,0.1184063451871437,0.10202443931863385,0.09851599652645461,0.10688539880073834,0.2216530903160618,0.19753764852801106,0.17576548028520395,0.1470697712620441,0.12943103881081416,0.10863511539574724,0.10121801651868936,0.10332420070648025,0.2145500688555312,0.19531821251889037,0.17808128452273794,0.15288877380756732,0.14098937025913078,0.12031157046961333,0.11255718774861473,0.10468407765236978
2018-06-25,2720.0699,0.383746027999688,0.29742999035094936,0.2220972978600398,0.1566495516793198,0.12690591166887633,0.11095580331719129,0.12707738335919763,0.18336827279573312,0.3457326241570626,0.2751920614140954,0.21210556660468016,0.15430527501348432,0.12447664609748713,0.10695949974678533,0.11614882619636349,0.1686941425485478,0.30861902422888,0.2549165990932335,0.203391110067847,0.1524065033628341,0.12259500800231582,0.1040016197016807,0.10611592854256274,0.15438815061950095,0.2801855710612163,0.23822094702134158,0.19606806386582862,0.1517124915183475,0.12268388103578928,0.10360149393295144,0.10160555845429994,0.11989134019187592,0.26200032254250644,0.22532260493289727,0.19104689849617776,0.15352016967000462,0.12592513136661987,0.10536396762821533,0.10099217599484848,0.11255002021099149,0.24533762290975533,0.21549520710663464,0.18904362041349612,0.15800254353783438,0.13130522842166326,0.11045399500190271,0.10294550524864157,0.10688350180145564,0.23181121181930403,0.20954970876020582,0.18805185184476475,0.16077752687290325,0.1371700598247011,0.11523862958650669,0.10632686996225282,0.10496506805374815,0.22266131827074268,0.20433996031712598,0.18616503671884974,0.1639913979829209,0.14658900662602609,0.12102757777890485,0.11216155960188226,0.1065739756591318
2018-06-26,2724.5761,0.3475270972648398,0.27337470682364207,0.19968981354225776,0.14567380464567303,0.11916404539839788,0.10556333937316248,0.11628280814904125,0.20589289240596612,0.32395342649504794,0.25958358717994906,0.19810190709023634,0.14635840853232746,0.11831792701230029,0.10292429036302392,0.11288598576269929,0.18354256553799073,0.2982126390293222,0.2443376344230527,0.19409731282804016,0.14571891682500557,0.117128102978099,0.10054257618977137,0.1048182160227149,0.15114729914309138,0.2754538828592919,0.23074689314578498,0.19002106668129348,0.1455553411174268,0.11827353667062666,0.10084404501071693,0.09919004184132423,0.1253645822893144,0.25857895667771397,0.22045345878932981,0.18639833344960252,0.1471531977006469,0.12236910212141242,0.10309063364421517,0.09810384666654336,0.11013315327861307,0.23938710679479935,0.21067598165819426,0.18595844938119338,0.1516907591556146,0.1293119002332706,0.10720829707697495,0.09964091775508595,0.10502568616181839,0.22847247114862146,0.20666408291121963,0.18487796235070686,0.15620820096222304,0.1376764956205838,0.11260041545368306,0.1024687442558994,0.10436209796326773,0.21825884686054292,0.20348504555619304,0.1807574656504616,0.16070320097368185,0.1477537664647895,0.1267829559186135,0.1142221542331819,0.10740444393674875
2018-06-27,2703.8572,0.36850040482154334,0.2960900917185189,0.2189258125855233,0.16567327679327776,0.13825750643841733,0.12071281030444964,0.12732477654211452,0.16180143634615538,0.3405151780452222,0.2758812004337923,0.2140822331321318,0.16295941682270254,0.13339900612087213,0.11482619586243213,0.11936441287211134,0.14808156977252476,0.31071617363464743,0.25891160674924285,0.2080023875540823,0.15985296028189475,0.12951187052891927,0.10987071792469363,0.10746745264637628,0.12175599471873552,0.2834390905585896,0.24317159633127358,0.20124699211646277,0.1576889785216736,0.12889528658084068,0.108226064077258,0.10161268258287424,0.11055909576489452,0.26597259151246594,0.23174714546648534,0.19641889727935946,0.15856377836130572,0.13202060057175563,0.10960871632394266,0.10157269295946302,0.10680851979434287,0.24931282637619265,0.22048699186472082,0.19380822568742032,0.16289811871794752,0.1362225804775847,0.11224162041026824,0.10321168938368683,0.1042015966179664,0.23337587828649256,0.2132584097887835,0.1921530952804299,0.1640032274719604,0.1414007056186086,0.11606007760758535,0.10524021449600199,0.10347714749054496,0.22239028482807502,0.2085253876610563,0.18796715955048118,0.1654474569884307,0.1516966622720222,0.12658137683347043,0.11433319568133754,0.10488948540225188
2018-06-28,2717.2919,0.3679544756405927,0.27856254214579196,0.20506417291098622,0.15145257695127926,0.12593810439697428,0.11099719462331498,0.1284083275205329,0.21280583830727967,0.33734348580469764,0.2618132786320556,0.20255140704848903,0.15147872696018327,0.12389432776563551,0.10739320890501482,0.1172139286294593,0.18923251357974835,0.29968801356939523,0.24616598567095088,0.19825850519701793,0.15011177360993738,0.12159876081092279,0.10342136410300944,0.10033200852532928,0.13202353042496737,0.274881409214873,0.23439506250777412,0.1941385156568056,0.15024202798387215,0.12285856232838356,0.10261854098787312,0.09783391962603112,0.11525222102196021,0.2563061345884934,0.2253488421391261,0.19121242170056343,0.15398979216270892,0.1262366415210688,0.10433571656418388,0.09886346611498323,0.110894197758184,0.24591019925174454,0.21992017405436862,0.19059049374749884,0.1580417630302564,0.12970293732354604,0.1078877625554417,0.10015052687477674,0.10435786694961768,0.23441763774950888,0.21250583355623429,0.18850973798455734,0.16010264759788104,0.13751833305400987,0.11340594332760708,0.10277053023537443,0.10209564473551586,0.2241203280481788,0.20506427215770417,0.18461367427654732,0.16490464512260045,0.1461536829743506,0.12301176087671145,0.11004280151304562,0.10218843802729856
2018-06-29,2723.1421,0.36391723012576693,0.276762974509881,0.19594883292230908,0.14177761300421005,0.11819038071173033,0.10544700474220013,0.13431236657541637,0.17457126712206714,0.33865009116798656,0.2548525014238404,0.19101210031213584,0.14199833671587425,0.11609555155441947,0.10168627581286963,0.11905936841578128,0.1619610526149452,0.3021026672889735,0.2373156047631356,0.1869916981615562,0.14136485575448265,0.11447784365833891,0.09858132304741907,0.10155663041345313,0.13588091427818216,0.27608486174387575,0.2281195715840878,0.18593034699247543,0.14256997207767727,0.11616129564882077,0.09879294542403429,0.0972875672904912,0.12451188525661243,0.2603981522589545,0.22175654999975783,0.18637702006081155,0.1458242621705705,0.12109968953182346,0.10230156333427867,0.09767419019609423,0.111075182149815,0.24540788134411623,0.21483443934055865,0.18670481911543804,0.15149483493860647,0.1280121669882646,0.10830916977909512,0.09947997992614499,0.10259267489724798,0.2290865546721458,0.20891080864113892,0.1860422153707236,0.15697991090879937,0.136235932806832,0.11312953816840589,0.10215750998954538,0.10127053018709822,0.21793138982175808,0.2048347509029718,0.1839811837556947,0.16071083002181596,0.14686217990059988,0.12250915738651513,0.10746583175536673,0.10255523213691686
2018-07-02,2727.375,0.3607596599196053,0.2680525029029388,0.1907862296029432,0.13825236797509416,0.11442153828317743,0.10367397504807568,0.12519413123280362,0.15970564312255894,0.3206959193283666,0.2475759171005034,0.18663537726682655,0.13872158325103415,0.11222356456915578,0.09914235013780581,0.11332164564624402,0.1550224529739071,0.28973198183557697,0.2344907782187933,0.18547499980764767,0.13917494287289378,0.11182493244063729,0.09686813578193987,0.10248108727199144,0.1362695681349881,0.2677813775493303,0.22585215586864,0.18551797682010243,0.142084283635452,0.11464693650573657,0.09819640539006726,0.09836457729754335,0.1176946703755362,0.25394002155895923,0.21939508951047712,0.18497286918228548,0.14637988021133916,0.11930227983519047,0.10137818631966528,0.09735424018311828,0.10206081421580575,0.24351084023238506,0.21438873843328912,0.18525169678726663,0.15186679486772137,0.12558991363352226,0.10589910383771897,0.09895700367818037,0.09958797066803124,0.2334910318953618,0.20732838350424404,0.1823132695692198,0.15643180284144692,0.13665660789705908,0.11255669151908687,0.10182625359701258,0.0991094886408395,0.22000272770885757,0.19946254541207567,0.18183877606168417,0.1609425148192188,0.14577867903442396,0.12702988636306758,0.11131228746739105,0.10030247136417411
2018-07-03,2714.3121,0.3599408697503818,0.26589736145712295,0.1973733614815435,0.14729548822219976,0.12208394282106935,0.10874976500375166,0.12871352794557178,0.17712427750997808,0.3176736339983192,0.24776310950158287,0.19493654547600014,0.1468904016904871,0.11881874792293977,0.1037641667279038,0.11435280563332931,0.1561692779011269,0.29327995188638156,0.24037341946212754,0.19303500991408218,0.1464870898349806,0.11712486852512423,0.1000215515556503,0.10275702550121903,0.1345148407188665,0.27416944290724893,0.22947286827706742,0.19098631166189728,0.14814975879002046,0.11900385915934314,0.0997296242765862,0.09844050520605546,0.12364105560535497,0.2526708446322285,0.219682941990432,0.1896888142192808,0.15261955769719,0.12350413603921245,0.10157828590977429,0.09798935328928515,0.11058374292389528,0.24240510412711141,0.2157171478703638,0.18902300886669,0.15925171116224546,0.12901279609525443,0.10481037735192997,0.09986261775752858,0.10318369574873638,0.23571341575011623,0.21094986358397724,0.18756680903627615,0.16036772378903533,0.1400345128633095,0.10918781004583958,0.10157417570286223,0.10129130461544707,0.2241882977735578,0.20605576986621973,0.18359606267749629,0.1607879995226249,0.15144819235054435,0.12073445925020375,0.10874873398611973,0.10696804401451336
2018-07-05,2738.2329,0.36962524917447553,0.27530001857812836,0.19092484540303883,0.13570465553059896,0.1124157315201681,0.10348759061000636,0.1430844629048054,0.19529505050223608,0.3256689892165195,0.24943287242688428,0.18308815033041834,0.1331416707035542,0.10850863857921467,0.09750564935883062,0.11645676250821833,0.15407133171995513,0.2934383806649579,0.23418636067646093,0.18156572293754705,0.13407362003323264,0.10790279953917059,0.09466162103063085,0.10599079401838342,0.126300894215887,0.27050417447762226,0.22311174914288312,0.18177182972339506,0.13806763250558088,0.1109086493786477,0.09483935816303735,0.09814061747685557,0.11691376357025303,0.255716131757731,0.21631052272190515,0.1819647872805142,0.1425059367794316,0.11659180100486242,0.09779354337323726,0.09394717553107937,0.10415584555479984,0.2402997949972176,0.2128799104912713,0.18316352947349368,0.14690117697808935,0.1242541004080459,0.1017999977937416,0.09486355015191429,0.09976916762291406,0.22848811943109093,0.20688487063767558,0.18342807951513818,0.15195922409061763,0.13210096679184985,0.10841439698853633,0.09917603582621108,0.09931118048224027,0.2171227956366002,0.19804537550412685,0.1800138219110556,0.16124711888069979,0.13979825344295063,0.1219656826206342,0.10964781550716006,0.10489536723981888
2018-07-06,2762.7636,0.33531425761594363,0.24863387731360123,0.16985441731415302,0.11581320596923443,0.09656428907603037,0.09373252840087239,0.13785727670022072,0.1924510458430998,0.2977244102796027,0.22748292526171354,0.16584027358415698,0.11767839072377295,0.0967175228853332,0.09077105776427309,0.11551288038917724,0.15802091724405748,0.2768157894217952,0.21976140105020572,0.1661663688901589,0.12132981682388404,0.09853635174891517,0.08938315205585583,0.10420041265677933,0.13726566066918414,0.2578329016685083,0.21152574186392809,0.16837430608574683,0.1276352464237795,0.10332864249894504,0.09021564912747773,0.09593899066102772,0.11868424283612843,0.24396329847784542,0.2055227251271364,0.17122167172340783,0.13532121423454552,0.11025684482343102,0.09360455361734843,0.09263691529970619,0.10675254985975721,0.23121368772678583,0.20226082698005574,0.17470678989617527,0.14321556314223446,0.11791854831311353,0.10000653120700698,0.09333423291189363,0.0987152280963294,0.22309730764654487,0.19957788792276948,0.17703252982931952,0.1481770472562765,0.1259089370576758,0.10725752081658699,0.09833224816876,0.09844365504045842,0.2156435018109778,0.19644429581209208,0.1781276877678291,0.15181385954383717,0.1372272681969224,0.12171143570313603,0.11137314190480795,0.1046146184317327
2018-07-09,2786.4698,0.32457888853147127,0.25176962876308306,0.16749258911121478,0.10937379717025628,0.09021669793994155,0.08737691063216531,0.12203361511498897,0.1708976458788827,0.29144074621396066,0.22946704972757054,0.16220444997932928,0.11078527615219705,0.09069483939632851,0.08507433164646463,0.11342936649136218,0.15787739776996496,0.2732218141394454,0.21562959345443478,0.1617849682111102,0.11422519745613759,0.09278101623610707,0.08536934230777174,0.10452931100220245,0.13016173421795,0.2499166182856931,0.2037474908065149,0.16229974493422913,0.12018830580828392,0.09740852988707713,0.08673806161114644,0.09702217825478113,0.11341381312665373,0.23735425645351801,0.19901256906507803,0.16510987295535015,0.1274163117442118,0.10396594648750954,0.09032514016136277,0.09253162340344584,0.10681263959893475,0.22429338900491153,0.1972675360329279,0.16865353993864746,0.13629680190854263,0.11368939849241289,0.0963199292742997,0.09223558394932375,0.10200119041344509,0.2157351990529343,0.19512211360662166,0.17039638076501312,0.1431291774306354,0.12262681820920845,0.10396276212480414,0.09722662742670105,0.09729509032973917,0.2095456401708872,0.19135282979062998,0.17210558154422223,0.14985700963321674,0.13190689646540835,0.11597507936095632,0.10545899262114927,0.09951635544383741
2018-07-10,2796.6918,0.32643096257738097,0.2455952267565217,0.1677372179242931,0.10792431141766241,0.08817688417232648,0.08417912522012388,0.10420192164516363,0.17021163110060886,0.29262899776168605,0.22524714479758,0.16189061765104687,0.10965756614050673,0.08940419712885116,0.08326254207720957,0.09711028235569193,0.20404226891067728,0.27117487682958474,0.21417973503884424,0.16028836790411696,0.11287727196542072,0.09164073497804139,0.08405891133928466,0.09384728929037639,0.2009156683699781,0.2493342125483376,0.2030838619651395,0.1598376869903916,0.11796005387469667,0.0958260072523564,0.08584711272264271,0.08989358835627544,0.15164265111756536,0.23729307422675552,0.19746851544430322,0.1621745457989388,0.12429276653723785,0.10198242048735383,0.08945521981012686,0.0886142356507162,0.09333900192936265,0.2231903074730019,0.19455754766010286,0.1660333940120258,0.1338950216375893,0.11048882165287141,0.09456526457153377,0.09021319430985884,0.09238739891816362,0.2135066277471741,0.19238459558394905,0.16819372018599635,0.142736305990995,0.12185426880266777,0.10320258411115577,0.09778614947956224,0.0964536743147,0.2077156836248722,0.19011496829453434,0.17012550070227908,0.1481606172863276,0.13274492232729804,0.11528797878415882,0.10633744811258919,0.09972035212300503
2018-07-11,2776.7485,0.32548509436565226,0.2572667087481239,0.17543662542912727,0.11727954787728265,0.09630316022359267,0.08981054137597463,0.10540535215873759,0.14883268978037253,0.29733480596822953,0.23635754392894756,0.16969451400123883,0.11879690134937719,0.0961344180776446,0.08804132391062963,0.10378951730656599,0.1465704282137477,0.27822375513134673,0.22028952032589524,0.168212540082345,0.12188353877390021,0.09722430613121087,0.08767347539970895,0.10213980056997686,0.13452567630554066,0.25276960222944467,0.20679703190046583,0.1676050142367893,0.12659660357405142,0.10097507411110261,0.08861144625765716,0.09715757312852394,0.1220886074488278,0.24092624018967312,0.20249144250500334,0.1698101856602347,0.13143393743132895,0.10656695590114952,0.09198844681795222,0.09233576083580328,0.10518460448918168,0.2265062771961673,0.19943030582136667,0.1725294270702786,0.1374533468214368,0.11315480746502811,0.09780465800516058,0.09186479340153318,0.09619565242607106,0.2184574348334156,0.196325970972765,0.173125686417683,0.14339215055300458,0.12053934951237656,0.10501661095633133,0.09522600449047439,0.09622767426018276,0.20778278278115378,0.19147258170797132,0.17381282517607036,0.14943101927590394,0.13433158300940867,0.12008307882939986,0.10782689780121311,0.10100710092582416
2018-07-12,2800.1171,0.3107867370577001,0.24207410036095275,0.16239424574978775,0.1064582478827231,0.08808789588293689,0.08337925095717341,0.09616476635889291,0.1226400856275743,0.290124178179119,0.2277942196796617,0.16008300548163268,0.10781099603863228,0.08894396568172681,0.08277590578498599,0.08893077798855119,0.12368560306856563,0.2749626515307436,0.2148266713315216,0.15915023571299694,0.11172628116279673,0.09109015648112316,0.08346358757247689,0.08884934001675666,0.12368560306856563,0.25268282263688857,0.2031570419298089,0.16010150977218268,0.11807980404157752,0.09612536822827357,0.08584941850024146,0.09033426272586731,0.12662226928240958,0.23837438832392066,0.19862904458056757,0.1632392726415858,0.12354156472327592,0.1019723085220152,0.08937058915774258,0.09035595429923893,0.11846536767909786,0.22153491204669368,0.19489324729743318,0.16864086438910367,0.1324246224284355,0.11056255778794576,0.09605977256326143,0.09271885147061258,0.09882473532099065,0.21230069718048963,0.19172992061695826,0.17133558111436265,0.14215998944637098,0.12150311767140501,0.10503548062308818,0.09877886436403582,0.09745442154919863,0.20728591904363342,0.18918168809760583,0.17087206259677876,0.148115415957797,0.13075485569759843,0.11490293213335953,0.10705423532781479,0.1012579574420123
2018-07-13,2803.4641,0.31237940303195627,0.23897116402216595,0.15996627446691353,0.10213640462441544,0.08512133801438067,0.08153131314219059,0.11081941491468833,0.1722245107977383,0.29203850437190204,0.22453503352796703,0.15785191865360068,0.10579961426640662,0.08665645249827779,0.08138128600491194,0.1054723927419153,0.1647312703267906,0.27502345946082457,0.2116327984819087,0.15780265415676017,0.11098877209545784,0.08943820624565768,0.08241254808878345,0.09629231637421257,0.146436662993688,0.25272237571897144,0.1994536899552887,0.15959618415648902,0.11690324410897601,0.09432322100528588,0.0848290553059353,0.09060453099218903,0.10555344414634442,0.23830160008855375,0.19494637698975556,0.1624590155927034,0.12322316273066129,0.10039036286909941,0.08804186047347437,0.09054055760544308,0.0981804048000929,0.2225481745621767,0.19285403503055873,0.1668164629844447,0.13108727493372443,0.1095765912687826,0.09338056464875151,0.09167537762656068,0.0966451620814022,0.2119639087155999,0.1904776593636068,0.17032591705226258,0.13975755162313916,0.11992863595703426,0.10028060867026448,0.0948171215976278,0.09646405059532384,0.20642392437779783,0.18770091403937694,0.17167724434968434,0.14612721102598447,0.13152279647110784,0.11536578668932723,0.10894242445977452,0.10636971572466647
2018-07-16,2799.8433,0.332108136400443,0.25387176844067494,0.16919236943463792,0.10730468027536758,0.08835530968505352,0.08431805707009478,0.10057766122826646,0.1377082181943768,0.2978159761906599,0.23033622823538089,0.16195415215187905,0.10918179102847167,0.08885057485183964,0.0829837909115984,0.09906006939242025,0.13805112216633203,0.2755147700626618,0.21537379305924712,0.15977992834761218,0.1125340400853651,0.09052966115232013,0.08313414057017403,0.096790413355202,0.12997126111835608,0.25175849406271256,0.20217775803449345,0.16065972132631287,0.11840756749896503,0.095071817671924,0.0852780924347729,0.09608946260648278,0.12581188498025161,0.23944296293860695,0.19813620579097443,0.1638711098915669,0.12477774317487708,0.1013984485183016,0.08889022178356236,0.09296741297021255,0.11114207877295394,0.22472185699596112,0.1943061048179931,0.16775886899324594,0.13219523996851906,0.10991098807876275,0.09330732032247956,0.09198708381641178,0.10286656262004647,0.2162414657102519,0.1903882858770748,0.17027423932564328,0.13855805485272435,0.12111901272031565,0.10036056906403769,0.09618927866854717,0.10117398993983269,0.2065953880576114,0.18586371175047742,0.17237776331509297,0.14587936473657773,0.1327659525631116,0.11283222847727173,0.10786502356464067,0.10142859308574702
2018-07-17,2811.9348,0.3257612121858644,0.2386536378763712,0.15943053559503484,0.1012045786036072,0.08525548548671778,0.08299767392646357,0.09678067909384608,0.12893013175898832,0.2911212630267931,0.22266842906136122,0.15450182756372105,0.10278154526237702,0.08516173433890663,0.08167628516643331,0.0916716805294672,0.10598289076247204,0.2722037858245233,0.21078461606838603,0.15321869601694132,0.10553156991208724,0.08662946518058315,0.08237951552234979,0.09332984533194669,0.10564528093533787,0.2491898455994275,0.19801034143247007,0.15515399396807644,0.11089481148273347,0.09116862006358878,0.08457933935024523,0.09304366568170971,0.10338221596156937,0.23343098336365312,0.19637987142951385,0.15904655284242808,0.1182554204172773,0.09752373590199456,0.0878809646599224,0.09190160877123177,0.09873627955405084,0.21830574779286677,0.193422233997175,0.16257097107158563,0.1298666440941558,0.1088657072004331,0.09358642267597607,0.0921321257176394,0.0971261491889225,0.21209008254459122,0.19157446223213967,0.16352612278473047,0.13732130079409796,0.12065954908510267,0.10049660849998976,0.09598871701162721,0.09725340165037462,0.20761644721755368,0.18808858806093598,0.1643525430735322,0.1457076396407942,0.132325299166791,0.11302614444021986,0.10629734039619676,0.10344962405441373
2018-07-18,2817.91,0.31704113446963134,0.24443797041473614,0.15493804186199123,0.09817560779013347,0.08251202398325586,0.08068617448770563,0.10656834762767972,0.1429863174419689,0.29854565886797124,0.2312581804391204,0.15295138234405062,0.10050361670677307,0.08365542470982681,0.08179359841532433,0.10840749087860098,0.1409793146102254,0.28111113501958673,0.21504939354463742,0.1525897590638366,0.10462623009333473,0.08584524409139031,0.08227448884367633,0.10121487610238764,0.13428727080120534,0.250076310003456,0.1985397456780416,0.15341347656031562,0.1109900260619636,0.09073726914345216,0.08406828533847979,0.09420675838154538,0.12894877407682295,0.23431277312739276,0.1949051862695931,0.1583042748404306,0.11823936618854085,0.09675780288957032,0.08729166251680118,0.09166869069607424,0.11222307557414968,0.22045550657768878,0.19035865548312636,0.16425477293885646,0.12939855065307995,0.10682479610718572,0.09309216908075828,0.09152981400520692,0.10068603366077161,0.21170975273424894,0.1887329439077693,0.16778171513655624,0.13567217661079625,0.11690372002812298,0.09929732911891305,0.09562536106935243,0.09884382328639375,0.20297748145457034,0.18669800916147375,0.17087198049244084,0.14339759071651575,0.12835004997374092,0.1110529524161973,0.10339851915965215,0.10067400954703441
2018-07-19,2805.5365,0.3318870126598967,0.25119746628337225,0.16490964551336304,0.10702769565252611,0.08887457039115329,0.08499126410744015,0.11297386138118014,0.1456968831323447,0.3103117857506281,0.23872821728556895,0.1619685713522176,0.10982035542659284,0.08991920036088491,0.08655861192715254,0.11332802775445631,0.14051799299485615,0.289504822566464,0.22110971561444928,0.16141153984087114,0.11426501627679539,0.09155432547836195,0.08633825789379368,0.10756904603997954,0.1317153807898954,0.25513451376977514,0.20432168747925306,0.16211202050958265,0.11998254040443379,0.09544129604463915,0.08666203024560185,0.09681314538478038,0.11915714170673403,0.23874704422016477,0.20023845002246632,0.16456732146388411,0.12531462041886707,0.10101799333144558,0.08980881558048881,0.0939566836300416,0.11432672968704764,0.22450802730085373,0.19596644149329717,0.16772433340007403,0.13428104119520637,0.1097136442946732,0.09583588272070416,0.09436652190103043,0.10926687456238927,0.21647829456919165,0.19257858179376555,0.16937776887438108,0.14257355986675402,0.11914661016404415,0.10189118502594874,0.09780278377610785,0.10195404120624131,0.2038369367639774,0.18842994169736355,0.17149233939493355,0.15014997228196042,0.13202424279148292,0.1123424102623994,0.10459270141200078,0.10238570944724903
2018-07-20,2803.6275,0.336175564140083,0.25914567659776305,0.17054594692937472,0.10601497163757001,0.0863126974488161,0.08209660259373637,0.11442192247102297,0.16652131834312422,0.3154813153011702,0.24209262544116944,0.1657563972899396,0.10913222736296077,0.08754425704686654,0.08212827574528947,0.1106692199148154,0.15130329698832282,0.28636511961702754,0.22220623553571794,0.1619687576313983,0.11240197972665651,0.0900049317640114,0.08272999603585908,0.10083055611146867,0.13305450712131625,0.2569112190195376,0.20672111233576462,0.16282908112675207,0.11786559268669769,0.09507136409745892,0.08607330616539505,0.09659585168577922,0.12274751880132444,0.2422050034565578,0.20251765747866757,0.1664461657955565,0.12362953158619018,0.1006814832282728,0.08955525682445328,0.09490448471684733,0.11192744384306821,0.2263308212973233,0.19748479533116933,0.16895280131700385,0.13241680227177016,0.10944047918789476,0.0958389842980812,0.09547493820900775,0.10446170068371569,0.21657453436545013,0.19406269811538296,0.17074713813478093,0.1412511420166075,0.11844129146149093,0.10402943311511126,0.09811795596243736,0.10189156729739951,0.20949156583221154,0.18997616905806902,0.17452884656024925,0.15083503625294317,0.13256765539871881,0.11845320065619509,0.1067276337392905,0.09935446130278305
2018-07-23,2808.0981,0.3459733558241215,0.25011386485029086,0.16689492552707508,0.1073344250751674,0.08758059958476368,0.08188351540884659,0.10381158595927292,0.19310580093042126,0.32474352110631316,0.23154022648966532,0.16264904717462686,0.10901224464199799,0.0876490024228614,0.08155516320003932,0.10783833735517977,0.177931528376042,0.28192736687984815,0.21438237692788573,0.1600233290859447,0.11323620589356413,0.08949478068256121,0.08218625376421775,0.09877616257487241,0.13982077598902493,0.25600637408220506,0.20524734085856303,0.16074037814889186,0.11892175326304852,0.09464406281387056,0.08528732682885012,0.09579685942393132,0.12516352896391952,0.24345012621753098,0.2022180309720814,0.16469451021068074,0.12557469235729826,0.10099204978554353,0.08887743441590427,0.09354121832009171,0.12075319596682281,0.2298188983009841,0.1983408680786346,0.16710118794071124,0.1340261474208162,0.11023242095886567,0.09426811314684176,0.093727357236886,0.10141309638601631,0.21583105173906372,0.19323419185763568,0.17006574761806484,0.141316361093292,0.12127928881601752,0.10406414437117781,0.09768240856387206,0.09866470778798697,0.2081208506757569,0.19093133588521136,0.1715060166602614,0.14840753086525885,0.1298621530675151,0.11353652638617076,0.10334934604946681,0.10139042119027412
2018-07-24,2821.4401,0.3275539920519512,0.24777735636003678,0.16659356196883776,0.10715972889431427,0.08755388635414216,0.08310651794042281,0.10990572564786932,0.17136023641280737,0.31370164012019813,0.23528948772449815,0.1624868082385646,0.10863162471820184,0.08799473111708182,0.08295813883588418,0.10584899098802894,0.20278622956041817,0.2747356949172417,0.21274953549900724,0.1581750724736246,0.11098955403289809,0.08959161514774595,0.08257174568030827,0.09269406133716675,0.18872708726214762,0.25369289469854533,0.2045136953839988,0.15857363249372788,0.1155454457410543,0.09367852226145776,0.08490437330296388,0.09035637306450055,0.11384018014786058,0.24207062028235965,0.19926421210539402,0.16028825310043748,0.12108641332312389,0.10011099297369272,0.08864004218011293,0.09021580593370121,0.10567302002038821,0.22669597843707512,0.19468546055456312,0.163182217025378,0.12865738359276344,0.10739630625217234,0.09321588927967635,0.09177387788917245,0.10457785600010883,0.21594234423257772,0.19111490539299025,0.16559556698694838,0.13740106936370297,0.1169442273482851,0.102062846515041,0.0964598536208151,0.10032110760725804,0.2046103565768502,0.18626658897916548,0.16960033676214753,0.14604731438497345,0.12986993585109932,0.11585554054800393,0.10630411068743593,0.10311929053885176
2018-07-25,2846.4394,0.31287290240726556,0.24236563812482048,0.16240832272407138,0.10438484936454864,0.08574884349717707,0.0810117379495707,0.10028970030812114,0.1381630000700546,0.29228125090190576,0.230414951340351,0.15801012887818872,0.10532765430983625,0.08568964617151706,0.08078030556537043,0.10046300607306767,0.1322830537439051,0.26651825091487036,0.21263040123639562,0.15597630957861341,0.10762175136102355,0.08719041717084114,0.0817393155299828,0.09651107673683618,0.12699967248714958,0.24739789025021416,0.2030380619070962,0.15654941635590164,0.11215821550171655,0.09135180773581623,0.08408614248706624,0.09514979940745508,0.12242357151483037,0.23704733508559306,0.19715572563613795,0.15704260429334999,0.11819577658974849,0.09824834154694212,0.08803760335086025,0.09358062570212584,0.11900700590579336,0.22412829263520626,0.19276544674439236,0.15900135994979564,0.12546433616247613,0.10503526361947883,0.09242239153291075,0.0908703677501775,0.11601220428909424,0.21189335328387623,0.18942657362087176,0.16232306358637014,0.1346518191297076,0.11305216903056352,0.09809405377469642,0.09466273097779158,0.09983002013322521,0.2017442020489399,0.18693925546280915,0.1657297577574081,0.14464683246365478,0.12792346197189908,0.1112098131792022,0.10394838818052352,0.10134068118711534
2018-07-26,2839.3317,0.317732126988969,0.24461919950044592,0.16473329839483902,0.10552963034362212,0.08749509933521643,0.08511581381228071,0.1367193238241941,0.17759320154073716,0.30209521394214106,0.23205911609529647,0.15827904895704978,0.10618662395667501,0.08732200384143834,0.08354635973777287,0.12202777990804996,0.16821977869329574,0.2713681820329235,0.2091829123848867,0.15399793449096602,0.1091677861898895,0.08878193054318664,0.0830837823192198,0.10049070772726536,0.15878959222660974,0.2503674456242302,0.2009149752752147,0.15562117457688632,0.11349422087736717,0.0926366989088056,0.08508843075514076,0.0918436835176019,0.12145741560693736,0.234192791653022,0.19546261206034493,0.15878796533724363,0.12021110714243367,0.09826299762207799,0.08826412833799155,0.0898410061343886,0.10312606756515179,0.22129186510325843,0.19105674872648146,0.16204032061693885,0.12980211399481384,0.10785526509565393,0.09400450835267309,0.0913787505645633,0.09934814171506624,0.21232688971708136,0.1882271578801109,0.16554158664348684,0.13531328424688627,0.11855367614736019,0.10375376643945937,0.09760370249793429,0.09621783213135313,0.20247341820849932,0.1872378132064367,0.16938921053429512,0.14251757193730039,0.12813209153328547,0.11433547587114605,0.1079749095976474,0.10305467807506152
2018-07-27,2819.3733,0.3360975109462772,0.26933957108211026,0.17697761958753985,0.11257371065639094,0.09083488961848252,0.08390063068550772,0.10838246670577661,0.16492940141754808,0.3159348463823096,0.247160070246034,0.1686491341636805,0.1137212450696873,0.09106395118815512,0.08364649772679612,0.10297978222901255,0.14775510188821656,0.27955696860207624,0.22162358132584026,0.16296558178311502,0.11585335942501476,0.0922602257655457,0.08447883707196213,0.09566118292272817,0.12243164972197892,0.2602267975694836,0.21059080647370662,0.1617167951588696,0.11989645069172274,0.09568720364126379,0.08624810455241556,0.09252489799054976,0.11190291812425847,0.2430350489496284,0.2028631635851189,0.1626888680276044,0.12553993475347794,0.10215996227512474,0.0899649651788656,0.09170160286103929,0.10636666118938562,0.22583167807561202,0.19708964427877734,0.16530199017551586,0.13270357956227385,0.1093293244600239,0.09510755784612793,0.09250001287713287,0.09996193746102434,0.21380859937086685,0.19205088264681064,0.1685590915670905,0.1391767050261997,0.11762273369590326,0.1019198622203048,0.0966122979968928,0.09673589779781823,0.20389020822521486,0.18874312964280546,0.1706460503800605,0.1465181662198598,0.12957065464840442,0.11403065631289637,0.10704087765326574,0.10304795698583304
2018-07-30,2803.9687,0.34293279091972556,0.2728156884329114,0.18381140872643945,0.12533895027507266,0.10110448233945639,0.09288594366712002,0.10516819398210665,0.1351669826892016,0.317030046651214,0.24637270562217892,0.1754055479270438,0.12356458078493619,0.09879846481725661,0.08956221854484833,0.09996085036132574,0.12864784348963246,0.28500380539083264,0.22091615095031564,0.17031534091546555,0.1229764962295796,0.0983046397756477,0.08909000082676437,0.09690538220424898,0.12041851587795534,0.2662072210175537,0.21222725153654248,0.16981415529027719,0.12561485869802927,0.10105928505805899,0.09072661024929794,0.09550484566025562,0.1208597015647113,0.24890815636063088,0.20560546907802257,0.16879745235748472,0.13071673681868243,0.10756746588431916,0.09402604816580995,0.09511357548026021,0.11236033037784982,0.23088615124993456,0.1998585640988509,0.16954786656077764,0.13682625854103903,0.11403926077514913,0.09854551677967793,0.09630464457732323,0.10321966789051178,0.21764683832200662,0.19462872327791747,0.17112918576692004,0.14357151872631455,0.12301930215949668,0.1046409672213178,0.09822516768646239,0.10035563462801633,0.2104992155896503,0.18977062601851322,0.1719817812204571,0.15017915935308207,0.13447316655140806,0.11673042137213986,0.10904282181231696,0.10419519744929627
2018-07-31,2818.8937,0.3443714792581545,0.26589651621120625,0.17291784666629093,0.11225952655298611,0.0920131384467514,0.08782314909890511,0.11561385313469516,0.14557933710413892,0.310761441201006,0.23808829213768262,0.16405164060517297,0.11195717557352308,0.09112188401861711,0.08517821532455305,0.10186818096971649,0.13693259523489099,0.27618238278410023,0.21739452151781768,0.15865371217103302,0.11330794851715582,0.09186801667242585,0.08505446159272352,0.09279182179661401,0.1187923418905851,0.2593528863080654,0.20834558536594275,0.15983591436945765,0.11631045465163636,0.0952353745420868,0.08702719817747996,0.09212729069271039,0.11582125431672818,0.24248643811565412,0.20058314039405317,0.16258905877543214,0.12191147564013292,0.10215549200896006,0.09098977712159718,0.09170132127239652,0.11558356021969173,0.22767338317487562,0.19622656627831175,0.1650942831535989,0.12986061234342328,0.10902882605773735,0.09515751177469371,0.09192307456469426,0.10314599980065463,0.2172443461188772,0.19251778797491084,0.16708332638923482,0.14178685474356936,0.12049707002383041,0.10390929097139193,0.09852189889270364,0.09915099412194468,0.20656981826742118,0.18937115579790575,0.1680993917925533,0.1492050759412817,0.1329393174974232,0.1161236964315967,0.10702119051992436,0.10230879389509956
2018-08-01,2813.8085,0.3414518886733245,0.26205492861829277,0.17309126064551358,0.11445801286283372,0.09273320727037555,0.08667927750908193,0.10024584283408133,0.1366963328183371,0.30264008125306985,0.23639086783532823,0.164889427780901,0.11328736636195048,0.09175377966629517,0.08561088124367255,0.10036879074625142,0.13535307300862642,0.2740589944356628,0.21908615927313266,0.16225009991612774,0.11518984889732667,0.09290683879034778,0.08607697401491325,0.09634101044861625,0.12225650725722242,0.2591491865377973,0.21136574546205,0.16222160447205763,0.11846908421906074,0.09616421716669911,0.08742011075306645,0.0921211823989875,0.10939426231768098,0.24176602511791467,0.20336804189159818,0.1635603512684704,0.12382198512837554,0.10226689017425218,0.09108383024867658,0.0905000016715631,0.10170045084167237,0.22628402441882017,0.19844287490760099,0.16586126241664978,0.13198344047755037,0.10946947683038857,0.09568002915418572,0.09267797075132557,0.09828205298997596,0.21621194658579984,0.1950868226023073,0.16770057767820676,0.14084262772358253,0.1195414506460589,0.1019250726130378,0.09610949755193245,0.09687860629927195,0.20950910783984195,0.18875759200501024,0.17170876555624948,0.14764451091067915,0.13158692831825458,0.11488273048404408,0.10316206985499128,0.09803602878181865
2018-08-02,2828.0548,0.33287214259345327,0.2497987855193367,0.16253423550141788,0.10370665495840048,0.08525346261849275,0.08135773497975869,0.10583443635306246,0.15777549374005254,0.2982296713379269,0.22581600143396582,0.1552254576576763,0.1052912799973435,0.08603715891412066,0.08088826648817563,0.09819948704747104,0.19508238374365622,0.2677085271269304,0.2100487999559869,0.1544168409801611,0.10967811787882698,0.08892669198804729,0.08248960871603975,0.09103145387665942,0.19124042912605968,0.2530193796055368,0.20484377210853255,0.15755656524267506,0.11447471523441763,0.09361877597326254,0.08501307163584855,0.08950541002652278,0.11967907356108197,0.24049485678028187,0.19906536267865022,0.15957025776488484,0.12074477358130829,0.0992646643239428,0.08831589580329925,0.09011249178901193,0.1025432697908972,0.22788115205342283,0.1944232010327687,0.1630071504597668,0.13073532411470765,0.10541674643344824,0.09255036591097282,0.0914612763823723,0.10160871018829153,0.215595768075145,0.19060946156405992,0.16862958399816774,0.13830247613489685,0.11574207522048578,0.10072594223063752,0.09761351714965363,0.09975950802226768,0.20468924589932305,0.18737848645493227,0.17238704160000373,0.14924352148194237,0.131168857276324,0.11335868737125127,0.10837386334584616,0.10520748370743882
2018-08-03,2840.7759,0.3499550959463214,0.2586374352963385,0.1603467021057476,0.09751147607865707,0.07826102410974681,0.07410616877246866,0.09507822668814052,0.13143439977344182,0.3021971348315169,0.2222907765805652,0.15189966984228284,0.09954553492916603,0.08040276700120545,0.0756370825929192,0.09182467264505198,0.12137154307634772,0.2654294725852171,0.2067717262048516,0.15107958805152052,0.10415038841810645,0.08432122095093886,0.07910833516320288,0.08909471258058516,0.11515496023622591,0.24815489470291277,0.20164172409803452,0.15362586729691569,0.11040485915745005,0.09004376501071173,0.08268883040239079,0.08652542706084307,0.10607536890305501,0.23355640429495372,0.1956046910085751,0.15656243125487632,0.11739411817300316,0.09680462993588893,0.08703342582379978,0.0879777502252956,0.10565326771106372,0.22168078656911316,0.19244145889528252,0.16148214899683688,0.12611341836661594,0.10501649933958826,0.09287113777226291,0.09034903441533983,0.10171400073138086,0.21043283126398463,0.18991315922082078,0.16476800879557518,0.1363568488819001,0.1145072788138131,0.10166487088597763,0.09564055866029338,0.0980984890330954,0.20192543969882912,0.18780056048662563,0.1666795552526114,0.1476674721482924,0.1253986459428294,0.11291670962868253,0.10442355130700767,0.10071299934829554
2018-08-06,2851.0053,0.3330918789770325,0.24565201738203754,0.15742252792273215,0.09701916095774171,0.0797476104510477,0.07729624823597961,0.09664467996559178,0.14186535248775714,0.28836436413832706,0.21303129027729484,0.1473461880409732,0.0985183253513311,0.081097002170847,0.0775717041761213,0.09341996461583228,0.13092772790078275,0.26249313609016084,0.20381058477237135,0.14780990331660718,0.10316407000044278,0.08467011010263964,0.0805501300001402,0.09106057276774426,0.121425300401156,0.2450149669586487,0.19812782484378086,0.14944795316773346,0.11019383721451904,0.09027212618826336,0.08348050645242179,0.08998078518111846,0.11081617369787183,0.22911665894724223,0.1933105007395491,0.15288371536636244,0.11717153935832739,0.09644963466482635,0.0867004787157728,0.08893162631165197,0.10828770193504678,0.2195677283675859,0.19076980240244115,0.15903420308736319,0.12610185048459335,0.10304206372610591,0.09082509882694668,0.09026087541823812,0.10422172062241147,0.2116785016400333,0.1863727889430529,0.1636181118940178,0.13495785375530267,0.1124516152053793,0.09818170736805694,0.09434692647069848,0.0987006519082569,0.20147145613506431,0.18401038366154526,0.1654626854432563,0.14601907950444518,0.12795453192774103,0.11256132683747043,0.10283825650779449,0.0988032722479831
2018-08-07,2860.0547,0.3288864589496221,0.23567263035560201,0.14353825737583847,0.09173899625860077,0.07798714750578893,0.07892958148270983,0.10937646503456223,0.1474812965659587,0.2757177188863678,0.2077594049857203,0.13921345009296068,0.09438289325080484,0.07972113047578862,0.0787328837600529,0.09598987904959425,0.12045875302284582,0.2550282688261643,0.20131383526740726,0.1437140652548096,0.10007056989609577,0.08318722778954439,0.081302523871095,0.0943901499594217,0.11247675410331782,0.2420118671154965,0.19446240052968045,0.14688821022194734,0.10749236375751893,0.08850330664858501,0.08317152952241041,0.09249426371041047,0.1153770517985482,0.22751032703755739,0.18952222255534099,0.1500855248089543,0.11456188674574523,0.0947486602296698,0.08631002721470851,0.09028351829428463,0.11568662386244412,0.21647984764195247,0.18810787794206107,0.15561799583773836,0.12280212432061814,0.10177453641057847,0.09084301455309209,0.0912857436852181,0.10884346405669618,0.2075099001168537,0.1846447872343208,0.1598462285392989,0.1326639890653889,0.11111590635003515,0.09821815759812338,0.09514107336727089,0.09922542761555965,0.20228701186775977,0.1826715736764854,0.16183385841961226,0.14226731687101424,0.1273467270016027,0.11189073849957858,0.10200822079979509,0.1013491727086524
2018-08-08,2859.8095,0.307659893193977,0.22747849349896726,0.14234036601521927,0.08853085238730223,0.07547752402592871,0.07675589609100228,0.11038598749287114,0.15292842726458056,0.27667141938454565,0.20982457856929648,0.13892012125295677,0.09241499019747032,0.07838526146189462,0.07804566649657586,0.10473617382977805,0.15545276653522175,0.25963626828792113,0.19971391890542814,0.14247715352113105,0.09885127731854866,0.08276937130543507,0.08047406134866152,0.09659577658210486,0.15878420988784073,0.23734394669423298,0.1924839762871056,0.1465839478734293,0.10650093012662203,0.0882271857777946,0.08265062766901415,0.08952406971493808,0.13844025114928735,0.2267508424265217,0.1900474986932713,0.15039451283409108,0.11428459960732182,0.09375916559507264,0.08543448166687367,0.08728197079924552,0.10002241452230579,0.2178915808819,0.18804657999840957,0.15466167506132522,0.12434231128889824,0.10179614270977592,0.08982474009312495,0.08815524163198495,0.09119742310446008,0.2071680878067344,0.18648664989475272,0.15921168034465943,0.13239804018537915,0.11337231738736116,0.10107367788509337,0.09711973658594061,0.09647132915755688,0.1982692667575469,0.18550182545864255,0.16430049009770595,0.14389208530372188,0.12782570558114636,0.1158014090337267,0.10618145791186821,0.10175085055013113
2018-08-09,2854.9755,0.3081553738077015,0.2348677785626064,0.14861133708083288,0.09454006609471191,0.07907840069651052,0.07748075620879091,0.1007616582128329,0.13817987522794276,0.27768663082226397,0.21353248984851914,0.14282395394542538,0.09762317185538756,0.08164565773754386,0.07865622669481183,0.0942969057368064,0.12035252677156211,0.2603234488078423,0.20250443870223783,0.14589390770365532,0.10306604212284295,0.085493124194645,0.08172782681256688,0.09045325381420058,0.11203099705550118,0.2436976411186216,0.1949463981385197,0.14880262757114307,0.11023765236759075,0.0912209433156728,0.08448425790285383,0.0896231106689727,0.11876710422319658,0.2315363081516912,0.19073920379775225,0.1516288021015112,0.1169466710284906,0.09832368307884183,0.08871459911512852,0.09263133181436292,0.11310198168438212,0.2196388383640506,0.18807779614342612,0.15722677546439626,0.12553277043417305,0.10604069158292417,0.0943442990395544,0.09404192247033584,0.10618710504158486,0.20966602760443626,0.18563300962571253,0.16220960886153712,0.13260123252878894,0.11453540513074587,0.10226205452800875,0.09717399344856233,0.10013103674192131,0.20048942794082858,0.18253638933138722,0.16920580706573732,0.14402525178973466,0.1284471439285595,0.1170317216200928,0.10429802322620944,0.10043000254579877
2018-08-10,2835.1254,0.36358278198807903,0.28326222120725547,0.18133982111724015,0.1138505102247343,0.09060854851686403,0.08247072207660189,0.09656762060630028,0.15095840190531162,0.3129027545397687,0.2442107716042791,0.1667577045354689,0.11241996261599574,0.08967519950437886,0.0817135200988247,0.0939274780479296,0.13343715496615624,0.2863315306451786,0.2216481868278493,0.1639558072799223,0.11512332245754159,0.09146233755988964,0.0836438348135432,0.09281521765336413,0.11841020085161164,0.25869006692517243,0.2084029322591359,0.1642036035235671,0.12028302461339561,0.09625669154319816,0.08644382987447019,0.09163644593569592,0.11578010866499562,0.2386545763239536,0.20069026240387391,0.16567530174649736,0.12648703178591436,0.10227290970668156,0.09016274735085184,0.09274352585862573,0.11398532271771958,0.22636781608309298,0.19626511907003083,0.1679948755979018,0.13493688426934713,0.10936156830027863,0.09412238018206961,0.09373822366351035,0.10906589187623122,0.21631880983491866,0.19283332207078333,0.1679828823236396,0.14250532964426527,0.12006615441147622,0.10276083208579802,0.09810939646882083,0.09930359804422584,0.20643261971324559,0.18963975584170542,0.16790025841014067,0.1476362820431987,0.13032021257010326,0.11463084667861802,0.10689136127675114,0.10019131497565474
2018-08-13,2823.4714,0.378120798265735,0.28580001173727476,0.19125120837336296,0.12999070704305177,0.10426725802022214,0.09408863103325558,0.10050956349451336,0.13142945808048248,0.32043411646110437,0.24693849078506297,0.18041778133066647,0.12592495272564955,0.10041447411741923,0.091092828929822,0.09762443151985198,0.12322902438086923,0.29169498923296616,0.23341381174914955,0.17762683604359364,0.12644825919902258,0.1006187366307699,0.09127098067059367,0.09751356672085022,0.11779881909512478,0.2646693747165543,0.22310761884344527,0.17446009935454404,0.12949972388481096,0.10378402815869439,0.09203889645894298,0.09690425931143125,0.11866249911820323,0.24934153409078172,0.21472264187251866,0.1727324943869324,0.13359115547980108,0.10953011688884656,0.09477414255989375,0.0968907361882472,0.11563460567026196,0.23487282597303014,0.20363358464283288,0.17487937894169855,0.13936378566919974,0.11601855045208165,0.09846705212615285,0.09664878938992776,0.11191463764844099,0.22310867235531986,0.19698168022995993,0.1766452240634938,0.14531021561353438,0.12345481388074846,0.10507961354740696,0.10197331683427799,0.1062419895625331,0.21390106465720596,0.19263367637569115,0.17699327924672525,0.1502981177557985,0.13761944776300522,0.1200082762964352,0.11202818946521255,0.10754074435567386
2018-08-14,2841.5394,0.34686144030344807,0.27838552785701803,0.17352070829628635,0.11182386760220935,0.09197375310818837,0.08596394796451652,0.09827904458973186,0.15414308861663079,0.30491040272269465,0.24076973552529948,0.16040844173521132,0.1104701800275886,0.09107394009415011,0.08498697103529729,0.09661080333892773,0.17252904060077934,0.2827731239631511,0.22281974861207596,0.16147772496632157,0.11401477428572125,0.09260999869912269,0.08606453835767743,0.09595916767649205,0.1654531159383898,0.25855301509090667,0.20876935840740482,0.1628753306136407,0.11989554704934449,0.09587688629789015,0.08701471194594208,0.09272312225596903,0.12130459573739417,0.24149490317197694,0.20280269461061382,0.16478594081835635,0.12593952755165108,0.1011995850689109,0.08983874458064375,0.09194543157396091,0.10296321653193344,0.22950405225066667,0.19740517578267983,0.16667565710263774,0.13354681441755795,0.10778216990204731,0.09411465393215997,0.09207823442081063,0.09661579168233647,0.21395488055419143,0.1908336601008787,0.16893717890951207,0.14286636922810975,0.1198713774916129,0.10331617366979765,0.09876721838639506,0.09978449619444298,0.20657042931045483,0.18934795052266104,0.17121622624642802,0.14949765295968612,0.1330955772608312,0.11496550939973428,0.10494006224913789,0.10108792994398552
2018-08-15,2819.8574,0.38277229752426195,0.28630240095335985,0.19342698770261188,0.1321262633095656,0.10614185750423068,0.09544506683090657,0.10628766307784125,0.32942031685645706,0.32540563010267465,0.2525650453266681,0.18238262247658935,0.12860659549188277,0.10350480833449686,0.0937165498730707,0.10449366813568363,0.12451069681872061,0.2974839505043016,0.238672268283521,0.1796246972762653,0.12946491011691647,0.1037929852299126,0.09356930464418005,0.10372414438161444,0.1257562776316771,0.2703388446412282,0.2221980926980008,0.17649445586679469,0.13153150658458268,0.10565022203445344,0.09349247595577692,0.10148142866161626,0.12680680113474782,0.24914468632787376,0.21347372163500772,0.1769186980787238,0.13551234726313308,0.10993118171868149,0.09556329988901478,0.09719493162339352,0.11975889038835598,0.2362502892063808,0.20717300790645055,0.17654050332515575,0.14111103456423316,0.11680238554444183,0.09940524668564277,0.09624987549351893,0.1008100740614167,0.22189390599155617,0.2002386905234328,0.17524368413392946,0.14563592017441054,0.12495748310150141,0.10821750669375081,0.10167037940860284,0.10009005999331755,0.21017936397960144,0.1967474312875604,0.17379139717831135,0.1513742878976455,0.13168379208022654,0.11597877196697609,0.10840159833687815,0.10298569775316313
2018-08-16,2841.7321,0.3582100413761204,0.27022742357890167,0.1757025317404278,0.11661427274394885,0.09455362041983278,0.0887483547563516,0.1261895917007755,0.2086713440953986,0.30616825195250713,0.23407560145025777,0.16627747851213343,0.11537751176267703,0.09411508592212084,0.08819162884111019,0.11671134198688918,0.16784686656580433,0.2836389747616773,0.2259500013527874,0.16807594329544967,0.1182908179024037,0.09583776733127167,0.08934209958465422,0.10294026466643263,0.14758599096562114,0.26486933352809583,0.211738209455159,0.1684975868673757,0.12381004119008303,0.09954445655288721,0.09007891824895133,0.09941220273616641,0.12602672145605015,0.2446427368107292,0.2034820142212641,0.16989983975372966,0.12988799687189487,0.10545408751157272,0.09197436693070317,0.09417363850160958,0.11197073286776782,0.22775234290088534,0.1999201179712398,0.17065505078556945,0.13591925671229815,0.11192214730330792,0.09568734877513467,0.09456792846585012,0.10788142762802073,0.21582878354218585,0.19565093366648204,0.17148033179573127,0.14217598184953595,0.12008100241606756,0.10405898187136715,0.10020945048454483,0.10511947384820361,0.20630484790246373,0.19042911497579107,0.17190906106669546,0.15042897906683161,0.13184552842087008,0.11455239543351854,0.10789854260590333,0.10399030488043147
2018-08-17,2852.7151,0.3459871186614308,0.28051797746460944,0.16803449319544217,0.10553738430722258,0.08688843375919626,0.08536344304783156,0.11611434382566772,0.17180159720362678,0.3098721362618072,0.23874328512273746,0.1596343668487524,0.10626867375805031,0.08740124239713777,0.08451430488645369,0.10833036717888284,0.1606667864973258,0.28270884257988355,0.21967005151328847,0.16098617667772502,0.11127198793490363,0.09027258093701503,0.08624168712923702,0.10320101009264779,0.14625691975600646,0.2585404258065831,0.2075323269159147,0.16128236139415875,0.11758238423281074,0.09485886773689886,0.08756822544767275,0.0967042744074595,0.13209613432129866,0.2426859861481837,0.20227287621927267,0.16451857165396577,0.12353829066428737,0.09955872957536027,0.0896038875613969,0.09534709737490477,0.11853256373181009,0.22794990322563102,0.19871173710078158,0.16790982151114106,0.13181300562764817,0.10716087190344019,0.0933324701383,0.0958427282925046,0.10722982358161909,0.21536876432890917,0.19366564789547241,0.16854072793148103,0.1388628423064663,0.11919617959372003,0.10564499720312595,0.09982846265852464,0.10214256831755363,0.20499358052147917,0.1888322481282758,0.16935411921459334,0.14495147760256397,0.12816801332760724,0.1161853777453996,0.10526605434956804,0.1020351697569459
2018-08-20,2858.8112,0.3329678510125678,0.25380911921554994,0.16399682955852257,0.10392316891134872,0.08529908638860607,0.08318283332007699,0.10766194753662471,0.17811461565132292,0.3024389144199074,0.22876462214254442,0.15919514338112153,0.10687067249344964,0.08742563956075901,0.08488585654206592,0.101679476785007,0.17811461565132292,0.28232218241708873,0.21408400614638906,0.16021910795439778,0.11176223852345017,0.09116207180349241,0.08696424015398753,0.09804295957475159,0.1719989657404036,0.2593487088594691,0.2025359012898027,0.1605192173491454,0.11763881978195033,0.09620139443336864,0.0880712788230494,0.09290767963755396,0.11864956008682301,0.23996174428028727,0.2003547408003997,0.16273518044565957,0.1238287475060098,0.10284952063307794,0.09074802141263189,0.0921280544099591,0.10185792106682641,0.22498901665655624,0.19760890521902735,0.16577534590062276,0.1306977081161548,0.10861194115610139,0.09451156421241293,0.09428950129841018,0.10054434645979497,0.21436289839510478,0.19288064198044183,0.16793438276520747,0.13933625860423135,0.11751779159399355,0.10294006020090699,0.09801744843484857,0.10051691521064014,0.2061283655581735,0.18874780662091978,0.16879955639646677,0.14664271931128878,0.12858276609886352,0.1138726981840728,0.10715486599869785,0.1045871581528126
2018-08-21,2866.525,0.33673866188308965,0.2582024689410825,0.16310349600211643,0.10351872033578008,0.08511410206932521,0.0832294598793796,0.11058333761491225,0.11058333761491225,0.31017458981801893,0.23432843883981413,0.16164295240130547,0.10661982872334523,0.08762975276704378,0.08528568166991238,0.1060662021482477,0.14414470962670484,0.2854892408337198,0.2198226632817407,0.1611364988334267,0.11120438434131427,0.09112544603528858,0.08708385393291163,0.10451266057781257,0.131713538882329,0.2612309824552192,0.20880741636218805,0.16103125962232348,0.1173973897971114,0.09553786613392047,0.08826699185326178,0.09901765590978812,0.1272814600985552,0.2447911495759204,0.2021970773860027,0.1610644734814764,0.12405346820344902,0.10129086231312143,0.09042510889836175,0.09397562768836458,0.11692147797821241,0.2269503683192796,0.19659036002922456,0.16209748709047786,0.1297804008671973,0.10719882175668455,0.09304359155140879,0.09372154169575736,0.11543309192622826,0.21208213205817295,0.19188399201437628,0.16735095652046872,0.13705516008568935,0.1179874935974646,0.10206339495155914,0.09743610974850736,0.10462900150360152,0.20256498065991382,0.187002068036035,0.16904916585684768,0.14620222324512755,0.12993949497555418,0.11473891936445714,0.10382046506167782,0.10200679367215526
2018-08-22,2864.8409,0.317483873683303,0.2489789737488283,0.15493427240730123,0.09763165090368889,0.08072048001981817,0.07882230447021,0.1170372274186772,0.17767501297339616,0.30301640985745754,0.23335354047172244,0.1565399609988794,0.10269451946193685,0.08444471490053773,0.08186979551850383,0.10236384399442056,0.18377430528446292,0.2860516452970733,0.2181623447152942,0.15683304871103554,0.10924959704712513,0.08887462055043437,0.08424475168321668,0.09816347782114024,0.15698720058804724,0.26043203680923993,0.2044875854986337,0.15809576117562874,0.11629490592776881,0.09445189500809413,0.08671589749046549,0.0951460677749614,0.13342193761181875,0.24472313024046544,0.19994612351332675,0.16335603758818354,0.12373197081543097,0.10054049653256089,0.09031793606672188,0.09515382310052319,0.11128969840789069,0.22829854717521297,0.19620045708069778,0.16485330026570857,0.130791050288835,0.10790712990687558,0.09408948168366965,0.09569724017633754,0.11039531265793394,0.21424741991535906,0.19070550784117196,0.1670444636193298,0.13752284274026477,0.1187271781463602,0.10299472327587376,0.09884712906222344,0.1091307682099962,0.20286769862450513,0.18696001232614606,0.16770751320686653,0.14555668534211455,0.13043779805365843,0.11430161514924408,0.10503148409266458,0.10368804111639929
2018-08-23,2858.4592,0.3335166281775788,0.24901463494044573,0.16117667804320637,0.10187172193530288,0.08402418351101333,0.08102039173001095,0.11141726069350968,0.1472621690705691,0.2978809898928921,0.22779981710807706,0.15831107056285007,0.10679002158745997,0.08750390107513221,0.08343620199310249,0.10461069377937107,0.15060191954253146,0.27231020885730844,0.21295015088890623,0.15950568461056513,0.11258778659569325,0.09153087230159475,0.08584248584806076,0.09939752997714517,0.14661124197171485,0.2545323808065768,0.20396717044861082,0.16206728864660566,0.1199326338215799,0.09644259562985356,0.08823049802855204,0.09834848974296677,0.1310968667856192,0.24303743529867794,0.20002397719235632,0.16492823549310406,0.12728375192200164,0.10274898252714551,0.09185085630729085,0.09791828962648691,0.11967548612425485,0.22941748786716062,0.19619168308674037,0.1668380865841273,0.13366803142019743,0.10956764127983301,0.09600461628240839,0.09517344794433245,0.10587210104843887,0.21537999587926338,0.1919050591761125,0.16859707275819844,0.14025689623749785,0.11920404149328337,0.1030055747574072,0.09834255575579988,0.10440710577210136,0.20249672167248123,0.18908674279578694,0.16832392365900864,0.1466075899215964,0.13173337978734287,0.11263819606443312,0.10416521117098299,0.10405579565151596
2018-08-24,2876.7228,0.32860866426701135,0.24565671637793554,0.15357837475379899,0.09684919030428372,0.08059586950385501,0.0804954304394598,0.12061044370486426,0.12061044370486426,0.30267729608992433,0.22749678482666438,0.15343609054127436,0.10173305006141843,0.0848204510995811,0.08257868860703668,0.10603893461441091,0.18030762733810335,0.2787155607370962,0.21424399504650987,0.15419471481096614,0.10823149002858488,0.08958400012109936,0.08515976396154272,0.10195689558688745,0.1527942953459224,0.25400662488423015,0.20406457361125324,0.1556832754194378,0.1161298272557875,0.09536660282513189,0.08763116132534357,0.1009659424345694,0.13908626790099618,0.238985880199011,0.20043523993745038,0.15913209893107458,0.12309400301716229,0.10176908110380241,0.09108919227028477,0.10063716107982568,0.12056117830886905,0.2271638191416329,0.19688984700683365,0.16431076531751573,0.12921990024161398,0.10759620053002993,0.09468349586956869,0.09853929660115555,0.11585152788578684,0.21263038913523025,0.1921487179361605,0.16693339785688865,0.1372505057187589,0.11669874766770753,0.10436060967020626,0.0993449633267911,0.10306010573883115,0.20239948977227165,0.18830643703216604,0.1690473246248002,0.1446550300866533,0.12721946379574525,0.11348541939135645,0.10541364047698487,0.10265876260422539
2018-08-27,2898.8392,0.3221976110877665,0.2403065470502504,0.15470090449312585,0.09635899985015699,0.08129315734830823,0.08383237134885466,0.13717559816835292,0.23958671875885282,0.2980030775564062,0.22463546013908278,0.15321915662326124,0.10082895807538551,0.08477093691580294,0.0856743584099043,0.12034037708089514,0.18098756405131675,0.27041018541297274,0.21087851391555026,0.15361776610307395,0.10680450169841844,0.08915058124137781,0.08709593105328446,0.10990190377931418,0.14434218530185935,0.2523250519934313,0.2031438740429852,0.15455866146958283,0.11354913361150167,0.09447053203825063,0.08896897179604625,0.10136446744755381,0.12507544593677783,0.24086528575702418,0.19773279871685986,0.1577449422517114,0.12043900994078945,0.10078545662446135,0.09229317029050214,0.09875852668295895,0.11728268660558418,0.22797207058264077,0.19285500874473907,0.1608072664267077,0.12655600292078514,0.10618181891008882,0.09550774653775848,0.09768150631719298,0.11578488741611219,0.2141241215611522,0.19032641427958288,0.1640010783653218,0.13353326830671583,0.11441933071507188,0.10170294275902109,0.09826462063902157,0.10981141673158037,0.20453914212953106,0.1868067358671807,0.16655552261687548,0.14187561295915535,0.12677820571898152,0.11159594768436322,0.10435806793000149,0.10403778925703093
2018-08-28,2899.1969,0.32758829676623447,0.2411359891978299,0.1521218813695439,0.09817660173995926,0.08270732231096999,0.08513936062296952,0.14616725622244692,0.2366640901803656,0.30686598042607277,0.22921744269709451,0.1533403667685843,0.10332760798953394,0.08659852481296859,0.08781341705179578,0.13688228202752162,0.2135915769026935,0.27952260177314775,0.21379391433913336,0.1554716239537751,0.10949179610397525,0.09061738967466511,0.08920599422660533,0.11970262921095008,0.17609323620048756,0.257231207023993,0.2043829221359582,0.15851528487374333,0.115971126376385,0.09549046508291612,0.09122472492571364,0.1045076875556687,0.15045715713689042,0.24178168735914818,0.19947595514157565,0.16208730572003838,0.12355527126859245,0.10233610003280649,0.09491897160822371,0.10232086894277782,0.13063543665717275,0.23002766122610793,0.19614957038200923,0.16335324163226925,0.1291166549900492,0.10833912853221053,0.09818803904617704,0.10206306644332896,0.12263691617094732,0.21601975847789526,0.19105860322320947,0.16512775941351163,0.13647732579579275,0.11870018489180616,0.10658177168534405,0.102448360833362,0.10991273067738523,0.20547321377538522,0.18754747800678653,0.166987654232915,0.14326782461405413,0.1290051596721431,0.11667465318068977,0.10708206134818928,0.10521922749996232
2018-08-29,2916.709,0.3178952958753144,0.2432020969409974,0.15591160134941753,0.09636875701523817,0.08231886880392415,0.08612699509937992,0.14989683719052554,0.24013402009398027,0.2991374741165112,0.23063320003122265,0.15376659453939154,0.10059872867719291,0.08574313408175402,0.0876280901715948,0.13550854128704382,0.22063412130956098,0.2701801889668373,0.21109121651151233,0.15297294302888242,0.1065419697482477,0.08980870833909356,0.08795484736546764,0.1179825011466767,0.1742419686386798,0.24985035742986972,0.20130137670143436,0.15479549531146927,0.11396596182703728,0.09544011750280165,0.09047748093984989,0.10597309146689267,0.15497665664719906,0.2348178960932255,0.1965761939434541,0.15872723910908867,0.12225548425644922,0.10315255885464561,0.09553440258750599,0.10350411315620461,0.1312860216385424,0.22613553259236824,0.19442187668979957,0.16165899266212128,0.12802340991229838,0.10829985609567815,0.09865811842642011,0.10297347479188632,0.12089611411319973,0.214393098653147,0.19020296962631708,0.16484925686411364,0.13619309717910139,0.11796444526916662,0.10422946863067233,0.10168317037662164,0.10911230315101283,0.20217624579902163,0.18648148171273582,0.16772435482766274,0.14534354518928755,0.13019793439765756,0.11491198966516265,0.10484800095645969,0.10504984151169867
2018-08-30,2903.4209,0.3448350724190352,0.26346649060467336,0.17613869797013607,0.10829947808556195,0.0900440625600783,0.09007744465016115,0.13507300126658486,0.13507300126658486,0.31878024946775085,0.24073575279105605,0.16688285330768157,0.11151356158779156,0.09274739768842047,0.08994709691847715,0.11782366636174983,0.18251889649698277,0.2825831779982666,0.21908560007266134,0.16277779179879828,0.11616690176711429,0.0957904438755346,0.08969323865588645,0.10599987722301393,0.17081203304187295,0.2578486686379079,0.20730160507064796,0.16197033922174783,0.12206804099425429,0.10095981399825163,0.09258898043630674,0.1031576537571402,0.15585965766443718,0.23965956350791232,0.20237074658256293,0.1651075563287156,0.12892339743735692,0.10855080067050005,0.09773252077321597,0.10172258755609981,0.12595718806579984,0.22851984990744767,0.19857549346646067,0.16780845861178742,0.13436655040403755,0.1137442533298401,0.10109973658231716,0.10179132712093623,0.11695261392934772,0.21775158213572335,0.1939258516736628,0.17097324053106291,0.14256807832395899,0.12244817621011513,0.10695719426851427,0.10252436392270602,0.10566018871031302,0.2096835656516576,0.19114323917566067,0.1712941627124088,0.14976818699645386,0.13383579474780194,0.11671087411713067,0.10858282902435623,0.10528418131398855
2018-08-31,2903.9894,0.35819257946914707,0.2777872191621595,0.17015009094847358,0.10351956347242669,0.08548732290324697,0.08367030517243676,0.12835178494687774,0.20722119792065374,0.3222883862858463,0.24681186406292277,0.163162462083002,0.10708373824127648,0.08814455155795456,0.08403735911814142,0.11658393130121965,0.18563363317871384,0.28051784928942314,0.22122537787108024,0.15991134365008364,0.11239454242599774,0.0916872459325656,0.08558789697184721,0.10335206260953202,0.16852331614295143,0.2591300193379977,0.2091182514603672,0.15965133986046742,0.11861861074996274,0.09728671933404591,0.08963915118546698,0.10063141629815556,0.14747407076282648,0.24051119777557314,0.2014282736575144,0.16221409534732464,0.12680859392810437,0.1060713570932883,0.09596130275903209,0.1017180695967956,0.12331930462487331,0.22970790263462676,0.19680095459546607,0.1649650568316258,0.133223050348714,0.11225600976068185,0.10011669930918846,0.10192108045173483,0.11613987245855735,0.21406245025461668,0.19369341172712196,0.16799308050118325,0.1410371440839424,0.12020962649070567,0.10485189811964217,0.10131340075527569,0.1104460136001051,0.20338671354309648,0.19247112712601397,0.16915072511868753,0.14793159373227002,0.13251981105998506,0.11488197901027211,0.10515967848771667,0.1104460136001051
2018-09-04,2898.7156,0.3470344143384727,0.26608946722048354,0.17721612404397535,0.11146990631165338,0.09221143027595446,0.08973318610427841,0.1134580683654158,0.20441560034666784,0.3135177203906688,0.24351463958825847,0.16823533793047013,0.11306547490539365,0.09285791380192815,0.0881866426800207,0.10854239368670196,0.18923917973595789,0.2867124179674813,0.22034518924395333,0.16318264221089332,0.11696103882652693,0.09576030076645574,0.08944732584418617,0.10096968256179147,0.16656543327443887,0.2630535269577274,0.20896534084711255,0.1649338089955547,0.12225462792625595,0.10088458087631946,0.09257457222512491,0.09945932045625694,0.14070187123731456,0.24079982853098952,0.2031155823676809,0.1685551207215946,0.1290625441104302,0.10804570931892099,0.0975245435777777,0.10138765882345463,0.12336904905627229,0.2298975176445761,0.19917210533780963,0.17108460883226712,0.13480957967634752,0.11245543333512881,0.10167415515832035,0.10293574651411892,0.1168864563259591,0.21672621009730053,0.1942758704042886,0.17389158464002707,0.14368250229329477,0.11938388163090273,0.1058490167401786,0.10321799813639117,0.11021853092175604,0.2055433115498218,0.19226357279672257,0.1730584578700652,0.1485974486538355,0.1328701725588225,0.11671297431077461,0.10775268752495319,0.10631766197723012
2018-09-05,2891.813,0.3613280451212166,0.2655885644153587,0.17752393160269633,0.1153347815302163,0.09365906454780146,0.08924784108571865,0.11244687111212802,0.14061663263059826,0.3155213663030796,0.24068779697320614,0.17103969682981057,0.11639076008906306,0.09417574096640972,0.08806330158284278,0.10630151568083485,0.15135423007925122,0.2868527828727969,0.22347541266722504,0.16852502499273375,0.12018261116900844,0.09699857228495418,0.08972412839749225,0.10352276413799559,0.15289959523524665,0.25773344885403854,0.21234256833054257,0.16820828011017286,0.12547278673757847,0.10242971619203604,0.09285854416524314,0.10024138178722683,0.14141246301607055,0.23935329031639768,0.20658625769374384,0.171829981206527,0.13150745894483906,0.10937589373113753,0.09762697550852813,0.10057351511570022,0.12769970401785044,0.23064519869859348,0.2023942559461853,0.17390985733480085,0.13634718227105924,0.11455506196078008,0.10199428517419835,0.10229187396950075,0.11742496459781049,0.21967248002399262,0.19676483246443202,0.1740243245798044,0.1447008832391213,0.1221874725864637,0.10769435675297533,0.103417806851963,0.10888971898372006,0.2117584520196472,0.1921089357747618,0.17245104461081864,0.15172143275022854,0.132967437922731,0.11394084667281656,0.10606428625808369,0.10613538601888203
2018-09-06,2881.8845,0.37355991186006404,0.278179999528054,0.1920393821077943,0.12611025451440236,0.10166807634544717,0.09555645244408563,0.11680409307457605,0.28364823463996364,0.3278506810718182,0.2443226354889313,0.17970521449269666,0.12516948225026955,0.10103623353695727,0.09319024412987627,0.10938230524096651,0.16751821268030284,0.2857450253290611,0.2251786228916897,0.173362283948522,0.12632699470794315,0.10241380621487041,0.09384465755080447,0.10518214329934926,0.15639981107977138,0.26041988795923154,0.21718444387646138,0.17261771985856872,0.13037112776393175,0.1064459787359014,0.09568466029006856,0.10081003075445939,0.13789214108738082,0.24254787841555644,0.21044932079301154,0.1748491420492906,0.13675316449017935,0.11127960813736144,0.09843664313417805,0.1007274219557155,0.12420483868194862,0.235008955342641,0.2050981936543519,0.17609971685630435,0.14297540076015589,0.11654867683594908,0.10199074330920081,0.10196460297278821,0.11733136087726692,0.2213319258190561,0.19784444318910355,0.17626130602186077,0.14947098696081115,0.12675229715927328,0.11077823196269192,0.10359903175797455,0.10929746673832007,0.20839498142778218,0.19433395390600208,0.1762451666543564,0.15356667624513104,0.1341202929639712,0.11761938623025711,0.10726962325396955,0.10489435656609179
2018-09-07,2876.792,0.37959773205167197,0.28993748682038256,0.1961473527776009,0.1245725896415192,0.10065869374963066,0.09470981975651419,0.12209074367104557,0.18038608217717073,0.32753647896437127,0.2567596665026607,0.1818072479902804,0.12375004947053621,0.10023409440272135,0.0913676859018161,0.10760073060308803,0.16393982064045862,0.2918109067724705,0.2345360582086313,0.17467067570729902,0.1259646203669702,0.10180877552882436,0.09177998985881364,0.10258889653664292,0.13572309483780556,0.2696958181510998,0.22339565124855934,0.17379107184138773,0.13107366407007348,0.10668356070859589,0.09464146341229845,0.10203905446317588,0.13047685279232277,0.2513712635035333,0.21680812606337613,0.1744350620141433,0.13795474675095573,0.1135194671004235,0.09917174017389599,0.10103824307588338,0.12654858426248736,0.2400455159411404,0.21068055847590467,0.17462042611152118,0.1432350633353132,0.11811790768389857,0.10291320724822593,0.10169077062907064,0.11724323008677748,0.22513412671105434,0.2021948912646092,0.177154649585315,0.14972586666892246,0.12746198473757755,0.11333265416736624,0.10520999783285916,0.10727694267058459,0.21599013712336534,0.197821864001994,0.17654686530052913,0.15503636412646168,0.13752374958339902,0.11943210842794884,0.10808373913823142,0.10455919991775225
2018-09-10,2880.6757,0.37531264253754415,0.2831780529161335,0.1866809127335147,0.11878018649881601,0.09621810458838256,0.09206621184713044,0.13343499510615484,0.18115907797959077,0.32680949967854533,0.24496990170486388,0.1715278312090737,0.11960545852712884,0.09666142858735638,0.08986018497876307,0.11802630690791656,0.15721161439936185,0.2892064537352809,0.22996402171022284,0.16910027326047372,0.12303500926232089,0.09934241478682587,0.09090582980746686,0.10896001234344818,0.1363031577212673,0.2642773773900873,0.2207012349396991,0.17012758062718303,0.12905693053316666,0.10538471709002026,0.09342291837945066,0.10394786944836464,0.12302951932307357,0.24806020818480873,0.21210211841885623,0.17242163935350568,0.13613291496415889,0.11342500385964427,0.09786446068855707,0.10316319455627489,0.12046150800491898,0.23522434015783789,0.20497463508775754,0.1744258684476791,0.141511980559193,0.11867847894719973,0.10244994325173781,0.10281584223020922,0.11903737962168896,0.22089191168520678,0.20121201694162485,0.17576786820279516,0.14749125147147762,0.1275470360914563,0.1110780911982645,0.10429032175885825,0.10709720753392912,0.2113479857150227,0.19723266135245773,0.17723720954195532,0.15134120962249847,0.13648865274753808,0.11854921613099045,0.10949270757507716,0.10520948592341942
2018-09-11,2891.4104,0.3615689866810455,0.27065753227527445,0.17239633663970091,0.10891932959505185,0.08937810231826918,0.08617885645937855,0.10586303392235921,0.12713973632374195,0.3044603629403907,0.23809616858823154,0.16402008134860516,0.11058149219349578,0.09042923857996085,0.08540844058208048,0.09934461686981541,0.11905941062439339,0.2850392759611559,0.22300581759031537,0.16389545783287132,0.11533624341372421,0.09387519996375018,0.08772956585571394,0.09970426831593217,0.11624299365080479,0.25976763567658784,0.2102763778417552,0.1644343936753016,0.12222437901152315,0.09993007378383763,0.09099083373210044,0.09824234965936049,0.11029821862163451,0.23954308935851826,0.20395802360463292,0.16714057598422755,0.12945939756181044,0.1079547375984493,0.09608786368899319,0.09873844900017119,0.10604362605797935,0.22902393550195635,0.20051306064788085,0.17043683772928367,0.13473388906877298,0.11429007051746455,0.10039338423997457,0.09953611323739586,0.10284184741811561,0.21801851474615333,0.19584093395604998,0.17196447017780853,0.1432131218227122,0.12603752410323196,0.10861350625899763,0.10300673606118806,0.10249975919809376,0.20864185328810225,0.19191498360587242,0.1716400374716416,0.14931498696325635,0.1353074647151626,0.11743015401605628,0.10832963255901801,0.1041770202686138
2018-09-12,2892.2745,0.3532801528131551,0.26468539194450513,0.1711997133337138,0.10710861521401148,0.08630237028313437,0.08227083394742335,0.12167303427570426,0.16743171733935935,0.30754313028185,0.23731062449974305,0.16144767248765834,0.1082752237425671,0.08815857359231645,0.08276312801297359,0.10983634101907674,0.15503268978014287,0.2881369357729585,0.22337673201247985,0.16074623517722653,0.11273601750827557,0.0916992683582755,0.08510461949170658,0.1003527393032561,0.14490444473074626,0.25503763947058744,0.20925096048733954,0.16217154008431808,0.1194623353067241,0.0963731564926184,0.08768712798091353,0.09494982298072907,0.12494133732208974,0.2355296867045454,0.20189418751549382,0.1667573247015139,0.12790095169769283,0.10329927551538025,0.0918098383706653,0.09461830009018678,0.1149105539202293,0.22658922609257762,0.19815468327813027,0.17004131494080393,0.13524962159751938,0.11192918708758821,0.09627732873021834,0.09615336610422077,0.11958007509908013,0.21479538716526345,0.19209795144012012,0.17181088995019506,0.14472229297528205,0.12455807135490309,0.10972158426056514,0.10154423391430872,0.11229902001954874,0.20507678151350925,0.18800160810515448,0.17188856660448204,0.1506724939614498,0.1303721577881286,0.11605627182478409,0.10580300780693225,0.10454766912631962
2018-09-13,2907.3109,0.34863239415464836,0.25416034900628626,0.15637846441438594,0.0986263073259596,0.08189765406169411,0.08297118668648802,0.11639647018662126,0.14612425988116975,0.30741316986518274,0.22839277459257828,0.15069245444701587,0.10168521072188402,0.08404452344587214,0.0828781007375951,0.1113699575821166,0.1347980857124709,0.2841389116969002,0.21481628433312663,0.15273302221801954,0.10684747369368494,0.08775838106932626,0.08507413714147659,0.10725716627174856,0.13094091959741885,0.25180655394563567,0.20199391980389467,0.15430491520766096,0.11419588547811622,0.09344676751011521,0.08725542363015726,0.09940352967288751,0.12336764295936767,0.23210266012269792,0.19587492829906294,0.15798104269123112,0.12237660295792703,0.10076412058397181,0.09078613662705635,0.09287103547484366,0.10841862944582138,0.22128753992657008,0.1925170247487958,0.162584389809489,0.12909844430583606,0.1081674781209446,0.09487372528954398,0.09319286945877839,0.11049315784350779,0.2112005210446771,0.1894344885095121,0.16613234706854293,0.13838498153211368,0.12060169060774079,0.10474768557965272,0.09784647425463698,0.10375349522070673,0.2040627706174015,0.18699733684953146,0.16835177156397643,0.14395227288388793,0.12916070488127948,0.11359913080235459,0.10433864359289387,0.0993667672106001
2018-09-14,2909.3803,0.3305907293262818,0.2518587320266886,0.15693582038199969,0.09561691860137211,0.07927075454316156,0.07964259683849383,0.1127014295338387,0.16568525664153935,0.3017331949304477,0.23305787751715848,0.15262737718961816,0.09826323143223219,0.08124606416430322,0.0812471715550622,0.11745536608212759,0.16024133880711325,0.285259492908978,0.21865729218521987,0.15152017515301086,0.10351645794165522,0.08507825502538338,0.08370244240347037,0.11138444391833807,0.14310347225767445,0.254760832290398,0.2020664575001848,0.15115945343982787,0.11153568285075979,0.09148519233182681,0.08617649744482876,0.10012809930840802,0.12485395477940738,0.23346512153879828,0.1932728285496902,0.15491178665392308,0.11933293598979859,0.09958708548175574,0.0899312047305404,0.09725227349112281,0.12437374390698004,0.22074320383651463,0.1890417216414414,0.16039999936442692,0.1266357585550936,0.10640580692389827,0.09396202593333203,0.09644496101449902,0.11845430874071593,0.2085686360711935,0.18777572987127172,0.16403421234711704,0.13753777128091477,0.11712569736194561,0.10426354937637079,0.09811421980232334,0.10064191185870204,0.20216191443577639,0.1877823129623538,0.16515860518808603,0.14526584421885905,0.12476849269174546,0.11489058933961262,0.10199190091936926,0.10029439880502526
2018-09-17,2891.4858,0.3509447785993768,0.27932775319882025,0.18092971705270358,0.11671508008946016,0.09511378274243815,0.0895392814551411,0.11597505493646942,0.15108550691735648,0.31632218712829563,0.24808595625075153,0.16853222241737473,0.11484630961378588,0.09333574420102791,0.0878625430756625,0.11043246963858888,0.1428445067334887,0.2961145340817616,0.2257202310248103,0.16345271572332434,0.11634161043441249,0.0942252139968333,0.08793102602592553,0.10368757904287057,0.13328857652502982,0.25540885764934146,0.2074216357748103,0.1624418346552914,0.12097362808181789,0.09787422120023628,0.08890179460958957,0.09676457594725664,0.1286687639938687,0.2346827507926487,0.20235118007603953,0.16367720193532898,0.12725771663986823,0.10345869899501807,0.09179545714204347,0.09625596907940057,0.12586676641707756,0.22634552689019055,0.19781426422847576,0.16412963876626807,0.13370558987148526,0.10980519447155039,0.09659577538574128,0.09706994878749459,0.11939993417062825,0.2156831834006858,0.1918604616833523,0.16525726491771675,0.14025710061313668,0.11900940505436498,0.10683914058395806,0.09967149222156514,0.10711251907974587,0.20614025626286778,0.18839522168303263,0.16935512855440515,0.14565102487338735,0.12745757700442276,0.11389240519241477,0.10465087305165638,0.10229297027754783
2018-09-18,2909.7248,0.3325215584050295,0.26252786259566396,0.16448482346527024,0.106229030655003,0.08844658448758665,0.0853990536414128,0.1264343214544223,0.17307801268070971,0.3065650158868785,0.23806938908303274,0.15891302845808614,0.10670071255182434,0.08818990255635542,0.0847780221696985,0.11737887268535818,0.15579639699341585,0.2831249812949494,0.2215820776244791,0.15779210675067926,0.11059475742898196,0.09052519988775506,0.08600333596280586,0.10992599017234188,0.1376787302288224,0.25652723510284936,0.20808642339612882,0.15719943951678259,0.11693032381507203,0.09599886993387645,0.08800483826103384,0.10184191277693688,0.13193354924732942,0.2368828896524757,0.20041924217039664,0.15921569672146144,0.12284138143290164,0.10231675351828273,0.09135333931791204,0.09661837106858968,0.12670677881164027,0.2241032530503891,0.19562279302625032,0.16250699467166274,0.12857702049180636,0.10758723759523268,0.09543231613753096,0.09603971359440502,0.11757969640283622,0.21274869457084694,0.19101141765316854,0.16480520314863836,0.1381348372222562,0.11781893916921267,0.1030242550132861,0.09809063294388179,0.10313078956431289,0.20405363529440754,0.1873501392348667,0.16700260781379334,0.1455525531019933,0.1292733781449433,0.11166750310830122,0.10294814691703211,0.09962590245588163
2018-09-19,2912.76,0.3317871422079797,0.26263998635149854,0.16619451536696445,0.1010263360005602,0.082239444723465,0.07827125590014168,0.12854823258257017,0.1854181365078569,0.30527455430711886,0.23754993566932023,0.15715774702385638,0.10072943198216935,0.08248515347097679,0.0805424965494772,0.12143611188781335,0.17491720629491148,0.284527191443745,0.21835786043560984,0.15495265962230406,0.10582682654637163,0.08588392007498169,0.08236084326415485,0.10522670827559072,0.1530445399161995,0.24787431978872493,0.20145566955968564,0.1549783613858494,0.11372392767996725,0.09246028262637813,0.08475813360025328,0.09286617095550574,0.12414849455391741,0.2307140355784014,0.1941215659983086,0.1577333561796763,0.12080357290891544,0.09944122222468212,0.08846279585744062,0.09226474724115476,0.10755141708458449,0.22080917560963315,0.18923984410809144,0.16134518362754416,0.12839168206727414,0.10640274340440095,0.09250445525291968,0.09469685757900982,0.10717349404463693,0.2094853265378217,0.18624110856645726,0.16338913063316496,0.1390539358445591,0.11839936629131109,0.09965981763817099,0.09656916142205288,0.10075551182760299,0.20006636272861664,0.18452853952009177,0.16560518343228267,0.14508446860108348,0.12945182694864063,0.10837262387652415,0.1003209669901352,0.09882513882467665
2018-09-20,2934.5203,0.3216093087066967,0.251519711497107,0.16239441149614633,0.10309507306410752,0.0841668842629425,0.0834055524911065,0.12335120742049209,0.18378471865791754,0.2922003409070988,0.23030436896858497,0.15630172757495245,0.10347879972851809,0.08473471379005207,0.08341482434605414,0.12134069819887815,0.1774200498794765,0.2737345194372257,0.21443496058772066,0.15475648694382105,0.10667207062030223,0.08752422752537235,0.08466004550574938,0.10955299587159292,0.15270538485617896,0.24898513428281058,0.20056174649275413,0.15293497804017883,0.11225817770988722,0.09296739513968887,0.08758858291906158,0.10159076842387786,0.13129443515137437,0.2314828756955398,0.1941600681953512,0.15426135896342344,0.11840029561895077,0.09921209806563373,0.09090127592743205,0.09801944533574578,0.12029260861170754,0.21989050801703727,0.18936096897026508,0.15781175508952422,0.12382835621111998,0.10551657364554597,0.09502573927034783,0.0977107052966038,0.10578351133212226,0.2086562231198602,0.18607818777869106,0.16193308519224306,0.1333976645978263,0.1148396580259058,0.10253198662064265,0.09760572087199129,0.09962678908707202,0.20384588097237033,0.18468844652943245,0.16285121539868677,0.14175850559602637,0.12430512194123582,0.10887485320217985,0.09961072651527123,0.09855089361814347
2018-09-21,2932.0219,0.3200697704979865,0.2500969489303074,0.15891714012829886,0.10000616242200805,0.08222536125790199,0.07822073058633584,0.09965758500918397,0.20516774477577446,0.29488107284728104,0.23041766903429994,0.154612423960143,0.10119468318716461,0.08302719067471416,0.07964881240388022,0.1032642280991378,0.20564120428830898,0.2732239543161037,0.2143438478127846,0.15248960663135863,0.10604382584150251,0.08646272385444577,0.08221224659297473,0.0960635953675487,0.17961971863756163,0.2503552701217677,0.20247445263270672,0.153134598730434,0.1130184950776976,0.09255111296884846,0.08639220940874853,0.09498011469777007,0.13052578590949468,0.23439027698984002,0.19453243440814824,0.1556992458004896,0.11920397535473973,0.09905870386535763,0.090034834480617,0.09525155065612116,0.11855880494686401,0.22258690858726785,0.19023713474896287,0.1596951704106303,0.12502920295498876,0.10611080078086134,0.09421351249652907,0.0967256091654946,0.11066692913245617,0.20996052083717412,0.18780527605646363,0.16387660641569698,0.13571638320953516,0.11805758349776432,0.10318764497603745,0.09812535106301137,0.10426081457674523,0.2037643015162222,0.18504523534757975,0.1659676315066361,0.14316771736996622,0.1250853924402598,0.11128850948917361,0.10372706989921662,0.10110961303314495
2018-09-24,2924.0489,0.3263009346956861,0.24760105355249207,0.1650865528116735,0.10951204743064201,0.08911400002428152,0.08418481808474665,0.1015219306816461,0.13202803082940492,0.29966440880346024,0.23156571346669383,0.1614376715829828,0.10911792708795236,0.0883544128493268,0.08393685561390989,0.10263566557348573,0.1317568467859297,0.27031869174937867,0.21427126769040572,0.15986704541257005,0.11268509922374975,0.0904108007671749,0.08460975841707938,0.096082805062786,0.12303498205471264,0.24761858479877707,0.20427792522644656,0.16071787867337572,0.11845452556483523,0.09530705859534107,0.08742646147708391,0.09498108007594423,0.12394345102141824,0.23270984004227196,0.1980139983767826,0.16089041192016373,0.12355627094331818,0.10129260946248271,0.09088485601497015,0.09621550936962281,0.11799897099025088,0.2213828165255148,0.19232135910234952,0.16273540677851997,0.12976280974119153,0.1076515673510103,0.09489497798999114,0.09797745946090318,0.1058209235588916,0.21166005421159842,0.18883084393962885,0.1648622005837669,0.13881499933689379,0.12026739521639539,0.1053685921299547,0.09939843619412717,0.103719853123668,0.20480202695342495,0.18527267366575287,0.1660331381367366,0.14425065090145361,0.1277590772193067,0.1132989641254135,0.10486968690045334,0.103719853123668
2018-09-25,2918.2507,0.3239100831225928,0.246756984932021,0.16570656738245806,0.11117560826721089,0.09137142858445607,0.08661348465306892,0.10844089073323487,0.16200443625872024,0.3018777091120736,0.2332293711959918,0.16267591248455937,0.11074019597677599,0.09074146351863124,0.0861884896197263,0.10292186723005889,0.13293747010505408,0.27428109342672496,0.21704302946413243,0.15953142635259118,0.11483144482332644,0.09312465449135794,0.08753282705118218,0.09761511640631394,0.11695340189695537,0.2521313596796625,0.20717665215369188,0.1605335324129656,0.12172274751648952,0.09875047291966851,0.09025020014754546,0.09644073757495533,0.12463236698842334,0.23570955961289525,0.1987549355243875,0.16239684533440843,0.1271633703950915,0.1053079222710576,0.09327251724591046,0.09705096304492179,0.12002855001138048,0.22408980303368636,0.19313315368297845,0.16372954381048144,0.13187397762976605,0.1114525209864368,0.09676287072695652,0.09934765974398022,0.1130819763571429,0.21221382386945353,0.1906359673865051,0.1670331525338741,0.13917201123706138,0.12092726904461568,0.10466686620354092,0.10078787807003853,0.10433763033947524,0.20434454886527162,0.18692531341941926,0.1690777187449509,0.14669057466605845,0.12948407159104694,0.1126358385591056,0.1047729956873383,0.10289366105337157
2018-09-26,2909.2997,0.33466906737429825,0.2597468314572611,0.17583411145477257,0.11464307741910766,0.0942521833594068,0.0899585277388269,0.12214959707200385,0.16580602941079034,0.30229258089829353,0.24085628118090036,0.16815975577120673,0.11335788404274552,0.0930254959697018,0.08847280578807058,0.11232231541158048,0.1606462674658894,0.2789880516631107,0.22221458380137946,0.16399215516640375,0.11662205313364735,0.09497506668453858,0.08946211303486255,0.10312618845170625,0.13840935014130318,0.254265779416102,0.20715850855597426,0.16350513680951403,0.12289321109023314,0.1000734227459692,0.0921270324703184,0.09945847427211818,0.12551968770786467,0.23659780814687703,0.19947197897005525,0.16448583858228158,0.12821880789012627,0.10575161063962658,0.09484963625100425,0.0978029648395997,0.12431257770246573,0.22677241889762143,0.19402557736675055,0.16491494964926906,0.1327735282477779,0.1106993756292335,0.09826358352819473,0.09847452261909222,0.10988470684952176,0.21092325243461732,0.19078117171968614,0.16621276069938898,0.14077069378506227,0.11994633708567728,0.10455565262699348,0.10098173365963811,0.10599959898118404,0.20370137383715228,0.18840055921335425,0.16761306073665097,0.14743478549809225,0.12986516117815064,0.11317709895615083,0.1051490043473562,0.10485945696799737
2018-09-27,2919.3218,0.3460758801562361,0.26018436856158805,0.17186183847101189,0.10533984192591335,0.08662627405969242,0.0834581094777932,0.104631745681498,0.14271748897145564,0.304021149087349,0.23547609701119476,0.1617335086775609,0.1052846013734053,0.08662844931497243,0.08288443369824132,0.09983843823626022,0.14621963907261656,0.2764968799924601,0.21532411568152424,0.15778826660365253,0.11038455937415556,0.0898291261786855,0.08414890711495913,0.09908084789221924,0.13659878292342748,0.2491970304079031,0.2033523916041126,0.15945345375421785,0.11714297499420197,0.09545778309401547,0.08734983138363094,0.09699876642039745,0.12023452981207222,0.23309302026253437,0.19641170449409354,0.16211101952254764,0.12166989795808825,0.10080052807798301,0.08977197092251345,0.09470660104849704,0.11211754342652555,0.22109747457362727,0.1915155704989287,0.16401851885390728,0.12756204182071781,0.10717854517022024,0.09360930132093309,0.09664743614727114,0.1054157820577106,0.20923362008407864,0.1894617640984655,0.16577990384311697,0.139081410320521,0.11974020699640785,0.10206934247352828,0.09854308939843652,0.1032391922881976,0.20314513302506573,0.1892808068400115,0.165261118295973,0.14526458031226552,0.13007518364756612,0.11106446930857625,0.10369707078571044,0.10384891466845388
2018-09-28,2916.9323,0.34977545507999624,0.2716882897242633,0.17610906502287024,0.10684501981765573,0.08569375424978068,0.08189933121875656,0.1068817082287217,0.1652319235430033,0.31744091419026316,0.24638114026545524,0.16446561066861343,0.10722074252151313,0.086618038290816,0.08219512252979745,0.10360966796209171,0.15233467479980825,0.28426461313478174,0.2212761869223857,0.1603660032751459,0.11127829636747456,0.09005134792766986,0.08394934227355189,0.09769392394010727,0.14074951659660564,0.255772666369301,0.2072270305885354,0.15999808542517122,0.11731408123283565,0.09611690369894471,0.08767557293289618,0.09567022501374396,0.1330751126208735,0.23759203762438968,0.19860575321950732,0.16019732311147733,0.12258824530626801,0.10215912617068824,0.09153900537072836,0.0946971424210999,0.1252249233831314,0.22262666910385018,0.19290597019369757,0.1621907516856907,0.12934945310713714,0.1071222993235341,0.09600915992127163,0.09718795423117794,0.10447434906954235,0.21109563629213451,0.19096788540795273,0.16458799594091808,0.14087732825850824,0.11960042646997049,0.1038214687083871,0.09881224284646027,0.09947304373842362,0.2074022946455851,0.1874609906257251,0.16719669663119327,0.1470401211358186,0.13203638600792336,0.10956919678313859,0.10256199360012326,0.09979573085008317
2018-10-01,2928.4447,0.33697581702936363,0.25970367611388434,0.1673796911092188,0.10366745775547238,0.0843832272365796,0.08411838703903338,0.11328789401426402,0.15417649861475927,0.2977047612805686,0.23433061092212454,0.1589644139407964,0.1041331374675386,0.08505718433500864,0.08250305937781803,0.10557578630241102,0.15250378473215118,0.2747262320950889,0.21634929496222172,0.15782353109904473,0.10997118752523224,0.0894403271385425,0.08459569237173194,0.10013600388719297,0.13451066074411747,0.24964416634705078,0.2048544420089217,0.15890697779453183,0.11625279043307957,0.09592889982117596,0.08824799229358812,0.09703986662849068,0.11759807138095003,0.23303448015867984,0.1975022956002867,0.1596380655323326,0.12060018246475177,0.10192918194908795,0.09169929593665782,0.09474869795295202,0.11939521274760227,0.2201034512146089,0.19098874264472376,0.16252156843614485,0.12664275753122106,0.1061745872493711,0.09621317728008985,0.0970963453826005,0.10794552236021265,0.2104710652994896,0.18797933836180153,0.1663651434409364,0.13807720710102636,0.11730783757885212,0.1071892664921359,0.10079825344092745,0.10165845358225689,0.20370655973730764,0.18539572470934912,0.16739681305300516,0.14350849532073506,0.12812735481426574,0.11365306571881988,0.10361637421217139,0.10287574526112625
2018-10-02,2927.2475,0.33422796573393593,0.25301920608438266,0.16715882836119972,0.10440791421113724,0.0851172665760453,0.08292895681263887,0.11965957820577448,0.1586392156915265,0.2885291308472419,0.23105272844042907,0.15860956062357476,0.10526105353047212,0.08649592446662321,0.08286208841692913,0.1080395486490524,0.1504607018643712,0.27194169432673004,0.2187518148640399,0.1584434214109905,0.1117787954846911,0.09176875959871642,0.08602760892194342,0.09767831947722427,0.11977452324073284,0.2515842201953456,0.20668129444668348,0.1611250990527529,0.11908009906254638,0.09769802371909249,0.08908645553419274,0.09602598108177811,0.11369178554356521,0.2366903744946307,0.1978601305202105,0.16050647490613149,0.12498453018006866,0.10336921757935572,0.09161432768270511,0.09555785719199236,0.11479737634186889,0.22464858883259256,0.19044004002423712,0.1618149903167255,0.1308363545637224,0.10867329414067564,0.09503932412020456,0.09806330100329047,0.11029109211838392,0.20827087269235833,0.18810876300284707,0.16564959521575542,0.13985768140869756,0.11875628929123744,0.10378365957832682,0.09941648295648568,0.10443563065918307,0.20134193154933444,0.1877587213522119,0.16651609056856564,0.1457998339000376,0.12841738889920667,0.11174323679368682,0.10217157011912555,0.10224284196018704
2018-10-03,2928.2484,0.3297437560300792,0.24989942414461533,0.1628816883511317,0.10286086154982094,0.08510421495026878,0.08335818970159466,0.10547966528831014,0.13082170748998362,0.2881610806571425,0.22807257549867052,0.15699546019750849,0.10438411261748522,0.08659251050745659,0.08315713140928868,0.09999431726047117,0.1227625265938783,0.26932046194970055,0.21777407514150848,0.15946035743377077,0.11201131684051277,0.09222855756933539,0.0863208384749318,0.09770845156093398,0.12917084512965907,0.2469519757285076,0.20595253684604564,0.16000789408345512,0.11946617622860314,0.09843747673093323,0.08926116002142123,0.09530029211503047,0.1352631497324097,0.2347455645084408,0.19782839125145738,0.15916358807322495,0.1246553788167381,0.10343816781913093,0.09165624660436197,0.09564916270365009,0.12500554560702318,0.2234971517020202,0.1927393412478166,0.16035433598175636,0.12944211359982738,0.10919606129490181,0.09593764243028766,0.09790288619351786,0.10659009564478472,0.20795111603440758,0.1871880500902973,0.16615786602791524,0.13627726538921334,0.11880645414776679,0.10541995032724148,0.1010566893999168,0.10384389533873861,0.19873979376836592,0.18491668588157914,0.16773844492159906,0.14333195102572954,0.12723198612507797,0.11192497484343478,0.10515346472111137,0.1026275038788776
2018-10-04,2904.2708,0.36167996144165987,0.2837058006372063,0.19858929448676976,0.13295184348578656,0.106603948407509,0.09743075705354803,0.12853737909166169,0.17288836988327164,0.31163811379847334,0.2511319760617541,0.1839168436286483,0.12848408212224022,0.10268151145017228,0.09188656962214536,0.11345027091595655,0.16544746839741814,0.2877316907970709,0.2311328435459761,0.17904987123516733,0.13088495495283292,0.10425362346029829,0.09206344139505468,0.10005406288595729,0.1374162793567167,0.2578519388380393,0.21686220697123706,0.17596025352241068,0.1340016731917057,0.10733216518704074,0.09360482785105148,0.09621127978846207,0.10934545076547852,0.24148718694465615,0.20859925046782235,0.17268367636508072,0.13554999252298242,0.11074387185943692,0.09606144292091798,0.09650713345348931,0.11070638956188764,0.2302366152665013,0.20067987696767697,0.1706519762618558,0.1387936711890387,0.11450446813681203,0.09973913113427285,0.09885167082312317,0.1108219522934941,0.21521254408241774,0.19600845316058219,0.1721199984246423,0.14474578908822064,0.12395935161084835,0.10822453770258675,0.10053180447583508,0.10456965903985448,0.20834048981566772,0.19285707142443043,0.17478819662625378,0.14753559404990282,0.13256070651288307,0.11814318598086788,0.1054714592835435,0.10354359227546124
2018-10-05,2887.9902,0.3692301184913301,0.28570322238624396,0.20390711477693604,0.14241675784499694,0.1142162845477004,0.10167019694068864,0.11210259250312407,0.15492624235699037,0.31856504709143507,0.2525693472925542,0.19119736065771087,0.13870933957351922,0.11042955135012635,0.09617333220990414,0.10208575435330798,0.13977926804862,0.29307545004144386,0.23488037803985398,0.18778350150886564,0.14063578166334612,0.11136637035274655,0.09628419036029005,0.0997891579889544,0.12324587566745518,0.26553144879177587,0.22339376173981126,0.18395726660446424,0.14162567082650643,0.112928817309986,0.0972441188920935,0.09753069351497999,0.12355733595255429,0.24990738324848094,0.21549432252430298,0.1787668875180949,0.1430638106378526,0.11519809075207756,0.09867607755993539,0.09731082117862894,0.1182550206421254,0.2374171821036208,0.20730721092394563,0.17623752843476512,0.14625570727118234,0.11947893841950169,0.10263518896926159,0.10033879133045741,0.11255736012305396,0.22343443158466475,0.20260827292287878,0.17625873835555664,0.14972551463361936,0.1274673210610977,0.11187436962667897,0.10336524735526403,0.10867459319361422,0.2146891227239067,0.19675249256347374,0.17602724310142628,0.15290639593409255,0.13381251955081072,0.11856913191571694,0.10842331711714355,0.10710663152023492
2018-10-08,2888.658,0.34819241855256633,0.27588667319601606,0.20253212362597509,0.1436079619721821,0.11541117154032597,0.10246565691220964,0.11641991876758973,0.16800898487376825,0.3105012447326642,0.2516204702021096,0.19450409086228423,0.1414874461454897,0.11251720702902414,0.09741731373096962,0.10368933923740785,0.15568286830794267,0.29171239916747177,0.24010905633691787,0.19155537164905617,0.14278805791716767,0.11337204268079931,0.09760449217959602,0.0990430283254643,0.12342177573440674,0.266829658076256,0.22648599004974962,0.18593582127847708,0.14258601308863228,0.11430784900910661,0.09840015164492873,0.0986480136073647,0.11709767273920044,0.2533840962484118,0.2166368930946799,0.18125010316582857,0.14333096073509563,0.11666912836543501,0.09989643580708499,0.09931105788441466,0.12126904943575395,0.23782847396990262,0.20642721627627478,0.17993582590889257,0.1471220480588902,0.12024420744533172,0.10250736214331121,0.10056464379001609,0.11837397507204918,0.22242989348799228,0.20136218667447117,0.17972450123351313,0.15249359533040222,0.1283692959499633,0.10949039008720517,0.10340583794408427,0.1099523124030174,0.21129783800654636,0.197242586184122,0.17770796162741995,0.15379114514116643,0.13731782847174212,0.11741324594953187,0.10817943455287767,0.10616950664065262
2018-10-09,2884.7436,0.3475917793197905,0.2624465705195643,0.19423064841465432,0.1413054157659504,0.11569722381518892,0.10304175806116522,0.11949090822063341,0.16787626089203567,0.30960256878716313,0.2466567670700727,0.19138802886439332,0.14152133531379202,0.1139011795637474,0.09947665741972304,0.10995307410954147,0.16475424464879074,0.29357896424231833,0.23981604631129713,0.1908767316167264,0.1439231580487155,0.1155249279976329,0.0994953796551098,0.10484388815554811,0.15073499993016218,0.26806203658255273,0.22685814277217206,0.18703877647042624,0.1438986130027346,0.1167126677266342,0.09979720968656311,0.10044232223915965,0.1350212481464128,0.25158427479533096,0.21817218506312203,0.183447054874904,0.14388434985236187,0.11855623836887046,0.10138876206840539,0.09983105905580117,0.12422345499602695,0.23770197140679034,0.21018614066504174,0.18181813411266565,0.14647976280097105,0.12130325348484311,0.10392770241496965,0.1015984570063021,0.12074823024428008,0.2262128882994316,0.20213448312608231,0.17895162835557452,0.15361160735657364,0.12949096874780286,0.11152861266807913,0.10565261374236293,0.11225183640185292,0.21629977316674884,0.19445727278061045,0.17537556921501848,0.1581788448427853,0.13991344384854187,0.11939006646771491,0.11223397973261952,0.10784127834383944
2018-10-10,2790.3127,0.42393552122053413,0.3432974322600806,0.2737667842055847,0.21632981336440357,0.17965624400888044,0.151635916143872,0.14904873913813527,0.18543297307767165,0.3645455747567071,0.30833978124532874,0.2528822563432152,0.20189814392808061,0.16637863242790835,0.13885285847666226,0.13524468512948584,0.1751462338869678,0.33655384926373516,0.2871755725915653,0.23910211914031498,0.19369763634555795,0.15880492521096395,0.13239877700679642,0.12892204031508273,0.15083940054812908,0.30171854909961016,0.2628820399932155,0.22236701274084802,0.18403090342046274,0.15181413523010062,0.12622440255787323,0.12294635428564508,0.13451046560902372,0.2813612769332859,0.2474607887970904,0.21192908569961916,0.17757203368990945,0.14921158944468188,0.12370778428576064,0.11953034477211823,0.12964168193286804,0.26223264142666947,0.2340372339596851,0.20494897855049046,0.17478060358397968,0.14905059575824262,0.12269630587225434,0.11622336889916703,0.12207938126108914,0.24325655926857181,0.22325460056882096,0.2000631393990303,0.1720032849695125,0.1512000903686045,0.12777969107957374,0.11646191481299752,0.1166472737755134,0.22914531333050342,0.21307121846191457,0.1932933535046086,0.16855247123900444,0.1533231277420401,0.1349166928832946,0.1194432622462876,0.11509481252426351
2018-10-11,2732.3607,0.45336489369992444,0.3769315591270499,0.3155933270739729,0.25931657566577576,0.22099842039807577,0.18876686294295753,0.1824673381515514,0.197680120402137,0.38548754720972245,0.3335447433576413,0.2855573657772869,0.23696746210499356,0.20104032683473338,0.17096844136131695,0.1632769051598413,0.180699836646971,0.35195919906117223,0.30645320923797364,0.2629353116736249,0.22025786944512254,0.18704057983742356,0.1586194469269004,0.15120952456220824,0.16386146774030896,0.31409000956325034,0.2779877379704909,0.24095196687344972,0.2042327059876638,0.17375151038096448,0.14668968554549994,0.1394362648856703,0.14426632420200175,0.2928798248665872,0.26374075527856733,0.22991669887319946,0.19610609900835096,0.1679479151316097,0.14116372930931104,0.13330528906605407,0.13474804370579216,0.27454991684749575,0.24981159126122232,0.22015972839764636,0.19066772866370363,0.1645345556588894,0.13778063215284164,0.12752115660366944,0.12721403041871926,0.2553392433730424,0.2343598833192101,0.20982759000418996,0.18574715406238806,0.1617485715793628,0.13774838904875158,0.12700167502928095,0.12303335089681028,0.24348793618868272,0.22291152780337778,0.201635016844674,0.18036060184778996,0.16158274262702724,0.14141212135618542,0.1300249363441842,0.12229971913031407
2018-10-12,2772.5621,0.3985078478722509,0.32799070500512945,0.2603462563099572,0.20305171903225233,0.17104347027246872,0.14589080837569862,0.14806357093735753,0.21638699157095628,0.3562891685311761,0.29861158811869865,0.24331962925500475,0.1931789841440304,0.16238216740629063,0.13727385890397417,0.13365874972373945,0.1824819296624784,0.32718374264973155,0.2761671176108671,0.22942770740511526,0.1850543316646715,0.15505340704524526,0.13011727510747897,0.1264470961038265,0.15889443424899102,0.2925169595068678,0.25557406391362397,0.21661330625347716,0.17752871668054804,0.14846136519038822,0.12470805633744872,0.12113146856615277,0.13873534391555042,0.2762313391399718,0.24476603322764579,0.20892297828749382,0.17398010452641954,0.1454356591247988,0.12310689921913531,0.118192585347668,0.1296981588651651,0.26134440483695137,0.23215683307447882,0.20221256642639854,0.17177044913436468,0.14431687791774614,0.12378129671725517,0.11662354372538651,0.11985051235720796,0.2429677862654997,0.2194284027039418,0.19624227354509258,0.17062052558152616,0.14626298688050288,0.12721564791003998,0.1182120380430858,0.11611646667577634,0.23004212151897452,0.2081094930637494,0.1897090910766167,0.16940806548779586,0.1501879601793713,0.13122999009807035,0.12187871335484622,0.11620749932619674
2018-10-15,2756.0315,0.39778654232293,0.3208956830827459,0.26050670970973366,0.2042832588430923,0.1703683807022987,0.1465033215832188,0.14789766292125847,0.18694657784201904,0.35655949756847466,0.29491938309116256,0.2433294358600564,0.1947150934782137,0.16171824664036946,0.13736943726608206,0.1351131299731325,0.1700057777313249,0.32012870123202275,0.2731058205937828,0.22845132016085892,0.18630571365052065,0.1537489338821695,0.12971203368291112,0.12642670809074094,0.14789879164555786,0.28961399700197543,0.25473162096297974,0.2167232434750225,0.17930876910789315,0.14896868922626455,0.1262058144193469,0.12164545353065763,0.13248430232960048,0.2748707585790714,0.24557860343987664,0.21158027148306546,0.17706204947013232,0.149848901143513,0.12593072205538783,0.11964030989110584,0.1263411995900217,0.2589329659387679,0.2359669654626693,0.20430790339252217,0.1757093994007395,0.15056371081274195,0.1274337145039425,0.11820226870395041,0.12303163199247535,0.24544625951025517,0.22414974978573945,0.19666798988761683,0.1732630756384433,0.1518594475449131,0.13209126066060783,0.11988936991285964,0.11943407695334345,0.23038227861721416,0.21278412126343543,0.19061527108657228,0.17200328529138909,0.15487583048877254,0.13521832508760315,0.1234301563664621,0.11803104774289506
2018-10-16,2811.1337,0.36995888925048676,0.28903125152040854,0.22815864898066,0.1683403943148558,0.13943145410135938,0.1243791181546923,0.13136125653757577,0.20183246015176182,0.33289129106141513,0.2683290736899424,0.21673168857182684,0.16448513423948302,0.1365257952604036,0.11955553385645291,0.12304938606405981,0.19059720083938478,0.306059572223075,0.25042801820106475,0.2048679380088324,0.16026407266213002,0.13307872981209223,0.11521440138079454,0.11366737816968048,0.15800107299203808,0.2776280105841989,0.2359355539025928,0.19750473103095167,0.1582875546934971,0.1317872833613224,0.1137646106032036,0.10905641494298898,0.12943789597174654,0.2637513023930608,0.22800703725092095,0.19417359693722674,0.15879158064656648,0.1341219699123038,0.1148311345137126,0.10901698127419321,0.12062719359083186,0.24869246982288226,0.220266609403524,0.1911007991022353,0.16052407509900923,0.1372378313526481,0.11737355644640972,0.10993997864242636,0.11730355592763443,0.23488437102885593,0.21219072430063096,0.1888600921371047,0.1614731540417563,0.14068116067718106,0.12288106322888445,0.1131911557941362,0.11325420491381538,0.2245672822153952,0.20280074979912552,0.185254900734413,0.16161352145746957,0.14485947077205014,0.1298916814763058,0.11774262837001546,0.11317576738108577
2018-10-17,2810.2366,0.37429553545211186,0.29465589321051194,0.22451188774256906,0.1663347865900951,0.13785102642017077,0.12307155085340947,0.1335476972965692,0.17958099469595082,0.3348854310581927,0.2697833044631388,0.2132168845704795,0.16391877918112047,0.13550611294901777,0.11918988670237939,0.12548199806818447,0.1515542057816958,0.31128341620655275,0.252242714962225,0.20471985111452257,0.16004888948144783,0.13218527915590197,0.11550252832392878,0.11718894746133784,0.13902139045898534,0.27700990518582486,0.23518673139496477,0.19793395083272605,0.15776530923608562,0.13230301743025458,0.1147448079152549,0.11113358079508487,0.12837011157796832,0.263513685119224,0.22846212984649122,0.19391562326083592,0.15872653245937696,0.13424905963735842,0.11577219836691069,0.11055292697783707,0.12080395509815588,0.24945925879985362,0.21966996324157018,0.1896356189618294,0.1618934204586493,0.13640275147439526,0.1174706853105039,0.11097856062631896,0.11819892110049861,0.2345306127125826,0.21164502938445728,0.1879270388373354,0.16371362396691422,0.14258671416592206,0.12367023798559335,0.11450403060448834,0.1143879312861536,0.22393824121154665,0.20269816248054165,0.1853374270296356,0.16214596274342058,0.14627917037376367,0.12989676650563642,0.1200264388454452,0.11606000601091279
2018-10-18,2767.6746,0.40731394281295513,0.3227034593885149,0.25793397809252283,0.1990040747784174,0.16420670958192976,0.14239756087044272,0.15027236300021382,0.20405189636325682,0.3620330175432109,0.2942644065177992,0.24137757032663812,0.19027414203165724,0.15746389363537788,0.13619849655760313,0.13450382728307908,0.18033476885155833,0.3253459870262857,0.27264038114526995,0.22852338393634283,0.18292721822303093,0.15175209120804445,0.13071416821723036,0.12567618102627867,0.1520869074388514,0.29464163713675584,0.2564702196347515,0.21872729781219968,0.1786834788732667,0.14886217824422518,0.12795387588461013,0.12193896236874183,0.1252286179308175,0.2792682595826823,0.246764890231281,0.2127436505376514,0.17744526490418774,0.14917692358775625,0.12715723012955213,0.12071971907406966,0.1247316784440851,0.2617031280616193,0.23423575988586984,0.2073119156740048,0.1760965561996411,0.150269492122381,0.1267933724199766,0.11967566286507694,0.12405329926609657,0.24631536459450606,0.22452578165415116,0.20012350763081752,0.17217074708698912,0.15264596394943128,0.13336593748357126,0.12128664662012613,0.11992792578288476,0.23435874757543068,0.21531546556202924,0.19175040551915234,0.16979095793155385,0.15467952838907356,0.138609400440521,0.12511317654891893,0.11900004792623106
2018-10-19,2769.8294,0.3955678031153621,0.313360220071372,0.2473064605593483,0.1925704314883325,0.1595903565305974,0.1381502415104443,0.14709585357099206,0.212427757662517,0.357363274061538,0.2870657774499268,0.2353553434526691,0.1862474183339452,0.15399209432378305,0.13243296890851375,0.13453520452050594,0.1806882038842171,0.3213465998634688,0.27021865304760423,0.2245167035280779,0.1789529133458332,0.14860822071041138,0.1279931649232746,0.12453672216895417,0.14892289875024592,0.2923018893143095,0.2546722297917221,0.2143349540055327,0.17485652294310775,0.14736339077580426,0.12723672346799916,0.12145379940407129,0.1286113536286079,0.2776744905170208,0.24437243738341474,0.21028720571956006,0.17407638259433833,0.14848878655240688,0.12714235338207314,0.12042714304443818,0.1258976200021893,0.2611793030848794,0.23386004898878118,0.20675831670535752,0.17464527653699716,0.1498188741022625,0.12680616825132893,0.11995358116525412,0.12403947108467854,0.2455374011161894,0.22139747392630849,0.20154506161793478,0.17225810102835412,0.15299115632413446,0.1321821256053809,0.12334789070416771,0.12106867027976917,0.22637889560610136,0.21091332961404904,0.1943509578275119,0.17028174027591614,0.15546752229914568,0.13671227327655897,0.1255694580188985,0.12034961950415064
2018-10-22,2758.8206,0.37860706968484525,0.3086929355400518,0.23912865541182765,0.19014633102351242,0.1597994369899575,0.13960125028471146,0.1482854854344271,0.19625106647789461,0.3503007316360291,0.28998986987145964,0.23085107912114902,0.18453312363763472,0.15448263527508596,0.1341638476441686,0.14483726314458326,0.19172379972812248,0.3191255229717725,0.26834110207552736,0.22144223863836035,0.17856502044621195,0.14927804821945598,0.12858026668819336,0.12864632579851173,0.16156515508170544,0.2890617742489952,0.25170895890354117,0.21459193810198157,0.17539839918387423,0.14827791420997308,0.12734235666803376,0.12293160608485937,0.1344870914445675,0.27333331078520784,0.2426827498052161,0.21003886769556762,0.17486326399369226,0.1480578729859701,0.12730776075132635,0.12169272064063515,0.1286548489267444,0.2617608892577005,0.23347297486834642,0.20627109572862462,0.17571279066600054,0.148453575994018,0.12845998938509604,0.1207242932800253,0.127154944994401,0.24612297379627385,0.2208370840918396,0.20098415527639002,0.17125066238134312,0.15161490815638964,0.13351729223388448,0.12167347760341238,0.12288169387489525,0.23347954579318017,0.21064362966437158,0.19488765588069973,0.16970027869872883,0.15563995052431523,0.1360436889321335,0.12407238878522411,0.12082074207271648
2018-10-23,2739.4649,0.41497519278894435,0.32968423247847856,0.2633565765326285,0.2118247791476349,0.1786881430247791,0.1558016304153884,0.16328817336906248,0.21967000429599842,0.3686633252815054,0.300783356074354,0.24827529757986905,0.20074760052390564,0.1690095858083031,0.14796203199954258,0.15575526476710053,0.1996896532595764,0.3236507245115191,0.2775440470992183,0.23372180228340064,0.19005050588406666,0.16027551956805725,0.13968616733045308,0.13888670309378745,0.1617113857789131,0.29720472509707746,0.26198415598874286,0.22295712181491079,0.18367804433186144,0.15649442421458665,0.13617439947957016,0.13242369365884776,0.1415459635464052,0.28143187361170785,0.24982158332521087,0.2156679170463631,0.18097104401302497,0.1561130467775191,0.13542940444964519,0.12978173201174856,0.13567841135898578,0.26727263286267244,0.2388930124001496,0.21063223486082644,0.18020699984191607,0.15620123498253524,0.13627578388118805,0.12777022719130265,0.13354181737415838,0.24955619615561764,0.2244067389980737,0.2037558401803171,0.1771388470357932,0.15576929956284552,0.14079135403575777,0.1268122914585369,0.12772887278205494,0.23181130209792958,0.21107026576579263,0.19817528044103053,0.1741052667037322,0.15621545053569805,0.1439569586668405,0.12865373743240696,0.12414731248857185
2018-10-24,2653.6139,0.45251883404069426,0.38767128388952443,0.3229391139761827,0.27327873467739733,0.23219507522010324,0.19906468001961797,0.1965994865511301,0.2238198321512209,0.4056197623706157,0.3502875561449229,0.2964405588250127,0.2522010709523538,0.2148088865290351,0.1850465362174805,0.183566020847985,0.21117635668151802,0.36039826866195185,0.3168272398491717,0.2729121140591613,0.23266525033999275,0.198595152525821,0.1710554658009331,0.16612480524788206,0.18239649990934753,0.32547335751027084,0.29000797563068764,0.2545387652319167,0.21786565157399038,0.18826340495537158,0.1626128051294208,0.15592247708335086,0.1618129943565482,0.3012039665572257,0.2724773587200805,0.24408780055697027,0.2094148467299489,0.18163263868120985,0.15735813706864074,0.1499503205380365,0.15175195400146718,0.2822042053564545,0.2598839131775379,0.23442598790779517,0.20339861228326403,0.17610242806125234,0.15492948541358345,0.1447932637369276,0.14275309602816208,0.2639238713889536,0.24370049482306258,0.2204857012474635,0.19592464442742635,0.17203612991202333,0.15443975060189777,0.1392167051011831,0.13422607557937613,0.24927466234030646,0.23181744083756853,0.21016134023868122,0.18933526164112935,0.1707143894551565,0.1549913550860854,0.13903590671121452,0.1320634910375851
2018-10-25,2707.5861,0.429746374087368,0.3555651638779036,0.2909007032773149,0.23811753886818313,0.20464153631355247,0.17948623934427027,0.18608108657315692,0.2237878082032576,0.38792908022799416,0.3174246839650209,0.26700280005604765,0.22250174608233114,0.19186280770620648,0.16828092507923356,0.1743296211046912,0.21447436488091623,0.33439408754036287,0.2842691081822572,0.24650942304344872,0.20669556253464402,0.17817213674408508,0.15526772580485435,0.15280638261599638,0.1774227563923918,0.3069496659263437,0.26914814010185906,0.234439995928669,0.19717717263264636,0.17091632508329566,0.1497125004210434,0.14396245504963215,0.15478574370395037,0.2901769867640352,0.25858384066286383,0.2246261286515418,0.19256663287748735,0.1687988401651378,0.14737686541045783,0.1403678396797055,0.14513970502891418,0.273012069408565,0.24580796071464425,0.2174322478789042,0.18942776595999264,0.16680901021531655,0.14677057745187316,0.13616810898015985,0.13528671918556237,0.25379251472360614,0.23249754309356177,0.21002979820727835,0.18377774577818967,0.16563838785562435,0.14788856039072873,0.13201431345089107,0.12923629763333289,0.23989797266570903,0.2225657280752152,0.20157846316215677,0.18066370572995447,0.1654767947057013,0.1489725437719538,0.13242702857690225,0.1274446823727193
2018-10-26,2651.9953,0.44939685430750154,0.38977159634957587,0.32947054824357597,0.2738614072293418,0.23506583909932785,0.20189990139831113,0.19798479473550157,0.23832046809713409,0.41029468193283986,0.35356301773990134,0.2970859637857192,0.2501320825790924,0.21604092886919518,0.18648989222461895,0.1796959135106419,0.21240042112639487,0.3537042515561046,0.3095806887970445,0.26678583437058445,0.22874914559030274,0.19714521468890978,0.16999872575590363,0.15948836570499214,0.17239092879200302,0.32153477571478706,0.2877588635675861,0.25110879845901724,0.2158704834137682,0.1870926521214657,0.16225047777302856,0.1527633570841744,0.15806552461584697,0.3016879113569398,0.27296120625514664,0.23990347321710012,0.2094991662445485,0.18193417981852741,0.15803755290837135,0.14857148447579657,0.14884446912458454,0.28648226919775405,0.26080464094941935,0.23191583531544008,0.20525924150915403,0.1779296086324462,0.15536363037191497,0.14402880362023077,0.1405023639069662,0.2674307767507718,0.24311901158835178,0.2207705387202075,0.19635712145263734,0.17463467064703145,0.15494848141770073,0.13845810681433923,0.13350870872710993,0.2490881937881064,0.22972471564655558,0.21200300652858697,0.18958595299563574,0.17261978372495657,0.15555639369348132,0.13869418600605238,0.13149840454106834
2018-10-29,2638.8233,0.4513192560963026,0.3812956713597577,0.3207047980857862,0.27041249302561765,0.23359039350008282,0.2033364288551362,0.2009334542284468,0.22826465565323947,0.40601218308436143,0.3433101211287945,0.29050925930500293,0.2473251213088087,0.21303208371321636,0.18502856785011623,0.17875844278554393,0.19889160895292915,0.3465917669953937,0.3026512878747076,0.2648260246480638,0.2273984220445264,0.19511992497006167,0.17009371292707406,0.16096963508781859,0.16625954361680428,0.3205979646121854,0.28616794806174584,0.2516397858665805,0.2169562863045109,0.18850657440377444,0.1645038170387228,0.15535676977633353,0.15544763021749472,0.3006559807177269,0.271165856766894,0.24004099359807474,0.21016855708606666,0.18386506455162985,0.15995499157632995,0.1508496883793169,0.14925956748029745,0.28724627724512114,0.26067599219619564,0.23307950499429275,0.20497782583437665,0.17946149048064558,0.1568310187486577,0.14618409200733035,0.14351465425496335,0.2645846092269616,0.24593379038679475,0.22228899422803466,0.1956314059558732,0.17345426652677481,0.15459552169516907,0.1412237498710451,0.13532816306498535,0.24635748874638155,0.23083713459535882,0.20979679085029432,0.1884585083636395,0.17236059185181535,0.15445602586201274,0.14030485087566189,0.13189365957096474
2018-10-30,2684.1786,0.4164466067442196,0.34870527491497927,0.29710828113320803,0.24735793876482398,0.21541102651239769,0.19047713859995624,0.18999355794212627,0.23998346701351905,0.3658092998883206,0.3117201783340271,0.2708882204782365,0.22797308655054135,0.1977955587773647,0.17417505855972343,0.1690267980531319,0.2004350603760306,0.3248193142248794,0.2854217284803855,0.2505660081891624,0.21278005785385648,0.18478592382205528,0.16250685376411148,0.15362754950645965,0.16035736036132647,0.3074167577769336,0.27328483174592394,0.24020393722842265,0.20582898560681073,0.18042805933475684,0.15798943320147588,0.14904955950574894,0.15018772323839236,0.2893597197630355,0.26015182211822707,0.23066306177774837,0.1997140991171973,0.1766665627890414,0.15465416892618494,0.1449517062685933,0.1424491655512172,0.27405816790621973,0.2504776014705905,0.22421506394728866,0.19540496094682633,0.17562481957715742,0.15269487604570586,0.1403471769249018,0.13751134734721845,0.253485770388069,0.237489473717322,0.21388577091058672,0.19091419060525153,0.17319582285372373,0.1512868235874364,0.1366538762120115,0.13234917305516447,0.2384688185045621,0.22599377098457285,0.20339707355272704,0.18694394995686373,0.17043723297774754,0.15425779566786985,0.13773164650496247,0.13047378308294608
2018-10-31,2712.9881,0.3912155876735347,0.3291377598674519,0.27317342407253054,0.22274029282665628,0.19181891215914967,0.1707042154148326,0.18192305702642153,0.20630814836710423,0.35091113272003227,0.2942472405095667,0.25018189350844544,0.20787714344696612,0.1789466564081911,0.15789283024742232,0.15851355547981913,0.18027910022073335,0.3121549144949972,0.2698531553214222,0.23602121290181208,0.19809133592454106,0.17185152558367364,0.15088836143323978,0.14483508030092432,0.15518056662251603,0.29510598213788797,0.26037114263981087,0.22860960844554412,0.19406751035966738,0.17082395499285402,0.14903076913090912,0.14121058992564553,0.14405000807293356,0.2776580156018163,0.25006192149882034,0.2208757053044007,0.19037387836331363,0.16897017984435064,0.14731819811443217,0.13876029271857965,0.14061964890635326,0.26790099745497087,0.24367769012578494,0.21633567272605186,0.1890103991587966,0.16721116422195664,0.145299958230145,0.1362016951285811,0.13591928705724113,0.2536074636114009,0.2307038624901768,0.20876373311499355,0.18450671693020038,0.16463045267802542,0.14578580219367787,0.1340451637178032,0.13095934561096442,0.23598805558696354,0.21890834689874683,0.2002386329609769,0.1815035011246445,0.16414373491493653,0.1481000050118039,0.13514675324434103,0.12891764084498974
2018-11-01,2737.767,0.36073632743944073,0.3000876180823111,0.2476439176241173,0.1974272182618259,0.1686477074753352,0.15176791069887433,0.1711420847604563,0.21838225404057285,0.32103763558308157,0.2743628517781145,0.23050674708244936,0.1874629326436959,0.16042105907785792,0.14245784034953737,0.1473691759213192,0.186255197808033,0.2986267354417573,0.26047945011537027,0.22330149996902912,0.18453603084553888,0.15817193769968946,0.13982731800464748,0.13699049294262394,0.1529810049931405,0.28547787703904554,0.2526732944965813,0.21892699229285567,0.18420783021334383,0.1590723085406656,0.13974242894025662,0.134427837535309,0.14114718776517382,0.2694131169902228,0.2434662089790294,0.2138754598464115,0.1826224054582289,0.159375888152533,0.13989774351189133,0.13253962984253043,0.13773397308813345,0.26041236990017547,0.23555503192846175,0.21040924813797404,0.1819417623480022,0.15943035976049008,0.13911639894683275,0.12994347710643786,0.13163812173020337,0.2435500665994858,0.22212492110850252,0.20460410543409577,0.17960898777322265,0.16036710554288805,0.13956788223113506,0.12908022723838278,0.126225590365877,0.22699362484091093,0.2141522862854117,0.19912749806470145,0.1765147451057761,0.161973695501643,0.14254036489825975,0.13197652498523105,0.12540030716464554
2018-11-02,2719.975,0.36364210891960824,0.30060596595256367,0.24947466712054778,0.20244603661570706,0.17257993776158245,0.15306051442864965,0.17312012242295544,0.22233701521401422,0.3271021794056477,0.27387359506305664,0.2323702543241485,0.19137682169957662,0.16384621956711778,0.14445239537853588,0.1501552983128864,0.1955742371655591,0.30109940936086677,0.2604707081447789,0.22542672199914596,0.18860949507119024,0.16343640821395,0.14370774435799433,0.13920657177040258,0.15822987549056808,0.2876731427135238,0.2537495194595221,0.22195385644320478,0.18885265145615446,0.16552741053215894,0.1439290587359813,0.13652622633443684,0.13947454888666497,0.27118691249380994,0.24642765319071114,0.21745601629365915,0.18755363858735416,0.16586921868629775,0.14375423757186098,0.13478142862528217,0.13511870182463068,0.2613181094541688,0.24124665316362587,0.21515213398425284,0.18664100939961129,0.1643761159442431,0.14315579939405196,0.13223176838945205,0.1303079936506181,0.24702892850691044,0.23067442518493347,0.20802500042416777,0.18315353391307862,0.16398357052258714,0.14346801619265667,0.1317156627778811,0.1273197206330174,0.236286759075018,0.21934327649154364,0.20150438266051277,0.17908928555541814,0.1634828636688525,0.14594840478341362,0.13429599195056782,0.127231131155733
2018-11-05,2737.5165,0.37014403248419153,0.3031469204647133,0.2478431251941886,0.20003309942023786,0.17023286866738258,0.15144634608184787,0.16730693217984086,0.20205120396117368,0.3295275369797432,0.2771380851626442,0.2311175066838596,0.1886614198590385,0.1618150502514615,0.14290807463434374,0.14556350757633843,0.18083397361699144,0.30367174529471913,0.26309249818211533,0.22677512144038312,0.18820538794956748,0.161902660950571,0.14226394389733846,0.13678523494360212,0.15019076287427222,0.2871468823988333,0.25490506776826694,0.22278247938685786,0.18790590389018483,0.16247452750251049,0.14120092783410504,0.1342640780285199,0.1372256131534416,0.27335988029847064,0.24650128643357053,0.21639915578471086,0.18463836768939054,0.16181916640167462,0.1402504109448568,0.13210701670971758,0.13360389313474272,0.26078482326403507,0.2377089481864965,0.21148500131600684,0.18166417368044624,0.15945447241662758,0.1407792427783543,0.12994255686473105,0.13113081903637036,0.24487884145053077,0.22562390729080234,0.20429941161938,0.17758940216792277,0.16019817454367286,0.14410117330411454,0.12799983953591224,0.12479693906278785,0.2313983600955866,0.21439096773061933,0.19887593280847105,0.17573117684732556,0.16146832451097598,0.145173637983238,0.1295213333142838,0.12486209013389751
2018-11-06,2754.5207,0.3850500599173416,0.3065842057206658,0.24962144371101275,0.19541273505657467,0.16629482774506213,0.153186656205044,0.1810077203834722,0.20900073163456145,0.32690457275247914,0.2761090644697883,0.23194366624632304,0.185525232590549,0.15922921705707924,0.1437261154131871,0.1499107607999992,0.1780504970359822,0.301606266274199,0.26212875861934115,0.2254644415440692,0.18447975038276596,0.1591324861162702,0.14175897361467477,0.13765731413589574,0.14506218202865134,0.2826380978500333,0.25073323841658085,0.21870205710660817,0.18324614019765992,0.15935479002310093,0.13967450133614404,0.133234548311257,0.1391634368845354,0.26574026557177244,0.24154209292174716,0.2118510081739866,0.180307071110034,0.15860496298338925,0.13729053342296985,0.1286526647288699,0.12999191233545862,0.25607636383971116,0.2329771073832657,0.20716018145753676,0.17701881454973942,0.15767954653411642,0.13632198361297337,0.12585029430268196,0.1239770405691829,0.23983759598011717,0.22067214491699272,0.20074211414219204,0.17490373346525515,0.15793729735962844,0.13715650763425527,0.12541822368803537,0.12196483700787039,0.22827359660444135,0.21210910959662005,0.1941196269331132,0.173600785813098,0.15778917646314522,0.1395841444177532,0.12866771768185556,0.12148890038894034
2018-11-07,2813.9066,0.3479905365704852,0.2699002977658475,0.20201054211260613,0.1496971678869846,0.12855016415521656,0.12329906967965348,0.14606240060914719,0.18813886636096996,0.3028978812251013,0.24990118478901757,0.19677871119673968,0.15106230383263652,0.12943769207828226,0.11976470453734249,0.12801229472508324,0.15608684049270719,0.283176981943439,0.23997533929830073,0.19585319235908358,0.15575496105854847,0.13314958328155577,0.11956836965261353,0.12149080815098622,0.14843156053608186,0.2679850970159134,0.23061330501434543,0.19306472338479166,0.15806873975074145,0.13563402474627606,0.1195735935627076,0.11706366840402732,0.13531345010137685,0.2534700657049009,0.22281316637004786,0.1905730551655545,0.15990135848153672,0.1379315389454267,0.12009018317840564,0.11464408189017081,0.12698483189911333,0.24327262883190584,0.2177575765475289,0.1898511819785782,0.16175631483626504,0.13941263705674375,0.12111800839220643,0.11393611246018401,0.11893729735732071,0.22919987120466018,0.2097218218775012,0.18770474776426171,0.1629172583292395,0.14290918165661531,0.12412615648688159,0.11477021560873568,0.11417908260614666,0.21750985767309244,0.20328360230603024,0.1830858985089539,0.16323980415264475,0.14871888457032953,0.1288674841779292,0.11875462099829436,0.1134834080912424
2018-11-08,2806.6427,0.345834304709887,0.2700497080192581,0.20227841432725066,0.14944360793858952,0.12694283876548693,0.12213395915311646,0.14452664556754324,0.1645360588559765,0.30310522544538687,0.2510920902388584,0.19974180539857653,0.15285017748965107,0.12967965549259225,0.12012498546925338,0.1293314959861544,0.14635496069387552,0.2834614689016078,0.24040405302251586,0.19890161615570168,0.15760102763764788,0.13360340276291294,0.11984503179968402,0.12191247632052428,0.1383423673810071,0.269968263390331,0.23258192582455545,0.19597046262392606,0.15901517931302347,0.13509492730143632,0.119419014508726,0.11741537415730165,0.1367089434763114,0.2548909472519027,0.2230546231388806,0.19280453114815824,0.1603032161142129,0.1360770208252051,0.11892395656987785,0.11403093079884129,0.13170938706992405,0.24439770813760098,0.21614938121480246,0.1919404827070148,0.16141357050186048,0.13670140071190304,0.11882995097704412,0.11302438143724976,0.1194117063873325,0.22723636635808034,0.2085758507303018,0.18639692873417213,0.16057112896644632,0.14251060238629562,0.12270281508776719,0.11436886782382766,0.11321334843776878,0.21533863334989797,0.20240303513795319,0.18386757138703733,0.16063570001143457,0.1444815787868617,0.127343065301611,0.11783761517898898,0.11326651443852688
2018-11-09,2783.601,0.3346251820703971,0.2675560579262722,0.2015921581612413,0.1541127381513785,0.13124243897474797,0.12131245286130257,0.1483699231680937,0.18878728599697162,0.30630446956220986,0.2542402893693252,0.20260335401332089,0.158372074428912,0.13419077182357206,0.12136603939325216,0.1378765104301535,0.17153490895066548,0.28320893056493285,0.2434361160213025,0.20313871611895373,0.16251401073178676,0.13784290252473447,0.12158208559470315,0.12225111000725239,0.15015551633393912,0.26810072213237685,0.23628440297115616,0.20116038402471487,0.16360166386064143,0.13919088420661743,0.12139346085235654,0.11711233322973817,0.13213240462354603,0.2576991783591174,0.23069180152778446,0.19844501274400322,0.1641160971581532,0.1411500351354611,0.12149973118600267,0.11541060259221773,0.12244526006793213,0.2493697811399739,0.22319075048208503,0.19589332890115957,0.16494306360149114,0.14374568472218843,0.12195433548839785,0.11437222745902714,0.11731789842035954,0.23528741139093073,0.2116922007748615,0.19001200262288817,0.1661043928053991,0.14791310575140817,0.1269538095316002,0.11496292450302699,0.11540348510809675,0.22501661544345156,0.2033504962128947,0.18588149644384308,0.16690374670240482,0.15007120984206698,0.133644631582754,0.1194995604271237,0.11649646656836435
2018-11-12,2725.8896,0.36900100111706874,0.30639399627349007,0.24828161694293494,0.1987941161530224,0.16754118884641644,0.1470059877690788,0.15997238104124287,0.22126285187143466,0.32909201935961324,0.2851998383524048,0.24078399490991023,0.19517778736518038,0.1640154611708759,0.14249069653482468,0.14221900608896904,0.1922102077313363,0.306878215571946,0.2707682616226309,0.2336134741365553,0.192186089892669,0.16163813130766794,0.13953079048534384,0.13301163826798013,0.15403268988438304,0.2915234096227661,0.261152897058726,0.22574111582520107,0.1869794776427744,0.1584090484260842,0.1367022276643288,0.12891370741400407,0.13520104445261602,0.2782642824167448,0.25086686152579046,0.21818967037213347,0.18345301333112812,0.1574835651101255,0.13442957570774516,0.12602423199484616,0.1299620502377756,0.2679653554841531,0.24119554247963387,0.21342913559362933,0.1819189377149819,0.15801220156875087,0.1327128521063406,0.12377460014166808,0.12423505728037337,0.24488486135764206,0.22287014516119374,0.2056684393305799,0.17800385969201532,0.15666877433588317,0.1359257717874956,0.12467560659279531,0.12148118782073931,0.22980414294980434,0.214540767695647,0.2010123232792962,0.1760544771661708,0.1563868866496795,0.13928163054627232,0.1275432310462307,0.12094001673658596
2018-11-13,2722.9567,0.3639852667623949,0.29750729234768614,0.23844102516805862,0.19224493473398668,0.16407923820291337,0.1467018413561704,0.16362783442194562,0.2145058300452373,0.3279994546011959,0.2788288867940547,0.23486783598140187,0.19146122932873294,0.1634653478971957,0.14377249537675785,0.14367691052907938,0.18745326583081068,0.3062056376481914,0.2676219664107503,0.22974651464615523,0.18919253211293052,0.16177351761603673,0.14029467157185663,0.13477731445250743,0.16139569825355202,0.2885515132289312,0.2575342013649129,0.22291540416812344,0.18549365184320607,0.1588597464389639,0.13661516095743606,0.13001690192845503,0.13995253283093503,0.2748814755446461,0.24971106657972633,0.21874667190831926,0.1832550806564656,0.15877347472957515,0.13505958116652803,0.12697025342145662,0.13477288272856622,0.2662667857883549,0.24353356648478847,0.21617499624348357,0.18224293283512985,0.1592168224231377,0.13524841270267282,0.12610100364697743,0.12997946402712093,0.24970151761351617,0.22786328755414775,0.2057667422046137,0.17819968809068853,0.15783800422974598,0.13740241042933493,0.1269052787561751,0.12458327242170093,0.23514893100516812,0.2166908747536954,0.19900506702995613,0.1758711826654133,0.15891471109253588,0.1407312221818095,0.12799310136512781,0.12245754459567659
2018-11-14,2702.9866,0.3687186531311912,0.3011046241289358,0.24793254163359893,0.20382000149097795,0.17616458205271635,0.1579123757860978,0.16829643095988525,0.21921701877169744,0.3318031724360426,0.2832142607355083,0.2403672018808587,0.20115964243295298,0.17323820903189535,0.15299942967519592,0.15008593500195888,0.18646774176260195,0.3076894718595896,0.2706227854713713,0.2344085097671365,0.19780557580076807,0.17043384517041615,0.14856861605402077,0.14150136954968748,0.16242344743965503,0.2926459062211384,0.26228037109770364,0.22852045463610898,0.1935220490480712,0.16696621970029407,0.14420062158731,0.13483888081856757,0.13796546217197142,0.2825469230270019,0.25498606184525646,0.22375570438415113,0.19041926823102737,0.1658459522096273,0.14283049588286764,0.13097086724647783,0.12970274337502458,0.27034714906381757,0.24720789466522017,0.22028861207514394,0.1890409265689253,0.16480881009440354,0.14249266336412533,0.12866461704590446,0.12560418054566935,0.2520120982804631,0.2346132615961004,0.21044024935377822,0.18522556899657067,0.16392924308706297,0.14207268710057133,0.12783361651803962,0.12478632013829262,0.2339438294601537,0.22225459388538107,0.20119698854276077,0.18284748172973472,0.16426488060966218,0.14409883049837918,0.12967449100717693,0.1254790429608498
2018-11-15,2726.3926,0.3791574894464809,0.2987799499867096,0.23906275553646847,0.19133887067889882,0.16518617405397648,0.1506568509668024,0.17477766019306587,0.21340757874680977,0.3290423077367016,0.2743743269344042,0.2318872633155841,0.19174861214387023,0.16555517203619555,0.1473844409630751,0.1488060031434783,0.1799314786863712,0.30448845192316903,0.26298658310286316,0.2277059301812116,0.189832337441579,0.16404313421839892,0.14411514106253662,0.13951875774714326,0.1614692300106965,0.2864228040002664,0.2545559760993889,0.22287648579323796,0.18783280989459408,0.16264252135521237,0.14093861269084662,0.1338743910570952,0.14369176313233523,0.27889184889969465,0.2510139274171354,0.2200511760595403,0.18779900162084515,0.16380823135515388,0.13956666680101112,0.1303965384402019,0.13512334997841755,0.26932026382646695,0.24430460174955204,0.2159943816732859,0.1864710088075184,0.16506349158380196,0.13994045785232745,0.12880578683005214,0.13051608888864225,0.24874743728455123,0.2276884172044985,0.20794730744795528,0.1825137499573381,0.16576400031227642,0.14210109546348657,0.12998006347771132,0.1259675174342792,0.23655449447858024,0.2178277487841544,0.20208990795317786,0.1803295832755823,0.16655119855198033,0.14436172972035932,0.1321591431676035,0.12555194040338602
2018-11-16,2737.6879,0.35080311899509165,0.2715658114938193,0.2183919479114258,0.1729445959885461,0.14964998280839278,0.13665649836523655,0.15558873419879043,0.19418436592656949,0.3062854562663536,0.25688355163986243,0.2169208873849261,0.17650267086857785,0.15151398738355845,0.13538269102950062,0.13688724669173746,0.17241291948399637,0.29035805024460987,0.2495972408074149,0.21333777494683778,0.17658141646506953,0.1512725079316479,0.13296633880548084,0.13058819129596796,0.15887081822625482,0.27916246737010153,0.24343886953899144,0.21009809565736434,0.17620249943053123,0.15155851326435227,0.1309170560965719,0.1257061174326132,0.1384709950521769,0.27083405368296937,0.23944190332363946,0.20952148916143723,0.1774854467865487,0.15454994883064047,0.1307137295222454,0.12399697961399121,0.1301329799333058,0.260963223733476,0.23341759457379027,0.20760807875299928,0.17933875616633488,0.1586967407392777,0.13242241302548693,0.12450783326541123,0.12577628116958497,0.2436029158883116,0.22173561842743342,0.20191015433171008,0.17779322114412763,0.15999036918327858,0.13903916368225028,0.12897980134919473,0.12206416300544537,0.22801117518630537,0.21242704692972048,0.19618579799424177,0.1761439911394776,0.1601147415589121,0.14314337541862487,0.13345828723299605,0.12206416300544537
2018-11-19,2690.2278,0.3519400438160752,0.2928897836533673,0.24275073227791774,0.20343174958827945,0.1778639372809049,0.1609582691509236,0.1656421291685226,0.187961824580903,0.3207675616256775,0.2744449799464657,0.23620431827680194,0.1991347258199516,0.17352892561263195,0.15490913901386763,0.15345127716963458,0.17234855607083435,0.301125028336085,0.2625061358117826,0.23031487449670968,0.1951372915597627,0.16894060226823138,0.1488549030671341,0.14402063081667954,0.15983908246198872,0.2873768950127966,0.2573501925706311,0.22632900635820274,0.19256085071862064,0.16637351263768882,0.1447269603209803,0.13708214332996432,0.14283264609015592,0.2785862910373005,0.25413076555336567,0.2235449269231807,0.1923334156430784,0.16735460018861426,0.14330705603464247,0.13388734635634714,0.13775250188186275,0.2667482462679804,0.24521883419306992,0.220259028356939,0.1931083398940332,0.1681288947957087,0.14374909962361043,0.13155600958078903,0.12984104205789324,0.2492444617185401,0.233547646869816,0.21264423274869326,0.18668611282767578,0.16813577129105367,0.14765286436261327,0.13276840639615572,0.12839934204329675,0.23599768925475087,0.22002768516231455,0.20256507002755147,0.18264292031692886,0.16835882661990528,0.14979135214444947,0.1356765909568281,0.12986345592652104
2018-11-20,2643.7337,0.37349793599556863,0.311134468552288,0.26293202815187033,0.22317798201025285,0.19617291965189454,0.17608117942292434,0.1747674105549677,0.21839190863703908,0.3354286918909931,0.29169973308338887,0.2529070574123793,0.21609597054205146,0.19009108467756533,0.16865165493137588,0.16214947378857586,0.17743384719540597,0.31675976777324805,0.27960056411783096,0.2441929061030824,0.21027840948851736,0.1841535876783882,0.16157289170505582,0.15329666763829217,0.16320202479481014,0.3020307191803405,0.270373482089136,0.23843712992772378,0.207263052999752,0.18035324113646364,0.15692866501012243,0.14661206167892243,0.14749832046201689,0.2909284123495603,0.2627225015503194,0.23520685206260347,0.2061298980270641,0.18056264812258485,0.1557659946949544,0.14352380419862093,0.14223626504381995,0.2774794352269798,0.25524130285254165,0.23010480369896355,0.20455878543426384,0.18021066971112706,0.15572316810729736,0.14187520350565552,0.1373319095477617,0.25734705776389144,0.24160765119933722,0.21958069902975205,0.19823601459911,0.17849184121870681,0.1562097073454314,0.14155595098058407,0.13544058851083005,0.24539287733415005,0.2302571676392389,0.21099650964277672,0.19327411644870632,0.17677066374258554,0.15844572714902144,0.1428325533613062,0.1358284930838831
2018-11-21,2654.0736,0.3618633093603905,0.2911204581725942,0.23551035600537795,0.19579600115022655,0.17284603871851512,0.15947421641903023,0.16542954737461185,0.19276710545587628,0.3302442532292264,0.27690735005831973,0.23330312732541278,0.1956670119928207,0.1712951013032252,0.15456553485727664,0.1546130046374773,0.18314998133939012,0.31245342816193883,0.26686192318299407,0.2298635079230565,0.1938524980697883,0.16907411266802383,0.14943926596931092,0.14606152358760827,0.17027961535951316,0.29201643044078934,0.2576977547849262,0.2268909954125905,0.19314741115324413,0.1684189281704819,0.14618168395728817,0.1395895675794686,0.1489996963891472,0.28008344803572816,0.2526375236540632,0.22644337417156976,0.19467491894640437,0.17022401919916988,0.14655527002771815,0.13758033374578288,0.13957988356214743,0.2705663608260216,0.24696134031532313,0.2230099659075751,0.19591530666956244,0.1726283313519087,0.14851510293520484,0.13645203922141363,0.1336902445480582,0.25487578679990064,0.23271885201883077,0.21391757261066555,0.19305813785418544,0.17372428763092196,0.15090401756253202,0.13736297913299156,0.13320324633837569,0.2388921074595964,0.22202470042208977,0.2066475352523188,0.1892863222125743,0.17381265471782453,0.15484894490113726,0.1413043733598895,0.13445681290475314
2018-11-23,2633.544,0.3647385571413166,0.28350534716024905,0.24460104367420363,0.20783791036042237,0.18382117934015288,0.16744199979322102,0.16767423009043683,0.19093473071567685,0.32953002130580883,0.27718900612125136,0.24110260366377917,0.2050553064759033,0.18068450754947105,0.16326684621197193,0.15970167521548054,0.17454561557544232,0.3086573818531363,0.2694976555832416,0.23586704400287622,0.20066467242606273,0.17738798864380464,0.15765975253842365,0.151285340654846,0.16104643349809913,0.2924432137130685,0.2633280353654066,0.2322935209496984,0.1993219867885275,0.17475201134291515,0.15265888694336355,0.1452025620408627,0.14792885044643833,0.2830024870304831,0.25683927904836523,0.23176787747594393,0.19989090991564717,0.17510041131224,0.1518685938234814,0.14231947115334598,0.14322153813444805,0.2700660944253378,0.24962102626289492,0.22856139565507383,0.19848890067163696,0.17522832293795898,0.15260663868961682,0.14086012798447822,0.1388959425005075,0.25694634496785274,0.2397340267624045,0.21833721434884115,0.19329465968040577,0.17656257340498788,0.1547247457190854,0.1421714045976173,0.13729658752179225,0.2439313649809147,0.23032148106280476,0.2065466052809783,0.19014479105654636,0.17649488531640461,0.15801240320558052,0.14484431395466996,0.13752803507222758
2018-11-26,2674.109,0.35182217534387367,0.2675180677060737,0.22060080947634625,0.18468693179950396,0.16440794948734114,0.1523378443432348,0.15955180786427756,0.18706420233436258,0.3136538352832713,0.2543586639539489,0.21500162511373994,0.18158426427498356,0.16091128733702256,0.14747077291056593,0.15205580773780186,0.17759961810748237,0.2907329097111146,0.24771389595972113,0.21262740151728074,0.17994813463500148,0.15794246036487386,0.14206735616974003,0.1413904669737495,0.16125237071866158,0.279740224357831,0.2448727563337867,0.21310094249155853,0.18150952595752595,0.1591939645417938,0.14016033049971702,0.1346555285087057,0.1445196270924152,0.2676593540168649,0.24146977242999496,0.2149832835088582,0.18342079858681792,0.16253960262577385,0.14107471436310062,0.13217474032114365,0.14098344270414487,0.2588037241219309,0.23637345555267267,0.21526387171226474,0.18621738984834116,0.16441955080352136,0.1429079639767815,0.13259075329749373,0.13422730830776256,0.24529510476771857,0.2279995427715135,0.2098789739635937,0.1860871712737207,0.16578554064915837,0.1459219205905044,0.1351571834111415,0.13068701927891235,0.23421920053612436,0.21981217411183449,0.20205140263096782,0.18313626950619763,0.16870482467856662,0.14950928772499616,0.13810406566911151,0.13177060243262134
2018-11-27,2682.6694,0.3353733735898989,0.2666242727135348,0.22558618587241464,0.1923126056062786,0.1718539797204181,0.15983701822210533,0.16403902514679075,0.20137735239113685,0.30957731774164754,0.25518520870123274,0.21854090975684837,0.18593573830077262,0.1655137308578924,0.15220284949408502,0.1541604548965762,0.1839805574031563,0.28847098197237303,0.2458396369726967,0.21427746666677747,0.18223187861836002,0.16096047054181212,0.14478552407954237,0.14336520505839212,0.15923725056461313,0.2751002417680129,0.24225984011197166,0.21375153980199207,0.18316134697546518,0.160786329298189,0.14106327975695923,0.1357878984546311,0.14887030416978544,0.2652424404086025,0.23976389294349376,0.21313045901727662,0.18492317520676585,0.1622672049454181,0.14053346003654604,0.13220836433970573,0.14539897701148502,0.25599228125392853,0.23422533488258782,0.21214982251067704,0.18623763918996852,0.16301854625478027,0.1426159722721096,0.13282227932828247,0.13774484630792172,0.24278339352421732,0.2271978519817465,0.20774911335524054,0.1859393133724065,0.1655465418000186,0.14751994076163988,0.13678072133829605,0.13086604780790842,0.23350341268420266,0.22074784095894526,0.2005458701069342,0.1837680599705243,0.16867273766039617,0.15101982347307197,0.1389768814776601,0.13186268147111854
2018-11-28,2745.9965,0.34098636640214286,0.2710343080083966,0.22476420952924975,0.19022220521490982,0.17256292074149132,0.16367193570212774,0.18740398058441315,0.23542811751827628,0.31048467961685977,0.2540349462903847,0.2144077407995113,0.18137027309781162,0.16306622492978604,0.1527712057995192,0.17088689109834837,0.2093503827887851,0.284554204567692,0.24314128680861893,0.2079917723324369,0.17586748300672148,0.15610874776641304,0.14267703739596607,0.14842567460150885,0.1732683763162797,0.27239551714280014,0.23682547229268144,0.20675748939940175,0.17608169730375586,0.15385919434740758,0.1376769288154004,0.136623338813306,0.15542944715912063,0.26054620839856746,0.23224300838309883,0.2062859537031971,0.17703292233436957,0.15381994729593912,0.13601486023710543,0.12931325090220025,0.1439658978800756,0.25016603659613335,0.22790844363641083,0.2042886792503261,0.17762340062898652,0.15570340678537878,0.1376634991928742,0.12827673600503842,0.13479031542007716,0.23766583388033258,0.22140273006183622,0.20034298992100652,0.17929521540461632,0.16077704962124784,0.14229721881909801,0.13081924421928506,0.12721520881411352,0.22998439490690237,0.21620166474695274,0.19739643444093163,0.18090608040918565,0.16497962689508933,0.1469120122384701,0.13440916248620818,0.1286074863987038
2018-11-29,2739.1607,0.3523622449912151,0.2814194039849213,0.23727529685049872,0.19814064733394307,0.17630682323777408,0.1650601528307574,0.18271602370206172,0.23838117934523906,0.3223170717986832,0.26340056728340155,0.2243477106804724,0.18863970016165915,0.16677869682209953,0.15398996792116468,0.16582089505208195,0.22430026688672852,0.29527863301313656,0.24873034706971228,0.21571125125940854,0.18236565710139718,0.15981477791935442,0.14372915925640423,0.14273539188376186,0.1833482957991802,0.2768810806437407,0.24351613888199727,0.21370468944195986,0.18151631529563203,0.1578507904739131,0.1391927143579166,0.13485299733387085,0.1452321435380628,0.2678380682705433,0.24024477018347834,0.21234470036266875,0.18172209046740032,0.15789014722248748,0.1379187113475256,0.1308864979273666,0.13941961798360425,0.2551672246694549,0.23353854992071305,0.2097970254486153,0.18115848076979088,0.15968482846632237,0.14000087267243813,0.1302116089671465,0.13121811535855346,0.23983106123556627,0.22447973973583513,0.20493361476958832,0.18011499565788727,0.16386611923135416,0.14471860952156118,0.13376477261302197,0.12890188418870083,0.23037373538178277,0.2165043314085854,0.20046108232397783,0.1800329961404873,0.1661280785538472,0.14617415088281546,0.13669110477059987,0.13032528871039284
2018-11-30,2759.6573,0.343439324736208,0.28056479472436197,0.2361725697033375,0.19824937054168204,0.17534287210197896,0.1599016325975612,0.16508477092732632,0.22963820397601742,0.31509323074147183,0.26149749679283946,0.222932749944271,0.18712533589797972,0.16438456026690432,0.1492176350605932,0.15298559805642473,0.20791696730107354,0.28734707060086834,0.24788313519741154,0.2130118296763603,0.1791107721667712,0.15598515937999416,0.1397722504916452,0.13778722138528746,0.16347787667795133,0.2717905516061768,0.2426582871126203,0.21033891905204063,0.17745101497108423,0.15461275750034312,0.13598886348716566,0.1304006550017666,0.14320162415016335,0.262631824533747,0.23765815141985736,0.20844783154292265,0.17682548220318514,0.15458427987551515,0.13517393016134155,0.12691958543059706,0.13307539786337533,0.2527101357416988,0.2312784213396218,0.20625577087341848,0.17757097059093968,0.15608720025612127,0.13700216943312854,0.12751330800604224,0.1272383682870523,0.2417744251994939,0.22360005485425416,0.2018911764834812,0.17826386244667144,0.15953494468611032,0.14093016797770522,0.13003753924788833,0.12684387987764684,0.23091915679331104,0.21424671816536517,0.19877692176271658,0.1773918840842719,0.16258898760330145,0.146325235126133,0.13377269975231587,0.1279400384960888
2018-12-03,2791.7689,0.34089602710428285,0.2704724232944901,0.20919695305724373,0.16368013504599677,0.14412489420278193,0.13459923482156402,0.15394488601792988,0.18693227076050237,0.30530745310249574,0.2490218069059329,0.1986127425619267,0.15857782597700798,0.1390636733543807,0.12790793505363696,0.14053772312107862,0.1789967630483205,0.28133303376230245,0.23548966280896227,0.1948331567385427,0.15747276073423785,0.13647165667045055,0.12274691785620052,0.1250285838421922,0.15525618125622187,0.2680525755435544,0.22931061276070203,0.19610860305853572,0.16106246452435746,0.13805616389278608,0.1209349933988828,0.11803147708369256,0.13680520039271965,0.25400825163903457,0.22577903506530492,0.19683765863071245,0.16348852953831955,0.14093863075431906,0.12137411150179539,0.11591275589845855,0.1319097153000632,0.2443752486356759,0.22175270423664836,0.1961680599898964,0.16502954164212016,0.14456510725520585,0.1255755694020171,0.1182802541189764,0.12308435607097204,0.23523196574543243,0.21416704927054833,0.19416133277007563,0.16807123909931537,0.1506306214039012,0.13196532869315447,0.12224400772845036,0.12138876214960037,0.22928264521741573,0.2083370561282717,0.19075744917545656,0.1688670695573885,0.15589530153340844,0.13645445688616048,0.1263731230636476,0.12262072892139056
2018-12-04,2702.8564,0.39388319504391145,0.3227207202048634,0.2632744468804835,0.2196746930258906,0.19265030845759726,0.17177015395799564,0.17377743196115267,0.2260603530567929,0.34555661282958977,0.28887341743212147,0.24284512594519464,0.20509481353148074,0.179187510709552,0.15849546748035492,0.15361260518100933,0.1937587042489784,0.3134254249990206,0.26969274648008695,0.2326768089180962,0.19677718755662066,0.17063780944876414,0.14893563775519536,0.14038784592781775,0.15987784611759387,0.2941495034392755,0.2601884279505762,0.22968929365979426,0.1944796633308744,0.1679790059631992,0.1439630028630804,0.13435411634312358,0.14593333261956853,0.279264192775497,0.251072662152909,0.22618956288756642,0.19202486380665865,0.1668865185466666,0.14150654176342387,0.1311470607316538,0.1340080665528071,0.2642889027618433,0.2397628191825626,0.220108723709848,0.1914840128637547,0.16672125901910928,0.14169169732675807,0.13118747522160307,0.12840617874010396,0.24640883770721478,0.22870660060649028,0.21151416138457,0.18914664055690567,0.16833569459608394,0.14432794985427025,0.13256175258630257,0.12852469744213751,0.23655769869574186,0.2212032514341537,0.2057240361559569,0.18403807637056602,0.17003682494331354,0.15137572627913354,0.13588282040876207,0.13035906965832
2018-12-06,2695.6724,0.4003014171388857,0.33184311407127837,0.2714983641728404,0.22114150581808975,0.1917318922511773,0.17016632759985076,0.17258764251337189,0.21366252879352496,0.34825146815587743,0.29776664193231167,0.24949558085307014,0.20707656731094604,0.1796310640862607,0.15745072573220179,0.15457972546539964,0.18783573178280316,0.3195879795496096,0.27868192116745405,0.2397488030640153,0.20186068892333137,0.17441890032646937,0.15118362347887881,0.14201006484139145,0.156919530595508,0.29744007531263666,0.26715301380360457,0.2342901375315069,0.20079951371840216,0.1726935910756486,0.14658513981688726,0.1351275452977296,0.13716096171475065,0.2815550013126532,0.2562774169661767,0.22753930288544197,0.1980310645486777,0.17275486649438604,0.1442793175299588,0.13231882356315325,0.13435022186646423,0.2662984090141877,0.24395809787148784,0.22030014930014694,0.1950748343958612,0.1733176494736608,0.14670785979437467,0.13269023164394664,0.13036073596250786,0.24673347323898287,0.2307589745491649,0.21214142408819125,0.19005318362328816,0.17208917584989403,0.15065765378829307,0.13685146591706926,0.13172318083725099,0.23520098864518588,0.2219519031138724,0.20479517536339953,0.18692795012909508,0.17166177119488035,0.15279968785315642,0.1414316002517885,0.13431453896551485
2018-12-07,2636.3959,0.42011011023025285,0.3502250793773836,0.2940627834546573,0.2469861709748932,0.21622512893458037,0.19146094370053665,0.1864422978303572,0.2253885396316352,0.35997403855518556,0.3105498610952233,0.2681765069113574,0.22885314443061353,0.20114252165523142,0.17654166502603397,0.16637676990208583,0.18113989344349476,0.33453474541529205,0.2944358043796881,0.25794505405648016,0.22248645170087744,0.19526407805475873,0.17004187574203955,0.1583189338890199,0.1661991613789588,0.31278444984107007,0.2815269189035235,0.2516070513149117,0.2183192180588113,0.1916395031318614,0.16548469388856105,0.1519939253231821,0.15214088646641113,0.291961907936483,0.2687792240497883,0.24289218717025793,0.21155097509847443,0.18863660987782244,0.16173538681522262,0.14736639154238015,0.14510155337997277,0.27821245786081866,0.25656190886165553,0.23397195412604402,0.20709784130466785,0.18555019192996783,0.1611508419247918,0.14642612794539783,0.14049194100519843,0.25984159068759954,0.24105605776071717,0.2249105965641764,0.20014771409049262,0.18153906595861088,0.1613250807536593,0.1476993186127482,0.14129250823190373,0.2460187722246304,0.23082493379844504,0.21653818100026068,0.19381703559091965,0.18178474798829566,0.1613166501841737,0.14965378664793644,0.1426627977863346
2018-12-10,2643.2243,0.3957235711625482,0.3244853504341797,0.26856597116527764,0.22592655705239686,0.20160999949405156,0.1816766495984259,0.17930124457816235,0.2208700438676889,0.34188823510604477,0.29563240287976456,0.25224142192441434,0.21521071606300265,0.19050004954576208,0.16952979884524907,0.16015972504717146,0.17320502273472116,0.32355689969980284,0.28616379313148915,0.2489850862931535,0.21318949605863954,0.18807702754213543,0.1651216180818096,0.1540319617271439,0.16252322683257422,0.3033880670526078,0.27572278407067896,0.24503308747993108,0.21088387558947927,0.1862350105101676,0.1617009203889205,0.14897472823377056,0.14810226567197735,0.28974342700652783,0.26589661620662663,0.23853010421556967,0.20684399699641692,0.1835423599558906,0.16000488170543667,0.14583779160378302,0.14045190026484788,0.2729942801537354,0.2511621151072841,0.2303423843528641,0.202516021931619,0.1819341774862453,0.16132422651201409,0.14515930968148721,0.13872820246650708,0.25570404615384884,0.23857575029805717,0.22169846151655392,0.1976087161109953,0.18127065725701813,0.1619476308943631,0.1479747497101443,0.14163825358951673,0.2445746518287844,0.2290853487912729,0.21357419676685294,0.1949608808934775,0.18106886564953473,0.16209515891608053,0.1503594051458422,0.1445595679680196
2018-12-11,2640.1264,0.3889428434509459,0.30898292250268355,0.25488728443117675,0.2153433258211162,0.1912488426829958,0.1726607100107394,0.17279986262894634,0.20719952978096706,0.33428072625308647,0.283715338295525,0.24393667022638535,0.20849101803961578,0.18386346544362245,0.16408601052629893,0.1567120051027815,0.16354153491007517,0.3200277980968963,0.27839402909431527,0.24317885629956087,0.20904336694531042,0.18415776989199636,0.1615583250198838,0.15155731038170145,0.1511447308889901,0.30051451950128377,0.26975704964862957,0.2404734073627965,0.21011587482857294,0.18462390349091998,0.1585234269371695,0.14716582059366215,0.14380914408900877,0.2867566826491512,0.26171078616909,0.23609338622739146,0.2088451121990914,0.1846875986577331,0.15762225724772685,0.1444903232467118,0.14079685679499013,0.27108095886711825,0.2507051155239394,0.22939408340857845,0.20554121212467996,0.18352378918013662,0.15796114903637576,0.14483268297823135,0.13892970862608814,0.25592629148377033,0.23767104677121056,0.22068620708639738,0.19901998707859592,0.18331591001862932,0.1595453789246756,0.14697071626907296,0.14083554609013976,0.24538829250939143,0.22788573177858257,0.21409128415710127,0.19436638512672447,0.18266563473528624,0.16307823959684967,0.14924490164310425,0.14276202096749543
2018-12-12,2655.7312,0.36232016733501815,0.28931305219865155,0.23903857693065086,0.2035206291262805,0.18336819762529963,0.16748729015990405,0.16496108082496672,0.20283159518097885,0.32887357490534846,0.27559560541356026,0.23472428085762484,0.1991686392796979,0.17730031121168036,0.16000603163273983,0.15194712514113914,0.1599380569157585,0.31149360715578284,0.2715849081497247,0.23714330514191398,0.20185601487370716,0.1783302077040109,0.15770204296636248,0.1478109332862172,0.1494845802353441,0.29456160934242726,0.2660528695432977,0.23555580329101275,0.2039278800558307,0.1798129153135911,0.1551225408002672,0.1443137650317664,0.1437636997311985,0.2850019548747211,0.2582623162099696,0.23147018788174636,0.2027750011943731,0.18020494285552904,0.15441744298835572,0.14311648327992993,0.14142417380706135,0.2708232898837938,0.24823949651118937,0.22670283577742711,0.20218836712961677,0.17980899616647078,0.15592310228885697,0.1452271581312048,0.14035841221240017,0.2582166354675975,0.24062780919617263,0.22010521709887318,0.19887083076386167,0.17937122725454854,0.16030962228510265,0.14864058472231342,0.14203828702110052,0.24599421310874622,0.2298425369969054,0.2105012196027814,0.19475120585684208,0.18004095020167285,0.16315792433167794,0.15084561379852995,0.14377832156701215
2018-12-13,2652.0751,0.3621491045411843,0.27874157616103534,0.2248843048624167,0.18896256669297393,0.1697004566670563,0.1582080297756776,0.17545408889545958,0.21378221616803936,0.32484561920496535,0.26501397004025934,0.22505432278608178,0.19007611882915837,0.16961449239601048,0.15532930432358777,0.15664766752357923,0.19065463684987752,0.30497235134515027,0.26319693937327665,0.22913722736961561,0.19494644890098942,0.1737309195088711,0.15566650233098128,0.14781618245243755,0.15166273106084308,0.28885380957883683,0.2591472541217449,0.22998382152284447,0.19858584504158064,0.1769605494459161,0.1547224009329414,0.1452782292842745,0.14448063484084556,0.2799121642576662,0.2525292165274186,0.22763533590147353,0.2001165467576931,0.17884502887011136,0.1541269235691172,0.14511162140001949,0.1428108858207425,0.2667305706299692,0.24435286303390924,0.22410356656040115,0.2002331523758954,0.17917615857383082,0.1570169748991875,0.14689777905437784,0.14284392874144175,0.25165365816432017,0.2362131017168812,0.21814248552012466,0.19699362421007285,0.18005862204992637,0.16168597637399731,0.1494104680192984,0.14397196100114623,0.24097995977404638,0.22751518705106433,0.21029600867648807,0.1939504094810683,0.18083668068826697,0.164689020878426,0.15291486796656545,0.1454436649914839
2018-12-14,2602.9959,0.36693338985177165,0.29541698133454625,0.23676231358781227,0.20186470983060642,0.182696767427548,0.17140423130629145,0.18571053673279556,0.22584326332490962,0.3327786516086591,0.2784054417099708,0.23492907528617818,0.20197036849297056,0.18128700673089987,0.16643118979829197,0.1655174613490252,0.19341184764392472,0.31208389445382023,0.27224803814348286,0.23758361176672102,0.2060592451156351,0.18419349063941096,0.16592154097951153,0.1584441770466856,0.17516524745327625,0.2925507888785322,0.26596190315817125,0.2368823891199045,0.2080426617508992,0.18630941035661028,0.16572731562566587,0.15502113954261035,0.15430483844208578,0.2825641591178388,0.2599639716480294,0.2353365628699091,0.2075240676324642,0.18701519310144848,0.1661826134580819,0.15414704060256137,0.1490746142306694,0.269331428366578,0.252691433154848,0.2318321212333416,0.2063505173247639,0.1879807378574669,0.16710322674720646,0.15482724618564978,0.14839455315321914,0.26073490525658166,0.24318402827220686,0.22489717015628508,0.20292090520729078,0.18734883128834787,0.1699896144333634,0.15639414893931022,0.1498264913354211,0.24800360569943472,0.2318740226643271,0.21758106116820103,0.1998009445137272,0.18629394329912546,0.17135957821645023,0.1583432135714411,0.15149361680680876
2018-12-17,2549.2871,0.41727040157826506,0.3435240042635549,0.2818610871020051,0.23739543783015843,0.21352820699786787,0.19792381725701003,0.20584271160985892,0.24842561618294856,0.3676114900517843,0.3134209017588878,0.26664502021312236,0.22967787578607785,0.20602115204042656,0.18737975916562583,0.18268648331872572,0.20085542091543468,0.33774869552096615,0.2964182291408352,0.2601153205245053,0.22729474711746067,0.2043367365058113,0.18298598823856072,0.17343065603533114,0.18056355389366913,0.31225636624814407,0.28168257507437544,0.25336380505371736,0.2246626014287784,0.20256957122671126,0.1800408148455569,0.16788634467753172,0.16404383691418456,0.29774453883022733,0.2723178363388314,0.24801398317114173,0.22218323858393282,0.2014884328752855,0.17949490637682775,0.16638945611209743,0.16038264229599283,0.2815195613755081,0.2610404228758758,0.2405676679660411,0.2190162440155923,0.19981324587585933,0.18068960000073556,0.16599780661131383,0.15858235887495653,0.2664933933619196,0.24949413190955197,0.23318403352483102,0.21404878144410097,0.1959492787618893,0.18112928034255166,0.1667263270491233,0.1586566412893835,0.25232772514442503,0.23968772854653314,0.22590100916980715,0.2078466636857196,0.19390085181195157,0.18088601645798774,0.16724671771557795,0.1595274602532686
2018-12-18,2550.9575,0.41137719025354014,0.34221513652432695,0.281987620834336,0.243245774856935,0.22348805254882026,0.20968508447887027,0.21029267671713897,0.23861104623319976,0.37023534325298635,0.3170182564477271,0.27112346363330053,0.23474176192960686,0.21341874164712352,0.19521633112773182,0.1883655220369657,0.1984557873580673,0.3459411933203146,0.30224564927313524,0.26472250220377097,0.23081280879948923,0.20968480190902558,0.18837899381046272,0.17918869731418674,0.18332814231936648,0.31183502478116853,0.28462199187664144,0.255721910736968,0.22656550561921468,0.20666279989603578,0.18371949152800188,0.171914861320783,0.16844857786321202,0.29798099754814006,0.27516718507941035,0.2499084780684957,0.2238934331232867,0.20547225646349446,0.181416019565762,0.16895862427461217,0.1638419929341972,0.2792089450194701,0.2628315616905616,0.24242694837533926,0.22084049757529634,0.2026704010740293,0.18031879450387203,0.16657151156012892,0.16049789752040652,0.26412363652366916,0.2516664083057327,0.23322608550649426,0.21217192698489928,0.19583595976276771,0.18094005957583337,0.16633274635501064,0.16041258029570948,0.2546077338276047,0.24097781481853564,0.2238556174521476,0.20588956033159034,0.19301706522080175,0.18024394023793427,0.16642222564506204,0.16057005168217223
2018-12-19,2512.1313,0.4066107592895483,0.33345431911048246,0.26643915890140024,0.22858316946974158,0.2098872282025982,0.19711214192052814,0.2100630633173018,0.26204757879318363,0.36775667442690474,0.30927554370833304,0.2605800563684314,0.22563019023409495,0.2042633485253262,0.18727199473699277,0.1867057161460318,0.20340535668682347,0.33957125634931584,0.2943238438628594,0.2558162489803319,0.22403867341312061,0.20202635678411857,0.18229992073802095,0.17691844951587593,0.18477519076257243,0.309077390980056,0.2784478289089516,0.24973881661603317,0.22137879741494385,0.20082673173895504,0.17910569751586905,0.1700869619641935,0.17076972084911676,0.2953409201709021,0.2700189303351855,0.24503973600611959,0.2201047004819097,0.20160051077101251,0.17909828101531358,0.16803983921799848,0.1656063323301759,0.2785014189026119,0.2602183670116895,0.2398835167673975,0.21826978982034542,0.20045459797262907,0.17975109798368347,0.16755968316974248,0.1608799936526317,0.2659987350686484,0.2512667566090902,0.2342511285603145,0.2131376153991005,0.19789469015712038,0.17977996055491752,0.16736074713791518,0.1605349902126604,0.2546478858118533,0.24111317544740937,0.2260263137343313,0.20680479244607697,0.19555655085635767,0.1795244962497581,0.16714791154114786,0.16114087011185166
2018-12-20,2464.4183,0.4534382585146464,0.3764264962031245,0.3163259271703532,0.26781362495380956,0.24031498579426763,0.22038869137425127,0.22457802179634478,0.2715397076119146,0.4022868598522231,0.35144417169816794,0.3026852761409312,0.2613567471008925,0.23409672246333912,0.2119931200305011,0.20675507192399198,0.22195313336098896,0.3671857351039244,0.32952743276575874,0.2883479984638987,0.25374377596723,0.2280823663785594,0.20434114326086666,0.1947473594881629,0.19937009028104855,0.33810574528981613,0.30627721570841365,0.274768402664332,0.24508718176360572,0.22099897883655048,0.19778519863053756,0.18664818726678684,0.18418639872250883,0.31706294685763986,0.29187015921665466,0.2654461210087484,0.23825922991321788,0.2178799580419792,0.19513764488009405,0.18358054049287098,0.17843600522707054,0.2941839083447543,0.27470877679650363,0.2542699778056483,0.23259053067552293,0.2136207113723976,0.19260570413268238,0.18027602893322328,0.17285890469968618,0.2763605552347617,0.25935935257616066,0.2430939525203126,0.22326700164019353,0.20643658556594996,0.18987587261528885,0.1776017826452708,0.1704152089667118,0.25707363193715826,0.2446512042812965,0.23057148477218392,0.21279457848792027,0.20031203109909237,0.1870489969193318,0.17557589720005612,0.16880445083894347
2018-12-21,2420.6655,0.4505326417930904,0.39063823787329127,0.33786149546877775,0.28915226131178784,0.26070375095086845,0.23641086546246376,0.23577712758499877,0.2782099160383247,0.409988366085717,0.3669854844778402,0.3205405613536647,0.2773468727828652,0.24861129241970978,0.2219289716875396,0.21518893620836443,0.23420218609074045,0.3803951958091046,0.3421620596491157,0.3019035785951145,0.2650604260747893,0.23767558446863543,0.21056203839661744,0.2005246493620011,0.20713910159364504,0.3485656912707613,0.3148253347343076,0.28378862918154574,0.2528618975859988,0.2281500276294925,0.2025190509857207,0.19065950364424225,0.1891794271871596,0.32225220675331656,0.29732819373901875,0.2716657541435827,0.24529913467364556,0.22367574198502854,0.19856127141287833,0.1855378791452723,0.18118059603291228,0.2945664052226062,0.2776963006038137,0.2581635167493156,0.23730439442146448,0.21716417580775363,0.19403328915014603,0.17950552021910787,0.17276184622655566,0.2801293160355528,0.2619136950571623,0.24407419476005549,0.22432166538153747,0.2064231767722302,0.18908124749566727,0.17572797961775233,0.16860805777170954,0.26207577841301716,0.24604017335152825,0.23116144268507835,0.21399956280882967,0.19998749959826992,0.18530942363493053,0.17410529803342045,0.16574817623320912
2018-12-24,2355.8479,0.5099953953817793,0.46200046341086454,0.4087396479308744,0.35602404004433724,0.3235649039388619,0.28906830693540764,0.2703640019317755,0.28244354127245563,0.4757277452192012,0.4313194024436498,0.3813047050541671,0.3347836375036516,0.30495137296809977,0.27036771735025683,0.2511460359063218,0.2556807110448749,0.428331854911903,0.38730406782209753,0.34658893268303964,0.31042143610457384,0.2841457544496906,0.2500876348475945,0.2309048652544402,0.22817207193869865,0.3785454333428727,0.34609045442190567,0.3175506425024063,0.2873925514677903,0.2635581927120235,0.23231975462866597,0.21538670838396196,0.2077668874285649,0.3425820607260141,0.3204696655828911,0.2956228500672373,0.2688704556465713,0.249461628339283,0.2208863700177665,0.20627758718528239,0.19797351414602293,0.31020825340606295,0.29316589061975484,0.2715138544423983,0.25262537522628464,0.2362994517219463,0.21066150729806538,0.1973572011908247,0.18721884688927942,0.2918246746170177,0.27560056872996275,0.25637582859826585,0.23881863419345786,0.22371586957262946,0.20150628968044595,0.18839291899426003,0.17944731208774445,0.2715064603887842,0.25439381762583496,0.2379841134626603,0.22410762125919953,0.21288725351604915,0.1934829014412835,0.1825344558962633,0.17387727015250504
2018-12-26,2466.4121,0.45727251565348853,0.4030603539410599,0.35161794737239843,0.3058591775824699,0.2731344953476756,0.24549092898278368,0.23594444386493302,0.24995338518209642,0.42115831271033677,0.3722361332454404,0.3297742792586329,0.29012764192075136,0.25916969360491227,0.2314913840820216,0.21987504283950457,0.23328250042800103,0.3737128419314885,0.33857332843309684,0.30684517012791745,0.2733147613767433,0.24395713465854102,0.21688984332131084,0.20279326219308833,0.20281976072844288,0.3361613288996166,0.3113898432683762,0.28461024598200596,0.25539906342930035,0.22976091725236442,0.20491262820705824,0.1903946295496278,0.18594553550244747,0.3118163921549732,0.2912380536754216,0.2656337094928723,0.2424394711755528,0.22118161980428566,0.1972468143561264,0.18387067036911323,0.17811846902939418,0.2901979562434683,0.2714155293926579,0.2511421813534779,0.2326669036232747,0.21243121138680182,0.19056006485317517,0.17754702315891582,0.1687185720445771,0.2699177895895172,0.25435991044139583,0.23699626060646792,0.22005861796983944,0.20245633391502635,0.18408168351404863,0.17287965035709557,0.16485143696166574,0.25307912664644916,0.23766776802479017,0.22316434880975855,0.20801208828504053,0.1945837414548183,0.17991792649407942,0.1696699779171129,0.16219678656314826
2018-12-27,2483.0929,0.45611050096606187,0.4099646533241322,0.3629598889731922,0.31582715305939874,0.2806277860308409,0.2504036998640395,0.23657186387590046,0.2476002352772854,0.4220946329090954,0.3810550442910501,0.340629517271192,0.29770202053351363,0.26422563512072594,0.23605650601756514,0.2220867045497307,0.22886759700801027,0.3794761541223594,0.3477133462616337,0.31444628513264655,0.2786318138501745,0.25017012474517136,0.2230876256786812,0.20645348003660505,0.20138628901270003,0.34619925052147643,0.32013075961277765,0.2921119988188461,0.2626828100380097,0.23792127464621662,0.21156867545860134,0.19563762452461878,0.19000185497767094,0.31951718032072357,0.2993539058751086,0.27529708879322096,0.24941984843592752,0.22767804258650498,0.20384252423220775,0.1892662180121244,0.1816822702722519,0.2949786083188827,0.2773473195680103,0.2577969983489515,0.2359652984128966,0.21855657427849237,0.19663671133361044,0.18153762171870505,0.17259137899231872,0.27571989445278783,0.25950377600847063,0.24191153055954137,0.222178676708453,0.20623166015120847,0.18839719821391104,0.1763596039686195,0.16920900852605894,0.2543410684669164,0.24163210192618143,0.2272119831414234,0.20976611080363394,0.19746432625254262,0.18311010990764034,0.17349006114326945,0.16678899456614038
2018-12-28,2485.8879,0.4409228055083839,0.3894109731445451,0.3406282289937791,0.29330761849094594,0.25979555507310004,0.23077111255954405,0.2233034116660642,0.25064934780602244,0.40821563880892353,0.36164407435479495,0.32124497215376796,0.2776468313410943,0.2455296944295115,0.21737681474089582,0.2066423206600611,0.22326226376553557,0.3652292911122186,0.3306282999809572,0.300358374187411,0.26277480901043093,0.23500853446308,0.20791694224563456,0.19476649330996654,0.19611780319058797,0.3382211069631647,0.31002486899138415,0.2825415849037448,0.25168275012138386,0.22721947773462392,0.2013807704862153,0.18864574782172153,0.1873474306836309,0.31113365960278355,0.28870779121937196,0.2669247434561187,0.24082473989074524,0.22014463153750366,0.1973804560308745,0.18418008988747694,0.1791945084843793,0.29037709596958705,0.26965302999098745,0.2524884556946817,0.23087590264891758,0.2134265281058048,0.1913395862639353,0.1771593662662489,0.17001361113369498,0.272523706829341,0.2560235818750304,0.23979272401527887,0.21926741424696328,0.20305890823728165,0.1838964954306297,0.17270380482824202,0.16517864896612802,0.2539788315343657,0.23956042004000638,0.22388423304691515,0.20828495593823954,0.1941943843127746,0.17988826923576795,0.17082782072094482,0.161676246903805
2018-12-31,2495.109,0.42225134920124296,0.36190148147853846,0.31198367981386327,0.26639110233190433,0.2337946042829025,0.20915407154475937,0.20934249984625805,0.249657857485358,0.379460412599948,0.3344677150710705,0.29419764315198693,0.2543587032060859,0.22431281949203274,0.19989928673576685,0.1930034447820506,0.21617776177574932,0.34350604989833455,0.3111738829740471,0.2795880030316996,0.24498357831172762,0.21827901580927236,0.1932046094400055,0.18301569829806205,0.18576318867520758,0.3209455325400853,0.29522993754319177,0.26839614353037283,0.23713375949783982,0.21238254182929972,0.18830732347487467,0.17822232313064357,0.1785002056325529,0.3012292185435053,0.2801113099410946,0.25800417810851345,0.22915663963191837,0.20686932930242977,0.18548534491938343,0.1748397517489636,0.17240063866703595,0.2822291955044923,0.26289461258062985,0.2451198034530537,0.22037571096183464,0.20164191407027715,0.18285153868715656,0.16884085078460892,0.16331128561672748,0.26666812916181115,0.2508795267765416,0.23352007780961329,0.2102497255027591,0.19495172638856637,0.17745290387149054,0.16503202753746032,0.15925598548272957,0.2474121569062343,0.23703838772314206,0.21861403101125484,0.2005789589198933,0.18969111522573265,0.1748427811149495,0.16328844591945543,0.1572920066380221
